seed,bm25_support_at100,cluster_support_at100,dense_support_at100,first_relevant_prefix_ratio,first_relevant_prefix_tokens,first_relevant_rank,maximum_safe_token_saving,minimum_safe_ratio_grid,multiple_relevant,query_id,relevant_chunks_top10,route_confidence,route_support_count_at100,route_tier,safe_r0.85_m4,safe_r0.95_m4,source_hit,total_tokens_top10,variant
13,1,1,1,0.039316239316239315,23,1,0.5606837606837607,0.01,1,lotte_technology_search_100k_q336,4,0.7074692146311494,3,hybrid_lite,1,1,1,585,dynamic_gated
13,1,1,1,0.38818973862536305,401,2,0.46176185866408515,0.01,0,lotte_technology_search_100k_q76,1,0.6677920435993405,3,hybrid_lite,1,1,1,1033,dynamic_gated
13,1,1,1,0.02834008097165992,49,1,0.684788895315211,0.01,1,lotte_technology_search_100k_q426,2,0.9578866074922813,3,linucb_primary,1,1,1,1729,dynamic_gated
13,1,1,1,0.05099502487562189,41,1,0.6753731343283582,0.01,0,lotte_technology_search_100k_q2,1,0.6480050251082479,3,hybrid_lite,1,1,1,804,dynamic_gated
13,1,1,1,0.37250712250712253,523,1,0.47435897435897434,0.01,1,lotte_technology_search_100k_q447,3,0.6659225634061318,3,hybrid_lite,1,1,1,1404,dynamic_gated
13,1,1,1,0.4503271861986913,757,2,0.36109458655562165,0.01,0,lotte_technology_search_100k_q139,1,0.9519809630716493,3,linucb_primary,1,1,1,1681,dynamic_gated
13,1,1,1,0.18590308370044054,422,1,0.4074889867841409,0.01,1,lotte_technology_search_100k_q507,2,0.8677700152657015,3,linucb_primary,1,1,1,2270,dynamic_gated
13,0,1,1,nan,0,0,nan,nan,0,lotte_technology_search_100k_q58,0,0.9146506792364822,2,linucb_primary,0,0,0,832,dynamic_gated
13,1,1,1,0.16970278044103548,177,2,0.6720997123681687,0.01,1,lotte_technology_search_100k_q125,2,0.5862926906679875,3,hybrid_lite,1,1,1,1043,dynamic_gated
13,1,1,1,0.023537803138373753,66,1,0.5666904422253922,0.01,1,lotte_technology_search_100k_q462,4,0.9096463032297845,3,linucb_primary,1,1,1,2804,dynamic_gated
13,0,1,1,0.35723431498079383,279,4,0.6427656850192062,0.01,0,lotte_technology_search_100k_q57,1,0.9339844479989537,2,linucb_primary,1,1,1,781,dynamic_gated
13,1,1,1,0.09253547193090685,150,1,0.5595311536088834,0.01,1,lotte_technology_search_100k_q503,5,0.7803907404718763,3,linucb_primary,1,1,1,1621,dynamic_gated
13,1,1,1,0.10166919575113809,67,1,0.725341426403642,0.01,0,lotte_technology_search_100k_q264,1,0.3234550460467394,3,full_dense_fallback,1,1,1,659,dynamic_gated
13,0,0,0,nan,0,0,nan,nan,0,lotte_technology_search_100k_q166,0,0.5367181049652912,0,hybrid_lite,0,0,0,1578,dynamic_gated
13,1,0,1,0.2741228070175439,125,2,0.5285087719298245,0.01,1,lotte_technology_search_100k_q213,2,0.25600817988294405,2,full_dense_fallback,1,1,1,456,dynamic_gated
13,1,1,1,0.07507692307692308,122,1,0.7138461538461538,0.01,1,lotte_technology_search_100k_q578,7,0.6781253066453503,3,hybrid_lite,1,1,1,1625,dynamic_gated
13,1,0,1,0.04259259259259259,46,1,0.6333333333333333,0.01,1,lotte_technology_search_100k_q244,2,0.49188656413154963,2,hybrid_lite,1,1,1,1080,dynamic_gated
13,1,1,1,0.36386138613861385,294,3,0.5891089108910892,0.01,0,lotte_technology_search_100k_q117,1,0.9851393337673471,3,linucb_primary,1,1,1,808,dynamic_gated
13,0,1,1,0.9311575726670066,1826,8,0.0688424273329934,0.94,0,lotte_technology_search_100k_q280,1,0.9796994899689562,2,linucb_primary,0,1,1,1961,dynamic_gated
13,1,1,1,0.06155451225873761,118,1,0.596244131455399,0.01,1,lotte_technology_search_100k_q378,5,0.9368978968392278,3,linucb_primary,1,1,1,1917,dynamic_gated
13,1,1,1,1.0,1425,10,0.0,1.0,0,lotte_technology_search_100k_q11,1,0.7770478937869838,3,linucb_primary,0,0,1,1425,dynamic_gated
13,1,1,1,0.7713685193834656,3303,4,0.22863148061653438,0.01,0,lotte_technology_search_100k_q102,1,0.9739025167784132,3,linucb_primary,1,1,1,4282,dynamic_gated
13,1,1,1,nan,0,0,nan,nan,0,lotte_technology_search_100k_q363,0,0.5981646608251958,3,hybrid_lite,0,0,0,972,dynamic_gated
13,1,1,1,0.02142857142857143,51,1,0.7050420168067226,0.01,1,lotte_technology_search_100k_q446,9,0.7293086670491006,3,hybrid_lite,1,1,1,2380,dynamic_gated
13,1,0,1,0.2012012012012012,670,1,0.7417417417417418,0.01,0,lotte_technology_search_100k_q499,1,0.37302783428058517,2,full_dense_fallback,1,1,1,3330,dynamic_gated
13,1,1,1,0.07245575221238938,131,1,0.6476769911504425,0.01,0,lotte_technology_search_100k_q476,1,0.5083473157166242,3,hybrid_lite,1,1,1,1808,dynamic_gated
13,1,1,1,0.08456659619450317,80,1,0.726215644820296,0.01,1,lotte_technology_search_100k_q98,2,0.7630399956778483,3,linucb_primary,1,1,1,946,dynamic_gated
13,1,1,0,nan,0,0,nan,nan,0,lotte_technology_search_100k_q284,0,0.669087169462904,2,hybrid_lite,0,0,0,1451,dynamic_gated
13,1,1,1,0.1990324809951624,288,2,0.7470628887353145,0.01,0,lotte_technology_search_100k_q200,1,0.4275574289966432,3,full_dense_fallback,1,1,1,1447,dynamic_gated
13,1,1,1,0.625,690,5,0.375,0.63,0,lotte_technology_search_100k_q170,1,0.8956998844789693,3,linucb_primary,1,1,1,1104,dynamic_gated
13,0,1,1,0.3588093322606597,446,3,0.3942075623491552,0.01,1,lotte_technology_search_100k_q278,2,0.9770947708708909,2,linucb_primary,1,1,1,1243,dynamic_gated
13,1,1,1,0.10291734197730956,254,1,0.4870340356564019,0.01,1,lotte_technology_search_100k_q525,5,0.8680021789383379,3,linucb_primary,1,1,1,2468,dynamic_gated
13,1,1,1,0.09707724425887265,93,1,0.4248434237995825,0.01,1,lotte_technology_search_100k_q210,2,0.9334892505044596,3,linucb_primary,1,1,1,958,dynamic_gated
13,1,1,1,0.17979127134724857,379,1,0.5944022770398483,0.01,1,lotte_technology_search_100k_q425,9,0.9595462539326571,3,linucb_primary,1,1,1,2108,dynamic_gated
13,1,1,1,0.022433132010353754,52,1,0.8278688524590164,0.01,1,lotte_technology_search_100k_q0,2,0.8800456395778483,3,linucb_primary,1,1,1,2318,dynamic_gated
13,1,1,1,0.09282178217821782,150,1,0.5581683168316831,0.01,1,lotte_technology_search_100k_q516,5,0.7653606117926314,3,linucb_primary,1,1,1,1616,dynamic_gated
13,1,1,1,0.11695278969957082,218,1,0.45493562231759654,0.01,1,lotte_technology_search_100k_q436,2,0.7682865157018154,3,linucb_primary,1,1,1,1864,dynamic_gated
13,1,0,1,0.28060413354531,706,1,0.36367249602543716,0.01,0,lotte_technology_search_100k_q419,1,0.5064759145002857,2,hybrid_lite,1,1,1,2516,dynamic_gated
13,1,1,1,0.6911689637570189,1354,4,0.30883103624298114,0.01,0,lotte_technology_search_100k_q376,1,0.5389548130684712,3,hybrid_lite,1,1,1,1959,dynamic_gated
13,1,1,1,0.21803921568627452,278,1,0.5615686274509804,0.01,0,lotte_technology_search_100k_q500,1,0.8611402957223795,3,linucb_primary,1,1,1,1275,dynamic_gated
13,0,1,1,0.4762645914396887,612,3,0.4552529182879378,0.01,0,lotte_technology_search_100k_q445,1,0.6505582781829159,2,hybrid_lite,1,1,1,1285,dynamic_gated
13,1,1,0,nan,0,0,nan,nan,0,lotte_technology_search_100k_q115,0,0.5533944003679042,2,hybrid_lite,0,0,0,1518,dynamic_gated
13,1,0,1,0.08062418725617686,124,1,0.7197659297789336,0.01,0,lotte_technology_search_100k_q273,1,0.27825358522558247,2,full_dense_fallback,1,1,1,1538,dynamic_gated
13,1,1,1,0.2802795031055901,361,2,0.31444099378881984,0.01,0,lotte_technology_search_100k_q535,1,0.4893657527906588,3,hybrid_lite,1,1,1,1288,dynamic_gated
13,1,0,1,0.016701461377870562,48,1,0.6475295755045234,0.01,1,lotte_technology_search_100k_q329,5,0.40042973474977955,2,full_dense_fallback,1,1,1,2874,dynamic_gated
13,1,1,1,0.04751847940865892,90,1,0.616156282998944,0.01,1,lotte_technology_search_100k_q568,2,0.9714501008838384,3,linucb_primary,1,1,1,1894,dynamic_gated
13,1,1,1,0.02044907778668805,51,1,0.39735364875701684,0.01,1,lotte_technology_search_100k_q595,5,0.8549944916313571,3,linucb_primary,1,1,1,2494,dynamic_gated
13,1,1,1,0.1857379767827529,448,1,0.4299336650082919,0.01,0,lotte_technology_search_100k_q359,1,0.819601501235923,3,linucb_primary,1,1,1,2412,dynamic_gated
13,0,1,1,nan,0,0,nan,nan,0,lotte_technology_search_100k_q21,0,0.9107928693678458,2,linucb_primary,0,0,0,717,dynamic_gated
13,1,1,1,0.10605461020973486,268,1,0.4990106846062524,0.01,1,lotte_technology_search_100k_q560,3,0.37481218419836676,3,full_dense_fallback,1,1,1,2527,dynamic_gated
13,1,1,1,0.21830585559977259,384,1,0.28936895963615694,0.01,1,lotte_technology_search_100k_q396,3,0.780081258807793,3,linucb_primary,1,1,1,1759,dynamic_gated
13,1,1,1,0.015364061456245824,23,1,0.7835671342685371,0.01,1,lotte_technology_search_100k_q163,2,0.6819564454683739,3,hybrid_lite,1,1,1,1497,dynamic_gated
13,1,1,1,0.06126331811263318,161,1,0.4387366818873668,0.01,1,lotte_technology_search_100k_q527,7,0.7187882267980482,3,hybrid_lite,1,1,1,2628,dynamic_gated
13,1,1,1,0.056021469305602145,167,1,0.758470311975847,0.01,1,lotte_technology_search_100k_q423,4,0.9687190871403304,3,linucb_primary,1,1,1,2981,dynamic_gated
13,1,1,0,nan,0,0,nan,nan,0,lotte_technology_search_100k_q283,0,0.7130847666877264,2,hybrid_lite,0,0,0,843,dynamic_gated
13,1,1,1,0.31139122315592904,667,5,0.7343604108309991,0.27,1,lotte_technology_search_100k_q339,2,0.9380018491311999,3,linucb_primary,1,1,1,2142,dynamic_gated
13,1,1,1,0.17150956768249467,242,1,0.6151665485471297,0.01,0,lotte_technology_search_100k_q474,1,0.786172164038733,3,linucb_primary,1,1,1,1411,dynamic_gated
13,1,1,1,0.14868603042876902,215,1,0.44882434301521434,0.01,1,lotte_technology_search_100k_q343,5,0.8227163378467888,3,linucb_primary,1,1,1,1446,dynamic_gated
13,1,1,1,0.12868949232585597,327,2,0.26918536009445104,0.01,0,lotte_technology_search_100k_q312,1,0.4686087360068687,3,hybrid_lite,1,1,1,2541,dynamic_gated
13,1,1,1,0.05105762217359591,70,1,0.5200583515681985,0.01,1,lotte_technology_search_100k_q311,3,0.7115110934275595,3,hybrid_lite,1,1,1,1371,dynamic_gated
13,1,1,1,0.007965686274509803,13,1,0.7487745098039216,0.01,1,lotte_technology_search_100k_q236,7,0.7970182162217665,3,linucb_primary,1,1,1,1632,dynamic_gated
13,0,0,0,nan,0,0,nan,nan,0,lotte_technology_search_100k_q382,0,0.42588580639425716,0,full_dense_fallback,0,0,0,969,dynamic_gated
13,1,0,1,0.08414239482200647,208,1,0.5902103559870551,0.01,1,lotte_technology_search_100k_q328,5,0.42896799297390764,2,full_dense_fallback,1,1,1,2472,dynamic_gated
13,1,1,1,0.04676489429852659,73,1,0.700832799487508,0.01,1,lotte_technology_search_100k_q444,7,0.9278118239576828,3,linucb_primary,1,1,1,1561,dynamic_gated
13,1,1,1,0.11251049538203191,134,1,0.41897565071368603,0.01,1,lotte_technology_search_100k_q356,3,0.47053694854946176,3,hybrid_lite,1,1,1,1191,dynamic_gated
13,1,1,1,0.4361820199778024,786,1,0.2513873473917869,0.01,0,lotte_technology_search_100k_q517,1,0.2434634119272232,3,full_dense_fallback,1,1,1,1802,dynamic_gated
13,1,0,1,0.2174423152131404,556,1,0.41415721548689866,0.01,1,lotte_technology_search_100k_q415,3,0.4168944542941396,2,full_dense_fallback,1,1,1,2557,dynamic_gated
13,1,1,1,0.1254061078622482,193,1,0.28525016244314494,0.01,1,lotte_technology_search_100k_q416,5,0.7206073492886019,3,hybrid_lite,1,1,1,1539,dynamic_gated
13,1,1,1,0.07597645799892991,142,1,0.6169074371321562,0.01,1,lotte_technology_search_100k_q495,2,0.8332526259363655,3,linucb_primary,1,1,1,1869,dynamic_gated
13,1,1,1,0.5337837837837838,1422,1,0.3044294294294294,0.01,1,lotte_technology_search_100k_q263,2,0.7842217310751816,3,linucb_primary,1,1,1,2664,dynamic_gated
13,1,1,1,0.016540317022742935,72,1,0.7757868136917069,0.01,1,lotte_technology_search_100k_q369,4,0.9361400234823176,3,linucb_primary,1,1,1,4353,dynamic_gated
13,0,0,1,nan,0,0,nan,nan,0,lotte_technology_search_100k_q175,0,0.3060961072748501,1,full_dense_fallback,0,0,0,1017,dynamic_gated
13,1,1,1,0.2612982744453574,636,1,0.3574363188167625,0.01,1,lotte_technology_search_100k_q480,2,0.9611923253261527,3,linucb_primary,1,1,1,2434,dynamic_gated
13,1,1,1,0.3805117038649973,699,1,0.477408818726184,0.01,0,lotte_technology_search_100k_q373,1,0.8091232332356083,3,linucb_primary,1,1,1,1837,dynamic_gated
13,1,1,1,0.16389548693586697,138,1,0.41805225653206646,0.01,1,lotte_technology_search_100k_q251,2,0.8207984795774579,3,linucb_primary,1,1,1,842,dynamic_gated
13,1,0,1,0.10253583241455347,93,1,0.6990077177508269,0.01,1,lotte_technology_search_100k_q443,2,0.29600747553915735,2,full_dense_fallback,1,1,1,907,dynamic_gated
13,1,1,1,nan,0,0,nan,nan,0,lotte_technology_search_100k_q197,0,0.6412276348907312,3,hybrid_lite,0,0,0,800,dynamic_gated
13,1,0,1,0.16742539200809306,331,2,0.5022761760242792,0.01,1,lotte_technology_search_100k_q538,3,0.5872998890380992,2,hybrid_lite,1,1,1,1977,dynamic_gated
13,1,1,1,0.49667994687915007,374,6,0.5033200531208499,0.5,0,lotte_technology_search_100k_q262,1,0.503720724260953,3,hybrid_lite,1,1,1,753,dynamic_gated
13,1,1,1,0.14520547945205478,159,1,0.5972602739726027,0.01,1,lotte_technology_search_100k_q466,9,0.907749192133758,3,linucb_primary,1,1,1,1095,dynamic_gated
13,1,1,1,0.05081555834378921,81,1,0.47365119196988703,0.01,1,lotte_technology_search_100k_q588,4,0.6751839371105628,3,hybrid_lite,1,1,1,1594,dynamic_gated
13,1,1,1,0.41284403669724773,495,1,0.36363636363636365,0.01,1,lotte_technology_search_100k_q450,4,0.7555431177663782,3,linucb_primary,1,1,1,1199,dynamic_gated
13,1,0,1,0.13070539419087138,63,1,0.7489626556016598,0.01,1,lotte_technology_search_100k_q113,3,0.3723591196839732,2,full_dense_fallback,1,1,1,482,dynamic_gated
13,1,1,1,0.9063867016622922,1036,9,0.09361329833770782,0.91,0,lotte_technology_search_100k_q511,1,0.4943506179352366,3,hybrid_lite,0,1,1,1143,dynamic_gated
13,1,0,1,0.17996505532906232,309,2,0.6924868957483984,0.01,0,lotte_technology_search_100k_q206,1,0.24180499125367533,2,full_dense_fallback,1,1,1,1717,dynamic_gated
13,1,1,1,0.19504132231404958,236,1,0.4694214876033058,0.01,1,lotte_technology_search_100k_q245,2,0.42081965315780373,3,full_dense_fallback,1,1,1,1210,dynamic_gated
13,0,1,1,nan,0,0,nan,nan,0,lotte_technology_search_100k_q60,0,0.535654146505694,2,hybrid_lite,0,0,0,922,dynamic_gated
13,1,1,1,0.06474820143884892,63,1,0.6639260020554985,0.01,0,lotte_technology_search_100k_q44,1,0.9605209189509067,3,linucb_primary,1,1,1,973,dynamic_gated
13,1,1,1,0.16795366795366795,174,2,0.6544401544401545,0.01,1,lotte_technology_search_100k_q46,3,0.8747373112473988,3,linucb_primary,1,1,1,1036,dynamic_gated
13,1,1,1,0.1835985312117503,300,1,0.49632802937576503,0.01,1,lotte_technology_search_100k_q358,3,0.5612596134713779,3,hybrid_lite,1,1,1,1634,dynamic_gated
13,1,0,1,nan,0,0,nan,nan,0,lotte_technology_search_100k_q81,0,0.49662796606962145,2,hybrid_lite,0,0,0,1281,dynamic_gated
13,1,1,1,0.4640692640692641,536,5,0.6354978354978356,0.37,1,lotte_technology_search_100k_q193,2,0.7010902482126383,3,hybrid_lite,1,1,1,1155,dynamic_gated
13,1,1,1,0.09327983951855567,93,1,0.5035105315947843,0.01,1,lotte_technology_search_100k_q296,5,0.9574530277349438,3,linucb_primary,1,1,1,997,dynamic_gated
13,1,1,1,0.6799249530956848,1812,5,0.7133208255159474,0.29,1,lotte_technology_search_100k_q542,2,0.7886289785916984,3,linucb_primary,1,1,1,2665,dynamic_gated
13,0,1,1,nan,0,0,nan,nan,0,lotte_technology_search_100k_q77,0,0.687972475837995,2,hybrid_lite,0,0,0,755,dynamic_gated
13,0,1,1,0.9178794178794178,1766,8,0.08212058212058215,0.92,0,lotte_technology_search_100k_q114,1,0.7741167130614823,2,linucb_primary,0,1,1,1924,dynamic_gated
13,1,1,1,0.02238354506957048,37,1,0.5238959467634603,0.01,1,lotte_technology_search_100k_q346,2,0.914178006824856,3,linucb_primary,1,1,1,1653,dynamic_gated
13,1,1,1,0.05102763997165131,72,1,0.7632884479092842,0.01,1,lotte_technology_search_100k_q49,2,0.7037525347208619,3,hybrid_lite,1,1,1,1411,dynamic_gated
13,1,1,1,0.3110485573539761,442,3,0.625615763546798,0.01,1,lotte_technology_search_100k_q110,4,0.9104112248453022,3,linucb_primary,1,1,1,1421,dynamic_gated
13,0,0,0,nan,0,0,nan,nan,0,lotte_technology_search_100k_q237,0,0.3118766861597891,0,full_dense_fallback,0,0,0,788,dynamic_gated
13,1,0,1,0.3202416918429003,106,1,0.3987915407854985,0.01,0,lotte_technology_search_100k_q307,1,0.46456041294302586,2,hybrid_lite,1,1,1,331,dynamic_gated
13,1,0,1,0.03369272237196765,75,1,0.5813117699910153,0.01,1,lotte_technology_search_100k_q491,6,0.35090453661730614,2,full_dense_fallback,1,1,1,2226,dynamic_gated
13,1,1,1,0.07508939213349225,63,1,0.5709177592371871,0.01,1,lotte_technology_search_100k_q43,4,0.9219770841097541,3,linucb_primary,1,1,1,839,dynamic_gated
13,1,1,1,0.08701923076923077,181,1,0.3533653846153846,0.01,1,lotte_technology_search_100k_q409,2,0.7631361088495142,3,linucb_primary,1,1,1,2080,dynamic_gated
13,1,1,0,nan,0,0,nan,nan,0,lotte_technology_search_100k_q317,0,0.5560262383413727,2,hybrid_lite,0,0,0,2258,dynamic_gated
13,1,1,1,0.6049141965678627,1551,8,0.5046801872074883,0.5,0,lotte_technology_search_100k_q6,1,0.6657493732101363,3,hybrid_lite,1,1,1,2564,dynamic_gated
13,1,1,1,0.2943746586564719,539,1,0.43910431458219557,0.01,1,lotte_technology_search_100k_q308,4,0.9070269714283247,3,linucb_primary,1,1,1,1831,dynamic_gated
13,1,0,1,nan,0,0,nan,nan,0,lotte_technology_search_100k_q28,0,0.448712193337978,2,hybrid_lite,0,0,0,1355,dynamic_gated
13,1,1,1,0.02427471876850207,41,1,0.6033155713439906,0.01,1,lotte_technology_search_100k_q422,4,0.8809222020749372,3,linucb_primary,1,1,1,1689,dynamic_gated
13,1,0,1,0.6333002973240832,639,4,0.3666997026759168,0.01,0,lotte_technology_search_100k_q191,1,0.45057124566818585,2,hybrid_lite,1,1,1,1009,dynamic_gated
13,1,0,1,0.11546685673556664,162,1,0.5317177476835353,0.01,0,lotte_technology_search_100k_q485,1,0.37984444616193414,2,full_dense_fallback,1,1,1,1403,dynamic_gated
13,1,0,1,0.12017887087758525,215,2,0.8077138065958636,0.01,0,lotte_technology_search_100k_q146,1,0.40206517861707963,2,full_dense_fallback,1,1,1,1789,dynamic_gated
13,1,1,1,0.021479713603818614,36,1,0.8239856801909308,0.01,1,lotte_technology_search_100k_q457,7,0.8246471811474988,3,linucb_primary,1,1,1,1676,dynamic_gated
13,1,1,1,0.06366307541625857,65,1,0.5759059745347699,0.01,1,lotte_technology_search_100k_q324,8,0.4559077457157536,3,hybrid_lite,1,1,1,1021,dynamic_gated
13,1,1,1,0.6182096403978576,808,2,0.3404743687834736,0.01,1,lotte_technology_search_100k_q294,2,0.41634735792196864,3,full_dense_fallback,1,1,1,1307,dynamic_gated
13,1,1,1,0.1771177117711771,161,1,0.5412541254125413,0.01,0,lotte_technology_search_100k_q303,1,0.8769842392419868,3,linucb_primary,1,1,1,909,dynamic_gated
13,1,1,1,0.3347260909935005,721,1,0.24791086350974934,0.01,1,lotte_technology_search_100k_q452,3,0.6427564747029608,3,hybrid_lite,1,1,1,2154,dynamic_gated
13,1,1,1,0.28529062870699884,481,2,0.5409252669039146,0.01,1,lotte_technology_search_100k_q551,2,0.622486108598789,3,hybrid_lite,1,1,1,1686,dynamic_gated
13,1,1,1,0.039473684210526314,54,1,0.6228070175438596,0.01,0,lotte_technology_search_100k_q360,1,0.6486706504107086,3,hybrid_lite,1,1,1,1368,dynamic_gated
13,1,1,1,0.15330520393811534,109,1,0.6146272855133614,0.01,0,lotte_technology_search_100k_q9,1,0.567053688205699,3,hybrid_lite,1,1,1,711,dynamic_gated
13,1,1,1,0.1529051987767584,250,1,0.6140672782874618,0.01,1,lotte_technology_search_100k_q309,3,0.8725981898723443,3,linucb_primary,1,1,1,1635,dynamic_gated
13,1,1,1,0.10985915492957747,195,1,0.4997183098591549,0.01,1,lotte_technology_search_100k_q593,2,0.9747181952836,3,linucb_primary,1,1,1,1775,dynamic_gated
13,1,1,1,nan,0,0,nan,nan,0,lotte_technology_search_100k_q208,0,0.8565602143464014,3,linucb_primary,0,0,0,1688,dynamic_gated
13,1,1,1,0.0998439937597504,64,1,0.4914196567862714,0.01,1,lotte_technology_search_100k_q489,3,0.683011975217335,3,hybrid_lite,1,1,1,641,dynamic_gated
13,1,1,1,0.32432432432432434,312,1,0.528066528066528,0.01,0,lotte_technology_search_100k_q62,1,0.9660994319227075,3,linucb_primary,1,1,1,962,dynamic_gated
13,1,1,1,0.06445115810674723,64,1,0.473313192346425,0.01,1,lotte_technology_search_100k_q111,5,0.9565343611800969,3,linucb_primary,1,1,1,993,dynamic_gated
13,1,1,1,nan,0,0,nan,nan,0,lotte_technology_search_100k_q214,0,0.9627793030428095,3,linucb_primary,0,0,0,1317,dynamic_gated
13,1,1,1,0.3192488262910798,748,1,0.4233888177550149,0.01,1,lotte_technology_search_100k_q479,2,0.71348001856288,3,hybrid_lite,1,1,1,2343,dynamic_gated
13,1,1,1,0.24367436743674367,443,2,0.5676567656765676,0.01,0,lotte_technology_search_100k_q332,1,0.9549337044762473,3,linucb_primary,1,1,1,1818,dynamic_gated
13,1,1,1,0.10656620021528525,99,1,0.6135629709364909,0.01,1,lotte_technology_search_100k_q83,2,0.5574553595728505,3,hybrid_lite,1,1,1,929,dynamic_gated
13,1,1,1,0.3105263157894737,118,1,0.3526315789473684,0.01,0,lotte_technology_search_100k_q87,1,0.5969088300715738,3,hybrid_lite,1,1,1,380,dynamic_gated
13,1,1,1,0.4307233521945252,5633,2,0.525615537543967,0.01,1,lotte_technology_search_100k_q558,4,0.8581865712681085,3,linucb_primary,1,1,1,13078,dynamic_gated
13,1,0,1,nan,0,0,nan,nan,0,lotte_technology_search_100k_q155,0,0.5684082730345728,2,hybrid_lite,0,0,0,606,dynamic_gated
13,1,1,1,0.043922369765066395,43,1,0.5944841675178754,0.01,1,lotte_technology_search_100k_q404,4,0.474523008254095,3,hybrid_lite,1,1,1,979,dynamic_gated
13,0,1,1,nan,0,0,nan,nan,0,lotte_technology_search_100k_q47,0,0.639361425612944,2,hybrid_lite,0,0,0,844,dynamic_gated
13,1,1,1,0.09189842805320435,76,1,0.532043530834341,0.01,0,lotte_technology_search_100k_q37,1,0.9604440640705266,3,linucb_primary,1,1,1,827,dynamic_gated
13,1,1,1,0.12563667232597622,148,1,0.7215619694397284,0.01,1,lotte_technology_search_100k_q335,2,0.6950911354759932,3,hybrid_lite,1,1,1,1178,dynamic_gated
13,1,1,1,0.3048913043478261,561,1,0.24021739130434783,0.01,0,lotte_technology_search_100k_q411,1,0.9049128275168302,3,linucb_primary,1,1,1,1840,dynamic_gated
13,1,1,1,0.14381270903010032,86,2,0.6705685618729097,0.01,0,lotte_technology_search_100k_q265,1,0.6007069104345769,3,hybrid_lite,1,1,1,598,dynamic_gated
13,0,1,1,0.04135079255685734,60,1,0.7339765678842178,0.01,1,lotte_technology_search_100k_q510,5,0.6606646779346441,2,hybrid_lite,1,1,1,1451,dynamic_gated
13,1,0,1,0.14041514041514042,345,1,0.5877085877085877,0.01,1,lotte_technology_search_100k_q327,5,0.38385703853036035,2,full_dense_fallback,1,1,1,2457,dynamic_gated
13,1,1,1,0.1734006734006734,206,1,0.5471380471380471,0.01,1,lotte_technology_search_100k_q229,4,0.6173396732980581,3,hybrid_lite,1,1,1,1188,dynamic_gated
13,1,1,1,0.11764705882352941,74,1,0.5771065182829889,0.01,0,lotte_technology_search_100k_q168,1,0.6126152606434386,3,hybrid_lite,1,1,1,629,dynamic_gated
13,1,1,1,0.1168032786885246,342,1,0.7042349726775956,0.01,1,lotte_technology_search_100k_q326,2,0.6488111828173829,3,hybrid_lite,1,1,1,2928,dynamic_gated
13,1,1,1,nan,0,0,nan,nan,0,lotte_technology_search_100k_q205,0,0.7848986072906714,3,linucb_primary,0,0,0,625,dynamic_gated
13,1,1,1,0.27365728900255754,214,3,0.6854219948849105,0.01,0,lotte_technology_search_100k_q19,1,0.2880698981886918,3,full_dense_fallback,1,1,1,782,dynamic_gated
13,1,1,1,0.21794871794871795,153,2,0.621082621082621,0.01,0,lotte_technology_search_100k_q167,1,0.7736048293304252,3,linucb_primary,1,1,1,702,dynamic_gated
13,1,1,1,0.48246674727932287,399,3,0.47642079806529625,0.01,1,lotte_technology_search_100k_q52,2,0.7049642979591966,3,hybrid_lite,1,1,1,827,dynamic_gated
13,1,1,1,0.07258514796203239,130,1,0.6661083193746511,0.01,1,lotte_technology_search_100k_q331,2,0.8517940744247984,3,linucb_primary,1,1,1,1791,dynamic_gated
13,0,1,1,0.4972375690607735,450,5,0.5027624309392265,0.5,0,lotte_technology_search_100k_q20,1,0.8304480129275498,2,linucb_primary,1,1,1,905,dynamic_gated
13,1,1,1,0.340251572327044,541,3,0.49559748427672956,0.01,0,lotte_technology_search_100k_q212,1,0.6469754191095731,3,hybrid_lite,1,1,1,1590,dynamic_gated
13,0,0,1,0.24796747967479674,183,2,0.5230352303523036,0.01,1,lotte_technology_search_100k_q75,2,0.6809625520382507,1,hybrid_lite,1,1,1,738,dynamic_gated
13,1,1,1,0.2178988326848249,168,1,0.6212710765239948,0.01,0,lotte_technology_search_100k_q190,1,0.8753140948441493,3,linucb_primary,1,1,1,771,dynamic_gated
13,1,1,1,0.14554905782975958,224,1,0.7121507472384665,0.01,1,lotte_technology_search_100k_q437,9,0.9517426584454318,3,linucb_primary,1,1,1,1539,dynamic_gated
13,1,1,1,0.09507195813344962,218,1,0.5782817269952027,0.01,1,lotte_technology_search_100k_q406,2,0.7659005735871538,3,linucb_primary,1,1,1,2293,dynamic_gated
13,0,1,0,nan,0,0,nan,nan,0,lotte_technology_search_100k_q116,0,0.4019988561554955,1,full_dense_fallback,0,0,0,1092,dynamic_gated
13,0,1,1,0.8822652757078987,2368,9,0.33345752608047685,0.67,0,lotte_technology_search_100k_q374,1,0.9597122046767199,2,linucb_primary,0,1,1,2684,dynamic_gated
13,1,1,1,0.033818493150684935,79,1,0.401541095890411,0.01,1,lotte_technology_search_100k_q375,2,0.9910371057474535,3,linucb_primary,1,1,1,2336,dynamic_gated
13,1,1,1,0.20418084589207583,420,1,0.529897909577054,0.01,0,lotte_technology_search_100k_q565,1,0.7979055290208116,3,linucb_primary,1,1,1,2057,dynamic_gated
13,1,1,1,0.2312180889861415,317,2,0.4004376367614879,0.01,1,lotte_technology_search_100k_q10,2,0.7569594560058704,3,linucb_primary,1,1,1,1371,dynamic_gated
13,1,1,1,0.1330150068212824,195,1,0.5511596180081855,0.01,1,lotte_technology_search_100k_q589,2,0.9881422438036125,3,linucb_primary,1,1,1,1466,dynamic_gated
13,1,1,1,0.0702319587628866,109,1,0.6365979381443299,0.01,1,lotte_technology_search_100k_q300,4,0.6066966659835316,3,hybrid_lite,1,1,1,1552,dynamic_gated
13,1,1,1,0.0998162890385793,163,1,0.5958358848744642,0.01,1,lotte_technology_search_100k_q430,2,0.8281911295280563,3,linucb_primary,1,1,1,1633,dynamic_gated
13,1,1,1,0.21634208298052499,511,1,0.6926333615580017,0.01,1,lotte_technology_search_100k_q418,2,0.583737804252919,3,hybrid_lite,1,1,1,2362,dynamic_gated
13,1,0,1,0.251303441084463,241,2,0.6120959332638165,0.01,0,lotte_technology_search_100k_q158,1,0.16342728627196385,2,full_dense_fallback,1,1,1,959,dynamic_gated
13,1,1,1,0.39865910263022175,773,3,0.335224342444559,0.01,1,lotte_technology_search_100k_q80,2,0.6249058774803345,3,hybrid_lite,1,1,1,1939,dynamic_gated
13,1,1,1,0.03627311522048364,51,1,0.5803698435277382,0.01,0,lotte_technology_search_100k_q372,1,0.9508391317161572,3,linucb_primary,1,1,1,1406,dynamic_gated
13,1,1,1,0.08211920529801324,248,1,0.8543046357615894,0.01,1,lotte_technology_search_100k_q347,6,0.7117788584844382,3,hybrid_lite,1,1,1,3020,dynamic_gated
13,1,1,1,0.12060810810810811,357,1,0.6398648648648648,0.01,1,lotte_technology_search_100k_q204,2,0.8162999366402081,3,linucb_primary,1,1,1,2960,dynamic_gated
13,1,1,1,0.41132075471698115,327,4,0.5886792452830188,0.01,0,lotte_technology_search_100k_q231,1,0.8926257683580615,3,linucb_primary,1,1,1,795,dynamic_gated
13,0,1,1,nan,0,0,nan,nan,0,lotte_technology_search_100k_q119,0,0.7193026440445047,2,hybrid_lite,0,0,0,703,dynamic_gated
13,1,1,1,0.023371104815864022,66,1,0.5531161473087819,0.01,1,lotte_technology_search_100k_q455,4,0.8124350520407644,3,linucb_primary,1,1,1,2824,dynamic_gated
13,0,0,0,nan,0,0,nan,nan,0,lotte_technology_search_100k_q150,0,0.5523514016903903,0,hybrid_lite,0,0,0,997,dynamic_gated
13,1,1,1,0.06657183499288763,234,1,0.5277382645803699,0.01,1,lotte_technology_search_100k_q569,4,0.7296302683743701,3,hybrid_lite,1,1,1,3515,dynamic_gated
13,1,1,1,0.6121718377088305,513,6,0.38782816229116945,0.62,0,lotte_technology_search_100k_q221,1,0.394890634080757,3,full_dense_fallback,1,1,1,838,dynamic_gated
13,1,1,1,0.06618531889290012,165,1,0.4199759326113117,0.01,1,lotte_technology_search_100k_q573,2,0.8886244341068541,3,linucb_primary,1,1,1,2493,dynamic_gated
13,1,1,1,0.03387721238938053,245,1,0.9022400442477876,0.01,1,lotte_technology_search_100k_q429,5,0.9539738136628447,3,linucb_primary,1,1,1,7232,dynamic_gated
13,0,1,1,0.35807860262008734,574,1,0.4666250779787897,0.01,0,lotte_technology_search_100k_q487,1,0.449677893432747,2,hybrid_lite,1,1,1,1603,dynamic_gated
13,1,1,1,0.04093023255813953,44,1,0.44837209302325587,0.01,1,lotte_technology_search_100k_q243,2,0.6733616518765927,3,hybrid_lite,1,1,1,1075,dynamic_gated
13,1,1,1,0.5096322241681261,582,1,0.30122591943957966,0.01,0,lotte_technology_search_100k_q53,1,0.8901957951103566,3,linucb_primary,1,1,1,1142,dynamic_gated
13,1,1,1,0.10680379746835443,135,1,0.7697784810126582,0.01,1,lotte_technology_search_100k_q323,2,0.42459970505557715,3,full_dense_fallback,1,1,1,1264,dynamic_gated
13,1,1,1,0.06886967263743052,223,1,0.5670166769610872,0.01,0,lotte_technology_search_100k_q391,1,0.9430363355275024,3,linucb_primary,1,1,1,3238,dynamic_gated
13,1,1,1,0.06997742663656885,93,1,0.41234010534236265,0.01,1,lotte_technology_search_100k_q348,3,0.9904512718653322,3,linucb_primary,1,1,1,1329,dynamic_gated
13,1,1,1,0.2866043613707165,276,1,0.49428868120456904,0.01,0,lotte_technology_search_100k_q432,1,0.27674924358725544,3,full_dense_fallback,1,1,1,963,dynamic_gated
13,1,1,1,0.7193426042983565,1707,5,0.2806573957016435,0.72,0,lotte_technology_search_100k_q71,1,0.9707020611339402,3,linucb_primary,1,1,1,2373,dynamic_gated
13,1,1,1,0.1903133903133903,334,1,0.5162393162393162,0.01,1,lotte_technology_search_100k_q398,7,0.9556089023926546,3,linucb_primary,1,1,1,1755,dynamic_gated
13,0,0,0,nan,0,0,nan,nan,0,lotte_technology_search_100k_q319,0,0.235734306510436,0,full_dense_fallback,0,0,0,1042,dynamic_gated
13,1,1,1,nan,0,0,nan,nan,0,lotte_technology_search_100k_q182,0,0.7048843221849641,3,hybrid_lite,0,0,0,1042,dynamic_gated
13,1,1,1,0.559322033898305,627,6,0.44067796610169496,0.56,0,lotte_technology_search_100k_q25,1,0.5908398005153989,3,hybrid_lite,1,1,1,1121,dynamic_gated
13,1,1,1,0.2832764505119454,332,3,0.6399317406143344,0.01,1,lotte_technology_search_100k_q14,2,0.6225708646462669,3,hybrid_lite,1,1,1,1172,dynamic_gated
13,1,1,1,0.3286384976525822,210,3,0.622848200312989,0.01,1,lotte_technology_search_100k_q370,3,0.8259326828661083,3,linucb_primary,1,1,1,639,dynamic_gated
13,1,1,1,0.04105011933174224,86,1,0.6186157517899762,0.01,1,lotte_technology_search_100k_q449,3,0.9473462655475271,3,linucb_primary,1,1,1,2095,dynamic_gated
13,1,1,1,0.5093525179856115,708,2,0.3705035971223022,0.01,1,lotte_technology_search_100k_q39,2,0.7970893163758291,3,linucb_primary,1,1,1,1390,dynamic_gated
13,1,1,1,0.12003117692907249,154,3,0.4325798908807482,0.01,0,lotte_technology_search_100k_q165,1,0.8679977094801857,3,linucb_primary,1,1,1,1283,dynamic_gated
13,1,1,1,0.10338050314465409,263,1,0.6202830188679245,0.01,1,lotte_technology_search_100k_q350,6,0.8223630455206374,3,linucb_primary,1,1,1,2544,dynamic_gated
13,1,0,1,nan,0,0,nan,nan,0,lotte_technology_search_100k_q156,0,0.444861784867541,2,hybrid_lite,0,0,0,865,dynamic_gated
13,1,1,1,0.8032078963602715,1302,7,0.4355336212214682,0.57,0,lotte_technology_search_100k_q567,1,0.5120403230082322,3,hybrid_lite,1,1,1,1621,dynamic_gated
13,1,0,1,0.0934094447327452,180,1,0.4452516865594188,0.01,1,lotte_technology_search_100k_q468,2,0.4898629993598227,2,hybrid_lite,1,1,1,1927,dynamic_gated
13,1,1,1,0.6278481012658228,744,6,0.5130801687763713,0.49,1,lotte_technology_search_100k_q524,2,0.5168116659833479,3,hybrid_lite,1,1,1,1185,dynamic_gated
13,1,1,1,0.38686131386861317,477,5,0.6131386861313868,0.39,1,lotte_technology_search_100k_q187,2,0.4806890108501839,3,hybrid_lite,1,1,1,1233,dynamic_gated
13,1,1,1,0.11320754716981132,120,1,0.31981132075471697,0.01,1,lotte_technology_search_100k_q486,2,0.4512974572850058,3,hybrid_lite,1,1,1,1060,dynamic_gated
13,0,1,1,1.0,1039,10,0.26756496631376325,0.74,0,lotte_technology_search_100k_q68,1,0.8360217214558129,2,linucb_primary,1,1,1,1039,dynamic_gated
13,1,1,1,0.25,118,1,0.521186440677966,0.01,0,lotte_technology_search_100k_q86,1,0.7128971886501004,3,hybrid_lite,1,1,1,472,dynamic_gated
13,1,1,1,0.8,560,8,0.19999999999999996,0.8,0,lotte_technology_search_100k_q118,1,0.8511133389895534,3,linucb_primary,1,1,1,700,dynamic_gated
13,1,1,1,0.16163410301953818,182,1,0.603019538188277,0.01,0,lotte_technology_search_100k_q133,1,0.5895648247723939,3,hybrid_lite,1,1,1,1126,dynamic_gated
13,1,0,1,0.0840630472854641,144,1,0.38178633975481613,0.01,1,lotte_technology_search_100k_q587,3,0.22377106044673836,2,full_dense_fallback,1,1,1,1713,dynamic_gated
13,1,1,1,0.25217391304347825,406,1,0.47515527950310554,0.01,0,lotte_technology_search_100k_q550,1,0.7261487517542374,3,hybrid_lite,1,1,1,1610,dynamic_gated
13,0,0,0,nan,0,0,nan,nan,0,lotte_technology_search_100k_q149,0,0.5087308583106244,0,hybrid_lite,0,0,0,951,dynamic_gated
13,1,1,1,0.05167394468704512,142,1,0.814410480349345,0.01,1,lotte_technology_search_100k_q571,2,0.828311777068755,3,linucb_primary,1,1,1,2748,dynamic_gated
13,0,1,1,0.5334394904458599,670,4,0.4665605095541401,0.01,0,lotte_technology_search_100k_q481,1,0.9927162879848865,2,linucb_primary,1,1,1,1256,dynamic_gated
13,1,0,1,0.08625461254612546,187,1,0.6107011070110702,0.01,1,lotte_technology_search_100k_q299,3,0.3225183913758471,2,full_dense_fallback,1,1,1,2168,dynamic_gated
13,1,1,1,0.04915390813859791,61,1,0.42304593070104757,0.01,1,lotte_technology_search_100k_q255,3,0.42184584756765053,3,full_dense_fallback,1,1,1,1241,dynamic_gated
13,1,0,1,0.04924924924924925,82,1,0.5405405405405406,0.01,1,lotte_technology_search_100k_q393,3,0.6961232863849274,2,hybrid_lite,1,1,1,1665,dynamic_gated
13,1,1,1,0.14245939675174013,307,1,0.4645011600928074,0.01,1,lotte_technology_search_100k_q530,4,0.7045719625435839,3,hybrid_lite,1,1,1,2155,dynamic_gated
13,1,1,1,0.06414825374198146,90,1,0.4597291518175338,0.01,1,lotte_technology_search_100k_q349,2,0.9702449253302385,3,linucb_primary,1,1,1,1403,dynamic_gated
13,0,1,1,nan,0,0,nan,nan,0,lotte_technology_search_100k_q56,0,0.8400612504173447,2,linucb_primary,0,0,0,1046,dynamic_gated
13,1,1,1,0.5921461897356143,1523,1,0.26982892690513216,0.01,0,lotte_technology_search_100k_q532,1,0.8018928045786885,3,linucb_primary,1,1,1,2572,dynamic_gated
13,1,1,1,0.0959257349149046,186,1,0.44043321299638993,0.01,1,lotte_technology_search_100k_q351,3,0.8876831746311804,3,linucb_primary,1,1,1,1939,dynamic_gated
13,1,1,1,0.0637907296925195,139,1,0.6994033960532354,0.01,1,lotte_technology_search_100k_q586,5,0.824027221870939,3,linucb_primary,1,1,1,2179,dynamic_gated
13,1,1,1,0.11737570476678626,229,1,0.4197847257816504,0.01,1,lotte_technology_search_100k_q540,3,0.9528357497960024,3,linucb_primary,1,1,1,1951,dynamic_gated
13,1,1,1,0.016458569807037457,29,1,0.6952326901248581,0.01,1,lotte_technology_search_100k_q515,5,0.9730229451867286,3,linucb_primary,1,1,1,1762,dynamic_gated
13,0,1,1,0.20708955223880596,111,1,0.42910447761194026,0.01,0,lotte_technology_search_100k_q223,1,0.9704802794155217,2,linucb_primary,1,1,1,536,dynamic_gated
13,1,1,1,0.15517241379310345,90,1,0.4844827586206897,0.01,0,lotte_technology_search_100k_q228,1,0.31243297188769686,3,full_dense_fallback,1,1,1,580,dynamic_gated
13,0,1,1,0.21689259645464026,208,2,0.5182481751824817,0.01,0,lotte_technology_search_100k_q30,1,0.4782688620836425,2,hybrid_lite,1,1,1,959,dynamic_gated
13,1,1,1,0.0797872340425532,135,1,0.3416075650118203,0.01,1,lotte_technology_search_100k_q548,2,0.9654732110957772,3,linucb_primary,1,1,1,1692,dynamic_gated
13,1,1,1,0.08899456521739131,131,1,0.5197010869565217,0.01,1,lotte_technology_search_100k_q365,3,0.933712179475078,3,linucb_primary,1,1,1,1472,dynamic_gated
13,1,1,1,0.028199566160520606,26,1,0.7505422993492408,0.01,0,lotte_technology_search_100k_q145,1,0.4910357961562446,3,hybrid_lite,1,1,1,922,dynamic_gated
13,1,1,1,0.03290183387270766,61,1,0.6181229773462783,0.01,1,lotte_technology_search_100k_q341,3,0.9786502772045262,3,linucb_primary,1,1,1,1854,dynamic_gated
13,1,0,1,0.06129398410896708,54,1,0.6572077185017027,0.01,1,lotte_technology_search_100k_q248,2,0.3600652207651884,2,full_dense_fallback,1,1,1,881,dynamic_gated
13,1,1,1,0.13897280966767372,230,2,0.615105740181269,0.01,0,lotte_technology_search_100k_q484,1,0.9675817633905903,3,linucb_primary,1,1,1,1655,dynamic_gated
13,1,1,1,0.12399540757749714,108,1,0.6188289322617682,0.01,0,lotte_technology_search_100k_q239,1,0.9011592828034836,3,linucb_primary,1,1,1,871,dynamic_gated
13,1,1,1,0.2558139534883721,77,1,0.5780730897009967,0.01,0,lotte_technology_search_100k_q385,1,0.4866753382811222,3,hybrid_lite,1,1,1,301,dynamic_gated
13,1,1,1,0.03255387436955525,71,1,0.6281522237505731,0.01,1,lotte_technology_search_100k_q380,3,0.6808638243841404,3,hybrid_lite,1,1,1,2181,dynamic_gated
13,1,0,1,0.12270875763747455,241,1,0.3243380855397149,0.01,0,lotte_technology_search_100k_q518,1,0.5221462350919688,2,hybrid_lite,1,1,1,1964,dynamic_gated
13,1,1,1,0.20416666666666666,147,2,0.6041666666666667,0.01,1,lotte_technology_search_100k_q277,2,0.4768483021977464,3,hybrid_lite,1,1,1,720,dynamic_gated
13,1,0,0,nan,0,0,nan,nan,0,lotte_technology_search_100k_q134,0,0.7247926601231769,1,hybrid_lite,0,0,0,567,dynamic_gated
13,1,0,1,0.29959514170040485,222,3,0.5492577597840755,0.01,0,lotte_technology_search_100k_q59,1,0.2872669189534081,2,full_dense_fallback,1,1,1,741,dynamic_gated
13,1,1,1,0.31236283833211415,427,1,0.3123628383321141,0.01,1,lotte_technology_search_100k_q128,2,0.684630763862264,3,hybrid_lite,1,1,1,1367,dynamic_gated
13,0,1,1,nan,0,0,nan,nan,0,lotte_technology_search_100k_q38,0,0.8272826960292207,2,linucb_primary,0,0,0,1881,dynamic_gated
13,1,1,1,0.059490084985835696,63,1,0.5618508026440038,0.01,1,lotte_technology_search_100k_q388,3,0.7077724550009987,3,hybrid_lite,1,1,1,1059,dynamic_gated
13,1,1,1,0.2878903274942879,378,2,0.33815689261233817,0.01,0,lotte_technology_search_100k_q123,1,0.8475730534568716,3,linucb_primary,1,1,1,1313,dynamic_gated
13,1,1,1,0.6517036235803136,1205,5,0.34829637641968636,0.66,0,lotte_technology_search_100k_q67,1,0.8993706925338362,3,linucb_primary,1,1,1,1849,dynamic_gated
13,1,1,1,0.9412265758091993,1105,9,0.338160136286201,0.67,0,lotte_technology_search_100k_q15,1,0.6506887409496895,3,hybrid_lite,0,1,1,1174,dynamic_gated
13,1,1,1,0.10476190476190476,220,1,0.6780952380952381,0.01,1,lotte_technology_search_100k_q531,3,0.9454406001561504,3,linucb_primary,1,1,1,2100,dynamic_gated
13,1,1,1,0.06449422946367957,95,1,0.4032586558044806,0.01,1,lotte_technology_search_100k_q512,3,0.6222974257459849,3,hybrid_lite,1,1,1,1473,dynamic_gated
13,1,1,1,0.045422781271837874,65,1,0.6058700209643606,0.01,0,lotte_technology_search_100k_q192,1,0.8060757885036918,3,linucb_primary,1,1,1,1431,dynamic_gated
13,1,1,1,0.19167803547066847,281,3,0.4822646657571623,0.01,1,lotte_technology_search_100k_q549,5,0.9809068203034239,3,linucb_primary,1,1,1,1466,dynamic_gated
13,1,1,1,0.07785467128027682,135,1,0.29296424452133796,0.01,1,lotte_technology_search_100k_q554,2,0.9689962500533881,3,linucb_primary,1,1,1,1734,dynamic_gated
13,0,1,1,0.4581196581196581,268,2,0.46153846153846156,0.01,0,lotte_technology_search_100k_q217,1,0.974981999844743,2,linucb_primary,1,1,1,585,dynamic_gated
13,1,1,1,nan,0,0,nan,nan,0,lotte_technology_search_100k_q195,0,0.564987132182033,3,hybrid_lite,0,0,0,854,dynamic_gated
13,1,1,1,0.08090258668134287,147,1,0.554210236653825,0.01,1,lotte_technology_search_100k_q438,10,0.9594027724409564,3,linucb_primary,1,1,1,1817,dynamic_gated
13,1,1,1,0.05440613026819923,142,1,0.8199233716475096,0.01,1,lotte_technology_search_100k_q555,2,0.7805912731164716,3,linucb_primary,1,1,1,2610,dynamic_gated
13,1,0,1,0.33450952717007765,474,1,0.3987297106563161,0.01,1,lotte_technology_search_100k_q247,3,0.3582947342884274,2,full_dense_fallback,1,1,1,1417,dynamic_gated
13,1,1,1,0.23072177668106109,374,1,0.4491054904380012,0.01,1,lotte_technology_search_100k_q330,3,0.8713671606421556,3,linucb_primary,1,1,1,1621,dynamic_gated
13,1,1,1,1.0,418,10,0.0,1.0,0,lotte_technology_search_100k_q381,1,0.5898329334711827,3,hybrid_lite,0,0,1,418,dynamic_gated
13,1,0,1,nan,0,0,nan,nan,0,lotte_technology_search_100k_q157,0,0.27772693117886793,2,full_dense_fallback,0,0,0,675,dynamic_gated
13,0,1,1,0.7908496732026143,605,7,0.34901960784313724,0.66,0,lotte_technology_search_100k_q130,1,0.9562347989553978,2,linucb_primary,1,1,1,765,dynamic_gated
13,1,1,1,0.2882414151925078,277,5,0.7117585848074922,0.29,0,lotte_technology_search_100k_q54,1,0.6999293112784233,3,hybrid_lite,1,1,1,961,dynamic_gated
13,1,1,1,0.035634743875278395,64,1,0.7360801781737194,0.01,1,lotte_technology_search_100k_q541,4,0.770951117948012,3,linucb_primary,1,1,1,1796,dynamic_gated
13,1,1,1,0.11560693641618497,220,1,0.5701523909616395,0.01,0,lotte_technology_search_100k_q488,1,0.9671452614904472,3,linucb_primary,1,1,1,1903,dynamic_gated
13,1,1,1,0.2,241,2,0.6414937759336099,0.01,1,lotte_technology_search_100k_q352,2,0.919187034221632,3,linucb_primary,1,1,1,1205,dynamic_gated
13,1,1,1,0.2744186046511628,118,1,0.5930232558139534,0.01,0,lotte_technology_search_100k_q85,1,0.3814434631069508,3,full_dense_fallback,1,1,1,430,dynamic_gated
13,1,1,1,0.12476370510396975,198,1,0.720226843100189,0.01,0,lotte_technology_search_100k_q576,1,0.9059407571342338,3,linucb_primary,1,1,1,1587,dynamic_gated
13,1,1,1,0.5608429639700884,825,7,0.6832087015635622,0.32,0,lotte_technology_search_100k_q389,1,0.5018623896898102,3,hybrid_lite,1,1,1,1471,dynamic_gated
13,1,1,1,0.023554603854389723,66,1,0.5663811563169165,0.01,1,lotte_technology_search_100k_q394,4,0.9728621396469813,3,linucb_primary,1,1,1,2802,dynamic_gated
13,1,1,1,0.33031674208144796,292,3,0.6176470588235294,0.01,0,lotte_technology_search_100k_q238,1,0.6833241923464554,3,hybrid_lite,1,1,1,884,dynamic_gated
13,0,1,1,nan,0,0,nan,nan,0,lotte_technology_search_100k_q184,0,0.739559985985944,2,hybrid_lite,0,0,0,745,dynamic_gated
13,1,1,1,0.10613207547169812,270,1,0.5058962264150944,0.01,1,lotte_technology_search_100k_q514,2,0.973029932220562,3,linucb_primary,1,1,1,2544,dynamic_gated
13,1,1,1,0.030257186081694403,100,1,0.3071104387291982,0.01,1,lotte_technology_search_100k_q289,7,0.807824079219088,3,linucb_primary,1,1,1,3305,dynamic_gated
13,1,1,1,0.07463823305407463,98,1,0.7029702970297029,0.01,1,lotte_technology_search_100k_q461,2,0.9448629071452022,3,linucb_primary,1,1,1,1313,dynamic_gated
13,1,1,1,0.060408163265306125,74,1,0.27265306122448985,0.01,1,lotte_technology_search_100k_q274,2,0.9439846568099309,3,linucb_primary,1,1,1,1225,dynamic_gated
13,1,1,1,0.347678369195923,307,2,0.5526613816534541,0.01,0,lotte_technology_search_100k_q521,1,0.8671190783898164,3,linucb_primary,1,1,1,883,dynamic_gated
13,1,1,1,nan,0,0,nan,nan,0,lotte_technology_search_100k_q33,0,0.9476312860010829,3,linucb_primary,0,0,0,1111,dynamic_gated
13,1,1,1,0.16560509554140126,104,1,0.49044585987261147,0.01,0,lotte_technology_search_100k_q451,1,0.9600070536994315,3,linucb_primary,1,1,1,628,dynamic_gated
13,1,1,1,1.0,827,10,0.0,1.0,0,lotte_technology_search_100k_q181,1,0.7989581427487823,3,linucb_primary,0,0,1,827,dynamic_gated
13,1,1,1,nan,0,0,nan,nan,0,lotte_technology_search_100k_q36,0,0.9689829454096958,3,linucb_primary,0,0,0,1456,dynamic_gated
13,1,1,1,0.09428359317000742,254,1,0.5296956198960654,0.01,1,lotte_technology_search_100k_q471,5,0.8467092357631936,3,linucb_primary,1,1,1,2694,dynamic_gated
13,1,1,1,0.17055393586005832,351,1,0.6938775510204082,0.01,0,lotte_technology_search_100k_q124,1,0.8253354799400933,3,linucb_primary,1,1,1,2058,dynamic_gated
13,0,1,1,0.6663078579117331,1238,5,0.3928955866523143,0.61,1,lotte_technology_search_100k_q364,2,0.9334143215257709,2,linucb_primary,1,1,1,1858,dynamic_gated
13,1,1,1,0.6567248171074845,1167,7,0.5768148564997186,0.43,1,lotte_technology_search_100k_q520,2,0.7624233684319187,3,linucb_primary,1,1,1,1777,dynamic_gated
13,0,1,1,nan,0,0,nan,nan,0,lotte_technology_search_100k_q92,0,0.6973208038426383,2,hybrid_lite,0,0,0,1371,dynamic_gated
13,1,1,1,0.39987445072190836,637,4,0.6001255492780917,0.01,1,lotte_technology_search_100k_q108,5,0.9079855215781713,3,linucb_primary,1,1,1,1593,dynamic_gated
13,1,0,0,nan,0,0,nan,nan,0,lotte_technology_search_100k_q282,0,0.7459492945399248,1,linucb_primary,0,0,0,1578,dynamic_gated
13,1,1,1,0.15290231241151486,324,1,0.5620575743275129,0.01,0,lotte_technology_search_100k_q410,1,0.6703924064799845,3,hybrid_lite,1,1,1,2119,dynamic_gated
13,1,0,1,nan,0,0,nan,nan,0,lotte_technology_search_100k_q401,0,0.7792911685847174,2,linucb_primary,0,0,0,1627,dynamic_gated
13,1,1,1,nan,0,0,nan,nan,0,lotte_technology_search_100k_q505,0,0.5436518295499544,3,hybrid_lite,0,0,0,1233,dynamic_gated
13,1,0,1,0.091017251635931,153,1,0.5562165377751338,0.01,1,lotte_technology_search_100k_q490,3,0.4248035213829224,2,full_dense_fallback,1,1,1,1681,dynamic_gated
13,1,1,1,0.13219424460431656,147,2,0.6789568345323741,0.01,0,lotte_technology_search_100k_q224,1,0.5679614247987084,3,hybrid_lite,1,1,1,1112,dynamic_gated
13,1,1,1,0.20594059405940593,312,1,0.5405940594059406,0.01,0,lotte_technology_search_100k_q61,1,0.9092819809635861,3,linucb_primary,1,1,1,1515,dynamic_gated
13,1,1,1,nan,0,0,nan,nan,0,lotte_technology_search_100k_q169,0,0.9227186144558974,3,linucb_primary,0,0,0,1056,dynamic_gated
13,0,0,0,nan,0,0,nan,nan,0,lotte_technology_search_100k_q137,0,0.38036832731202247,0,full_dense_fallback,0,0,0,730,dynamic_gated
13,0,1,1,0.16838487972508592,196,1,0.5335051546391752,0.01,0,lotte_technology_search_100k_q144,1,0.5010802454937565,2,hybrid_lite,1,1,1,1164,dynamic_gated
13,1,1,1,0.18835370237239396,262,2,0.6872753414809489,0.01,0,lotte_technology_search_100k_q199,1,0.500196303321602,3,hybrid_lite,1,1,1,1391,dynamic_gated
13,1,1,1,0.15655430711610488,209,1,0.553558052434457,0.01,1,lotte_technology_search_100k_q371,2,0.8441746689814265,3,linucb_primary,1,1,1,1335,dynamic_gated
13,1,1,1,0.039147040101845956,123,1,0.6053469127943985,0.01,1,lotte_technology_search_100k_q153,3,0.8974614409527749,3,linucb_primary,1,1,1,3142,dynamic_gated
13,1,1,1,0.8310970797158642,1053,7,0.16890292028413578,0.84,0,lotte_technology_search_100k_q233,1,0.6293736600488496,3,hybrid_lite,1,1,1,1267,dynamic_gated
13,1,1,1,0.17618586640851888,182,1,0.37560503388189737,0.01,1,lotte_technology_search_100k_q232,2,0.8159522377841858,3,linucb_primary,1,1,1,1033,dynamic_gated
13,1,1,1,0.910873440285205,1022,9,0.5401069518716577,0.46,1,lotte_technology_search_100k_q563,2,0.886912220424533,3,linucb_primary,0,1,1,1122,dynamic_gated
13,1,1,1,0.034467120181405894,76,1,0.49433106575963714,0.01,1,lotte_technology_search_100k_q408,6,0.8657992321550086,3,linucb_primary,1,1,1,2205,dynamic_gated
13,0,0,0,nan,0,0,nan,nan,0,lotte_technology_search_100k_q74,0,0.3018835715949535,0,full_dense_fallback,0,0,0,594,dynamic_gated
13,1,1,1,0.28725701943844495,532,1,0.5842332613390928,0.01,0,lotte_technology_search_100k_q201,1,0.7888588810087327,3,linucb_primary,1,1,1,1852,dynamic_gated
13,1,1,1,0.29057187017001546,376,1,0.4775888717156105,0.01,0,lotte_technology_search_100k_q478,1,0.7558129494954615,3,linucb_primary,1,1,1,1294,dynamic_gated
13,0,1,1,nan,0,0,nan,nan,0,lotte_technology_search_100k_q176,0,0.5697971187641246,2,hybrid_lite,0,0,0,568,dynamic_gated
13,1,1,1,0.23983739837398374,295,1,0.5959349593495935,0.01,1,lotte_technology_search_100k_q297,2,0.8422149663956743,3,linucb_primary,1,1,1,1230,dynamic_gated
13,1,1,1,0.1135593220338983,335,1,0.4735593220338983,0.01,0,lotte_technology_search_100k_q458,1,0.9460036388365116,3,linucb_primary,1,1,1,2950,dynamic_gated
13,1,1,1,0.35784313725490197,292,3,0.5857843137254901,0.01,0,lotte_technology_search_100k_q241,1,0.6395359397920846,3,hybrid_lite,1,1,1,816,dynamic_gated
13,1,1,1,0.16957605985037408,136,1,0.5947630922693267,0.01,1,lotte_technology_search_100k_q272,2,0.45680724106633663,3,hybrid_lite,1,1,1,802,dynamic_gated
13,1,1,1,0.34345794392523366,441,1,0.3247663551401869,0.01,1,lotte_technology_search_100k_q344,5,0.9497761011902192,3,linucb_primary,1,1,1,1284,dynamic_gated
13,1,1,1,0.17202889034799737,262,1,0.5535128036769534,0.01,1,lotte_technology_search_100k_q94,3,0.8075131224666453,3,linucb_primary,1,1,1,1523,dynamic_gated
13,1,1,1,0.5541766109785203,1161,3,0.4066825775656324,0.01,0,lotte_technology_search_100k_q198,1,0.3629866273618229,3,full_dense_fallback,1,1,1,2095,dynamic_gated
13,1,1,1,0.11752044769694361,273,1,0.6190271201033146,0.01,0,lotte_technology_search_100k_q564,1,1.0,3,linucb_primary,1,1,1,2323,dynamic_gated
13,1,1,1,0.0375462718138551,142,1,0.7371760973030143,0.01,1,lotte_technology_search_100k_q464,5,0.8775195912818574,3,linucb_primary,1,1,1,3782,dynamic_gated
13,1,1,1,0.06544293695131684,82,1,0.6695929768555466,0.01,1,lotte_technology_search_100k_q407,2,0.9614523747979062,3,linucb_primary,1,1,1,1253,dynamic_gated
13,1,1,1,0.16019818331957061,194,1,0.5540875309661437,0.01,0,lotte_technology_search_100k_q399,1,0.9088369855798173,3,linucb_primary,1,1,1,1211,dynamic_gated
13,1,1,1,0.09203980099502487,74,1,0.6654228855721394,0.01,0,lotte_technology_search_100k_q270,1,0.930040115297185,3,linucb_primary,1,1,1,804,dynamic_gated
13,1,1,1,0.14473684210526316,209,4,0.8552631578947368,0.01,1,lotte_technology_search_100k_q310,2,0.8713720819463963,3,linucb_primary,1,1,1,1444,dynamic_gated
13,1,1,1,0.25244393329499715,439,1,0.29442208165612416,0.01,1,lotte_technology_search_100k_q579,2,0.30397212323394596,3,full_dense_fallback,1,1,1,1739,dynamic_gated
13,1,1,1,0.07684040838259,143,1,0.3643202579258463,0.01,0,lotte_technology_search_100k_q472,1,0.7094001987958292,3,hybrid_lite,1,1,1,1861,dynamic_gated
13,1,1,1,0.20226308345120225,429,1,0.32296086751532294,0.01,1,lotte_technology_search_100k_q387,3,0.9733280950672891,3,linucb_primary,1,1,1,2121,dynamic_gated
13,1,1,1,0.0550122249388753,45,1,0.8166259168704156,0.01,0,lotte_technology_search_100k_q215,1,0.5494496387819124,3,hybrid_lite,1,1,1,818,dynamic_gated
13,1,1,1,0.594789356984479,1073,8,0.405210643015521,0.6,0,lotte_technology_search_100k_q104,1,0.7627790825569856,3,linucb_primary,1,1,1,1804,dynamic_gated
13,1,1,1,0.14042553191489363,198,1,0.6042553191489362,0.01,1,lotte_technology_search_100k_q357,2,0.7533678153820086,3,linucb_primary,1,1,1,1410,dynamic_gated
13,1,1,1,0.04064587973273942,73,1,0.7399777282850779,0.01,1,lotte_technology_search_100k_q414,7,0.9457176480264282,3,linucb_primary,1,1,1,1796,dynamic_gated
13,1,1,1,0.44091415830546266,791,1,0.4119286510590858,0.01,0,lotte_technology_search_100k_q279,1,0.46037940217165635,3,hybrid_lite,1,1,1,1794,dynamic_gated
13,1,0,1,0.4715127701375246,720,2,0.43352979698755734,0.01,1,lotte_technology_search_100k_q494,2,0.5012088497133221,2,hybrid_lite,1,1,1,1527,dynamic_gated
13,1,1,1,0.48233122362869196,1829,4,0.517668776371308,0.01,0,lotte_technology_search_100k_q584,1,0.6063134482229593,3,hybrid_lite,1,1,1,3792,dynamic_gated
13,1,1,1,0.1358936484490399,92,2,0.620384047267356,0.01,1,lotte_technology_search_100k_q209,3,0.5025197912344389,3,hybrid_lite,1,1,1,677,dynamic_gated
13,1,1,1,0.12623762376237624,102,1,0.4641089108910891,0.01,1,lotte_technology_search_100k_q24,2,0.6678656454847162,3,hybrid_lite,1,1,1,808,dynamic_gated
13,1,1,1,0.1671677690920024,278,1,0.44858689116055317,0.01,0,lotte_technology_search_100k_q256,1,0.9735831461481002,3,linucb_primary,1,1,1,1663,dynamic_gated
13,1,1,1,0.06070941336971351,89,1,0.7837653478854024,0.01,1,lotte_technology_search_100k_q553,4,0.8198469808464878,3,linucb_primary,1,1,1,1466,dynamic_gated
13,1,1,1,0.05078720162519045,100,1,0.6145251396648045,0.01,1,lotte_technology_search_100k_q106,2,0.39078327243659705,3,full_dense_fallback,1,1,1,1969,dynamic_gated
13,1,1,1,0.10488958990536278,133,1,0.2862776025236593,0.01,1,lotte_technology_search_100k_q543,2,0.8592248430374145,3,linucb_primary,1,1,1,1268,dynamic_gated
13,1,1,1,0.08881578947368421,135,1,0.475,0.01,1,lotte_technology_search_100k_q556,2,0.8920521768639256,3,linucb_primary,1,1,1,1520,dynamic_gated
13,1,1,1,0.5395010395010394,519,6,0.46049896049896055,0.54,0,lotte_technology_search_100k_q211,1,0.6013344322434765,3,hybrid_lite,1,1,1,962,dynamic_gated
13,1,1,1,0.05082872928176796,46,1,0.616574585635359,0.01,1,lotte_technology_search_100k_q88,2,0.9364716807284391,3,linucb_primary,1,1,1,905,dynamic_gated
13,1,1,1,0.040157998683344305,61,1,0.5339038841342989,0.01,1,lotte_technology_search_100k_q340,3,0.9612077774613734,3,linucb_primary,1,1,1,1519,dynamic_gated
13,0,1,0,nan,0,0,nan,nan,0,lotte_technology_search_100k_q276,0,0.444536850660775,1,hybrid_lite,0,0,0,746,dynamic_gated
13,1,1,1,0.08021390374331551,135,1,0.530600118835413,0.01,1,lotte_technology_search_100k_q386,3,0.6960865172454196,3,hybrid_lite,1,1,1,1683,dynamic_gated
13,0,0,1,nan,0,0,nan,nan,0,lotte_technology_search_100k_q27,0,0.4624763577818796,1,hybrid_lite,0,0,0,1393,dynamic_gated
13,1,1,1,0.1516497461928934,239,2,0.5818527918781726,0.01,1,lotte_technology_search_100k_q109,4,0.7953491731896307,3,linucb_primary,1,1,1,1576,dynamic_gated
13,1,1,1,0.08831908831908832,186,1,0.43257359924026595,0.01,1,lotte_technology_search_100k_q504,3,0.7282549525847938,3,hybrid_lite,1,1,1,2106,dynamic_gated
13,1,1,1,0.507081038552321,1289,2,0.3347757671125098,0.01,0,lotte_technology_search_100k_q305,1,0.9327789714846924,3,linucb_primary,1,1,1,2542,dynamic_gated
13,1,1,1,0.3424734191382205,612,1,0.5842193620593172,0.01,0,lotte_technology_search_100k_q315,1,0.5942137992266724,3,hybrid_lite,1,1,1,1787,dynamic_gated
13,1,0,1,0.12105263157894737,184,1,0.4848684210526316,0.01,0,lotte_technology_search_100k_q435,1,0.6363674519476744,2,hybrid_lite,1,1,1,1520,dynamic_gated
13,1,1,1,0.18943298969072164,147,1,0.5631443298969072,0.01,0,lotte_technology_search_100k_q135,1,0.7119061712303809,3,hybrid_lite,1,1,1,776,dynamic_gated
13,1,1,1,0.10742857142857143,94,1,0.544,0.01,1,lotte_technology_search_100k_q509,3,0.46814966183670503,3,hybrid_lite,1,1,1,875,dynamic_gated
13,1,1,1,0.2617765814266487,1167,1,0.5812023328847016,0.01,1,lotte_technology_search_100k_q288,8,0.8412224393794875,3,linucb_primary,1,1,1,4458,dynamic_gated
13,1,1,1,0.23897058823529413,260,1,0.4834558823529411,0.01,1,lotte_technology_search_100k_q42,2,0.9592183782281922,3,linucb_primary,1,1,1,1088,dynamic_gated
13,1,1,1,nan,0,0,nan,nan,0,lotte_technology_search_100k_q254,0,0.972595336235893,3,linucb_primary,0,0,0,1769,dynamic_gated
13,1,1,1,0.14663143989431968,111,1,0.49669749009247033,0.01,1,lotte_technology_search_100k_q281,5,0.8247066285005936,3,linucb_primary,1,1,1,757,dynamic_gated
13,1,1,1,0.09869281045751634,151,1,0.6483660130718953,0.01,1,lotte_technology_search_100k_q562,2,0.9613390089297503,3,linucb_primary,1,1,1,1530,dynamic_gated
13,1,1,1,0.43610013175230566,331,1,0.44400527009222657,0.01,0,lotte_technology_search_100k_q534,1,0.5551054857376451,3,hybrid_lite,1,1,1,759,dynamic_gated
13,1,1,1,0.19128113879003558,215,1,0.6494661921708185,0.01,0,lotte_technology_search_100k_q120,1,0.871256574835994,3,linucb_primary,1,1,1,1124,dynamic_gated
13,1,1,1,0.22189173111243307,373,1,0.5580011897679953,0.01,1,lotte_technology_search_100k_q65,2,0.6875286355065804,3,hybrid_lite,1,1,1,1681,dynamic_gated
13,1,0,1,0.13922651933701657,126,1,0.7546961325966851,0.01,1,lotte_technology_search_100k_q302,2,0.2889815479607973,2,full_dense_fallback,1,1,1,905,dynamic_gated
13,1,1,1,0.2883435582822086,141,2,0.38650306748466257,0.01,0,lotte_technology_search_100k_q222,1,0.4633957874015406,3,hybrid_lite,1,1,1,489,dynamic_gated
13,1,1,1,0.11465271170313987,241,1,0.6051379638439581,0.01,1,lotte_technology_search_100k_q267,2,0.716156611668914,3,hybrid_lite,1,1,1,2102,dynamic_gated
13,1,1,1,0.3867924528301887,738,2,0.32442348008385746,0.01,1,lotte_technology_search_100k_q82,2,0.6807437460005542,3,hybrid_lite,1,1,1,1908,dynamic_gated
13,0,1,1,0.11815561959654179,205,2,0.7550432276657061,0.01,0,lotte_technology_search_100k_q547,1,0.6841958772932991,2,hybrid_lite,1,1,1,1735,dynamic_gated
13,1,1,1,0.1978021978021978,342,1,0.5182186234817814,0.01,1,lotte_technology_search_100k_q413,3,0.8538632658999297,3,linucb_primary,1,1,1,1729,dynamic_gated
13,1,1,1,0.10662824207492795,111,1,0.425552353506244,0.01,0,lotte_technology_search_100k_q164,1,0.9656504233667347,3,linucb_primary,1,1,1,1041,dynamic_gated
13,1,1,1,0.09603340292275574,46,1,0.5511482254697286,0.01,0,lotte_technology_search_100k_q240,1,0.9771215242682952,3,linucb_primary,1,1,1,479,dynamic_gated
13,0,1,1,0.04991680532445923,30,1,0.6006655574043261,0.01,0,lotte_technology_search_100k_q66,1,0.3510734751684374,2,full_dense_fallback,1,1,1,601,dynamic_gated
13,1,1,1,0.04300686664257319,119,1,0.3870617997831587,0.01,1,lotte_technology_search_100k_q434,7,0.5483110937148651,3,hybrid_lite,1,1,1,2767,dynamic_gated
13,1,1,1,0.09760479041916167,163,1,0.5946107784431138,0.01,1,lotte_technology_search_100k_q403,2,0.8118576115448378,3,linucb_primary,1,1,1,1670,dynamic_gated
13,1,1,1,0.2602040816326531,255,1,0.5816326530612245,0.01,0,lotte_technology_search_100k_q154,1,0.6816905340452079,3,hybrid_lite,1,1,1,980,dynamic_gated
13,1,0,0,nan,0,0,nan,nan,0,lotte_technology_search_100k_q8,0,0.2117650471935941,1,full_dense_fallback,0,0,0,553,dynamic_gated
13,1,1,1,0.37510729613733906,437,4,0.6248927038626609,0.01,0,lotte_technology_search_100k_q40,1,0.8475087277378023,3,linucb_primary,1,1,1,1165,dynamic_gated
13,0,1,1,1.0,689,10,0.0,1.0,0,lotte_technology_search_100k_q22,1,0.8994083781371932,2,linucb_primary,0,0,1,689,dynamic_gated
13,1,0,1,0.0584733893557423,167,1,0.5766806722689075,0.01,0,lotte_technology_search_100k_q433,1,0.671375756144378,2,hybrid_lite,1,1,1,2856,dynamic_gated
13,1,1,1,0.07784679089026915,188,1,0.5039337474120082,0.01,1,lotte_technology_search_100k_q585,2,0.9661903038311883,3,linucb_primary,1,1,1,2415,dynamic_gated
13,1,0,1,0.11376404494382023,162,1,0.538623595505618,0.01,0,lotte_technology_search_100k_q526,1,0.36361380219840755,2,full_dense_fallback,1,1,1,1424,dynamic_gated
13,1,1,1,0.4104803493449782,658,3,0.4747348721147848,0.01,1,lotte_technology_search_100k_q508,2,0.9595509109706365,3,linucb_primary,1,1,1,1603,dynamic_gated
13,1,1,1,0.09078289838978346,327,1,0.6218767351471405,0.01,1,lotte_technology_search_100k_q575,2,0.8871151926587546,3,linucb_primary,1,1,1,3602,dynamic_gated
13,1,1,1,nan,0,0,nan,nan,0,lotte_technology_search_100k_q172,0,0.5921711103722491,3,hybrid_lite,0,0,0,721,dynamic_gated
13,1,1,1,0.5334029227557411,511,1,0.32672233820459295,0.01,0,lotte_technology_search_100k_q226,1,0.7307580817932171,3,hybrid_lite,1,1,1,958,dynamic_gated
13,1,1,1,0.07528957528957529,117,1,0.43050193050193053,0.01,1,lotte_technology_search_100k_q492,4,0.7054375011839751,3,hybrid_lite,1,1,1,1554,dynamic_gated
13,1,1,1,0.23985239852398524,260,1,0.4566420664206642,0.01,1,lotte_technology_search_100k_q41,2,0.9776289476795776,3,linucb_primary,1,1,1,1084,dynamic_gated
13,1,1,1,0.023765144454799627,51,1,0.7781919850885368,0.01,1,lotte_technology_search_100k_q502,5,0.620980243491785,3,hybrid_lite,1,1,1,2146,dynamic_gated
13,0,1,1,0.08862629246676514,60,1,0.7326440177252584,0.01,0,lotte_technology_search_100k_q271,1,0.5332376903640242,2,hybrid_lite,1,1,1,677,dynamic_gated
13,1,1,1,0.06577344701583435,108,1,0.7472594397076735,0.01,1,lotte_technology_search_100k_q566,3,0.657166504954481,3,hybrid_lite,1,1,1,1642,dynamic_gated
13,1,1,1,0.04005722460658083,28,1,0.44778254649499283,0.01,1,lotte_technology_search_100k_q292,4,0.8580294416137226,3,linucb_primary,1,1,1,699,dynamic_gated
13,1,1,1,0.030988786952089703,152,1,0.5747196738022426,0.01,1,lotte_technology_search_100k_q506,7,0.9455333952868991,3,linucb_primary,1,1,1,4905,dynamic_gated
13,1,0,1,0.15108359133126936,244,1,0.5287925696594427,0.01,1,lotte_technology_search_100k_q493,2,0.5204246515842808,2,hybrid_lite,1,1,1,1615,dynamic_gated
13,1,1,1,0.09731696225557071,214,1,0.7089586175534334,0.01,1,lotte_technology_search_100k_q338,2,0.7830102561048241,3,linucb_primary,1,1,1,2199,dynamic_gated
13,1,1,1,0.026778882938026015,70,1,0.8978576893649579,0.01,1,lotte_technology_search_100k_q431,5,0.5631271394795078,3,hybrid_lite,1,1,1,2614,dynamic_gated
13,0,0,1,nan,0,0,nan,nan,0,lotte_technology_search_100k_q26,0,0.44922485335770174,1,hybrid_lite,0,0,0,1382,dynamic_gated
13,1,1,1,0.29173764906303234,685,1,0.32708688245315165,0.01,0,lotte_technology_search_100k_q72,1,0.9553682200889585,3,linucb_primary,1,1,1,2348,dynamic_gated
13,0,1,1,0.4172767203513909,285,3,0.5446559297218155,0.01,0,lotte_technology_search_100k_q121,1,0.42540328170013963,2,full_dense_fallback,1,1,1,683,dynamic_gated
13,0,1,1,0.5100917431192661,278,3,0.3926605504587156,0.01,0,lotte_technology_search_100k_q225,1,0.9820475659910235,2,linucb_primary,1,1,1,545,dynamic_gated
13,1,1,1,0.24898196625945318,428,1,0.372891215823153,0.01,1,lotte_technology_search_100k_q132,2,0.8813991314385916,3,linucb_primary,1,1,1,1719,dynamic_gated
13,1,1,1,0.33121019108280253,312,1,0.5180467091295117,0.01,0,lotte_technology_search_100k_q63,1,0.9636326821798428,3,linucb_primary,1,1,1,942,dynamic_gated
13,0,1,1,0.21815154038301415,262,3,0.6977518734388011,0.01,0,lotte_technology_search_100k_q203,1,0.5865540510427664,2,hybrid_lite,1,1,1,1201,dynamic_gated
13,1,1,1,0.15147857573928786,251,1,0.24381412190706098,0.01,1,lotte_technology_search_100k_q392,3,0.8948934934089512,3,linucb_primary,1,1,1,1657,dynamic_gated
13,1,1,1,0.6268568033273916,1055,3,0.34224598930481287,0.01,1,lotte_technology_search_100k_q173,2,0.5891006147848652,3,hybrid_lite,1,1,1,1683,dynamic_gated
13,1,1,1,0.1544502617801047,177,1,0.15706806282722519,0.01,1,lotte_technology_search_100k_q249,4,0.7008535078260154,3,hybrid_lite,1,1,1,1146,dynamic_gated
13,1,1,1,0.08539741219963032,231,1,0.7693160813308688,0.01,1,lotte_technology_search_100k_q581,3,0.6460940698395581,3,hybrid_lite,1,1,1,2705,dynamic_gated
13,1,1,1,0.043647977288857345,123,1,0.559971611071682,0.01,1,lotte_technology_search_100k_q152,3,0.8547492252531766,3,linucb_primary,1,1,1,2818,dynamic_gated
13,1,1,1,0.23599828986746474,552,1,0.5083368961094485,0.01,0,lotte_technology_search_100k_q590,1,0.774973557578426,3,linucb_primary,1,1,1,2339,dynamic_gated
13,1,1,1,0.07277452891487979,112,1,0.4970760233918129,0.01,1,lotte_technology_search_100k_q95,3,0.7420899259356145,3,linucb_primary,1,1,1,1539,dynamic_gated
13,1,1,1,0.04468412942989214,58,1,0.7303543913713405,0.01,0,lotte_technology_search_100k_q522,1,0.9081365515471123,3,linucb_primary,1,1,1,1298,dynamic_gated
13,1,1,1,0.1684848484848485,278,1,0.5315151515151515,0.01,1,lotte_technology_search_100k_q257,2,0.9585254299376998,3,linucb_primary,1,1,1,1650,dynamic_gated
13,1,1,1,0.28514285714285714,499,1,0.48457142857142854,0.01,1,lotte_technology_search_100k_q316,3,0.963602381928026,3,linucb_primary,1,1,1,1750,dynamic_gated
13,1,1,1,0.34183673469387754,402,3,0.4659863945578231,0.01,1,lotte_technology_search_100k_q188,3,0.8027055125205425,3,linucb_primary,1,1,1,1176,dynamic_gated
13,1,0,1,0.08644953759549658,215,1,0.5110574989947728,0.01,1,lotte_technology_search_100k_q529,6,0.4321668982696231,2,full_dense_fallback,1,1,1,2487,dynamic_gated
13,1,1,1,0.6161745827984596,1440,4,0.3838254172015404,0.01,0,lotte_technology_search_100k_q70,1,0.968494461374493,3,linucb_primary,1,1,1,2337,dynamic_gated
13,1,1,1,0.21071428571428572,295,1,0.6571428571428571,0.01,1,lotte_technology_search_100k_q298,2,0.7445203322399201,3,linucb_primary,1,1,1,1400,dynamic_gated
13,1,0,1,0.3961693548387097,786,1,0.4032258064516129,0.01,0,lotte_technology_search_100k_q528,1,0.3885915939195436,2,full_dense_fallback,1,1,1,1984,dynamic_gated
13,1,1,1,0.26049766718507,335,1,0.6905132192846034,0.01,0,lotte_technology_search_100k_q383,1,0.693408039283738,3,hybrid_lite,1,1,1,1286,dynamic_gated
13,0,0,0,nan,0,0,nan,nan,0,lotte_technology_search_100k_q138,0,0.3979165865027844,0,full_dense_fallback,0,0,0,790,dynamic_gated
13,1,1,1,0.025243578387953942,57,1,0.7023914968999114,0.01,1,lotte_technology_search_100k_q442,3,0.7165668023656945,3,hybrid_lite,1,1,1,2258,dynamic_gated
13,0,1,1,0.08763693270735524,56,1,0.42879499217527384,0.01,0,lotte_technology_search_100k_q180,1,0.5549448227499366,2,hybrid_lite,1,1,1,639,dynamic_gated
13,1,1,1,0.12368421052631579,94,1,0.65,0.01,0,lotte_technology_search_100k_q29,1,0.6548464932261647,3,hybrid_lite,1,1,1,760,dynamic_gated
13,1,1,1,0.04124748490945674,41,1,0.5181086519114688,0.01,1,lotte_technology_search_100k_q295,5,0.9466378547093255,3,linucb_primary,1,1,1,994,dynamic_gated
13,1,1,1,0.019078947368421053,29,1,0.6394736842105263,0.01,1,lotte_technology_search_100k_q519,5,0.77662761995402,3,linucb_primary,1,1,1,1520,dynamic_gated
13,1,0,1,0.10576923076923077,110,1,0.5894230769230769,0.01,1,lotte_technology_search_100k_q242,3,0.3591732736276351,2,full_dense_fallback,1,1,1,1040,dynamic_gated
13,1,1,1,0.05608412618928393,112,1,0.7085628442663996,0.01,1,lotte_technology_search_100k_q334,2,0.7249807578175669,3,hybrid_lite,1,1,1,1997,dynamic_gated
17,1,1,1,0.055288461538461536,23,1,0.38221153846153844,0.01,1,lotte_technology_search_100k_q336,4,0.5780581408061358,3,hybrid_lite,1,1,1,416,dynamic_gated
17,1,1,1,0.357397504456328,401,2,0.5044563279857397,0.01,0,lotte_technology_search_100k_q76,1,0.4868564205407094,3,hybrid_lite,1,1,1,1122,dynamic_gated
17,1,1,1,0.032279314888010543,49,1,0.8201581027667985,0.01,1,lotte_technology_search_100k_q426,8,0.8494732675721365,3,linucb_primary,1,1,1,1518,dynamic_gated
17,1,1,1,0.05163727959697733,41,1,0.6712846347607053,0.01,0,lotte_technology_search_100k_q2,1,0.6106251195316386,3,hybrid_lite,1,1,1,794,dynamic_gated
17,1,1,1,0.29581447963800905,523,1,0.5113122171945701,0.01,0,lotte_technology_search_100k_q447,1,0.8475916562781278,3,linucb_primary,1,1,1,1768,dynamic_gated
17,1,1,1,0.4503271861986913,757,2,0.36109458655562165,0.01,0,lotte_technology_search_100k_q139,1,0.8873105999490059,3,linucb_primary,1,1,1,1681,dynamic_gated
17,1,1,1,0.1474493361285814,422,1,0.45352900069881197,0.01,1,lotte_technology_search_100k_q507,3,0.4526635085432953,3,hybrid_lite,1,1,1,2862,dynamic_gated
17,0,1,1,nan,0,0,nan,nan,0,lotte_technology_search_100k_q58,0,0.717467825756265,2,hybrid_lite,0,0,0,832,dynamic_gated
17,1,1,1,0.14093959731543623,147,2,0.6893576222435283,0.01,1,lotte_technology_search_100k_q125,2,0.9336916783226213,3,linucb_primary,1,1,1,1043,dynamic_gated
17,1,1,1,0.02408759124087591,66,1,0.5565693430656935,0.01,1,lotte_technology_search_100k_q462,4,0.9102952760923236,3,linucb_primary,1,1,1,2740,dynamic_gated
17,0,1,1,0.35723431498079383,279,4,0.6427656850192062,0.01,0,lotte_technology_search_100k_q57,1,0.8173420469526403,2,linucb_primary,1,1,1,781,dynamic_gated
17,1,1,1,0.09671179883945841,150,1,0.5396518375241779,0.01,1,lotte_technology_search_100k_q503,5,0.7386761734598339,3,hybrid_lite,1,1,1,1551,dynamic_gated
17,1,1,1,0.10014947683109118,67,1,0.4813153961136024,0.01,0,lotte_technology_search_100k_q264,1,0.8092717440635742,3,linucb_primary,1,1,1,669,dynamic_gated
17,0,0,0,nan,0,0,nan,nan,0,lotte_technology_search_100k_q166,0,0.4490868109716533,0,hybrid_lite,0,0,0,1694,dynamic_gated
17,1,0,1,0.2302025782688766,125,2,0.6040515653775322,0.01,1,lotte_technology_search_100k_q213,2,0.3857990753687183,2,full_dense_fallback,1,1,1,543,dynamic_gated
17,1,1,1,0.07507692307692308,122,1,0.7138461538461538,0.01,1,lotte_technology_search_100k_q578,7,0.7001447828824183,3,hybrid_lite,1,1,1,1625,dynamic_gated
17,1,1,1,0.04151624548736462,46,1,0.6425992779783394,0.01,1,lotte_technology_search_100k_q244,3,0.5536347981790337,3,hybrid_lite,1,1,1,1108,dynamic_gated
17,1,1,1,0.2965217391304348,341,4,0.7034782608695652,0.01,0,lotte_technology_search_100k_q117,1,0.607926896608801,3,hybrid_lite,1,1,1,1150,dynamic_gated
17,0,1,1,0.8103448275862069,1598,7,0.18965517241379315,0.82,0,lotte_technology_search_100k_q280,1,0.7781083357302379,2,linucb_primary,1,1,1,1972,dynamic_gated
17,1,1,1,0.07297464440321583,118,1,0.5213358070500927,0.01,1,lotte_technology_search_100k_q378,4,0.3036045542567671,3,full_dense_fallback,1,1,1,1617,dynamic_gated
17,1,1,1,0.20141969831410825,227,1,0.6610470275066549,0.01,0,lotte_technology_search_100k_q11,1,0.8337026594275913,3,linucb_primary,1,1,1,1127,dynamic_gated
17,1,1,1,0.8902237926972909,3779,7,0.1097762073027091,0.9,0,lotte_technology_search_100k_q102,1,0.7222775822190715,3,hybrid_lite,0,1,1,4245,dynamic_gated
17,1,0,1,nan,0,0,nan,nan,0,lotte_technology_search_100k_q363,0,0.3774949298049934,2,full_dense_fallback,0,0,0,973,dynamic_gated
17,1,1,1,0.028052805280528052,51,1,0.6138613861386139,0.01,1,lotte_technology_search_100k_q446,8,0.7275785871811709,3,hybrid_lite,1,1,1,1818,dynamic_gated
17,1,0,1,0.22528581035642234,670,1,0.710827168796234,0.01,0,lotte_technology_search_100k_q499,1,0.27530202590427544,2,full_dense_fallback,1,1,1,2974,dynamic_gated
17,1,1,1,0.15005727376861397,131,1,0.6128293241695304,0.01,0,lotte_technology_search_100k_q476,1,0.8605047526958206,3,linucb_primary,1,1,1,873,dynamic_gated
17,1,1,1,0.09489916963226572,80,1,0.6927639383155397,0.01,1,lotte_technology_search_100k_q98,2,0.8317076378087633,3,linucb_primary,1,1,1,843,dynamic_gated
17,1,0,0,nan,0,0,nan,nan,0,lotte_technology_search_100k_q284,0,0.24861195527055313,1,full_dense_fallback,0,0,0,775,dynamic_gated
17,1,0,1,0.1908548707753479,288,2,0.757455268389662,0.01,0,lotte_technology_search_100k_q200,1,0.45943004119957076,2,hybrid_lite,1,1,1,1509,dynamic_gated
17,1,1,1,0.31733333333333336,357,3,0.512,0.01,0,lotte_technology_search_100k_q170,1,0.9272758950939581,3,linucb_primary,1,1,1,1125,dynamic_gated
17,0,1,1,0.4087530966143683,495,4,0.5912469033856317,0.01,1,lotte_technology_search_100k_q278,2,0.6452151219942021,2,hybrid_lite,1,1,1,1211,dynamic_gated
17,1,1,1,0.3357787810383747,595,1,0.45033860045146723,0.01,0,lotte_technology_search_100k_q525,1,0.8508701240311101,3,linucb_primary,1,1,1,1772,dynamic_gated
17,1,0,1,0.10689655172413794,93,1,0.4735632183908046,0.01,1,lotte_technology_search_100k_q210,2,0.23906394306975443,2,full_dense_fallback,1,1,1,870,dynamic_gated
17,1,1,1,0.2335181762168823,379,1,0.5446703635243376,0.01,1,lotte_technology_search_100k_q425,8,0.8449444297424566,3,linucb_primary,1,1,1,1623,dynamic_gated
17,1,1,1,0.02752779248279513,52,1,0.7940709370037057,0.01,1,lotte_technology_search_100k_q0,2,0.8148320736363324,3,linucb_primary,1,1,1,1889,dynamic_gated
17,1,1,1,0.11061946902654868,150,1,0.4594395280235988,0.01,1,lotte_technology_search_100k_q516,4,0.7769958392753131,3,linucb_primary,1,1,1,1356,dynamic_gated
17,1,1,1,0.12507171543316123,218,1,0.38668961560527826,0.01,1,lotte_technology_search_100k_q436,2,0.9586808060151121,3,linucb_primary,1,1,1,1743,dynamic_gated
17,1,0,1,0.2975136957437842,706,1,0.3253265908133165,0.01,0,lotte_technology_search_100k_q419,1,0.5415337293999484,2,hybrid_lite,1,1,1,2373,dynamic_gated
17,1,0,1,0.6398865784499055,1354,4,0.3601134215500945,0.01,0,lotte_technology_search_100k_q376,1,0.39342990981166737,2,full_dense_fallback,1,1,1,2116,dynamic_gated
17,1,0,1,0.7241784037558685,617,5,0.2758215962441315,0.73,0,lotte_technology_search_100k_q500,1,0.45606029605514414,2,hybrid_lite,1,1,1,852,dynamic_gated
17,0,1,1,0.5087281795511222,612,3,0.4596841230257689,0.01,0,lotte_technology_search_100k_q445,1,0.9397368341715051,2,linucb_primary,1,1,1,1203,dynamic_gated
17,1,1,0,nan,0,0,nan,nan,0,lotte_technology_search_100k_q115,0,0.8205651618979224,2,linucb_primary,0,0,0,1244,dynamic_gated
17,1,1,1,0.09288389513108614,124,1,0.6771535580524344,0.01,0,lotte_technology_search_100k_q273,1,0.46836910527600034,3,hybrid_lite,1,1,1,1335,dynamic_gated
17,1,0,1,0.31778169014084506,361,2,0.22271126760563376,0.01,0,lotte_technology_search_100k_q535,1,0.3750673058301491,2,full_dense_fallback,1,1,1,1136,dynamic_gated
17,1,1,1,0.026936026936026935,48,1,0.43153759820426485,0.01,1,lotte_technology_search_100k_q329,5,0.7430007125811023,3,linucb_primary,1,1,1,1782,dynamic_gated
17,1,1,1,0.047293746715712036,90,1,0.6179716237519706,0.01,1,lotte_technology_search_100k_q568,2,0.7150639708825045,3,hybrid_lite,1,1,1,1903,dynamic_gated
17,1,1,1,0.02027027027027027,51,1,0.44077901430842603,0.01,1,lotte_technology_search_100k_q595,5,0.6992892796356753,3,hybrid_lite,1,1,1,2516,dynamic_gated
17,1,1,1,0.2259203227433182,448,1,0.3988905698436712,0.01,0,lotte_technology_search_100k_q359,1,0.8226834630483645,3,linucb_primary,1,1,1,1983,dynamic_gated
17,0,1,1,nan,0,0,nan,nan,0,lotte_technology_search_100k_q21,0,0.7725637257583905,2,linucb_primary,0,0,0,717,dynamic_gated
17,1,0,1,0.10395655546935609,268,1,0.5089216446858029,0.01,1,lotte_technology_search_100k_q560,3,0.3636486257912618,2,full_dense_fallback,1,1,1,2578,dynamic_gated
17,1,1,1,0.08360369353631146,335,1,0.6588470177189918,0.01,1,lotte_technology_search_100k_q396,4,0.5322924920385412,3,hybrid_lite,1,1,1,4007,dynamic_gated
17,1,0,1,0.014896373056994818,23,1,0.7901554404145078,0.01,0,lotte_technology_search_100k_q163,1,0.5565070270857638,2,hybrid_lite,1,1,1,1544,dynamic_gated
17,1,1,1,0.05719360568383659,161,1,0.4760213143872114,0.01,1,lotte_technology_search_100k_q527,7,0.4912730243801468,3,hybrid_lite,1,1,1,2815,dynamic_gated
17,1,1,1,0.07392996108949416,133,1,0.46581434130072263,0.01,1,lotte_technology_search_100k_q423,9,0.9276197072089138,3,linucb_primary,1,1,1,1799,dynamic_gated
17,1,0,0,nan,0,0,nan,nan,0,lotte_technology_search_100k_q283,0,0.27219489378111994,1,full_dense_fallback,0,0,0,956,dynamic_gated
17,1,1,1,0.7450826121164438,947,6,0.2549173878835562,0.75,0,lotte_technology_search_100k_q339,1,0.708559781752262,3,hybrid_lite,1,1,1,1271,dynamic_gated
17,1,1,1,0.1746031746031746,242,1,0.6320346320346321,0.01,0,lotte_technology_search_100k_q474,1,0.8032809728716627,3,linucb_primary,1,1,1,1386,dynamic_gated
17,1,1,1,0.0906408094435076,215,1,0.6564080944350759,0.01,1,lotte_technology_search_100k_q343,4,0.9495193425112382,3,linucb_primary,1,1,1,2372,dynamic_gated
17,1,1,1,0.11461619348054679,327,2,0.34910620399579395,0.01,0,lotte_technology_search_100k_q312,1,0.6305784382319425,3,hybrid_lite,1,1,1,2853,dynamic_gated
17,1,1,1,0.05355776587605203,70,1,0.540168324407039,0.01,1,lotte_technology_search_100k_q311,3,0.8642686965197381,3,linucb_primary,1,1,1,1307,dynamic_gated
17,1,1,1,0.01365546218487395,13,1,0.569327731092437,0.01,1,lotte_technology_search_100k_q236,6,0.9549028520786773,3,linucb_primary,1,1,1,952,dynamic_gated
17,0,0,0,nan,0,0,nan,nan,0,lotte_technology_search_100k_q382,0,0.37232457025163174,0,full_dense_fallback,0,0,0,1375,dynamic_gated
17,1,1,1,0.11472697186982901,208,1,0.44125758411472693,0.01,1,lotte_technology_search_100k_q328,5,0.6519044545632078,3,hybrid_lite,1,1,1,1813,dynamic_gated
17,1,1,1,0.05383480825958702,73,1,0.6556047197640118,0.01,1,lotte_technology_search_100k_q444,8,0.9260908664390427,3,linucb_primary,1,1,1,1356,dynamic_gated
17,1,1,1,0.0964722822174226,134,1,0.5017998560115191,0.01,1,lotte_technology_search_100k_q356,3,0.415307456432635,3,full_dense_fallback,1,1,1,1389,dynamic_gated
17,1,1,1,0.4763636363636364,786,1,0.18242424242424238,0.01,0,lotte_technology_search_100k_q517,1,0.24060572449219175,3,full_dense_fallback,1,1,1,1650,dynamic_gated
17,1,1,1,0.43474264705882354,946,4,0.5652573529411764,0.01,1,lotte_technology_search_100k_q415,2,0.9003241975736608,3,linucb_primary,1,1,1,2176,dynamic_gated
17,1,1,1,0.10885504794134236,193,1,0.49182177100958824,0.01,1,lotte_technology_search_100k_q416,5,0.8942088643841585,3,linucb_primary,1,1,1,1773,dynamic_gated
17,1,1,1,0.07220011370096646,127,1,0.5929505400795907,0.01,1,lotte_technology_search_100k_q495,2,0.6697100832877211,3,hybrid_lite,1,1,1,1759,dynamic_gated
17,1,1,1,0.12217194570135746,135,1,0.4914027149321267,0.01,0,lotte_technology_search_100k_q263,1,0.840006569429947,3,linucb_primary,1,1,1,1105,dynamic_gated
17,1,1,1,0.017001180637544275,72,1,0.8288075560802833,0.01,1,lotte_technology_search_100k_q369,5,0.8198678606059128,3,linucb_primary,1,1,1,4235,dynamic_gated
17,0,0,1,nan,0,0,nan,nan,0,lotte_technology_search_100k_q175,0,0.2841056749854306,1,full_dense_fallback,0,0,0,1017,dynamic_gated
17,1,1,1,0.2697201017811705,636,1,0.3901611535199322,0.01,1,lotte_technology_search_100k_q480,2,0.8562538559670334,3,linucb_primary,1,1,1,2358,dynamic_gated
17,1,0,1,0.6,699,1,0.20343347639484977,0.01,0,lotte_technology_search_100k_q373,1,0.3884361956077082,2,full_dense_fallback,1,1,1,1165,dynamic_gated
17,1,1,1,0.12115891132572432,138,1,0.6637401229148376,0.01,1,lotte_technology_search_100k_q251,2,0.49049519042487144,3,hybrid_lite,1,1,1,1139,dynamic_gated
17,1,1,1,0.133428981348637,93,1,0.6111908177905309,0.01,1,lotte_technology_search_100k_q443,2,0.7932508822959076,3,linucb_primary,1,1,1,697,dynamic_gated
17,1,1,1,nan,0,0,nan,nan,0,lotte_technology_search_100k_q197,0,0.6424002715325804,3,hybrid_lite,0,0,0,800,dynamic_gated
17,1,1,1,0.15739419876367094,331,2,0.4793152639087018,0.01,1,lotte_technology_search_100k_q538,2,0.9730721541435295,3,linucb_primary,1,1,1,2103,dynamic_gated
17,1,1,1,0.5350500715307582,374,6,0.46494992846924177,0.54,0,lotte_technology_search_100k_q262,1,0.593216839171776,3,hybrid_lite,1,1,1,699,dynamic_gated
17,1,1,1,0.16914893617021276,159,1,0.5138297872340425,0.01,1,lotte_technology_search_100k_q466,7,0.597251288979978,3,hybrid_lite,1,1,1,940,dynamic_gated
17,1,1,1,0.04487534626038781,81,1,0.535180055401662,0.01,1,lotte_technology_search_100k_q588,4,0.8260380280853986,3,linucb_primary,1,1,1,1805,dynamic_gated
17,1,1,1,0.11266783420899007,193,1,0.4740221833041448,0.01,1,lotte_technology_search_100k_q450,5,0.9426658720794189,3,linucb_primary,1,1,1,1713,dynamic_gated
17,1,1,1,0.09752321981424149,63,1,0.8126934984520124,0.01,1,lotte_technology_search_100k_q113,3,0.6566763273352587,3,hybrid_lite,1,1,1,646,dynamic_gated
17,1,1,1,nan,0,0,nan,nan,0,lotte_technology_search_100k_q511,0,0.6450997174791282,3,hybrid_lite,0,0,0,1109,dynamic_gated
17,1,1,1,1.0,2063,10,0.13136209403780896,0.87,0,lotte_technology_search_100k_q206,1,0.8633261600451614,3,linucb_primary,0,0,1,2063,dynamic_gated
17,1,1,1,0.7547974413646056,1062,5,0.24520255863539442,0.76,0,lotte_technology_search_100k_q245,1,0.7916313038323094,3,linucb_primary,1,1,1,1407,dynamic_gated
17,0,0,1,nan,0,0,nan,nan,0,lotte_technology_search_100k_q60,0,0.3548130369006955,1,full_dense_fallback,0,0,0,696,dynamic_gated
17,1,1,1,0.06474820143884892,63,1,0.6639260020554985,0.01,0,lotte_technology_search_100k_q44,1,0.8085175679854457,3,linucb_primary,1,1,1,973,dynamic_gated
17,1,1,1,0.1677917068466731,174,2,0.6335583413693346,0.01,1,lotte_technology_search_100k_q46,3,0.8246788851014835,3,linucb_primary,1,1,1,1037,dynamic_gated
17,1,0,1,0.205761316872428,300,1,0.43552812071330593,0.01,1,lotte_technology_search_100k_q358,3,0.36570238731104193,2,full_dense_fallback,1,1,1,1458,dynamic_gated
17,1,1,1,0.7044917257683215,894,6,0.29550827423167847,0.71,0,lotte_technology_search_100k_q81,1,0.78670938750312,3,linucb_primary,1,1,1,1269,dynamic_gated
17,1,1,1,0.49675625579240035,536,5,0.6098239110287302,0.4,1,lotte_technology_search_100k_q193,2,0.5302697351497003,3,hybrid_lite,1,1,1,1079,dynamic_gated
17,1,1,1,0.5891415994130594,803,6,0.48349229640498903,0.52,0,lotte_technology_search_100k_q296,1,0.7589723891432565,3,linucb_primary,1,1,1,1363,dynamic_gated
17,1,1,1,0.029946303180503925,145,1,0.6664601404378356,0.01,1,lotte_technology_search_100k_q542,2,0.9518560290438893,3,linucb_primary,1,1,1,4842,dynamic_gated
17,0,0,1,nan,0,0,nan,nan,0,lotte_technology_search_100k_q77,0,0.2816271053153212,1,full_dense_fallback,0,0,0,1115,dynamic_gated
17,0,1,1,nan,0,0,nan,nan,0,lotte_technology_search_100k_q114,0,0.5431383218366962,2,hybrid_lite,0,0,0,1400,dynamic_gated
17,1,1,1,0.08297180043383948,153,2,0.7603036876355749,0.01,1,lotte_technology_search_100k_q346,2,0.9226453483474198,3,linucb_primary,1,1,1,1844,dynamic_gated
17,1,1,1,0.052478134110787174,72,1,0.7565597667638484,0.01,1,lotte_technology_search_100k_q49,2,0.6413230511899574,3,hybrid_lite,1,1,1,1372,dynamic_gated
17,1,1,1,0.3110485573539761,442,3,0.6410978184377198,0.01,1,lotte_technology_search_100k_q110,4,0.5706289358037674,3,hybrid_lite,1,1,1,1421,dynamic_gated
17,0,0,0,nan,0,0,nan,nan,0,lotte_technology_search_100k_q237,0,0.5099855417159033,0,hybrid_lite,0,0,0,880,dynamic_gated
17,1,1,1,0.2150101419878296,106,1,0.4016227180527383,0.01,0,lotte_technology_search_100k_q307,1,0.7797625159638886,3,linucb_primary,1,1,1,493,dynamic_gated
17,1,1,1,0.04280821917808219,75,1,0.46803652968036524,0.01,1,lotte_technology_search_100k_q491,5,0.6488980367629729,3,hybrid_lite,1,1,1,1752,dynamic_gated
17,1,1,1,0.07102593010146561,63,1,0.5941375422773394,0.01,1,lotte_technology_search_100k_q43,3,0.8060484645948515,3,linucb_primary,1,1,1,887,dynamic_gated
17,1,1,1,0.09310699588477367,181,1,0.29372427983539096,0.01,1,lotte_technology_search_100k_q409,2,0.5471040997511945,3,hybrid_lite,1,1,1,1944,dynamic_gated
17,1,1,0,nan,0,0,nan,nan,0,lotte_technology_search_100k_q317,0,0.27508096482216504,2,full_dense_fallback,0,0,0,1307,dynamic_gated
17,1,1,1,0.8618533257532689,1516,8,0.297896532120523,0.71,0,lotte_technology_search_100k_q6,1,0.9066153602025177,3,linucb_primary,0,1,1,1759,dynamic_gated
17,1,1,1,0.24181247196052041,539,1,0.5392552714221623,0.01,1,lotte_technology_search_100k_q308,4,0.7537800368343153,3,linucb_primary,1,1,1,2229,dynamic_gated
17,1,1,1,nan,0,0,nan,nan,0,lotte_technology_search_100k_q28,0,0.9629206627337872,3,linucb_primary,0,0,0,1379,dynamic_gated
17,1,1,1,0.0369702434625789,41,1,0.4824165915238954,0.01,1,lotte_technology_search_100k_q422,4,0.8317357730571531,3,linucb_primary,1,1,1,1109,dynamic_gated
17,1,0,1,0.43498978897208984,639,4,0.5650102110279102,0.01,0,lotte_technology_search_100k_q191,1,0.28685417722171774,2,full_dense_fallback,1,1,1,1469,dynamic_gated
17,1,0,1,0.11538461538461539,162,1,0.532051282051282,0.01,0,lotte_technology_search_100k_q485,1,0.4683359382753826,2,hybrid_lite,1,1,1,1404,dynamic_gated
17,1,1,1,0.1314083677077195,223,2,0.741308190925162,0.01,0,lotte_technology_search_100k_q146,1,0.7596219244157698,3,linucb_primary,1,1,1,1697,dynamic_gated
17,1,1,1,0.020145495243424735,36,1,0.8203693340794628,0.01,1,lotte_technology_search_100k_q457,7,0.9730967670584515,3,linucb_primary,1,1,1,1787,dynamic_gated
17,1,1,1,0.08452535760728218,65,1,0.43693107932379716,0.01,1,lotte_technology_search_100k_q324,7,0.6187400537923093,3,hybrid_lite,1,1,1,769,dynamic_gated
17,1,1,1,0.2199074074074074,285,5,0.7800925925925926,0.22,1,lotte_technology_search_100k_q294,2,0.8952952935310371,3,linucb_primary,1,1,1,1296,dynamic_gated
17,1,1,1,0.1622983870967742,161,1,0.5735887096774194,0.01,0,lotte_technology_search_100k_q303,1,0.7792544927716243,3,linucb_primary,1,1,1,992,dynamic_gated
17,1,1,1,0.34797297297297297,721,1,0.21814671814671815,0.01,1,lotte_technology_search_100k_q452,3,0.5749705832901293,3,hybrid_lite,1,1,1,2072,dynamic_gated
17,1,1,1,0.296,481,2,0.5236923076923077,0.01,1,lotte_technology_search_100k_q551,2,0.6866915006517192,3,hybrid_lite,1,1,1,1625,dynamic_gated
17,1,0,1,0.03884892086330935,54,1,0.6287769784172662,0.01,0,lotte_technology_search_100k_q360,1,0.36737064272165293,2,full_dense_fallback,1,1,1,1390,dynamic_gated
17,1,1,1,0.1499312242090784,109,1,0.6231086657496561,0.01,0,lotte_technology_search_100k_q9,1,0.6017561850543798,3,hybrid_lite,1,1,1,727,dynamic_gated
17,1,1,1,0.21929824561403508,250,1,0.4464912280701754,0.01,1,lotte_technology_search_100k_q309,3,0.9074980593552122,3,linucb_primary,1,1,1,1140,dynamic_gated
17,1,1,1,0.06896551724137931,190,1,0.7096188747731398,0.01,0,lotte_technology_search_100k_q593,1,0.9841493355993739,3,linucb_primary,1,1,1,2755,dynamic_gated
17,1,1,1,nan,0,0,nan,nan,0,lotte_technology_search_100k_q208,0,0.8657693641175523,3,linucb_primary,0,0,0,1719,dynamic_gated
17,1,1,1,0.0998439937597504,64,1,0.5085803432137286,0.01,1,lotte_technology_search_100k_q489,3,0.8241313085662307,3,linucb_primary,1,1,1,641,dynamic_gated
17,1,1,1,0.22641509433962265,312,1,0.6705370101596517,0.01,0,lotte_technology_search_100k_q62,1,0.6282741919563958,3,hybrid_lite,1,1,1,1378,dynamic_gated
17,1,1,1,0.05183585313174946,48,1,0.6771058315334773,0.01,1,lotte_technology_search_100k_q111,2,0.841931988805871,3,linucb_primary,1,1,1,926,dynamic_gated
17,1,1,1,0.4088855421686747,543,5,0.5911144578313253,0.41,0,lotte_technology_search_100k_q214,1,0.7050066386387487,3,hybrid_lite,1,1,1,1328,dynamic_gated
17,1,1,1,0.2907112320248737,748,1,0.47493198600855036,0.01,1,lotte_technology_search_100k_q479,2,0.5042579242195353,3,hybrid_lite,1,1,1,2573,dynamic_gated
17,1,1,1,0.06504494976203067,123,1,0.698572184029614,0.01,1,lotte_technology_search_100k_q332,3,0.8930875035121781,3,linucb_primary,1,1,1,1891,dynamic_gated
17,1,1,1,0.1442411194833154,134,2,0.6232508073196986,0.01,1,lotte_technology_search_100k_q83,2,0.8042153511693427,3,linucb_primary,1,1,1,929,dynamic_gated
17,1,0,1,0.21731123388581952,118,1,0.5469613259668509,0.01,0,lotte_technology_search_100k_q87,1,0.4433455510895502,2,hybrid_lite,1,1,1,543,dynamic_gated
17,1,1,1,0.13366157410759538,1846,2,0.48113822315545585,0.01,1,lotte_technology_search_100k_q558,4,0.9260191852517161,3,linucb_primary,1,1,1,13811,dynamic_gated
17,1,1,1,0.9451901565995525,845,9,0.05480984340044748,0.95,0,lotte_technology_search_100k_q155,1,0.7792362835372306,3,linucb_primary,0,1,1,894,dynamic_gated
17,1,1,1,0.07388316151202749,43,1,0.3178694158075601,0.01,1,lotte_technology_search_100k_q404,4,0.4632309627164787,3,hybrid_lite,1,1,1,582,dynamic_gated
17,0,0,1,nan,0,0,nan,nan,0,lotte_technology_search_100k_q47,0,0.6041362314347941,1,hybrid_lite,0,0,0,829,dynamic_gated
17,1,1,1,0.08857808857808858,76,1,0.548951048951049,0.01,0,lotte_technology_search_100k_q37,1,0.9410939851111001,3,linucb_primary,1,1,1,858,dynamic_gated
17,1,1,1,0.10601719197707736,148,1,0.7650429799426934,0.01,1,lotte_technology_search_100k_q335,3,0.45298982125394904,3,hybrid_lite,1,1,1,1396,dynamic_gated
17,1,1,1,0.2254823151125402,561,1,0.2765273311897106,0.01,0,lotte_technology_search_100k_q411,1,0.6110425209891446,3,hybrid_lite,1,1,1,2488,dynamic_gated
17,1,0,1,0.11684782608695653,86,2,0.7323369565217391,0.01,0,lotte_technology_search_100k_q265,1,0.32252704814592903,2,full_dense_fallback,1,1,1,736,dynamic_gated
17,0,1,1,0.09642560266001662,116,2,0.6791354945968413,0.01,1,lotte_technology_search_100k_q510,6,0.9729653296080735,2,linucb_primary,1,1,1,1203,dynamic_gated
17,1,1,1,0.21113831089351284,345,1,0.3800489596083231,0.01,1,lotte_technology_search_100k_q327,5,0.6680314215350025,3,hybrid_lite,1,1,1,1634,dynamic_gated
17,1,0,1,0.15058479532163743,206,1,0.6067251461988303,0.01,1,lotte_technology_search_100k_q229,4,0.2588528888272127,2,full_dense_fallback,1,1,1,1368,dynamic_gated
17,1,1,1,0.09499358151476252,74,1,0.6585365853658536,0.01,0,lotte_technology_search_100k_q168,1,0.5185255386253733,3,hybrid_lite,1,1,1,779,dynamic_gated
17,1,0,1,0.11768754301445286,342,1,0.7019958706125258,0.01,1,lotte_technology_search_100k_q326,2,0.5640332367494981,2,hybrid_lite,1,1,1,2906,dynamic_gated
17,1,1,1,0.16544502617801046,158,1,0.6397905759162303,0.01,0,lotte_technology_search_100k_q205,1,0.723376474599651,3,hybrid_lite,1,1,1,955,dynamic_gated
17,1,1,1,0.30179445350734097,185,3,0.533442088091354,0.01,0,lotte_technology_search_100k_q19,1,0.9042145472358809,3,linucb_primary,1,1,1,613,dynamic_gated
17,1,1,1,0.1049645390070922,74,1,0.6226950354609929,0.01,0,lotte_technology_search_100k_q167,1,0.5684005762581943,3,hybrid_lite,1,1,1,705,dynamic_gated
17,1,1,1,0.3713646532438479,332,1,0.5369127516778524,0.01,1,lotte_technology_search_100k_q52,2,0.7495735360771246,3,linucb_primary,1,1,1,894,dynamic_gated
17,1,1,1,0.08436080467229072,130,1,0.18689162881245946,0.01,1,lotte_technology_search_100k_q331,2,0.9677073519584689,3,linucb_primary,1,1,1,1541,dynamic_gated
17,0,1,1,0.4972375690607735,450,5,0.5027624309392265,0.5,0,lotte_technology_search_100k_q20,1,0.7743697628604284,2,linucb_primary,1,1,1,905,dynamic_gated
17,1,1,1,0.2856280193236715,473,2,0.5942028985507246,0.01,0,lotte_technology_search_100k_q212,1,0.8159338012160707,3,linucb_primary,1,1,1,1656,dynamic_gated
17,0,0,1,0.16353887399463807,183,2,0.6854334226988382,0.01,1,lotte_technology_search_100k_q75,2,0.34801464703289486,1,full_dense_fallback,1,1,1,1119,dynamic_gated
17,1,1,1,0.2159383033419023,168,1,0.5745501285347043,0.01,0,lotte_technology_search_100k_q190,1,0.6239315100649963,3,hybrid_lite,1,1,1,778,dynamic_gated
17,1,1,1,0.051893408134642355,74,1,0.7678821879382889,0.01,1,lotte_technology_search_100k_q437,10,0.9239223151330044,3,linucb_primary,1,1,1,1426,dynamic_gated
17,1,1,1,0.12507171543316123,218,1,0.38668961560527826,0.01,1,lotte_technology_search_100k_q406,2,0.9607427544647917,3,linucb_primary,1,1,1,1743,dynamic_gated
17,0,1,0,nan,0,0,nan,nan,0,lotte_technology_search_100k_q116,0,0.7049433419155237,1,hybrid_lite,0,0,0,1027,dynamic_gated
17,0,1,1,0.7399729607931501,1642,7,0.5497972059486256,0.46,0,lotte_technology_search_100k_q374,1,0.7210167605367965,2,hybrid_lite,1,1,1,2219,dynamic_gated
17,1,0,1,0.035860190649114845,79,1,0.3472537448933273,0.01,1,lotte_technology_search_100k_q375,2,0.4276497805379231,2,full_dense_fallback,1,1,1,2203,dynamic_gated
17,1,1,1,0.20418084589207583,420,1,0.529897909577054,0.01,0,lotte_technology_search_100k_q565,1,1.0,3,linucb_primary,1,1,1,2057,dynamic_gated
17,1,1,1,0.2312180889861415,317,2,0.4004376367614879,0.01,1,lotte_technology_search_100k_q10,2,0.9724617684115446,3,linucb_primary,1,1,1,1371,dynamic_gated
17,1,1,1,0.11606597434331094,190,1,0.5113011606597435,0.01,0,lotte_technology_search_100k_q589,1,0.9878802825264155,3,linucb_primary,1,1,1,1637,dynamic_gated
17,1,0,1,0.08941755537325677,109,1,0.5373256767842494,0.01,1,lotte_technology_search_100k_q300,4,0.2850098780541799,2,full_dense_fallback,1,1,1,1219,dynamic_gated
17,1,1,1,0.11179698216735254,163,1,0.7112482853223594,0.01,1,lotte_technology_search_100k_q430,4,0.6750161788627101,3,hybrid_lite,1,1,1,1458,dynamic_gated
17,1,1,1,0.2138970280452072,511,1,0.20887400586019256,0.01,1,lotte_technology_search_100k_q418,3,0.9305283254594422,3,linucb_primary,1,1,1,2389,dynamic_gated
17,1,1,1,0.1014964216005205,156,1,0.5842550422901757,0.01,0,lotte_technology_search_100k_q158,1,0.7826055026766575,3,linucb_primary,1,1,1,1537,dynamic_gated
17,1,1,1,0.13652045342533267,277,1,0.31542631838344015,0.01,1,lotte_technology_search_100k_q80,2,0.7767976283961063,3,linucb_primary,1,1,1,2029,dynamic_gated
17,1,1,1,0.0448943661971831,51,1,0.4806338028169014,0.01,0,lotte_technology_search_100k_q372,1,0.943006918750217,3,linucb_primary,1,1,1,1136,dynamic_gated
17,1,1,1,0.12303664921465969,94,1,0.6740837696335078,0.01,0,lotte_technology_search_100k_q347,1,0.7526302194636537,3,linucb_primary,1,1,1,764,dynamic_gated
17,1,1,1,0.11322549952426261,357,1,0.60069774817634,0.01,1,lotte_technology_search_100k_q204,2,0.9543324075672648,3,linucb_primary,1,1,1,3153,dynamic_gated
17,1,1,1,0.327212020033389,196,5,0.672787979966611,0.33,1,lotte_technology_search_100k_q231,2,0.7388262678348828,3,hybrid_lite,1,1,1,599,dynamic_gated
17,0,1,1,nan,0,0,nan,nan,0,lotte_technology_search_100k_q119,0,0.6702697571438495,2,hybrid_lite,0,0,0,797,dynamic_gated
17,1,1,1,0.0205799812909261,66,1,0.6064858122856251,0.01,1,lotte_technology_search_100k_q455,4,0.8973641350672851,3,linucb_primary,1,1,1,3207,dynamic_gated
17,0,0,0,nan,0,0,nan,nan,0,lotte_technology_search_100k_q150,0,0.5206979939256124,0,hybrid_lite,0,0,0,997,dynamic_gated
17,1,1,1,0.06507230255839822,234,1,0.5383759733036708,0.01,1,lotte_technology_search_100k_q569,3,0.6714271988905319,3,hybrid_lite,1,1,1,3596,dynamic_gated
17,1,1,1,0.6180722891566265,513,6,0.3819277108433735,0.62,0,lotte_technology_search_100k_q221,1,0.6865223373617494,3,hybrid_lite,1,1,1,830,dynamic_gated
17,1,1,1,0.06532066508313539,165,1,0.46199524940617576,0.01,1,lotte_technology_search_100k_q573,2,0.8884597859223694,3,linucb_primary,1,1,1,2526,dynamic_gated
17,1,0,1,0.060922541340295906,70,1,0.6214099216710183,0.01,1,lotte_technology_search_100k_q429,9,0.33169545316337445,2,full_dense_fallback,1,1,1,1149,dynamic_gated
17,0,1,1,0.3801324503311258,574,1,0.4337748344370861,0.01,0,lotte_technology_search_100k_q487,1,0.6006361998592221,2,hybrid_lite,1,1,1,1510,dynamic_gated
17,1,0,1,0.03514376996805112,44,1,0.5263578274760383,0.01,1,lotte_technology_search_100k_q243,2,0.26719182736517505,2,full_dense_fallback,1,1,1,1252,dynamic_gated
17,1,1,1,0.5096322241681261,582,1,0.30122591943957966,0.01,0,lotte_technology_search_100k_q53,1,0.8123442934802897,3,linucb_primary,1,1,1,1142,dynamic_gated
17,1,1,1,0.07666098807495741,135,1,0.8347529812606473,0.01,1,lotte_technology_search_100k_q323,2,0.6233851268141626,3,hybrid_lite,1,1,1,1761,dynamic_gated
17,1,1,1,0.7337975361542581,1370,6,0.26620246384574187,0.74,0,lotte_technology_search_100k_q391,1,0.6088152680429387,3,hybrid_lite,1,1,1,1867,dynamic_gated
17,1,1,1,0.06279540850776502,93,1,0.5462525320729237,0.01,1,lotte_technology_search_100k_q348,5,0.9141621841795968,3,linucb_primary,1,1,1,1481,dynamic_gated
17,1,1,1,0.2866043613707165,276,1,0.49428868120456904,0.01,0,lotte_technology_search_100k_q432,1,0.6874225319442472,3,hybrid_lite,1,1,1,963,dynamic_gated
17,1,1,1,0.7193426042983565,1707,5,0.2806573957016435,0.72,0,lotte_technology_search_100k_q71,1,0.9626765639855853,3,linucb_primary,1,1,1,2373,dynamic_gated
17,1,1,1,0.22386058981233245,334,1,0.5542895442359249,0.01,1,lotte_technology_search_100k_q398,5,0.8807880471175574,3,linucb_primary,1,1,1,1492,dynamic_gated
17,0,1,0,nan,0,0,nan,nan,0,lotte_technology_search_100k_q319,0,0.46346501344970364,1,hybrid_lite,0,0,0,1043,dynamic_gated
17,1,1,1,1.0,1785,10,0.0,1.0,0,lotte_technology_search_100k_q182,1,0.9398250375419058,3,linucb_primary,0,0,1,1785,dynamic_gated
17,1,0,1,0.75,747,7,0.25,0.75,0,lotte_technology_search_100k_q25,1,0.38726386926360523,2,full_dense_fallback,1,1,1,996,dynamic_gated
17,1,1,1,0.32773938795656465,332,3,0.583415597235933,0.01,0,lotte_technology_search_100k_q14,1,0.7164464442804379,3,hybrid_lite,1,1,1,1013,dynamic_gated
17,1,1,1,0.2511961722488038,210,3,0.687799043062201,0.01,1,lotte_technology_search_100k_q370,3,0.8290822704871356,3,linucb_primary,1,1,1,836,dynamic_gated
17,1,1,1,0.04839617332583005,86,1,0.6674169949352842,0.01,1,lotte_technology_search_100k_q449,5,0.86719006243061,3,linucb_primary,1,1,1,1777,dynamic_gated
17,1,1,1,0.5868358445678034,740,3,0.38144329896907214,0.01,0,lotte_technology_search_100k_q39,1,0.40873478883568976,3,full_dense_fallback,1,1,1,1261,dynamic_gated
17,1,0,1,1.0,1315,10,0.26463878326996193,0.74,0,lotte_technology_search_100k_q165,1,0.26185496545086046,2,full_dense_fallback,0,0,1,1315,dynamic_gated
17,1,1,1,0.11248930710008555,263,1,0.5868263473053892,0.01,1,lotte_technology_search_100k_q350,7,0.7443453016604012,3,linucb_primary,1,1,1,2338,dynamic_gated
17,1,1,1,0.927437641723356,818,8,0.07256235827664403,0.93,0,lotte_technology_search_100k_q156,1,0.8601068946718029,3,linucb_primary,0,1,1,882,dynamic_gated
17,1,0,1,nan,0,0,nan,nan,0,lotte_technology_search_100k_q567,0,0.5096568528379025,2,hybrid_lite,0,0,0,1196,dynamic_gated
17,1,1,1,0.07056056448451588,180,1,0.5809486475891807,0.01,1,lotte_technology_search_100k_q468,2,0.5762004532522285,3,hybrid_lite,1,1,1,2551,dynamic_gated
17,1,1,1,0.5102880658436214,744,6,0.668724279835391,0.34,1,lotte_technology_search_100k_q524,2,0.6092088181829944,3,hybrid_lite,1,1,1,1458,dynamic_gated
17,1,1,1,0.44,561,3,0.38431372549019605,0.01,1,lotte_technology_search_100k_q187,2,0.9051891347967115,3,linucb_primary,1,1,1,1275,dynamic_gated
17,1,1,1,0.084328882642305,120,1,0.6416022487702038,0.01,0,lotte_technology_search_100k_q486,1,0.8060813999981707,3,linucb_primary,1,1,1,1423,dynamic_gated
17,0,1,1,nan,0,0,nan,nan,0,lotte_technology_search_100k_q68,0,0.8398109924403417,2,linucb_primary,0,0,0,1380,dynamic_gated
17,1,0,1,0.24634655532359082,118,1,0.5281837160751566,0.01,0,lotte_technology_search_100k_q86,1,0.5468227522002922,2,hybrid_lite,1,1,1,479,dynamic_gated
17,1,1,1,0.4628330995792426,330,6,0.670406732117812,0.33,1,lotte_technology_search_100k_q118,2,0.57679297799527,3,hybrid_lite,1,1,1,713,dynamic_gated
17,1,0,1,0.1720226843100189,182,1,0.5775047258979207,0.01,0,lotte_technology_search_100k_q133,1,0.5341390067947899,2,hybrid_lite,1,1,1,1058,dynamic_gated
17,1,1,1,0.08163265306122448,144,1,0.3996598639455783,0.01,1,lotte_technology_search_100k_q587,3,0.48887172344621604,3,hybrid_lite,1,1,1,1764,dynamic_gated
17,1,1,1,0.2771331058020478,406,1,0.42320819112627983,0.01,0,lotte_technology_search_100k_q550,1,0.6089976461067731,3,hybrid_lite,1,1,1,1465,dynamic_gated
17,0,0,0,nan,0,0,nan,nan,0,lotte_technology_search_100k_q149,0,0.6078641950405878,0,hybrid_lite,0,0,0,951,dynamic_gated
17,1,1,1,0.05167394468704512,142,1,0.814410480349345,0.01,1,lotte_technology_search_100k_q571,2,0.8811133658602607,3,linucb_primary,1,1,1,2748,dynamic_gated
17,0,0,1,0.5372340425531915,707,4,0.4627659574468085,0.01,0,lotte_technology_search_100k_q481,1,0.2322301640804286,1,full_dense_fallback,1,1,1,1316,dynamic_gated
17,1,1,1,0.0528995756718529,187,1,0.73012729844413,0.01,1,lotte_technology_search_100k_q299,3,0.775870211306189,3,linucb_primary,1,1,1,3535,dynamic_gated
17,1,1,1,0.050748752079866885,61,1,0.4043261231281198,0.01,1,lotte_technology_search_100k_q255,3,0.6343618927469807,3,hybrid_lite,1,1,1,1202,dynamic_gated
17,1,0,1,0.04061416542842992,82,1,0.6210995542347697,0.01,1,lotte_technology_search_100k_q393,3,0.28658436051500724,2,full_dense_fallback,1,1,1,2019,dynamic_gated
17,1,1,1,0.13910285455369278,307,1,0.47711826008155866,0.01,1,lotte_technology_search_100k_q530,4,0.5297945674443738,3,hybrid_lite,1,1,1,2207,dynamic_gated
17,1,1,1,0.04584819154355578,90,1,0.6576668364747835,0.01,1,lotte_technology_search_100k_q349,2,0.9272354271071678,3,linucb_primary,1,1,1,1963,dynamic_gated
17,0,1,1,nan,0,0,nan,nan,0,lotte_technology_search_100k_q56,0,0.7335950451158897,2,hybrid_lite,0,0,0,1046,dynamic_gated
17,1,0,1,0.11916790490341754,401,1,0.2671619613670134,0.01,1,lotte_technology_search_100k_q532,2,0.3341944099804711,2,full_dense_fallback,1,1,1,3365,dynamic_gated
17,1,1,1,0.09941207910208445,186,1,0.42009620523784075,0.01,1,lotte_technology_search_100k_q351,3,0.7651649688268706,3,linucb_primary,1,1,1,1871,dynamic_gated
17,1,1,1,0.05701394585726005,139,1,0.7313371616078753,0.01,1,lotte_technology_search_100k_q586,5,0.4575583267704376,3,hybrid_lite,1,1,1,2438,dynamic_gated
17,1,1,1,0.10159716060337179,229,1,0.49778172138420584,0.01,1,lotte_technology_search_100k_q540,3,0.7102348351863357,3,hybrid_lite,1,1,1,2254,dynamic_gated
17,1,1,1,0.016467915956842702,29,1,0.740488358886996,0.01,1,lotte_technology_search_100k_q515,6,0.5684552230252007,3,hybrid_lite,1,1,1,1761,dynamic_gated
17,0,1,1,0.1734375,111,1,0.521875,0.01,0,lotte_technology_search_100k_q223,1,0.6026869263727352,2,hybrid_lite,1,1,1,640,dynamic_gated
17,1,1,1,0.1601423487544484,90,1,0.4679715302491103,0.01,0,lotte_technology_search_100k_q228,1,0.5511126879294977,3,hybrid_lite,1,1,1,562,dynamic_gated
17,0,1,1,0.18293755496921724,208,2,0.5936675461741425,0.01,0,lotte_technology_search_100k_q30,1,0.4902094073850623,2,hybrid_lite,1,1,1,1137,dynamic_gated
17,1,1,1,0.0797872340425532,135,1,0.3416075650118203,0.01,1,lotte_technology_search_100k_q548,2,0.8935099292419428,3,linucb_primary,1,1,1,1692,dynamic_gated
17,1,1,1,0.0710412147505423,131,1,0.4202819956616052,0.01,1,lotte_technology_search_100k_q365,3,0.7698994549590772,3,linucb_primary,1,1,1,1844,dynamic_gated
17,1,1,1,0.024574669187145556,26,1,0.6181474480151229,0.01,1,lotte_technology_search_100k_q145,2,0.9691546093211342,3,linucb_primary,1,1,1,1058,dynamic_gated
17,1,1,1,0.03290183387270766,61,1,0.6181229773462783,0.01,1,lotte_technology_search_100k_q341,3,0.9586949927246706,3,linucb_primary,1,1,1,1854,dynamic_gated
17,1,0,1,0.06482593037214886,54,1,0.637454981992797,0.01,1,lotte_technology_search_100k_q248,2,0.27901060595672955,2,full_dense_fallback,1,1,1,833,dynamic_gated
17,1,0,1,0.10453400503778337,166,1,0.714735516372796,0.01,1,lotte_technology_search_100k_q484,2,0.3111972943233232,2,full_dense_fallback,1,1,1,1588,dynamic_gated
17,1,1,1,0.13432835820895522,108,1,0.6592039800995024,0.01,1,lotte_technology_search_100k_q239,2,0.9672529990180074,3,linucb_primary,1,1,1,804,dynamic_gated
17,1,1,1,0.19948186528497408,77,1,0.6709844559585492,0.01,0,lotte_technology_search_100k_q385,1,0.5378747258359906,3,hybrid_lite,1,1,1,386,dynamic_gated
17,1,1,1,0.0421865715983363,71,1,0.5181224004753416,0.01,1,lotte_technology_search_100k_q380,3,0.6134739769471587,3,hybrid_lite,1,1,1,1683,dynamic_gated
17,1,0,1,0.11693352741387676,241,1,0.35613779718583216,0.01,1,lotte_technology_search_100k_q518,2,0.3177232796570715,2,full_dense_fallback,1,1,1,2061,dynamic_gated
17,1,0,1,0.21745562130177515,147,2,0.5784023668639053,0.01,0,lotte_technology_search_100k_q277,1,0.2551108384350972,2,full_dense_fallback,1,1,1,676,dynamic_gated
17,1,0,0,nan,0,0,nan,nan,0,lotte_technology_search_100k_q134,0,0.6943684912267312,1,hybrid_lite,0,0,0,567,dynamic_gated
17,1,0,1,0.1179596174282678,222,3,0.822529224229543,0.01,0,lotte_technology_search_100k_q59,1,0.5583992186451199,2,hybrid_lite,1,1,1,1882,dynamic_gated
17,1,0,1,0.3128205128205128,427,1,0.31135531135531136,0.01,1,lotte_technology_search_100k_q128,2,0.5686518607448849,2,hybrid_lite,1,1,1,1365,dynamic_gated
17,0,1,1,nan,0,0,nan,nan,0,lotte_technology_search_100k_q38,0,0.9637870181752031,2,linucb_primary,0,0,0,1881,dynamic_gated
17,1,1,1,0.038181818181818185,63,1,0.7187878787878788,0.01,1,lotte_technology_search_100k_q388,4,0.7069714118005102,3,hybrid_lite,1,1,1,1650,dynamic_gated
17,1,1,1,0.1675531914893617,378,2,0.43484042553191493,0.01,0,lotte_technology_search_100k_q123,1,0.9760508672361027,3,linucb_primary,1,1,1,2256,dynamic_gated
17,1,1,1,0.6517036235803136,1205,5,0.34829637641968636,0.66,0,lotte_technology_search_100k_q67,1,0.824610769024914,3,linucb_primary,1,1,1,1849,dynamic_gated
17,1,1,1,0.3415948275862069,317,2,0.5032327586206897,0.01,0,lotte_technology_search_100k_q15,1,0.883494321722503,3,linucb_primary,1,1,1,928,dynamic_gated
17,1,1,1,0.1608187134502924,220,1,0.439327485380117,0.01,1,lotte_technology_search_100k_q531,3,0.9144171342567149,3,linucb_primary,1,1,1,1368,dynamic_gated
17,1,1,1,0.06039415130324221,95,1,0.44119516846789575,0.01,1,lotte_technology_search_100k_q512,3,0.6687560386816548,3,hybrid_lite,1,1,1,1573,dynamic_gated
17,1,1,1,0.05647263249348393,65,1,0.5612510860121633,0.01,0,lotte_technology_search_100k_q192,1,0.5685512662878939,3,hybrid_lite,1,1,1,1151,dynamic_gated
17,1,1,1,0.19167803547066847,281,3,0.4822646657571623,0.01,1,lotte_technology_search_100k_q549,5,0.9688109589292426,3,linucb_primary,1,1,1,1466,dynamic_gated
17,1,1,1,0.07785467128027682,135,1,0.29296424452133796,0.01,1,lotte_technology_search_100k_q554,2,0.9654051733159685,3,linucb_primary,1,1,1,1734,dynamic_gated
17,0,1,1,0.15524475524475526,111,1,0.6741258741258741,0.01,0,lotte_technology_search_100k_q217,1,0.6568998771628234,2,hybrid_lite,1,1,1,715,dynamic_gated
17,1,1,1,nan,0,0,nan,nan,0,lotte_technology_search_100k_q195,0,0.9837913498460727,3,linucb_primary,0,0,0,854,dynamic_gated
17,1,1,1,0.027929155313351498,41,1,0.6287465940054495,0.01,1,lotte_technology_search_100k_q438,10,0.9585171382087544,3,linucb_primary,1,1,1,1468,dynamic_gated
17,1,1,1,0.053686200378071834,142,1,0.8223062381852552,0.01,1,lotte_technology_search_100k_q555,2,0.9077913036353885,3,linucb_primary,1,1,1,2645,dynamic_gated
17,1,1,1,0.39368770764119604,474,1,0.292358803986711,0.01,1,lotte_technology_search_100k_q247,3,0.7087891515946985,3,hybrid_lite,1,1,1,1204,dynamic_gated
17,1,1,1,0.32461161079313167,397,2,0.3908421913327882,0.01,1,lotte_technology_search_100k_q330,3,0.28255647707288156,3,full_dense_fallback,1,1,1,1223,dynamic_gated
17,1,0,1,nan,0,0,nan,nan,0,lotte_technology_search_100k_q381,0,0.364192856768672,2,full_dense_fallback,0,0,0,530,dynamic_gated
17,1,0,1,nan,0,0,nan,nan,0,lotte_technology_search_100k_q157,0,0.21208689066157838,2,full_dense_fallback,0,0,0,767,dynamic_gated
17,0,1,1,0.2514910536779324,253,4,0.7485089463220675,0.01,0,lotte_technology_search_100k_q130,1,0.6859493830345013,2,hybrid_lite,1,1,1,1006,dynamic_gated
17,1,1,1,0.2569573283858998,277,5,0.7430426716141002,0.26,0,lotte_technology_search_100k_q54,1,0.6113231959033483,3,hybrid_lite,1,1,1,1078,dynamic_gated
17,1,1,1,0.035634743875278395,64,1,0.7360801781737194,0.01,1,lotte_technology_search_100k_q541,4,0.8937534107044762,3,linucb_primary,1,1,1,1796,dynamic_gated
17,1,1,1,0.1685823754789272,220,1,0.5272030651340995,0.01,1,lotte_technology_search_100k_q488,2,0.9628964457406124,3,linucb_primary,1,1,1,1305,dynamic_gated
17,1,1,1,0.10912052117263844,134,1,0.6001628664495113,0.01,1,lotte_technology_search_100k_q352,4,0.6670433326915073,3,hybrid_lite,1,1,1,1228,dynamic_gated
17,1,0,1,0.2776470588235294,118,1,0.5882352941176471,0.01,0,lotte_technology_search_100k_q85,1,0.339314229225738,2,full_dense_fallback,1,1,1,425,dynamic_gated
17,1,1,1,0.15114503816793892,198,1,0.3847328244274809,0.01,0,lotte_technology_search_100k_q576,1,0.8425772161136353,3,linucb_primary,1,1,1,1310,dynamic_gated
17,1,1,1,nan,0,0,nan,nan,0,lotte_technology_search_100k_q389,0,0.642126584190989,3,hybrid_lite,0,0,0,1170,dynamic_gated
17,1,1,1,0.038777908343125736,66,1,0.28613396004700353,0.01,1,lotte_technology_search_100k_q394,4,0.7920232885951108,3,linucb_primary,1,1,1,1702,dynamic_gated
17,1,1,1,0.2570951585976628,154,2,0.4824707846410684,0.01,0,lotte_technology_search_100k_q238,1,0.7752233443397638,3,linucb_primary,1,1,1,599,dynamic_gated
17,0,1,1,nan,0,0,nan,nan,0,lotte_technology_search_100k_q184,0,0.8129213148702208,2,linucb_primary,0,0,0,745,dynamic_gated
17,1,1,1,0.321978021978022,586,3,0.5901098901098901,0.01,1,lotte_technology_search_100k_q514,2,0.616509365285786,3,hybrid_lite,1,1,1,1820,dynamic_gated
17,1,1,1,0.0333555703802535,100,1,0.2748498999332889,0.01,1,lotte_technology_search_100k_q289,6,0.9671603008296618,3,linucb_primary,1,1,1,2998,dynamic_gated
17,1,1,1,0.03546099290780142,55,1,0.8239845261121856,0.01,1,lotte_technology_search_100k_q461,8,0.9085979940737937,3,linucb_primary,1,1,1,1551,dynamic_gated
17,1,1,1,0.060408163265306125,74,1,0.27265306122448985,0.01,1,lotte_technology_search_100k_q274,2,0.7805020385862055,3,linucb_primary,1,1,1,1225,dynamic_gated
17,1,0,1,0.17465388711395102,164,1,0.4408945686900958,0.01,1,lotte_technology_search_100k_q521,2,0.45281642333386857,2,hybrid_lite,1,1,1,939,dynamic_gated
17,1,1,1,nan,0,0,nan,nan,0,lotte_technology_search_100k_q33,0,0.7499740821752028,3,linucb_primary,0,0,0,1111,dynamic_gated
17,1,1,1,0.11804767309875142,104,1,0.5278093076049943,0.01,0,lotte_technology_search_100k_q451,1,0.7188531115853266,3,hybrid_lite,1,1,1,881,dynamic_gated
17,1,1,1,1.0,827,10,0.0,1.0,0,lotte_technology_search_100k_q181,1,0.875526228430993,3,linucb_primary,0,0,1,827,dynamic_gated
17,1,1,1,nan,0,0,nan,nan,0,lotte_technology_search_100k_q36,0,0.8681647139773955,3,linucb_primary,0,0,0,1456,dynamic_gated
17,1,1,1,0.25329927628778204,595,1,0.4853128991060025,0.01,0,lotte_technology_search_100k_q471,1,0.8630667382839654,3,linucb_primary,1,1,1,2349,dynamic_gated
17,1,1,1,0.15725806451612903,351,1,0.796594982078853,0.01,0,lotte_technology_search_100k_q124,1,0.9278650838215263,3,linucb_primary,1,1,1,2232,dynamic_gated
17,0,1,1,0.7498485766202302,1238,5,0.3167777104784979,0.69,1,lotte_technology_search_100k_q364,2,0.9158732478031254,2,linucb_primary,1,1,1,1651,dynamic_gated
17,1,1,1,0.5571625344352618,809,5,0.44283746556473824,0.56,1,lotte_technology_search_100k_q520,2,0.7740537231595404,3,linucb_primary,1,1,1,1452,dynamic_gated
17,0,0,1,nan,0,0,nan,nan,0,lotte_technology_search_100k_q92,0,0.37090219323015716,1,full_dense_fallback,0,0,0,1305,dynamic_gated
17,1,1,1,0.4957805907172996,705,5,0.5407876230661041,0.46,1,lotte_technology_search_100k_q108,4,0.6169780794014521,3,hybrid_lite,1,1,1,1422,dynamic_gated
17,1,0,0,nan,0,0,nan,nan,0,lotte_technology_search_100k_q282,0,0.5980504197273985,1,hybrid_lite,0,0,0,1609,dynamic_gated
17,1,1,1,0.13995680345572353,324,1,0.6591792656587473,0.01,0,lotte_technology_search_100k_q410,1,0.8404544237950817,3,linucb_primary,1,1,1,2315,dynamic_gated
17,1,1,1,0.06706981858163827,122,1,0.8246289169873557,0.01,0,lotte_technology_search_100k_q401,1,0.8756872290225894,3,linucb_primary,1,1,1,1819,dynamic_gated
17,1,1,1,nan,0,0,nan,nan,0,lotte_technology_search_100k_q505,0,0.5731535494906497,3,hybrid_lite,0,0,0,1110,dynamic_gated
17,1,1,1,0.0856662933930571,153,1,0.6265397536394177,0.01,1,lotte_technology_search_100k_q490,3,0.7470634705028482,3,linucb_primary,1,1,1,1786,dynamic_gated
17,1,0,1,0.12,147,2,0.7085714285714286,0.01,0,lotte_technology_search_100k_q224,1,0.3469783728343192,2,full_dense_fallback,1,1,1,1225,dynamic_gated
17,1,1,1,0.20813875917278185,312,1,0.5823882588392262,0.01,0,lotte_technology_search_100k_q61,1,0.5790230770351342,3,hybrid_lite,1,1,1,1499,dynamic_gated
17,1,1,1,nan,0,0,nan,nan,0,lotte_technology_search_100k_q169,0,0.8943683660766976,3,linucb_primary,0,0,0,1023,dynamic_gated
17,0,0,0,nan,0,0,nan,nan,0,lotte_technology_search_100k_q137,0,0.2603695921586198,0,full_dense_fallback,0,0,0,722,dynamic_gated
17,0,1,1,0.2510530749789385,298,2,0.5492839090143218,0.01,0,lotte_technology_search_100k_q144,1,0.8718435354563576,2,linucb_primary,1,1,1,1187,dynamic_gated
17,1,0,1,0.18835370237239396,262,2,0.6872753414809489,0.01,0,lotte_technology_search_100k_q199,1,0.47425710291308787,2,hybrid_lite,1,1,1,1391,dynamic_gated
17,1,1,1,0.19316081330868762,209,1,0.5785582255083179,0.01,1,lotte_technology_search_100k_q371,2,0.8742948419022758,3,linucb_primary,1,1,1,1082,dynamic_gated
17,1,0,1,0.04855902092380576,123,1,0.7046979865771812,0.01,1,lotte_technology_search_100k_q153,3,0.42099094429019984,2,full_dense_fallback,1,1,1,2533,dynamic_gated
17,1,1,1,0.4451460142067877,564,3,0.48697711128650356,0.01,0,lotte_technology_search_100k_q233,1,0.9790900456202887,3,linucb_primary,1,1,1,1267,dynamic_gated
17,1,1,1,0.17618586640851888,182,1,0.37560503388189737,0.01,1,lotte_technology_search_100k_q232,2,0.9805084965241825,3,linucb_primary,1,1,1,1033,dynamic_gated
17,1,1,1,0.5333333333333333,624,6,0.558974358974359,0.45,1,lotte_technology_search_100k_q563,2,0.9524354475083892,3,linucb_primary,1,1,1,1170,dynamic_gated
17,1,1,1,0.10884353741496598,256,1,0.7874149659863946,0.01,0,lotte_technology_search_100k_q408,1,0.7898769320375854,3,linucb_primary,1,1,1,2352,dynamic_gated
17,0,0,0,nan,0,0,nan,nan,0,lotte_technology_search_100k_q74,0,0.19103881129202155,0,full_dense_fallback,0,0,0,574,dynamic_gated
17,1,1,1,0.6507739938080496,1051,8,0.34922600619195043,0.66,0,lotte_technology_search_100k_q201,1,0.6427212653251809,3,hybrid_lite,1,1,1,1615,dynamic_gated
17,1,1,1,0.558955223880597,749,3,0.3820895522388059,0.01,0,lotte_technology_search_100k_q478,1,0.6223906541496141,3,hybrid_lite,1,1,1,1340,dynamic_gated
17,0,1,1,nan,0,0,nan,nan,0,lotte_technology_search_100k_q176,0,0.7463554769584477,2,linucb_primary,0,0,0,627,dynamic_gated
17,1,1,1,0.10365425158116655,295,1,0.32431482782853127,0.01,1,lotte_technology_search_100k_q297,2,0.9617253089029423,3,linucb_primary,1,1,1,2846,dynamic_gated
17,1,1,1,0.10894308943089431,335,1,0.40260162601626015,0.01,1,lotte_technology_search_100k_q458,3,0.9529685907957635,3,linucb_primary,1,1,1,3075,dynamic_gated
17,1,1,1,0.3613861386138614,292,3,0.5816831683168318,0.01,0,lotte_technology_search_100k_q241,1,0.6788220781884129,3,hybrid_lite,1,1,1,808,dynamic_gated
17,1,1,1,0.19373219373219372,136,1,0.670940170940171,0.01,1,lotte_technology_search_100k_q272,2,0.9134640011027698,3,linucb_primary,1,1,1,702,dynamic_gated
17,1,1,1,0.030619345859429367,44,1,0.47599164926931103,0.01,1,lotte_technology_search_100k_q344,4,0.9320701179988412,3,linucb_primary,1,1,1,1437,dynamic_gated
17,1,1,1,0.22241086587436332,262,1,0.4227504244482173,0.01,1,lotte_technology_search_100k_q94,3,0.8900130627990606,3,linucb_primary,1,1,1,1178,dynamic_gated
17,1,1,1,0.28447837150127225,559,1,0.3684478371501272,0.01,0,lotte_technology_search_100k_q198,1,0.850439515187822,3,linucb_primary,1,1,1,1965,dynamic_gated
17,1,1,1,0.11752044769694361,273,1,0.6190271201033146,0.01,0,lotte_technology_search_100k_q564,1,0.9977021409502285,3,linucb_primary,1,1,1,2323,dynamic_gated
17,1,1,1,0.015767131594906003,26,1,0.676773802304427,0.01,1,lotte_technology_search_100k_q464,10,0.9293563859534164,3,linucb_primary,1,1,1,1649,dynamic_gated
17,1,1,1,0.04061416542842992,82,1,0.7726597325408618,0.01,1,lotte_technology_search_100k_q407,3,0.5690905067513298,3,hybrid_lite,1,1,1,2019,dynamic_gated
17,1,1,1,0.08497246262785209,108,1,0.6113296616837136,0.01,1,lotte_technology_search_100k_q399,7,0.8160955634002044,3,linucb_primary,1,1,1,1271,dynamic_gated
17,1,1,1,0.11297709923664122,74,1,0.683969465648855,0.01,0,lotte_technology_search_100k_q270,1,0.30802963990836346,3,full_dense_fallback,1,1,1,655,dynamic_gated
17,1,1,1,0.14473684210526316,209,4,0.8552631578947368,0.01,1,lotte_technology_search_100k_q310,2,0.8313422507713963,3,linucb_primary,1,1,1,1444,dynamic_gated
17,1,1,1,0.19828364950316169,439,1,0.44579945799458,0.01,1,lotte_technology_search_100k_q579,2,0.5210179072871135,3,hybrid_lite,1,1,1,2214,dynamic_gated
17,1,0,1,0.07767517653449213,143,1,0.35741444866920147,0.01,0,lotte_technology_search_100k_q472,1,0.3738485193626509,2,full_dense_fallback,1,1,1,1841,dynamic_gated
17,1,0,1,0.32823259372609026,429,1,0.2700841622035195,0.01,0,lotte_technology_search_100k_q387,1,0.5315465936004415,2,hybrid_lite,1,1,1,1307,dynamic_gated
17,1,1,1,0.05084745762711865,45,1,0.6870056497175141,0.01,0,lotte_technology_search_100k_q215,1,0.7788728224654442,3,linucb_primary,1,1,1,885,dynamic_gated
17,1,1,1,nan,0,0,nan,nan,0,lotte_technology_search_100k_q104,0,0.36583373082748716,3,full_dense_fallback,0,0,0,1756,dynamic_gated
17,1,0,1,0.13432835820895522,198,1,0.44165535956580737,0.01,1,lotte_technology_search_100k_q357,3,0.323578681566199,2,full_dense_fallback,1,1,1,1474,dynamic_gated
17,1,1,1,0.052105638829407566,73,1,0.6666666666666667,0.01,1,lotte_technology_search_100k_q414,8,0.9250970569158153,3,linucb_primary,1,1,1,1401,dynamic_gated
17,1,1,1,0.3923611111111111,791,1,0.4766865079365079,0.01,0,lotte_technology_search_100k_q279,1,0.5862901405903568,3,hybrid_lite,1,1,1,2016,dynamic_gated
17,1,1,1,0.36885245901639346,720,2,0.5568647540983607,0.01,1,lotte_technology_search_100k_q494,2,0.6613616226618156,3,hybrid_lite,1,1,1,1952,dynamic_gated
17,1,1,1,0.4751883606131463,1829,4,0.5248116393868537,0.01,0,lotte_technology_search_100k_q584,1,0.6242403661211174,3,hybrid_lite,1,1,1,3849,dynamic_gated
17,1,1,1,0.09674027339642481,92,2,0.729758149316509,0.01,1,lotte_technology_search_100k_q209,3,0.716682093694643,3,hybrid_lite,1,1,1,951,dynamic_gated
17,1,1,1,0.14345991561181434,102,1,0.39099859353023914,0.01,1,lotte_technology_search_100k_q24,2,0.5440152559385072,3,hybrid_lite,1,1,1,711,dynamic_gated
17,1,1,1,0.1997126436781609,278,1,0.47916666666666663,0.01,0,lotte_technology_search_100k_q256,1,0.6407470233052787,3,hybrid_lite,1,1,1,1392,dynamic_gated
17,1,1,1,0.06577974870657798,89,1,0.7427937915742794,0.01,1,lotte_technology_search_100k_q553,4,0.5292536873546391,3,hybrid_lite,1,1,1,1353,dynamic_gated
17,1,1,1,0.07668711656441718,100,1,0.5544478527607362,0.01,1,lotte_technology_search_100k_q106,2,0.7506240788689952,3,linucb_primary,1,1,1,1304,dynamic_gated
17,1,1,1,0.07604345340194396,133,1,0.3687821612349914,0.01,1,lotte_technology_search_100k_q543,2,0.9393760369045189,3,linucb_primary,1,1,1,1749,dynamic_gated
17,1,1,1,0.08881578947368421,135,1,0.475,0.01,1,lotte_technology_search_100k_q556,2,0.9238639421984436,3,linucb_primary,1,1,1,1520,dynamic_gated
17,1,1,1,0.1006585136406397,107,1,0.5277516462841016,0.01,0,lotte_technology_search_100k_q211,1,0.7795750759825331,3,linucb_primary,1,1,1,1063,dynamic_gated
17,1,1,1,0.05174353205849269,46,1,0.6096737907761529,0.01,1,lotte_technology_search_100k_q88,3,0.9345160273313153,3,linucb_primary,1,1,1,889,dynamic_gated
17,1,1,1,0.03423120089786756,61,1,0.6026936026936027,0.01,1,lotte_technology_search_100k_q340,3,0.7233926294943785,3,hybrid_lite,1,1,1,1782,dynamic_gated
17,0,0,0,nan,0,0,nan,nan,0,lotte_technology_search_100k_q276,0,0.3279994016025357,0,full_dense_fallback,0,0,0,515,dynamic_gated
17,1,1,1,0.08395522388059702,135,1,0.5087064676616915,0.01,1,lotte_technology_search_100k_q386,2,0.508595097003996,3,hybrid_lite,1,1,1,1608,dynamic_gated
17,0,1,1,nan,0,0,nan,nan,0,lotte_technology_search_100k_q27,0,0.8107410411948842,2,linucb_primary,0,0,0,1413,dynamic_gated
17,1,1,1,0.1566186107470511,239,2,0.6998689384010485,0.01,1,lotte_technology_search_100k_q109,4,0.5217289132075567,3,hybrid_lite,1,1,1,1526,dynamic_gated
17,1,1,1,0.1273560876209883,250,1,0.391237901171676,0.01,1,lotte_technology_search_100k_q504,3,0.9225188111331034,3,linucb_primary,1,1,1,1963,dynamic_gated
17,1,0,1,0.40082181546507284,1073,1,0.31154277175943224,0.01,0,lotte_technology_search_100k_q305,1,0.3309919728261843,2,full_dense_fallback,1,1,1,2677,dynamic_gated
17,1,0,1,0.36255924170616116,612,1,0.5598341232227488,0.01,0,lotte_technology_search_100k_q315,1,0.7244130837428554,2,hybrid_lite,1,1,1,1688,dynamic_gated
17,1,1,1,0.1312410841654779,184,1,0.5263908701854494,0.01,0,lotte_technology_search_100k_q435,1,0.9599187791612016,3,linucb_primary,1,1,1,1402,dynamic_gated
17,1,1,1,0.16857798165137614,147,1,0.6410550458715596,0.01,0,lotte_technology_search_100k_q135,1,0.8432784453089661,3,linucb_primary,1,1,1,872,dynamic_gated
17,1,1,1,0.08325952170062002,94,1,0.6465899025686448,0.01,1,lotte_technology_search_100k_q509,3,0.6353658579252911,3,hybrid_lite,1,1,1,1129,dynamic_gated
17,1,1,1,0.29717341482047366,1167,1,0.5245734657499364,0.01,1,lotte_technology_search_100k_q288,7,0.9159021401736535,3,linucb_primary,1,1,1,3927,dynamic_gated
17,1,1,1,0.057724957555178265,68,1,0.5679117147707979,0.01,1,lotte_technology_search_100k_q42,2,0.6406358461993161,3,hybrid_lite,1,1,1,1178,dynamic_gated
17,1,1,1,nan,0,0,nan,nan,0,lotte_technology_search_100k_q254,0,0.720570732025724,3,hybrid_lite,0,0,0,1778,dynamic_gated
17,1,1,1,0.18045112781954886,144,1,0.5877192982456141,0.01,1,lotte_technology_search_100k_q281,4,0.5152094599805898,3,hybrid_lite,1,1,1,798,dynamic_gated
17,1,1,1,0.10581639803784162,151,1,0.6229852838121934,0.01,1,lotte_technology_search_100k_q562,2,0.9532984196302859,3,linucb_primary,1,1,1,1427,dynamic_gated
17,1,0,1,0.3884976525821596,331,1,0.5046948356807512,0.01,0,lotte_technology_search_100k_q534,1,0.34092770511172554,2,full_dense_fallback,1,1,1,852,dynamic_gated
17,1,0,1,0.2721280602636535,289,2,0.6610169491525424,0.01,0,lotte_technology_search_100k_q120,1,0.45282120006676346,2,hybrid_lite,1,1,1,1062,dynamic_gated
17,1,1,1,0.24442988204456095,373,1,0.3722149410222805,0.01,1,lotte_technology_search_100k_q65,2,0.7430862229000976,3,linucb_primary,1,1,1,1526,dynamic_gated
17,1,1,1,0.266384778012685,126,1,0.5306553911205074,0.01,0,lotte_technology_search_100k_q302,1,0.9634729716469326,3,linucb_primary,1,1,1,473,dynamic_gated
17,1,1,1,0.23777403035413153,141,2,0.49409780775716694,0.01,0,lotte_technology_search_100k_q222,1,0.4889320269661609,3,hybrid_lite,1,1,1,593,dynamic_gated
17,1,1,1,0.11465271170313987,241,1,0.7136060894386298,0.01,1,lotte_technology_search_100k_q267,2,0.8070274594050952,3,linucb_primary,1,1,1,2102,dynamic_gated
17,1,1,1,0.13801694070752366,277,1,0.3079222720478326,0.01,1,lotte_technology_search_100k_q82,2,0.842957523687895,3,linucb_primary,1,1,1,2007,dynamic_gated
17,0,1,1,0.11627906976744186,205,2,0.7589336358479863,0.01,0,lotte_technology_search_100k_q547,1,0.610512592407109,2,hybrid_lite,1,1,1,1763,dynamic_gated
17,1,1,1,0.22769640479360853,342,1,0.5346205059920106,0.01,1,lotte_technology_search_100k_q413,5,0.5394608322623258,3,hybrid_lite,1,1,1,1502,dynamic_gated
17,1,1,1,0.09814323607427056,111,1,0.6091954022988506,0.01,0,lotte_technology_search_100k_q164,1,0.8905310708463955,3,linucb_primary,1,1,1,1131,dynamic_gated
17,1,1,1,0.37012987012987014,228,2,0.42694805194805197,0.01,0,lotte_technology_search_100k_q240,1,0.6499110794679646,3,hybrid_lite,1,1,1,616,dynamic_gated
17,0,1,1,0.03773584905660377,30,1,0.6981132075471699,0.01,0,lotte_technology_search_100k_q66,1,0.6203940624265075,2,hybrid_lite,1,1,1,795,dynamic_gated
17,1,1,1,0.03353057199211045,119,1,0.5221189067342913,0.01,1,lotte_technology_search_100k_q434,8,0.7000447497560014,3,hybrid_lite,1,1,1,3549,dynamic_gated
17,1,1,1,0.04208754208754209,50,1,0.8257575757575757,0.01,1,lotte_technology_search_100k_q403,2,0.800169638966967,3,linucb_primary,1,1,1,1188,dynamic_gated
17,1,1,1,0.24709302325581395,255,1,0.4835271317829457,0.01,0,lotte_technology_search_100k_q154,1,0.9334657418652365,3,linucb_primary,1,1,1,1032,dynamic_gated
17,1,1,0,nan,0,0,nan,nan,0,lotte_technology_search_100k_q8,0,0.3198287495838764,2,full_dense_fallback,0,0,0,547,dynamic_gated
17,1,1,1,0.2895957587806494,437,4,0.7104042412193505,0.01,0,lotte_technology_search_100k_q40,1,0.6894882468021298,3,hybrid_lite,1,1,1,1509,dynamic_gated
17,0,1,1,1.0,689,10,0.0,1.0,0,lotte_technology_search_100k_q22,1,0.7764914552610597,2,linucb_primary,0,0,1,689,dynamic_gated
17,1,0,1,0.08106796116504854,167,1,0.4131067961165048,0.01,0,lotte_technology_search_100k_q433,1,0.49725386518957987,2,hybrid_lite,1,1,1,2060,dynamic_gated
17,1,1,1,0.10432852386237514,188,1,0.7103218645948945,0.01,0,lotte_technology_search_100k_q585,1,0.9917133350098846,3,linucb_primary,1,1,1,1802,dynamic_gated
17,1,0,1,0.10240202275600506,162,1,0.5847029077117573,0.01,0,lotte_technology_search_100k_q526,1,0.4494908703456529,2,hybrid_lite,1,1,1,1582,dynamic_gated
17,1,1,1,0.4104803493449782,658,3,0.4747348721147848,0.01,1,lotte_technology_search_100k_q508,2,0.9807656809547491,3,linucb_primary,1,1,1,1603,dynamic_gated
17,1,1,1,0.10264571314899543,516,1,0.6719713546847026,0.01,1,lotte_technology_search_100k_q575,3,0.8207695802405179,3,linucb_primary,1,1,1,5027,dynamic_gated
17,1,1,1,nan,0,0,nan,nan,0,lotte_technology_search_100k_q172,0,0.8510179902515115,3,linucb_primary,0,0,0,721,dynamic_gated
17,1,0,1,0.48759541984732824,511,1,0.3845419847328244,0.01,0,lotte_technology_search_100k_q226,1,0.2605012078144662,2,full_dense_fallback,1,1,1,1048,dynamic_gated
17,1,1,1,0.10370961308336657,260,1,0.574790586358197,0.01,1,lotte_technology_search_100k_q492,2,0.7792972326192196,3,linucb_primary,1,1,1,2507,dynamic_gated
17,1,1,1,0.06576402321083172,68,1,0.44100580270793033,0.01,1,lotte_technology_search_100k_q41,2,0.5896921243159579,3,hybrid_lite,1,1,1,1034,dynamic_gated
17,1,0,1,0.029754959159859977,51,1,0.7222870478413068,0.01,1,lotte_technology_search_100k_q502,6,0.311477943129828,2,full_dense_fallback,1,1,1,1714,dynamic_gated
17,0,1,1,0.44020797227036396,254,2,0.415944540727903,0.01,0,lotte_technology_search_100k_q271,1,0.8281059242089956,2,linucb_primary,1,1,1,577,dynamic_gated
17,1,1,1,0.07563025210084033,108,1,0.7093837535014005,0.01,1,lotte_technology_search_100k_q566,3,0.7190107043650361,3,hybrid_lite,1,1,1,1428,dynamic_gated
17,1,1,1,0.04148148148148148,28,1,0.42814814814814817,0.01,1,lotte_technology_search_100k_q292,3,0.5251094724490925,3,hybrid_lite,1,1,1,675,dynamic_gated
17,1,1,1,0.27482014388489207,955,1,0.2471942446043165,0.01,1,lotte_technology_search_100k_q506,5,0.5474165097576104,3,hybrid_lite,1,1,1,3475,dynamic_gated
17,1,1,1,0.1561100447856686,244,1,0.49328214971209217,0.01,1,lotte_technology_search_100k_q493,2,0.8907117989935175,3,linucb_primary,1,1,1,1563,dynamic_gated
17,1,1,1,0.07634677131644667,214,1,0.4402425972172672,0.01,0,lotte_technology_search_100k_q338,1,0.9771285680884,3,linucb_primary,1,1,1,2803,dynamic_gated
17,1,1,1,0.026778882938026015,70,1,0.8978576893649579,0.01,1,lotte_technology_search_100k_q431,5,0.545976353349048,3,hybrid_lite,1,1,1,2614,dynamic_gated
17,0,1,1,nan,0,0,nan,nan,0,lotte_technology_search_100k_q26,0,0.9622296478159118,2,linucb_primary,0,0,0,1349,dynamic_gated
17,1,1,1,0.2961521833117164,685,1,0.3169044530912235,0.01,0,lotte_technology_search_100k_q72,1,0.8499192634528755,3,linucb_primary,1,1,1,2313,dynamic_gated
17,0,1,1,0.3877551020408163,285,3,0.5768707482993197,0.01,0,lotte_technology_search_100k_q121,1,0.7589525896460737,2,linucb_primary,1,1,1,735,dynamic_gated
17,0,1,1,0.652027027027027,386,5,0.347972972972973,0.66,0,lotte_technology_search_100k_q225,1,0.5438153943415963,2,hybrid_lite,1,1,1,592,dynamic_gated
17,1,1,1,0.2546103509815586,428,1,0.4134443783462225,0.01,1,lotte_technology_search_100k_q132,2,0.9706838079609494,3,linucb_primary,1,1,1,1681,dynamic_gated
17,1,1,1,0.22641509433962265,312,1,0.5544267053701015,0.01,0,lotte_technology_search_100k_q63,1,0.5528706537468905,3,hybrid_lite,1,1,1,1378,dynamic_gated
17,0,1,1,0.21815154038301415,262,3,0.6977518734388011,0.01,0,lotte_technology_search_100k_q203,1,0.7229482446050318,2,hybrid_lite,1,1,1,1201,dynamic_gated
17,1,0,1,0.048832684824902724,251,1,0.7700389105058366,0.01,1,lotte_technology_search_100k_q392,4,0.5143145696261436,2,hybrid_lite,1,1,1,5140,dynamic_gated
17,1,1,1,0.6841763942931258,1055,3,0.2821011673151751,0.01,1,lotte_technology_search_100k_q173,2,0.6820916301079556,3,hybrid_lite,1,1,1,1542,dynamic_gated
17,1,1,1,0.16996699669966997,206,1,0.5676567656765676,0.01,1,lotte_technology_search_100k_q249,2,0.7522220959829372,3,linucb_primary,1,1,1,1212,dynamic_gated
17,1,1,1,0.09846547314578005,231,1,0.7340153452685422,0.01,1,lotte_technology_search_100k_q581,3,0.7314889462575503,3,hybrid_lite,1,1,1,2346,dynamic_gated
17,1,0,1,0.039147040101845956,123,1,0.7619350732017823,0.01,1,lotte_technology_search_100k_q152,3,0.43390356237706595,2,full_dense_fallback,1,1,1,3142,dynamic_gated
17,1,1,1,0.06276939655172414,233,1,0.5902478448275862,0.01,1,lotte_technology_search_100k_q590,2,0.9901965345637719,3,linucb_primary,1,1,1,3712,dynamic_gated
17,1,1,1,0.0665083135391924,112,1,0.5403800475059383,0.01,1,lotte_technology_search_100k_q95,3,0.9480287140472862,3,linucb_primary,1,1,1,1684,dynamic_gated
17,1,1,1,0.07723035952063914,58,1,0.5339547270306259,0.01,0,lotte_technology_search_100k_q522,1,0.6327732852686178,3,hybrid_lite,1,1,1,751,dynamic_gated
17,1,1,1,0.13391136801541426,278,1,0.43111753371868977,0.01,1,lotte_technology_search_100k_q257,2,0.586013920788032,3,hybrid_lite,1,1,1,2076,dynamic_gated
17,1,1,1,0.29284037558685444,499,1,0.47065727699530513,0.01,1,lotte_technology_search_100k_q316,3,0.9756105124323526,3,linucb_primary,1,1,1,1704,dynamic_gated
17,1,1,1,0.28064066852367686,403,3,0.5626740947075208,0.01,1,lotte_technology_search_100k_q188,2,0.8777250587245953,3,linucb_primary,1,1,1,1436,dynamic_gated
17,1,1,1,0.08333333333333333,215,1,0.5286821705426357,0.01,1,lotte_technology_search_100k_q529,6,0.7601397241745858,3,linucb_primary,1,1,1,2580,dynamic_gated
17,1,1,1,0.622568093385214,1440,4,0.377431906614786,0.01,0,lotte_technology_search_100k_q70,1,0.8550645127197868,3,linucb_primary,1,1,1,2313,dynamic_gated
17,1,1,1,0.24553571428571427,385,2,0.5446428571428572,0.01,1,lotte_technology_search_100k_q298,2,0.9462702405804092,3,linucb_primary,1,1,1,1568,dynamic_gated
17,1,1,1,0.43473451327433627,786,1,0.34513274336283184,0.01,0,lotte_technology_search_100k_q528,1,0.31575711893969516,3,full_dense_fallback,1,1,1,1808,dynamic_gated
17,1,0,1,0.27346938775510204,335,1,0.6751020408163265,0.01,0,lotte_technology_search_100k_q383,1,0.2108317402712364,2,full_dense_fallback,1,1,1,1225,dynamic_gated
17,0,0,0,nan,0,0,nan,nan,0,lotte_technology_search_100k_q138,0,0.27140619595673926,0,full_dense_fallback,0,0,0,762,dynamic_gated
17,1,1,1,0.024245002126754574,57,1,0.6992769034453424,0.01,1,lotte_technology_search_100k_q442,3,0.7484029907363701,3,linucb_primary,1,1,1,2351,dynamic_gated
17,0,1,1,0.08284023668639054,56,1,0.4600591715976331,0.01,0,lotte_technology_search_100k_q180,1,0.8224974566199245,2,linucb_primary,1,1,1,676,dynamic_gated
17,1,1,1,0.12368421052631579,94,1,0.65,0.01,0,lotte_technology_search_100k_q29,1,0.6439661641434412,3,hybrid_lite,1,1,1,760,dynamic_gated
17,1,1,1,0.02510716472749541,41,1,0.6901408450704225,0.01,0,lotte_technology_search_100k_q295,1,0.8553787807166375,3,linucb_primary,1,1,1,1633,dynamic_gated
17,1,1,1,0.016467915956842702,29,1,0.740488358886996,0.01,1,lotte_technology_search_100k_q519,6,0.5762632314525722,3,hybrid_lite,1,1,1,1761,dynamic_gated
17,1,1,1,0.10387157695939565,110,1,0.5967894239848914,0.01,1,lotte_technology_search_100k_q242,3,0.472583216740289,3,hybrid_lite,1,1,1,1059,dynamic_gated
17,1,1,1,0.05608412618928393,112,1,0.7085628442663996,0.01,1,lotte_technology_search_100k_q334,2,0.671829522833169,3,hybrid_lite,1,1,1,1997,dynamic_gated
19,1,1,1,0.045275590551181105,23,1,0.4940944881889764,0.01,1,lotte_technology_search_100k_q336,4,0.6894729943714194,3,hybrid_lite,1,1,1,508,dynamic_gated
19,1,1,1,0.41468459152016546,401,2,0.4963805584281282,0.01,0,lotte_technology_search_100k_q76,1,0.956709999067986,3,linucb_primary,1,1,1,967,dynamic_gated
19,1,1,1,0.06258503401360545,92,1,0.7741496598639456,0.01,1,lotte_technology_search_100k_q426,10,0.7236217922516591,3,hybrid_lite,1,1,1,1470,dynamic_gated
19,1,0,1,0.04120603015075377,41,1,0.7376884422110552,0.01,0,lotte_technology_search_100k_q2,1,0.27007609641508057,2,full_dense_fallback,1,1,1,995,dynamic_gated
19,1,1,1,0.3346129238643634,523,1,0.527831094049904,0.01,1,lotte_technology_search_100k_q447,3,0.43017498578512287,3,full_dense_fallback,1,1,1,1563,dynamic_gated
19,1,1,1,0.4503271861986913,757,2,0.36109458655562165,0.01,0,lotte_technology_search_100k_q139,1,0.9007613003028447,3,linucb_primary,1,1,1,1681,dynamic_gated
19,1,1,1,0.18284228769497402,422,1,0.32235701906412473,0.01,1,lotte_technology_search_100k_q507,3,0.6932847217547207,3,hybrid_lite,1,1,1,2308,dynamic_gated
19,0,1,1,nan,0,0,nan,nan,0,lotte_technology_search_100k_q58,0,0.8728400763481187,2,linucb_primary,0,0,0,1030,dynamic_gated
19,1,1,1,0.24313186813186813,177,2,0.5302197802197802,0.01,1,lotte_technology_search_100k_q125,2,0.6843010497263747,3,hybrid_lite,1,1,1,728,dynamic_gated
19,1,1,1,0.019080659150043366,66,1,0.6487424111014743,0.01,1,lotte_technology_search_100k_q462,4,0.9870750307648781,3,linucb_primary,1,1,1,3459,dynamic_gated
19,0,1,1,0.336144578313253,279,4,0.6638554216867469,0.01,0,lotte_technology_search_100k_q57,1,0.9505952263742922,2,linucb_primary,1,1,1,830,dynamic_gated
19,1,1,1,0.0982961992136304,150,1,0.5321100917431192,0.01,1,lotte_technology_search_100k_q503,5,0.7569289316484983,3,linucb_primary,1,1,1,1526,dynamic_gated
19,1,1,1,0.12934362934362933,67,1,0.5386100386100385,0.01,0,lotte_technology_search_100k_q264,1,0.9164544998114013,3,linucb_primary,1,1,1,518,dynamic_gated
19,0,0,0,nan,0,0,nan,nan,0,lotte_technology_search_100k_q166,0,0.6730687825883245,0,hybrid_lite,0,0,0,1578,dynamic_gated
19,1,0,1,0.23062730627306274,125,2,0.603321033210332,0.01,1,lotte_technology_search_100k_q213,2,0.43151541800847015,2,full_dense_fallback,1,1,1,542,dynamic_gated
19,1,1,1,0.07507692307692308,122,1,0.7138461538461538,0.01,1,lotte_technology_search_100k_q578,7,0.5716576841783233,3,hybrid_lite,1,1,1,1625,dynamic_gated
19,1,0,1,0.03885135135135135,46,1,0.6655405405405406,0.01,1,lotte_technology_search_100k_q244,3,0.3830264501921574,2,full_dense_fallback,1,1,1,1184,dynamic_gated
19,1,1,1,0.36386138613861385,294,3,0.5891089108910892,0.01,0,lotte_technology_search_100k_q117,1,0.9923306089691776,3,linucb_primary,1,1,1,808,dynamic_gated
19,0,1,1,0.9311575726670066,1826,8,0.0688424273329934,0.94,0,lotte_technology_search_100k_q280,1,0.7582206708514654,2,linucb_primary,0,1,1,1961,dynamic_gated
19,1,1,1,0.07306501547987616,118,1,0.5405572755417957,0.01,1,lotte_technology_search_100k_q378,4,0.9632044816583041,3,linucb_primary,1,1,1,1615,dynamic_gated
19,1,1,1,0.20141969831410825,227,1,0.6610470275066549,0.01,0,lotte_technology_search_100k_q11,1,0.9409017239555615,3,linucb_primary,1,1,1,1127,dynamic_gated
19,1,1,1,0.7713685193834656,3303,4,0.22863148061653438,0.01,0,lotte_technology_search_100k_q102,1,0.7782351377520202,3,linucb_primary,1,1,1,4282,dynamic_gated
19,1,0,1,nan,0,0,nan,nan,0,lotte_technology_search_100k_q363,0,0.5177015263688486,2,hybrid_lite,0,0,0,720,dynamic_gated
19,1,1,1,0.04842105263157895,46,1,0.5926315789473684,0.01,1,lotte_technology_search_100k_q446,2,0.7973319039584421,3,linucb_primary,1,1,1,950,dynamic_gated
19,1,0,1,0.26534653465346536,670,1,0.6594059405940593,0.01,0,lotte_technology_search_100k_q499,1,0.38936878842284145,2,full_dense_fallback,1,1,1,2525,dynamic_gated
19,1,1,1,0.07314349525404802,131,1,0.6443327749860412,0.01,0,lotte_technology_search_100k_q476,1,0.5542473781574467,3,hybrid_lite,1,1,1,1791,dynamic_gated
19,1,1,1,0.09489916963226572,80,1,0.6927639383155397,0.01,1,lotte_technology_search_100k_q98,2,0.9405582763131309,3,linucb_primary,1,1,1,843,dynamic_gated
19,1,1,0,nan,0,0,nan,nan,0,lotte_technology_search_100k_q284,0,0.6677964758496643,2,hybrid_lite,0,0,0,1451,dynamic_gated
19,1,1,1,0.18997361477572558,288,2,0.741424802110818,0.01,0,lotte_technology_search_100k_q200,1,0.7608885995341936,3,linucb_primary,1,1,1,1516,dynamic_gated
19,1,1,1,0.7871376811594203,869,8,0.2128623188405797,0.79,0,lotte_technology_search_100k_q170,1,0.5936277293919656,3,hybrid_lite,1,1,1,1104,dynamic_gated
19,0,1,1,0.3138634764250528,446,3,0.5263898662913441,0.01,1,lotte_technology_search_100k_q278,2,0.9651301472828805,2,linucb_primary,1,1,1,1421,dynamic_gated
19,1,1,1,0.15264423076923078,254,1,0.4122596153846154,0.01,1,lotte_technology_search_100k_q525,4,0.7966055796503388,3,linucb_primary,1,1,1,1664,dynamic_gated
19,1,1,1,0.08251996450754215,93,1,0.5110913930789707,0.01,1,lotte_technology_search_100k_q210,2,0.9658918002364357,3,linucb_primary,1,1,1,1127,dynamic_gated
19,1,1,1,0.17979127134724857,379,1,0.5944022770398483,0.01,1,lotte_technology_search_100k_q425,9,1.0,3,linucb_primary,1,1,1,2108,dynamic_gated
19,1,1,1,0.02962962962962963,52,1,0.8672364672364672,0.01,1,lotte_technology_search_100k_q0,2,0.9333932162837567,3,linucb_primary,1,1,1,1755,dynamic_gated
19,1,1,1,0.10141987829614604,150,1,0.5172413793103448,0.01,1,lotte_technology_search_100k_q516,5,0.8008857003145011,3,linucb_primary,1,1,1,1479,dynamic_gated
19,1,1,1,0.09788953749438707,218,1,0.5657835653345308,0.01,1,lotte_technology_search_100k_q436,2,0.7890327224554894,3,linucb_primary,1,1,1,2227,dynamic_gated
19,1,0,1,0.31225121627598407,706,1,0.29190623617868194,0.01,0,lotte_technology_search_100k_q419,1,0.460702049784118,2,hybrid_lite,1,1,1,2261,dynamic_gated
19,1,1,1,0.36384976525821594,465,1,0.2597809076682316,0.01,0,lotte_technology_search_100k_q376,1,0.8125284828794619,3,linucb_primary,1,1,1,1278,dynamic_gated
19,1,1,1,0.483921568627451,617,5,0.516078431372549,0.49,0,lotte_technology_search_100k_q500,1,0.5567912010734265,3,hybrid_lite,1,1,1,1275,dynamic_gated
19,0,1,1,0.4450830140485313,697,4,0.5549169859514687,0.01,0,lotte_technology_search_100k_q445,1,0.9532937646139821,2,linucb_primary,1,1,1,1566,dynamic_gated
19,1,1,0,nan,0,0,nan,nan,0,lotte_technology_search_100k_q115,0,0.7160926089374908,2,hybrid_lite,0,0,0,1518,dynamic_gated
19,1,1,1,0.07943625880845612,124,1,0.7238949391415759,0.01,0,lotte_technology_search_100k_q273,1,0.5621684945156372,3,hybrid_lite,1,1,1,1561,dynamic_gated
19,1,1,1,0.2573057733428368,361,2,0.3706343549536707,0.01,0,lotte_technology_search_100k_q535,1,0.5216085480598515,3,hybrid_lite,1,1,1,1403,dynamic_gated
19,1,1,1,0.02096069868995633,48,1,0.5951965065502183,0.01,1,lotte_technology_search_100k_q329,4,0.971170748536506,3,linucb_primary,1,1,1,2290,dynamic_gated
19,1,0,1,0.0334696913350688,90,1,0.7296392711044999,0.01,1,lotte_technology_search_100k_q568,2,0.46813239185096567,2,hybrid_lite,1,1,1,2689,dynamic_gated
19,1,1,1,0.02044907778668805,51,1,0.39735364875701684,0.01,1,lotte_technology_search_100k_q595,5,0.9798799567106083,3,linucb_primary,1,1,1,2494,dynamic_gated
19,1,0,1,0.19884598313359964,448,1,0.2649800266311585,0.01,0,lotte_technology_search_100k_q359,1,0.4445060373104282,2,hybrid_lite,1,1,1,2253,dynamic_gated
19,0,1,1,nan,0,0,nan,nan,0,lotte_technology_search_100k_q21,0,0.7950418297138026,2,linucb_primary,0,0,0,816,dynamic_gated
19,1,1,1,0.1870202372644801,268,1,0.32588974180041874,0.01,1,lotte_technology_search_100k_q560,3,0.7934799726057935,3,linucb_primary,1,1,1,1433,dynamic_gated
19,1,1,1,0.17678100263852242,335,1,0.27862796833773085,0.01,1,lotte_technology_search_100k_q396,4,0.7523052145059981,3,linucb_primary,1,1,1,1895,dynamic_gated
19,1,1,1,0.017543859649122806,23,1,0.7528604118993135,0.01,1,lotte_technology_search_100k_q163,2,0.2659378726486032,3,full_dense_fallback,1,1,1,1311,dynamic_gated
19,1,1,1,0.06526145115524928,161,1,0.402107823267126,0.01,1,lotte_technology_search_100k_q527,6,0.5815789558216411,3,hybrid_lite,1,1,1,2467,dynamic_gated
19,1,1,1,0.06007226738934056,133,1,0.5740740740740741,0.01,1,lotte_technology_search_100k_q423,6,0.9696553496850258,3,linucb_primary,1,1,1,2214,dynamic_gated
19,1,1,0,nan,0,0,nan,nan,0,lotte_technology_search_100k_q283,0,0.9583057998688543,2,linucb_primary,0,0,0,843,dynamic_gated
19,1,1,1,0.41644678979771327,947,6,0.6266490765171504,0.38,1,lotte_technology_search_100k_q339,2,0.659927738020288,3,hybrid_lite,1,1,1,2274,dynamic_gated
19,1,1,1,0.22448979591836735,242,1,0.46474953617810766,0.01,0,lotte_technology_search_100k_q474,1,0.38933043190386385,3,full_dense_fallback,1,1,1,1078,dynamic_gated
19,1,1,1,0.1634980988593156,215,1,0.4479087452471483,0.01,1,lotte_technology_search_100k_q343,6,0.9015509276572884,3,linucb_primary,1,1,1,1315,dynamic_gated
19,1,1,1,0.11461619348054679,327,2,0.34910620399579395,0.01,0,lotte_technology_search_100k_q312,1,0.4672809116866079,3,hybrid_lite,1,1,1,2853,dynamic_gated
19,1,1,1,0.05355776587605203,70,1,0.540168324407039,0.01,1,lotte_technology_search_100k_q311,3,0.8535696282387598,3,linucb_primary,1,1,1,1307,dynamic_gated
19,1,1,1,0.1935881627620222,314,1,0.6504315659679408,0.01,1,lotte_technology_search_100k_q236,3,0.9319482406281268,3,linucb_primary,1,1,1,1622,dynamic_gated
19,0,1,0,nan,0,0,nan,nan,0,lotte_technology_search_100k_q382,0,0.4654064822185987,1,hybrid_lite,0,0,0,974,dynamic_gated
19,1,1,1,0.15249266862170088,208,1,0.3203812316715543,0.01,1,lotte_technology_search_100k_q328,4,0.9772245694516078,3,linucb_primary,1,1,1,1364,dynamic_gated
19,1,1,1,0.05144467935165609,73,1,0.6708949964763918,0.01,1,lotte_technology_search_100k_q444,8,0.9484226071106403,3,linucb_primary,1,1,1,1419,dynamic_gated
19,1,1,1,0.06857451403887689,127,1,0.4136069114470843,0.01,0,lotte_technology_search_100k_q356,1,0.743907298532991,3,linucb_primary,1,1,1,1852,dynamic_gated
19,1,1,1,0.48759305210918114,786,1,0.16315136476426795,0.01,0,lotte_technology_search_100k_q517,1,0.5496617678164448,3,hybrid_lite,1,1,1,1612,dynamic_gated
19,1,1,1,0.38282208588957056,624,2,0.27361963190184047,0.01,0,lotte_technology_search_100k_q415,1,0.8203453334974391,3,linucb_primary,1,1,1,1630,dynamic_gated
19,1,1,1,0.1327372764786795,193,1,0.46079779917469055,0.01,1,lotte_technology_search_100k_q416,3,0.7886745827177105,3,linucb_primary,1,1,1,1454,dynamic_gated
19,1,1,1,0.08308952603861908,142,1,0.6746635459332944,0.01,1,lotte_technology_search_100k_q495,2,0.8412152324022136,3,linucb_primary,1,1,1,1709,dynamic_gated
19,1,1,1,0.6454834316840672,1422,1,0.2192464820699047,0.01,1,lotte_technology_search_100k_q263,2,0.7859716911662539,3,linucb_primary,1,1,1,2203,dynamic_gated
19,1,1,1,0.10436835891381346,442,1,0.7695395513577332,0.01,1,lotte_technology_search_100k_q369,5,0.6959785955806221,3,hybrid_lite,1,1,1,4235,dynamic_gated
19,0,1,1,nan,0,0,nan,nan,0,lotte_technology_search_100k_q175,0,0.34563882030000437,2,full_dense_fallback,0,0,0,1106,dynamic_gated
19,1,1,1,0.25562700964630225,636,1,0.4501607717041801,0.01,1,lotte_technology_search_100k_q480,2,0.6523660777979354,3,hybrid_lite,1,1,1,2488,dynamic_gated
19,1,1,1,0.4758339006126617,699,1,0.3682777399591559,0.01,0,lotte_technology_search_100k_q373,1,0.5908262724299079,3,hybrid_lite,1,1,1,1469,dynamic_gated
19,1,1,1,0.1464968152866242,138,1,0.5934182590233545,0.01,1,lotte_technology_search_100k_q251,2,0.618880633131027,3,hybrid_lite,1,1,1,942,dynamic_gated
19,1,0,1,0.08129370629370629,93,1,0.7613636363636364,0.01,1,lotte_technology_search_100k_q443,2,0.5196635737893994,2,hybrid_lite,1,1,1,1144,dynamic_gated
19,1,1,1,nan,0,0,nan,nan,0,lotte_technology_search_100k_q197,0,0.4892860745680891,3,hybrid_lite,0,0,0,676,dynamic_gated
19,1,1,1,0.18647887323943663,331,2,0.6709859154929578,0.01,0,lotte_technology_search_100k_q538,1,0.8402445848862764,3,linucb_primary,1,1,1,1775,dynamic_gated
19,1,1,1,0.24048913043478262,177,2,0.46467391304347827,0.01,0,lotte_technology_search_100k_q262,1,0.8108857913754384,3,linucb_primary,1,1,1,736,dynamic_gated
19,1,1,1,0.15,159,1,0.5688679245283019,0.01,1,lotte_technology_search_100k_q466,10,0.7124523121483572,3,hybrid_lite,1,1,1,1060,dynamic_gated
19,1,1,1,0.050625,81,1,0.47562499999999996,0.01,1,lotte_technology_search_100k_q588,4,0.9445432990405863,3,linucb_primary,1,1,1,1600,dynamic_gated
19,1,1,1,0.1327372764786795,193,1,0.46079779917469055,0.01,1,lotte_technology_search_100k_q450,3,0.8239036728520693,3,linucb_primary,1,1,1,1454,dynamic_gated
19,1,1,1,0.1425339366515837,63,1,0.7262443438914027,0.01,1,lotte_technology_search_100k_q113,3,0.7055103326339477,3,hybrid_lite,1,1,1,442,dynamic_gated
19,1,1,1,0.9041218637992832,1009,9,0.09587813620071683,0.91,0,lotte_technology_search_100k_q511,1,0.8095206341323383,3,linucb_primary,0,1,1,1116,dynamic_gated
19,1,0,1,0.16401273885350318,309,2,0.7197452229299364,0.01,0,lotte_technology_search_100k_q206,1,0.5950587216699083,2,hybrid_lite,1,1,1,1884,dynamic_gated
19,1,0,1,0.14072748956469885,236,1,0.6171735241502683,0.01,0,lotte_technology_search_100k_q245,1,0.4301754484220015,2,full_dense_fallback,1,1,1,1677,dynamic_gated
19,0,1,1,nan,0,0,nan,nan,0,lotte_technology_search_100k_q60,0,0.5574072202376452,2,hybrid_lite,0,0,0,859,dynamic_gated
19,1,1,1,0.06877729257641921,63,1,0.6430131004366813,0.01,0,lotte_technology_search_100k_q44,1,0.9697059654329594,3,linucb_primary,1,1,1,916,dynamic_gated
19,1,1,1,0.1677917068466731,174,2,0.6335583413693346,0.01,1,lotte_technology_search_100k_q46,3,0.9574287445700175,3,linucb_primary,1,1,1,1037,dynamic_gated
19,1,1,1,0.19404915912031048,300,1,0.46765847347994827,0.01,1,lotte_technology_search_100k_q358,4,0.6654267451379616,3,hybrid_lite,1,1,1,1546,dynamic_gated
19,1,0,1,nan,0,0,nan,nan,0,lotte_technology_search_100k_q81,0,0.5076298375571181,2,hybrid_lite,0,0,0,1072,dynamic_gated
19,1,1,1,0.3720038350910834,388,3,0.5091083413231065,0.01,1,lotte_technology_search_100k_q193,2,0.9572495909036008,3,linucb_primary,1,1,1,1043,dynamic_gated
19,1,1,1,0.09135559921414538,93,1,0.5137524557956779,0.01,1,lotte_technology_search_100k_q296,5,0.9673178313879951,3,linucb_primary,1,1,1,1018,dynamic_gated
19,1,1,1,0.0403787245892509,145,1,0.5822890559732665,0.01,1,lotte_technology_search_100k_q542,3,0.41108519346589606,3,full_dense_fallback,1,1,1,3591,dynamic_gated
19,0,0,1,nan,0,0,nan,nan,0,lotte_technology_search_100k_q77,0,0.281288302583985,1,full_dense_fallback,0,0,0,1150,dynamic_gated
19,0,1,1,0.811078140454995,1640,7,0.18892185954500496,0.82,0,lotte_technology_search_100k_q114,1,0.9044773370722565,2,linucb_primary,1,1,1,2022,dynamic_gated
19,1,1,1,0.014788169464428458,37,1,0.5067945643485212,0.01,1,lotte_technology_search_100k_q346,2,0.8916697413096056,3,linucb_primary,1,1,1,2502,dynamic_gated
19,1,1,1,0.3649893692416726,515,2,0.4918497519489724,0.01,1,lotte_technology_search_100k_q49,2,0.7950611772627132,3,linucb_primary,1,1,1,1411,dynamic_gated
19,1,1,1,0.308659217877095,442,3,0.5803072625698324,0.01,1,lotte_technology_search_100k_q110,4,0.9613357359382574,3,linucb_primary,1,1,1,1432,dynamic_gated
19,0,0,0,nan,0,0,nan,nan,0,lotte_technology_search_100k_q237,0,0.5127941515697455,0,hybrid_lite,0,0,0,814,dynamic_gated
19,1,0,1,0.2623762376237624,106,1,0.5074257425742574,0.01,0,lotte_technology_search_100k_q307,1,0.17089564278721808,2,full_dense_fallback,1,1,1,404,dynamic_gated
19,1,1,1,0.046296296296296294,75,1,0.4246913580246914,0.01,1,lotte_technology_search_100k_q491,5,0.7278301791497335,3,hybrid_lite,1,1,1,1620,dynamic_gated
19,1,1,1,0.07102593010146561,63,1,0.5941375422773394,0.01,1,lotte_technology_search_100k_q43,3,0.9574782666284954,3,linucb_primary,1,1,1,887,dynamic_gated
19,1,1,1,0.09627659574468085,181,1,0.6696808510638298,0.01,1,lotte_technology_search_100k_q409,3,0.7567624386622587,3,linucb_primary,1,1,1,1880,dynamic_gated
19,1,1,0,nan,0,0,nan,nan,0,lotte_technology_search_100k_q317,0,0.7047960380396128,2,hybrid_lite,0,0,0,3163,dynamic_gated
19,1,1,1,0.9260304912478825,1640,9,0.2326369282891022,0.77,0,lotte_technology_search_100k_q6,1,0.877138182050272,3,linucb_primary,0,1,1,1771,dynamic_gated
19,1,1,1,0.24084003574620197,539,1,0.5411081322609472,0.01,1,lotte_technology_search_100k_q308,4,0.958337781458484,3,linucb_primary,1,1,1,2238,dynamic_gated
19,1,1,1,nan,0,0,nan,nan,0,lotte_technology_search_100k_q28,0,0.7133759159553684,3,hybrid_lite,0,0,0,1469,dynamic_gated
19,1,1,1,0.022727272727272728,41,1,0.6286031042128604,0.01,1,lotte_technology_search_100k_q422,6,0.9733297534736012,3,linucb_primary,1,1,1,1804,dynamic_gated
19,1,0,1,0.44129834254143646,639,4,0.5587016574585635,0.01,0,lotte_technology_search_100k_q191,1,0.428512706378471,2,full_dense_fallback,1,1,1,1448,dynamic_gated
19,1,1,1,0.12375859434682965,162,1,0.7035905271199389,0.01,0,lotte_technology_search_100k_q485,1,0.7830382781278328,3,linucb_primary,1,1,1,1309,dynamic_gated
19,1,0,1,0.278137128072445,215,2,0.554980595084088,0.01,0,lotte_technology_search_100k_q146,1,0.5658402905702883,2,hybrid_lite,1,1,1,773,dynamic_gated
19,1,1,1,0.021064950263311878,36,1,0.791691047396138,0.01,1,lotte_technology_search_100k_q457,5,0.883580770547982,3,linucb_primary,1,1,1,1709,dynamic_gated
19,1,1,1,0.06996770721205597,65,1,0.5339074273412272,0.01,1,lotte_technology_search_100k_q324,8,0.6845891587179129,3,hybrid_lite,1,1,1,929,dynamic_gated
19,1,1,1,0.648995983935743,808,2,0.3076305220883534,0.01,1,lotte_technology_search_100k_q294,2,0.5391438371149618,3,hybrid_lite,1,1,1,1245,dynamic_gated
19,1,1,1,0.20251572327044026,161,1,0.5345911949685535,0.01,0,lotte_technology_search_100k_q303,1,0.6359339033261366,3,hybrid_lite,1,1,1,795,dynamic_gated
19,1,1,1,0.34797297297297297,721,1,0.21814671814671815,0.01,1,lotte_technology_search_100k_q452,3,0.703066167742047,3,hybrid_lite,1,1,1,2072,dynamic_gated
19,1,1,1,0.296,481,2,0.5236923076923077,0.01,1,lotte_technology_search_100k_q551,2,0.5438874036407596,3,hybrid_lite,1,1,1,1625,dynamic_gated
19,1,1,1,0.036885245901639344,54,1,0.6475409836065573,0.01,0,lotte_technology_search_100k_q360,1,0.5801870136038486,3,hybrid_lite,1,1,1,1464,dynamic_gated
19,1,0,1,0.16005873715124816,109,1,0.5976505139500734,0.01,0,lotte_technology_search_100k_q9,1,0.45093023959694795,2,hybrid_lite,1,1,1,681,dynamic_gated
19,1,1,1,0.1529051987767584,250,1,0.6140672782874618,0.01,1,lotte_technology_search_100k_q309,3,0.8585080652923004,3,linucb_primary,1,1,1,1635,dynamic_gated
19,1,1,1,0.07016912558474271,195,1,0.4073407700611731,0.01,1,lotte_technology_search_100k_q593,2,0.6988524860600476,3,hybrid_lite,1,1,1,2779,dynamic_gated
19,1,1,1,nan,0,0,nan,nan,0,lotte_technology_search_100k_q208,0,0.9415445590912338,3,linucb_primary,0,0,0,1895,dynamic_gated
19,1,0,1,0.09329446064139942,64,1,0.5247813411078717,0.01,1,lotte_technology_search_100k_q489,3,0.49048062563708755,2,hybrid_lite,1,1,1,686,dynamic_gated
19,1,1,1,0.23493975903614459,312,1,0.5376506024096386,0.01,0,lotte_technology_search_100k_q62,1,0.8747112586330151,3,linucb_primary,1,1,1,1328,dynamic_gated
19,1,1,1,0.06751054852320675,64,1,0.44831223628691985,0.01,1,lotte_technology_search_100k_q111,5,0.7432061387205791,3,linucb_primary,1,1,1,948,dynamic_gated
19,1,1,1,0.20567375886524822,261,2,0.5106382978723405,0.01,0,lotte_technology_search_100k_q214,1,0.9865895023017559,3,linucb_primary,1,1,1,1269,dynamic_gated
19,1,1,1,0.25227655986509273,748,1,0.5443507588532883,0.01,1,lotte_technology_search_100k_q479,2,0.567763596703437,3,hybrid_lite,1,1,1,2965,dynamic_gated
19,1,1,1,0.04650283553875236,123,1,0.801890359168242,0.01,1,lotte_technology_search_100k_q332,3,0.9485388944501971,3,linucb_primary,1,1,1,2645,dynamic_gated
19,1,1,1,0.10656620021528525,99,1,0.6135629709364909,0.01,1,lotte_technology_search_100k_q83,2,0.5881032217708767,3,hybrid_lite,1,1,1,929,dynamic_gated
19,1,0,1,0.17691154422788605,118,1,0.631184407796102,0.01,0,lotte_technology_search_100k_q87,1,0.2954861187488452,2,full_dense_fallback,1,1,1,667,dynamic_gated
19,1,1,1,0.10505782360317681,1508,1,0.4862756026194789,0.01,1,lotte_technology_search_100k_q558,5,0.8925439383331897,3,linucb_primary,1,1,1,14354,dynamic_gated
19,1,1,1,1.0,938,10,0.0,1.0,0,lotte_technology_search_100k_q155,1,0.6478287503607004,3,hybrid_lite,0,0,1,938,dynamic_gated
19,1,1,1,0.043922369765066395,43,1,0.5944841675178754,0.01,1,lotte_technology_search_100k_q404,4,0.581643786747063,3,hybrid_lite,1,1,1,979,dynamic_gated
19,0,1,1,nan,0,0,nan,nan,0,lotte_technology_search_100k_q47,0,0.32059337532021515,2,full_dense_fallback,0,0,0,830,dynamic_gated
19,1,1,1,0.08909730363423213,76,1,0.5463071512309496,0.01,0,lotte_technology_search_100k_q37,1,0.8863857607692999,3,linucb_primary,1,1,1,853,dynamic_gated
19,1,0,1,0.16837315130830488,148,1,0.6268486916951082,0.01,1,lotte_technology_search_100k_q335,2,0.7353084475726943,2,hybrid_lite,1,1,1,879,dynamic_gated
19,1,1,1,0.29698253043938594,561,1,0.37744838538909475,0.01,0,lotte_technology_search_100k_q411,1,0.8946001455038419,3,linucb_primary,1,1,1,1889,dynamic_gated
19,1,0,1,0.177319587628866,86,2,0.5938144329896907,0.01,0,lotte_technology_search_100k_q265,1,0.315522070588118,2,full_dense_fallback,1,1,1,485,dynamic_gated
19,0,1,1,0.13986013986013987,180,2,0.5540015540015539,0.01,1,lotte_technology_search_100k_q510,4,0.8864560332237756,2,linucb_primary,1,1,1,1287,dynamic_gated
19,1,1,1,0.11103958802703573,345,1,0.7016414547795301,0.01,1,lotte_technology_search_100k_q327,4,0.9702935809947688,3,linucb_primary,1,1,1,3107,dynamic_gated
19,1,0,1,0.2005842259006816,206,1,0.4761441090555014,0.01,1,lotte_technology_search_100k_q229,4,0.3428481441512612,2,full_dense_fallback,1,1,1,1027,dynamic_gated
19,1,1,1,0.11764705882352941,74,1,0.5771065182829889,0.01,0,lotte_technology_search_100k_q168,1,0.7090769631281512,3,hybrid_lite,1,1,1,629,dynamic_gated
19,1,1,1,0.11768754301445286,342,1,0.7019958706125258,0.01,1,lotte_technology_search_100k_q326,2,0.6004749677230686,3,hybrid_lite,1,1,1,2906,dynamic_gated
19,1,1,1,0.7256544502617801,693,6,0.5151832460732984,0.49,0,lotte_technology_search_100k_q205,1,0.7856863339881722,3,linucb_primary,1,1,1,955,dynamic_gated
19,1,1,1,0.2489905787348587,185,3,0.6150740242261103,0.01,0,lotte_technology_search_100k_q19,1,0.7947795974128651,3,linucb_primary,1,1,1,743,dynamic_gated
19,1,1,1,0.12824956672443674,74,1,0.5389948006932409,0.01,0,lotte_technology_search_100k_q167,1,0.6325934731244507,3,hybrid_lite,1,1,1,577,dynamic_gated
19,1,1,1,0.48246674727932287,399,3,0.47642079806529625,0.01,1,lotte_technology_search_100k_q52,2,0.5070146161409779,3,hybrid_lite,1,1,1,827,dynamic_gated
19,1,1,1,0.06585612968591692,130,1,0.5932117527862208,0.01,1,lotte_technology_search_100k_q331,2,0.775076635087071,3,linucb_primary,1,1,1,1974,dynamic_gated
19,0,1,1,nan,0,0,nan,nan,0,lotte_technology_search_100k_q20,0,0.8179680797831113,2,linucb_primary,0,0,0,883,dynamic_gated
19,1,1,1,0.28982843137254904,473,2,0.508578431372549,0.01,0,lotte_technology_search_100k_q212,1,0.7905062670824614,3,linucb_primary,1,1,1,1632,dynamic_gated
19,0,1,1,0.24563758389261744,183,2,0.52751677852349,0.01,1,lotte_technology_search_100k_q75,2,0.7068605292626451,2,hybrid_lite,1,1,1,745,dynamic_gated
19,1,1,1,0.2178988326848249,168,1,0.6212710765239948,0.01,0,lotte_technology_search_100k_q190,1,0.9401291016177902,3,linucb_primary,1,1,1,771,dynamic_gated
19,1,1,1,0.044551475015051176,74,1,0.6947621914509332,0.01,1,lotte_technology_search_100k_q437,10,0.9341877353669277,3,linucb_primary,1,1,1,1661,dynamic_gated
19,1,1,1,0.09788953749438707,218,1,0.5657835653345308,0.01,1,lotte_technology_search_100k_q406,2,0.8124401689529632,3,linucb_primary,1,1,1,2227,dynamic_gated
19,0,0,0,nan,0,0,nan,nan,0,lotte_technology_search_100k_q116,0,0.39148209076307383,0,full_dense_fallback,0,0,0,1250,dynamic_gated
19,0,1,1,0.6665424739195231,1789,8,0.33345752608047685,0.67,0,lotte_technology_search_100k_q374,1,0.9028392827401808,2,linucb_primary,1,1,1,2684,dynamic_gated
19,1,1,1,0.03235053235053235,79,1,0.4238329238329238,0.01,0,lotte_technology_search_100k_q375,1,0.9522134169039489,3,linucb_primary,1,1,1,2442,dynamic_gated
19,1,1,1,0.20418084589207583,420,1,0.529897909577054,0.01,0,lotte_technology_search_100k_q565,1,0.9453830543366674,3,linucb_primary,1,1,1,2057,dynamic_gated
19,1,1,1,0.2312180889861415,317,2,0.4004376367614879,0.01,1,lotte_technology_search_100k_q10,2,0.8157701385271672,3,linucb_primary,1,1,1,1371,dynamic_gated
19,1,1,1,0.1536643026004728,195,1,0.574468085106383,0.01,1,lotte_technology_search_100k_q589,2,0.7363557996384459,3,hybrid_lite,1,1,1,1269,dynamic_gated
19,1,0,1,0.08177044261065267,109,1,0.5768942235558889,0.01,1,lotte_technology_search_100k_q300,4,0.31402734373480967,2,full_dense_fallback,1,1,1,1333,dynamic_gated
19,1,1,1,0.10428662827895073,163,1,0.6353166986564299,0.01,1,lotte_technology_search_100k_q430,3,0.8497144207476192,3,linucb_primary,1,1,1,1563,dynamic_gated
19,1,1,1,0.2304916553901669,511,1,0.6725304465493911,0.01,1,lotte_technology_search_100k_q418,3,0.47631411372946186,3,hybrid_lite,1,1,1,2217,dynamic_gated
19,1,0,1,0.2179023508137432,241,2,0.6636528028933093,0.01,0,lotte_technology_search_100k_q158,1,0.30042569792205626,2,full_dense_fallback,1,1,1,1106,dynamic_gated
19,1,1,1,0.33499773036768044,738,2,0.4148887880163413,0.01,1,lotte_technology_search_100k_q80,2,0.9467610841569813,3,linucb_primary,1,1,1,2203,dynamic_gated
19,1,1,1,0.037144938091769844,51,1,0.5702840495265842,0.01,0,lotte_technology_search_100k_q372,1,0.9597701460071417,3,linucb_primary,1,1,1,1373,dynamic_gated
19,1,1,1,0.10320385596824497,728,1,0.6763538417918911,0.01,0,lotte_technology_search_100k_q347,1,0.751366305525375,3,linucb_primary,1,1,1,7054,dynamic_gated
19,1,1,1,0.09821182943603851,357,1,0.6536451169188446,0.01,1,lotte_technology_search_100k_q204,2,0.8263738721083975,3,linucb_primary,1,1,1,3635,dynamic_gated
19,1,1,1,0.8139825218476904,1304,6,0.28776529338327095,0.72,0,lotte_technology_search_100k_q231,1,0.8314911474075535,3,linucb_primary,1,1,1,1602,dynamic_gated
19,0,1,1,nan,0,0,nan,nan,0,lotte_technology_search_100k_q119,0,0.5507565507413587,2,hybrid_lite,0,0,0,862,dynamic_gated
19,1,1,1,0.03340080971659919,66,1,0.35323886639676116,0.01,1,lotte_technology_search_100k_q455,4,0.9773258255366072,3,linucb_primary,1,1,1,1976,dynamic_gated
19,0,0,0,nan,0,0,nan,nan,0,lotte_technology_search_100k_q150,0,0.7690109618936304,0,linucb_primary,0,0,0,993,dynamic_gated
19,1,1,1,0.08077321366931309,234,1,0.7487055574732482,0.01,0,lotte_technology_search_100k_q569,1,0.8550958321815629,3,linucb_primary,1,1,1,2897,dynamic_gated
19,1,1,1,0.7328571428571429,513,6,0.2671428571428571,0.74,0,lotte_technology_search_100k_q221,1,0.6567239202231411,3,hybrid_lite,1,1,1,700,dynamic_gated
19,1,1,1,0.049930651872399444,108,1,0.7776236708275543,0.01,1,lotte_technology_search_100k_q573,2,0.5945402905840589,3,hybrid_lite,1,1,1,2163,dynamic_gated
19,1,1,1,0.05582137161084529,70,1,0.4840510366826156,0.01,1,lotte_technology_search_100k_q429,8,0.8863391175077473,3,linucb_primary,1,1,1,1254,dynamic_gated
19,0,1,1,0.35807860262008734,574,1,0.4666250779787897,0.01,0,lotte_technology_search_100k_q487,1,0.5391724732411097,2,hybrid_lite,1,1,1,1603,dynamic_gated
19,1,1,1,0.04007285974499089,44,1,0.45992714025500914,0.01,1,lotte_technology_search_100k_q243,2,0.6743174053621751,3,hybrid_lite,1,1,1,1098,dynamic_gated
19,1,1,1,0.5205724508050089,582,1,0.29427549194991054,0.01,1,lotte_technology_search_100k_q53,2,0.4551832508135393,3,hybrid_lite,1,1,1,1118,dynamic_gated
19,1,1,1,0.13752711496746203,317,1,0.7874186550976139,0.01,0,lotte_technology_search_100k_q323,1,0.896994135736111,3,linucb_primary,1,1,1,2305,dynamic_gated
19,1,1,1,0.11256940938919738,223,1,0.29177183240787485,0.01,0,lotte_technology_search_100k_q391,1,0.960716938125977,3,linucb_primary,1,1,1,1981,dynamic_gated
19,1,1,1,0.05931122448979592,93,1,0.5714285714285714,0.01,1,lotte_technology_search_100k_q348,5,1.0,3,linucb_primary,1,1,1,1568,dynamic_gated
19,1,1,1,0.26822157434402333,276,1,0.5403304178814383,0.01,0,lotte_technology_search_100k_q432,1,0.8433897935090021,3,linucb_primary,1,1,1,1029,dynamic_gated
19,1,1,1,0.6755045508508113,1707,5,0.3244954491491887,0.68,0,lotte_technology_search_100k_q71,1,0.9604549904185434,3,linucb_primary,1,1,1,2527,dynamic_gated
19,1,1,1,0.1616650532429816,334,1,0.5890609874152952,0.01,1,lotte_technology_search_100k_q398,7,0.7555211237225802,3,linucb_primary,1,1,1,2066,dynamic_gated
19,0,1,0,nan,0,0,nan,nan,0,lotte_technology_search_100k_q319,0,0.6502891699617172,1,hybrid_lite,0,0,0,923,dynamic_gated
19,1,1,1,nan,0,0,nan,nan,0,lotte_technology_search_100k_q182,0,0.5646207788275751,3,hybrid_lite,0,0,0,1042,dynamic_gated
19,1,1,1,0.18575851393188855,180,1,0.5675954592363261,0.01,0,lotte_technology_search_100k_q25,1,0.8107041347964751,3,linucb_primary,1,1,1,969,dynamic_gated
19,1,1,1,0.2881944444444444,332,3,0.6336805555555556,0.01,1,lotte_technology_search_100k_q14,2,0.40831440049751133,3,full_dense_fallback,1,1,1,1152,dynamic_gated
19,1,1,1,0.2845528455284553,210,3,0.6788617886178862,0.01,1,lotte_technology_search_100k_q370,2,0.4416476113688632,3,hybrid_lite,1,1,1,738,dynamic_gated
19,1,1,1,0.05224787363304982,86,1,0.586269744835966,0.01,1,lotte_technology_search_100k_q449,3,0.9877088978415556,3,linucb_primary,1,1,1,1646,dynamic_gated
19,1,1,1,0.5323741007194245,740,3,0.4388489208633094,0.01,1,lotte_technology_search_100k_q39,2,0.6217745018496359,3,hybrid_lite,1,1,1,1390,dynamic_gated
19,1,1,1,0.4789402173913043,705,8,0.6243206521739131,0.38,0,lotte_technology_search_100k_q165,1,0.7463418461099288,3,linucb_primary,1,1,1,1472,dynamic_gated
19,1,1,1,0.11101730688054032,263,1,0.5922330097087378,0.01,1,lotte_technology_search_100k_q350,7,0.9498671109335688,3,linucb_primary,1,1,1,2369,dynamic_gated
19,1,1,1,1.0,969,10,0.0,1.0,0,lotte_technology_search_100k_q156,1,0.6341475965825163,3,hybrid_lite,0,0,1,969,dynamic_gated
19,1,1,1,0.8032078963602715,1302,7,0.4355336212214682,0.57,0,lotte_technology_search_100k_q567,1,0.5810926973943318,3,hybrid_lite,1,1,1,1621,dynamic_gated
19,1,1,1,0.078125,180,1,0.5360243055555556,0.01,1,lotte_technology_search_100k_q468,2,0.7094087556850551,3,hybrid_lite,1,1,1,2304,dynamic_gated
19,1,0,1,nan,0,0,nan,nan,0,lotte_technology_search_100k_q524,0,0.6305468029672722,2,hybrid_lite,0,0,0,1268,dynamic_gated
19,1,1,1,0.38686131386861317,477,5,0.6131386861313868,0.39,1,lotte_technology_search_100k_q187,2,0.6517272330503695,3,hybrid_lite,1,1,1,1233,dynamic_gated
19,1,1,1,0.07259528130671507,120,1,0.588021778584392,0.01,1,lotte_technology_search_100k_q486,2,0.8022054942540305,3,linucb_primary,1,1,1,1653,dynamic_gated
19,0,1,1,1.0,1039,10,0.26756496631376325,0.74,0,lotte_technology_search_100k_q68,1,0.951076002923926,2,linucb_primary,1,1,1,1039,dynamic_gated
19,1,0,1,0.18940609951845908,118,1,0.637239165329053,0.01,0,lotte_technology_search_100k_q86,1,0.36418647798034276,2,full_dense_fallback,1,1,1,623,dynamic_gated
19,1,1,1,0.60778859527121,437,7,0.6731571627260083,0.33,1,lotte_technology_search_100k_q118,2,0.45618496303848505,3,hybrid_lite,1,1,1,719,dynamic_gated
19,1,1,1,0.1638163816381638,182,1,0.6147614761476148,0.01,0,lotte_technology_search_100k_q133,1,0.8278584835251249,3,linucb_primary,1,1,1,1111,dynamic_gated
19,1,0,1,0.07881773399014778,144,1,0.4203612479474549,0.01,1,lotte_technology_search_100k_q587,3,0.25796416401536226,2,full_dense_fallback,1,1,1,1827,dynamic_gated
19,1,1,1,0.2078853046594982,406,1,0.5673323092677931,0.01,0,lotte_technology_search_100k_q550,1,0.7581152089409464,3,linucb_primary,1,1,1,1953,dynamic_gated
19,0,0,0,nan,0,0,nan,nan,0,lotte_technology_search_100k_q149,0,0.6604437766391212,0,hybrid_lite,0,0,0,898,dynamic_gated
19,1,1,1,0.07388137356919876,142,1,0.7674297606659729,0.01,1,lotte_technology_search_100k_q571,2,0.55123888018278,3,hybrid_lite,1,1,1,1922,dynamic_gated
19,0,1,1,0.6352201257861635,707,4,0.3647798742138365,0.01,0,lotte_technology_search_100k_q481,1,0.31788093477386503,2,full_dense_fallback,1,1,1,1113,dynamic_gated
19,1,1,1,0.07947301317467063,187,1,0.6413089672758181,0.01,1,lotte_technology_search_100k_q299,3,0.512818781938089,3,hybrid_lite,1,1,1,2353,dynamic_gated
19,1,1,1,0.04923325262308313,61,1,0.29782082324455206,0.01,1,lotte_technology_search_100k_q255,3,0.9455807383800874,3,linucb_primary,1,1,1,1239,dynamic_gated
19,1,1,1,0.0778727445394112,82,1,0.5574548907882242,0.01,0,lotte_technology_search_100k_q393,1,0.9401848835515231,3,linucb_primary,1,1,1,1053,dynamic_gated
19,1,1,1,0.13578062804068997,307,1,0.48960636886333486,0.01,1,lotte_technology_search_100k_q530,4,0.6943395584880393,3,hybrid_lite,1,1,1,2261,dynamic_gated
19,1,1,1,0.04527162977867203,90,1,0.7062374245472838,0.01,1,lotte_technology_search_100k_q349,2,0.891000555545384,3,linucb_primary,1,1,1,1988,dynamic_gated
19,0,1,1,nan,0,0,nan,nan,0,lotte_technology_search_100k_q56,0,0.927809612988107,2,linucb_primary,0,0,0,973,dynamic_gated
19,1,1,1,0.12144155057540884,401,1,0.2531798909751666,0.01,1,lotte_technology_search_100k_q532,2,0.3807411444014914,3,full_dense_fallback,1,1,1,3302,dynamic_gated
19,1,1,1,0.1498371335504886,230,2,0.5563517915309446,0.01,1,lotte_technology_search_100k_q351,3,0.7478332422265348,3,linucb_primary,1,1,1,1535,dynamic_gated
19,1,1,1,0.13002806361085126,139,1,0.3872778297474275,0.01,1,lotte_technology_search_100k_q586,5,0.8065742312923595,3,linucb_primary,1,1,1,1069,dynamic_gated
19,1,1,1,0.0924132364810331,229,1,0.54317998385795,0.01,1,lotte_technology_search_100k_q540,3,0.6007718890897461,3,hybrid_lite,1,1,1,2478,dynamic_gated
19,1,1,1,0.020041465100207326,29,1,0.6841741534208707,0.01,1,lotte_technology_search_100k_q515,5,0.5101577608058564,3,hybrid_lite,1,1,1,1447,dynamic_gated
19,0,0,1,0.23516949152542374,111,1,0.35169491525423724,0.01,0,lotte_technology_search_100k_q223,1,0.3043108591227368,1,full_dense_fallback,1,1,1,472,dynamic_gated
19,1,1,1,0.15025041736227046,90,1,0.5008347245409015,0.01,0,lotte_technology_search_100k_q228,1,0.6667560703998138,3,hybrid_lite,1,1,1,599,dynamic_gated
19,0,1,1,0.18106508875739644,153,2,0.6461538461538461,0.01,0,lotte_technology_search_100k_q30,1,0.7570245201431667,2,linucb_primary,1,1,1,845,dynamic_gated
19,1,1,1,0.08479899497487438,135,1,0.5678391959798995,0.01,1,lotte_technology_search_100k_q548,2,0.6959297641047758,3,hybrid_lite,1,1,1,1592,dynamic_gated
19,1,1,1,0.0778371954842543,131,1,0.5799168152109329,0.01,1,lotte_technology_search_100k_q365,3,0.9690985404402972,3,linucb_primary,1,1,1,1683,dynamic_gated
19,1,0,1,0.023636363636363636,26,1,0.7909090909090909,0.01,1,lotte_technology_search_100k_q145,2,0.23904037021872904,2,full_dense_fallback,1,1,1,1100,dynamic_gated
19,1,1,1,0.03290183387270766,61,1,0.6181229773462783,0.01,1,lotte_technology_search_100k_q341,3,0.9602075147245875,3,linucb_primary,1,1,1,1854,dynamic_gated
19,1,1,1,0.05888767720828789,54,1,0.6706652126499455,0.01,1,lotte_technology_search_100k_q248,2,0.6819607086942293,3,hybrid_lite,1,1,1,917,dynamic_gated
19,1,0,1,0.09011943539630836,166,1,0.754071661237785,0.01,1,lotte_technology_search_100k_q484,2,0.49743193211298753,2,hybrid_lite,1,1,1,1842,dynamic_gated
19,1,1,1,0.13432835820895522,108,1,0.6592039800995024,0.01,1,lotte_technology_search_100k_q239,2,0.8728785558798708,3,linucb_primary,1,1,1,804,dynamic_gated
19,1,1,1,0.3031496062992126,77,1,0.5,0.01,0,lotte_technology_search_100k_q385,1,0.70004809608801,3,hybrid_lite,1,1,1,254,dynamic_gated
19,1,0,1,0.04203670811130847,71,1,0.5198342214328004,0.01,1,lotte_technology_search_100k_q380,3,0.3309488603929662,2,full_dense_fallback,1,1,1,1689,dynamic_gated
19,1,1,1,0.08706647398843931,241,1,0.6231936416184971,0.01,0,lotte_technology_search_100k_q518,1,0.7919611590269308,3,linucb_primary,1,1,1,2768,dynamic_gated
19,1,1,1,0.23482428115015974,147,2,0.5447284345047924,0.01,1,lotte_technology_search_100k_q277,2,0.6986314081004581,3,hybrid_lite,1,1,1,626,dynamic_gated
19,1,1,0,nan,0,0,nan,nan,0,lotte_technology_search_100k_q134,0,0.8450445552209171,2,linucb_primary,0,0,0,735,dynamic_gated
19,1,0,1,0.17357310398749023,222,3,0.7388584831899923,0.01,0,lotte_technology_search_100k_q59,1,0.5195891370677274,2,hybrid_lite,1,1,1,1279,dynamic_gated
19,1,1,1,0.31443298969072164,427,1,0.3078055964653903,0.01,1,lotte_technology_search_100k_q128,2,0.636811332971035,3,hybrid_lite,1,1,1,1358,dynamic_gated
19,0,1,1,nan,0,0,nan,nan,0,lotte_technology_search_100k_q38,0,0.9672861465236431,2,linucb_primary,0,0,0,727,dynamic_gated
19,1,1,1,0.059490084985835696,63,1,0.5618508026440038,0.01,1,lotte_technology_search_100k_q388,3,0.7064212915249175,3,hybrid_lite,1,1,1,1059,dynamic_gated
19,1,1,1,0.1806883365200765,378,2,0.39053537284894835,0.01,0,lotte_technology_search_100k_q123,1,0.8275997432430002,3,linucb_primary,1,1,1,2092,dynamic_gated
19,1,1,1,0.6517036235803136,1205,5,0.34829637641968636,0.66,0,lotte_technology_search_100k_q67,1,0.9805043775273974,3,linucb_primary,1,1,1,1849,dynamic_gated
19,1,1,1,0.26438698915763137,317,2,0.43452877397831524,0.01,0,lotte_technology_search_100k_q15,1,0.8082883430511997,3,linucb_primary,1,1,1,1199,dynamic_gated
19,1,1,1,0.13690105787181084,220,1,0.5227131300560051,0.01,1,lotte_technology_search_100k_q531,3,0.9440716171703881,3,linucb_primary,1,1,1,1607,dynamic_gated
19,1,1,1,0.06367292225201072,95,1,0.410857908847185,0.01,1,lotte_technology_search_100k_q512,2,0.605290872652664,3,hybrid_lite,1,1,1,1492,dynamic_gated
19,1,0,1,0.04672897196261682,65,1,0.6369518332135155,0.01,0,lotte_technology_search_100k_q192,1,0.48778356352599994,2,hybrid_lite,1,1,1,1391,dynamic_gated
19,1,1,1,0.225531914893617,318,4,0.774468085106383,0.01,1,lotte_technology_search_100k_q549,5,0.7155685897704138,3,hybrid_lite,1,1,1,1410,dynamic_gated
19,1,1,1,0.08226691042047532,135,1,0.36745886654478976,0.01,1,lotte_technology_search_100k_q554,2,0.7444644838662248,3,linucb_primary,1,1,1,1641,dynamic_gated
19,0,0,1,0.22023809523809523,111,1,0.5376984126984127,0.01,0,lotte_technology_search_100k_q217,1,0.22160751011655444,1,full_dense_fallback,1,1,1,504,dynamic_gated
19,1,1,1,nan,0,0,nan,nan,0,lotte_technology_search_100k_q195,0,0.7890085232884321,3,linucb_primary,0,0,0,854,dynamic_gated
19,1,1,1,0.10057471264367816,210,1,0.5962643678160919,0.01,1,lotte_technology_search_100k_q438,10,0.8445798469615319,3,linucb_primary,1,1,1,2088,dynamic_gated
19,1,1,1,0.070262246412667,142,1,0.7788223651657595,0.01,1,lotte_technology_search_100k_q555,2,0.6413713851780629,3,hybrid_lite,1,1,1,2021,dynamic_gated
19,1,1,1,0.24572649572649571,230,1,0.5288461538461539,0.01,1,lotte_technology_search_100k_q247,2,0.7534229142621213,3,linucb_primary,1,1,1,936,dynamic_gated
19,1,1,1,0.26676176890156916,374,1,0.4693295292439372,0.01,1,lotte_technology_search_100k_q330,3,0.7849007056933589,3,linucb_primary,1,1,1,1402,dynamic_gated
19,1,0,1,0.8174757281553398,421,8,0.18252427184466025,0.82,0,lotte_technology_search_100k_q381,1,0.3029902232265985,2,full_dense_fallback,1,1,1,515,dynamic_gated
19,1,1,1,nan,0,0,nan,nan,0,lotte_technology_search_100k_q157,0,0.7205484632546829,3,hybrid_lite,0,0,0,865,dynamic_gated
19,0,1,1,0.4979209979209979,479,6,0.502079002079002,0.5,0,lotte_technology_search_100k_q130,1,0.901581702176116,2,linucb_primary,1,1,1,962,dynamic_gated
19,1,0,1,0.3763586956521739,277,5,0.6236413043478262,0.38,0,lotte_technology_search_100k_q54,1,0.4227298380087094,2,full_dense_fallback,1,1,1,736,dynamic_gated
19,1,1,1,0.035634743875278395,64,1,0.7360801781737194,0.01,1,lotte_technology_search_100k_q541,4,0.7275213052655926,3,hybrid_lite,1,1,1,1796,dynamic_gated
19,1,1,1,0.142949967511371,220,1,0.5990903183885641,0.01,1,lotte_technology_search_100k_q488,2,0.8707470569203506,3,linucb_primary,1,1,1,1539,dynamic_gated
19,1,1,1,0.06754658385093168,87,1,0.6653726708074534,0.01,0,lotte_technology_search_100k_q352,1,0.9415390366863686,3,linucb_primary,1,1,1,1288,dynamic_gated
19,1,0,1,0.15733333333333333,118,1,0.7666666666666666,0.01,0,lotte_technology_search_100k_q85,1,0.2731749494780518,2,full_dense_fallback,1,1,1,750,dynamic_gated
19,1,1,1,0.11612903225806452,198,1,0.4545454545454546,0.01,0,lotte_technology_search_100k_q576,1,0.38998873161084563,3,full_dense_fallback,1,1,1,1705,dynamic_gated
19,1,1,1,0.6517935258092739,745,6,0.37445319335083116,0.63,1,lotte_technology_search_100k_q389,2,0.7495269265648836,3,linucb_primary,1,1,1,1143,dynamic_gated
19,1,1,1,0.023504273504273504,66,1,0.5673076923076923,0.01,1,lotte_technology_search_100k_q394,4,0.9774456633060756,3,linucb_primary,1,1,1,2808,dynamic_gated
19,1,1,1,0.40668523676880225,292,3,0.5292479108635098,0.01,0,lotte_technology_search_100k_q238,1,0.519213546574466,3,hybrid_lite,1,1,1,718,dynamic_gated
19,0,1,1,0.6229235880398671,375,6,0.5448504983388704,0.46,0,lotte_technology_search_100k_q184,1,0.7419742746502581,2,linucb_primary,1,1,1,602,dynamic_gated
19,1,1,1,0.11226611226611227,270,1,0.47733887733887737,0.01,1,lotte_technology_search_100k_q514,2,1.0,3,linucb_primary,1,1,1,2405,dynamic_gated
19,1,1,1,0.030257186081694403,100,1,0.3071104387291982,0.01,1,lotte_technology_search_100k_q289,7,0.8564233308227688,3,linucb_primary,1,1,1,3305,dynamic_gated
19,1,1,1,0.05782526712759271,92,1,0.8120678818353237,0.01,1,lotte_technology_search_100k_q461,8,0.7888149689339032,3,linucb_primary,1,1,1,1591,dynamic_gated
19,1,1,1,0.06202849958088852,74,1,0.2531433361274099,0.01,1,lotte_technology_search_100k_q274,2,0.9647688546077016,3,linucb_primary,1,1,1,1193,dynamic_gated
19,1,1,1,0.10904255319148937,164,1,0.7446808510638299,0.01,1,lotte_technology_search_100k_q521,2,0.811246659990249,3,linucb_primary,1,1,1,1504,dynamic_gated
19,1,1,1,nan,0,0,nan,nan,0,lotte_technology_search_100k_q33,0,0.9330339882098656,3,linucb_primary,0,0,0,1111,dynamic_gated
19,1,1,1,0.0963855421686747,104,1,0.7034291010194624,0.01,0,lotte_technology_search_100k_q451,1,0.8385156562627504,3,linucb_primary,1,1,1,1079,dynamic_gated
19,1,1,1,0.9064261555806088,804,9,0.0935738444193912,0.91,0,lotte_technology_search_100k_q181,1,0.9362342046806011,3,linucb_primary,0,1,1,887,dynamic_gated
19,1,1,1,nan,0,0,nan,nan,0,lotte_technology_search_100k_q36,0,0.8429478720135867,3,linucb_primary,0,0,0,1456,dynamic_gated
19,1,1,1,0.1260545905707196,254,1,0.5146401985111663,0.01,1,lotte_technology_search_100k_q471,4,0.9463772082942166,3,linucb_primary,1,1,1,2015,dynamic_gated
19,1,1,1,0.15725806451612903,351,1,0.796594982078853,0.01,0,lotte_technology_search_100k_q124,1,0.7674736903416451,3,linucb_primary,1,1,1,2232,dynamic_gated
19,0,1,1,0.6019641825534373,1042,4,0.3980358174465627,0.01,1,lotte_technology_search_100k_q364,2,0.7450193875771643,2,linucb_primary,1,1,1,1731,dynamic_gated
19,1,1,1,0.01716961498439126,33,1,0.8350676378772113,0.01,1,lotte_technology_search_100k_q520,2,0.6956625545551924,3,hybrid_lite,1,1,1,1922,dynamic_gated
19,0,1,1,0.8673670387393303,1321,9,0.5554826001313198,0.45,0,lotte_technology_search_100k_q92,1,0.6871578902417361,2,hybrid_lite,0,1,1,1523,dynamic_gated
19,1,1,1,0.39987445072190836,637,4,0.6001255492780917,0.01,1,lotte_technology_search_100k_q108,5,0.9427707125962991,3,linucb_primary,1,1,1,1593,dynamic_gated
19,1,0,0,nan,0,0,nan,nan,0,lotte_technology_search_100k_q282,0,0.6056454056985706,1,hybrid_lite,0,0,0,1609,dynamic_gated
19,1,0,1,nan,0,0,nan,nan,0,lotte_technology_search_100k_q410,0,0.7779895031825069,2,linucb_primary,0,0,0,1387,dynamic_gated
19,1,0,1,0.09744408945686901,122,1,0.7587859424920128,0.01,0,lotte_technology_search_100k_q401,1,0.48492790967729354,2,hybrid_lite,1,1,1,1252,dynamic_gated
19,1,1,1,0.711472602739726,831,6,0.288527397260274,0.72,0,lotte_technology_search_100k_q505,1,0.5933188126966797,3,hybrid_lite,1,1,1,1168,dynamic_gated
19,1,1,1,0.09883720930232558,153,1,0.5180878552971576,0.01,1,lotte_technology_search_100k_q490,3,0.7386234541788914,3,hybrid_lite,1,1,1,1548,dynamic_gated
19,1,1,1,0.1207115628970775,95,1,0.5819567979669631,0.01,0,lotte_technology_search_100k_q224,1,0.7888375826390035,3,linucb_primary,1,1,1,787,dynamic_gated
19,1,1,1,0.19117647058823528,312,1,0.4834558823529411,0.01,0,lotte_technology_search_100k_q61,1,0.9541975839044288,3,linucb_primary,1,1,1,1632,dynamic_gated
19,1,1,1,nan,0,0,nan,nan,0,lotte_technology_search_100k_q169,0,0.5778016270991498,3,hybrid_lite,0,0,0,1056,dynamic_gated
19,0,0,0,nan,0,0,nan,nan,0,lotte_technology_search_100k_q137,0,0.24999072996940147,0,full_dense_fallback,0,0,0,1105,dynamic_gated
19,0,0,1,0.15543219666931007,196,1,0.5693893735130848,0.01,0,lotte_technology_search_100k_q144,1,0.48446384528231756,1,hybrid_lite,1,1,1,1261,dynamic_gated
19,1,1,1,0.18835370237239396,262,2,0.6872753414809489,0.01,0,lotte_technology_search_100k_q199,1,0.7387932023133774,3,hybrid_lite,1,1,1,1391,dynamic_gated
19,1,1,1,0.11881750994883457,209,1,0.6463899943149517,0.01,1,lotte_technology_search_100k_q371,2,0.9917631665814397,3,linucb_primary,1,1,1,1759,dynamic_gated
19,1,1,1,0.04734411085450346,123,1,0.7120862201693611,0.01,1,lotte_technology_search_100k_q153,2,0.6384528218961084,3,hybrid_lite,1,1,1,2598,dynamic_gated
19,1,1,1,0.5130228887134964,650,4,0.48697711128650356,0.01,0,lotte_technology_search_100k_q233,1,0.9779702743356947,3,linucb_primary,1,1,1,1267,dynamic_gated
19,1,1,1,0.17618586640851888,182,1,0.37560503388189737,0.01,1,lotte_technology_search_100k_q232,2,0.9663477064349978,3,linucb_primary,1,1,1,1033,dynamic_gated
19,1,1,1,0.061068702290076333,72,1,0.6963528413910094,0.01,1,lotte_technology_search_100k_q563,3,0.5974979601770934,3,hybrid_lite,1,1,1,1179,dynamic_gated
19,1,1,1,0.034050179211469536,76,1,0.5004480286738351,0.01,1,lotte_technology_search_100k_q408,7,0.7863078529004811,3,linucb_primary,1,1,1,2232,dynamic_gated
19,0,0,0,nan,0,0,nan,nan,0,lotte_technology_search_100k_q74,0,0.5173497241662676,0,hybrid_lite,0,0,0,587,dynamic_gated
19,1,1,1,0.40676923076923077,661,3,0.5661538461538462,0.01,0,lotte_technology_search_100k_q201,1,0.9217440482795555,3,linucb_primary,1,1,1,1625,dynamic_gated
19,1,1,1,0.2776957163958641,376,1,0.5243722304283605,0.01,0,lotte_technology_search_100k_q478,1,0.775390030135279,3,linucb_primary,1,1,1,1354,dynamic_gated
19,0,1,1,nan,0,0,nan,nan,0,lotte_technology_search_100k_q176,0,0.9496619944775766,2,linucb_primary,0,0,0,671,dynamic_gated
19,1,1,1,0.10365425158116655,295,1,0.32431482782853127,0.01,1,lotte_technology_search_100k_q297,2,0.9798832321111443,3,linucb_primary,1,1,1,2846,dynamic_gated
19,1,1,1,0.09046718876586551,335,1,0.5039157439913584,0.01,1,lotte_technology_search_100k_q458,3,0.5491106926314627,3,hybrid_lite,1,1,1,3703,dynamic_gated
19,1,1,1,0.22635658914728682,292,3,0.7379844961240309,0.01,0,lotte_technology_search_100k_q241,1,0.5561195760347124,3,hybrid_lite,1,1,1,1290,dynamic_gated
19,1,1,1,0.1640530759951749,136,1,0.6079613992762365,0.01,1,lotte_technology_search_100k_q272,2,0.7298203870158866,3,hybrid_lite,1,1,1,829,dynamic_gated
19,1,1,1,0.033460076045627375,44,1,0.4273764258555133,0.01,1,lotte_technology_search_100k_q344,6,0.8386184449980452,3,linucb_primary,1,1,1,1315,dynamic_gated
19,1,1,1,0.2817204301075269,262,1,0.40645161290322585,0.01,1,lotte_technology_search_100k_q94,3,0.6466503567543951,3,hybrid_lite,1,1,1,930,dynamic_gated
19,1,1,1,0.5458392101551481,1161,3,0.4156088387400094,0.01,0,lotte_technology_search_100k_q198,1,0.3020837903022766,3,full_dense_fallback,1,1,1,2127,dynamic_gated
19,1,1,1,0.11752044769694361,273,1,0.6190271201033146,0.01,0,lotte_technology_search_100k_q564,1,0.9621946298253199,3,linucb_primary,1,1,1,2323,dynamic_gated
19,1,1,1,0.0446875,143,1,0.691875,0.01,1,lotte_technology_search_100k_q464,8,0.8337323315694537,3,linucb_primary,1,1,1,3200,dynamic_gated
19,1,1,1,0.04410973641742873,82,1,0.5901022054868208,0.01,1,lotte_technology_search_100k_q407,2,0.8635805034696841,3,linucb_primary,1,1,1,1859,dynamic_gated
19,1,1,1,0.05627931214174049,108,1,0.5205836373110995,0.01,1,lotte_technology_search_100k_q399,7,0.9799537379930763,3,linucb_primary,1,1,1,1919,dynamic_gated
19,1,0,1,0.1267123287671233,74,1,0.6455479452054795,0.01,0,lotte_technology_search_100k_q270,1,0.3735892411704851,2,full_dense_fallback,1,1,1,584,dynamic_gated
19,1,1,1,0.14473684210526316,209,4,0.8552631578947368,0.01,1,lotte_technology_search_100k_q310,2,0.782032092556012,3,linucb_primary,1,1,1,1444,dynamic_gated
19,1,1,1,0.23438334223171384,439,1,0.34490122797650824,0.01,1,lotte_technology_search_100k_q579,2,0.4087001365014882,3,full_dense_fallback,1,1,1,1873,dynamic_gated
19,1,1,1,0.06921587608906099,143,1,0.4273959341723137,0.01,0,lotte_technology_search_100k_q472,1,0.4948802550803949,3,hybrid_lite,1,1,1,2066,dynamic_gated
19,1,1,1,0.2266244057052298,429,1,0.1658742736397253,0.01,1,lotte_technology_search_100k_q387,3,0.8853894254827954,3,linucb_primary,1,1,1,1893,dynamic_gated
19,1,0,1,0.033607169529499624,45,1,0.8879761015683346,0.01,0,lotte_technology_search_100k_q215,1,0.31097464909549977,2,full_dense_fallback,1,1,1,1339,dynamic_gated
19,1,1,1,0.45291709314227224,885,6,0.5470829068577278,0.46,0,lotte_technology_search_100k_q104,1,0.8338461733329299,3,linucb_primary,1,1,1,1954,dynamic_gated
19,1,1,1,0.12531645569620253,198,1,0.4791139240506329,0.01,1,lotte_technology_search_100k_q357,3,0.6235302381318374,3,hybrid_lite,1,1,1,1580,dynamic_gated
19,1,1,1,0.049863387978142076,73,1,0.6810109289617486,0.01,1,lotte_technology_search_100k_q414,8,0.9452114249207194,3,linucb_primary,1,1,1,1464,dynamic_gated
19,1,0,1,nan,0,0,nan,nan,0,lotte_technology_search_100k_q279,0,0.8120952263535851,2,linucb_primary,0,0,0,1563,dynamic_gated
19,1,1,1,0.4215456674473068,720,2,0.4935597189695551,0.01,1,lotte_technology_search_100k_q494,2,0.46640385276774166,3,hybrid_lite,1,1,1,1708,dynamic_gated
19,1,1,1,0.472609819121447,1829,4,0.527390180878553,0.01,0,lotte_technology_search_100k_q584,1,0.44755985298691153,3,hybrid_lite,1,1,1,3870,dynamic_gated
19,1,1,1,0.0694006309148265,66,1,0.7592008412197686,0.01,1,lotte_technology_search_100k_q209,3,0.9485791807767442,3,linucb_primary,1,1,1,951,dynamic_gated
19,1,1,1,0.15223880597014924,102,1,0.4597014925373134,0.01,1,lotte_technology_search_100k_q24,2,0.740793674979031,3,linucb_primary,1,1,1,670,dynamic_gated
19,1,1,1,nan,0,0,nan,nan,0,lotte_technology_search_100k_q256,0,0.9621769335001373,3,linucb_primary,0,0,0,2044,dynamic_gated
19,1,1,1,0.06070941336971351,89,1,0.7626193724420192,0.01,1,lotte_technology_search_100k_q553,4,0.7097985275936662,3,hybrid_lite,1,1,1,1466,dynamic_gated
19,1,1,1,0.05078720162519045,100,1,0.5043169121381412,0.01,1,lotte_technology_search_100k_q106,2,0.9920351382690432,3,linucb_primary,1,1,1,1969,dynamic_gated
19,1,1,1,0.10398749022673964,133,1,0.27443315089914,0.01,1,lotte_technology_search_100k_q543,2,0.8665678160695998,3,linucb_primary,1,1,1,1279,dynamic_gated
19,1,1,1,0.11469838572642312,135,1,0.32200509770603225,0.01,1,lotte_technology_search_100k_q556,2,0.7978415181596116,3,linucb_primary,1,1,1,1177,dynamic_gated
19,1,1,1,0.6200716845878136,519,6,0.3799283154121864,0.63,0,lotte_technology_search_100k_q211,1,0.4578757411623536,3,hybrid_lite,1,1,1,837,dynamic_gated
19,1,1,1,0.05174353205849269,46,1,0.6096737907761529,0.01,1,lotte_technology_search_100k_q88,3,0.941968823890558,3,linucb_primary,1,1,1,889,dynamic_gated
19,1,1,1,0.03344298245614035,61,1,0.611842105263158,0.01,1,lotte_technology_search_100k_q340,3,0.7989113044210268,3,linucb_primary,1,1,1,1824,dynamic_gated
19,0,1,0,nan,0,0,nan,nan,0,lotte_technology_search_100k_q276,0,0.796992265639678,1,linucb_primary,0,0,0,1245,dynamic_gated
19,1,1,1,0.08395522388059702,135,1,0.5087064676616915,0.01,1,lotte_technology_search_100k_q386,2,0.6630336232668155,3,hybrid_lite,1,1,1,1608,dynamic_gated
19,0,1,1,nan,0,0,nan,nan,0,lotte_technology_search_100k_q27,0,0.5511433259667972,2,hybrid_lite,0,0,0,1548,dynamic_gated
19,1,1,1,0.0965651328580687,149,1,0.5385612443292287,0.01,1,lotte_technology_search_100k_q109,5,0.8945035029614725,3,linucb_primary,1,1,1,1543,dynamic_gated
19,1,1,1,0.08508691674290943,186,1,0.4533394327538883,0.01,1,lotte_technology_search_100k_q504,3,0.5443773465566789,3,hybrid_lite,1,1,1,2186,dynamic_gated
19,1,0,1,0.3190603627713351,1073,1,0.45197740112994356,0.01,0,lotte_technology_search_100k_q305,1,0.6783437360675951,2,hybrid_lite,1,1,1,3363,dynamic_gated
19,1,1,1,0.3632047477744807,612,1,0.571513353115727,0.01,0,lotte_technology_search_100k_q315,1,0.7854213770227535,3,linucb_primary,1,1,1,1685,dynamic_gated
19,1,1,1,0.1312410841654779,184,1,0.4415121255349501,0.01,0,lotte_technology_search_100k_q435,1,0.676321125189667,3,hybrid_lite,1,1,1,1402,dynamic_gated
19,1,1,1,0.1513903192584964,147,1,0.7250257466529351,0.01,0,lotte_technology_search_100k_q135,1,0.9633166925013311,3,linucb_primary,1,1,1,971,dynamic_gated
19,1,1,1,0.0885956644674835,94,1,0.6239396795475967,0.01,1,lotte_technology_search_100k_q509,3,0.5136469294268532,3,hybrid_lite,1,1,1,1061,dynamic_gated
19,1,1,1,0.26101543278908523,1167,1,0.5824200402594497,0.01,1,lotte_technology_search_100k_q288,8,0.7456294018965536,3,linucb_primary,1,1,1,4471,dynamic_gated
19,1,1,1,0.25440313111545987,260,1,0.4500978473581213,0.01,1,lotte_technology_search_100k_q42,2,0.9643419734652278,3,linucb_primary,1,1,1,1022,dynamic_gated
19,1,1,1,0.1285892634207241,309,1,0.4253017062005826,0.01,0,lotte_technology_search_100k_q254,1,0.8724843900347704,3,linucb_primary,1,1,1,2403,dynamic_gated
19,1,1,1,0.10306406685236769,111,1,0.6536675951717734,0.01,1,lotte_technology_search_100k_q281,4,0.8250752073011276,3,linucb_primary,1,1,1,1077,dynamic_gated
19,1,1,1,0.09869281045751634,151,1,0.6483660130718953,0.01,1,lotte_technology_search_100k_q562,2,0.8775142964047992,3,linucb_primary,1,1,1,1530,dynamic_gated
19,1,1,1,0.43610013175230566,331,1,0.44400527009222657,0.01,0,lotte_technology_search_100k_q534,1,0.5476307754765298,3,hybrid_lite,1,1,1,759,dynamic_gated
19,1,1,1,0.1993103448275862,289,2,0.7517241379310344,0.01,0,lotte_technology_search_100k_q120,1,0.543540465470663,3,hybrid_lite,1,1,1,1450,dynamic_gated
19,1,1,1,0.23682539682539683,373,1,0.5282539682539682,0.01,1,lotte_technology_search_100k_q65,2,0.6670233783552808,3,hybrid_lite,1,1,1,1575,dynamic_gated
19,1,1,1,0.266384778012685,126,1,0.5306553911205074,0.01,0,lotte_technology_search_100k_q302,1,0.5483247268818275,3,hybrid_lite,1,1,1,473,dynamic_gated
19,1,1,1,0.282,141,2,0.4,0.01,0,lotte_technology_search_100k_q222,1,0.6366923220830076,3,hybrid_lite,1,1,1,500,dynamic_gated
19,1,1,1,0.14405260011954574,241,1,0.5893604303646145,0.01,0,lotte_technology_search_100k_q267,1,0.8603892760871995,3,linucb_primary,1,1,1,1673,dynamic_gated
19,1,1,1,0.125,277,1,0.3731949458483754,0.01,1,lotte_technology_search_100k_q82,2,0.971093462723017,3,linucb_primary,1,1,1,2216,dynamic_gated
19,0,1,1,0.11815561959654179,205,2,0.7550432276657061,0.01,0,lotte_technology_search_100k_q547,1,0.5389125411714749,2,hybrid_lite,1,1,1,1735,dynamic_gated
19,1,1,1,0.23932820153953813,342,1,0.5241427571728481,0.01,1,lotte_technology_search_100k_q413,4,0.9575382637225315,3,linucb_primary,1,1,1,1429,dynamic_gated
19,1,1,1,0.10296846011131726,111,1,0.5899814471243043,0.01,0,lotte_technology_search_100k_q164,1,0.9814377368905292,3,linucb_primary,1,1,1,1078,dynamic_gated
19,1,1,1,0.5111317254174397,551,3,0.41929499072356213,0.01,0,lotte_technology_search_100k_q240,1,0.9355404457869402,3,linucb_primary,1,1,1,1078,dynamic_gated
19,0,0,1,0.04580152671755725,30,1,0.633587786259542,0.01,0,lotte_technology_search_100k_q66,1,0.17505515813827513,1,full_dense_fallback,1,1,1,655,dynamic_gated
19,1,1,1,0.03736263736263736,119,1,0.4675039246467818,0.01,1,lotte_technology_search_100k_q434,7,0.5109206207999704,3,hybrid_lite,1,1,1,3185,dynamic_gated
19,1,1,1,0.11552090715804395,163,1,0.6520198440822111,0.01,1,lotte_technology_search_100k_q403,3,0.9459679773327954,3,linucb_primary,1,1,1,1411,dynamic_gated
19,1,1,1,0.2618069815195072,255,1,0.5790554414784395,0.01,0,lotte_technology_search_100k_q154,1,0.6228367050312957,3,hybrid_lite,1,1,1,974,dynamic_gated
19,1,1,0,nan,0,0,nan,nan,0,lotte_technology_search_100k_q8,0,0.4926832694399511,2,hybrid_lite,0,0,0,871,dynamic_gated
19,1,1,1,0.3081805359661495,437,4,0.6918194640338504,0.01,0,lotte_technology_search_100k_q40,1,0.6669404562901372,3,hybrid_lite,1,1,1,1418,dynamic_gated
19,0,1,1,nan,0,0,nan,nan,0,lotte_technology_search_100k_q22,0,0.9126332912658488,2,linucb_primary,0,0,0,813,dynamic_gated
19,1,0,1,0.0607493634048745,167,1,0.56020371044016,0.01,0,lotte_technology_search_100k_q433,1,0.7214332893024609,2,hybrid_lite,1,1,1,2749,dynamic_gated
19,1,1,1,0.07592891760904685,188,1,0.5161550888529887,0.01,1,lotte_technology_search_100k_q585,2,0.8686968876005882,3,linucb_primary,1,1,1,2476,dynamic_gated
19,1,1,1,0.11218836565096953,162,1,0.5450138504155124,0.01,0,lotte_technology_search_100k_q526,1,0.7366469877371388,3,hybrid_lite,1,1,1,1444,dynamic_gated
19,1,1,1,0.11017964071856287,184,1,0.49580838323353293,0.01,1,lotte_technology_search_100k_q508,2,0.6441401175058716,3,hybrid_lite,1,1,1,1670,dynamic_gated
19,1,1,1,0.11323238973008558,516,1,0.7570770243581304,0.01,1,lotte_technology_search_100k_q575,3,0.3367414077521889,3,full_dense_fallback,1,1,1,4557,dynamic_gated
19,1,0,1,nan,0,0,nan,nan,0,lotte_technology_search_100k_q172,0,0.5584455080378528,2,hybrid_lite,0,0,0,741,dynamic_gated
19,1,1,1,0.4825306893295562,511,1,0.3616619452313503,0.01,0,lotte_technology_search_100k_q226,1,0.8119798266135396,3,linucb_primary,1,1,1,1059,dynamic_gated
19,1,1,1,0.08187543736878937,117,1,0.38068579426172144,0.01,1,lotte_technology_search_100k_q492,4,0.579935981739853,3,hybrid_lite,1,1,1,1429,dynamic_gated
19,1,1,1,0.2374429223744292,260,1,0.4621004566210045,0.01,1,lotte_technology_search_100k_q41,2,0.9646628371320525,3,linucb_primary,1,1,1,1095,dynamic_gated
19,1,1,1,0.028037383177570093,51,1,0.7383177570093458,0.01,1,lotte_technology_search_100k_q502,6,0.5738081157538109,3,hybrid_lite,1,1,1,1819,dynamic_gated
19,0,0,1,0.07643312101910828,60,1,0.7694267515923567,0.01,0,lotte_technology_search_100k_q271,1,0.45011547677465386,1,hybrid_lite,1,1,1,785,dynamic_gated
19,1,1,1,0.11392405063291139,108,1,0.5622362869198312,0.01,1,lotte_technology_search_100k_q566,3,0.38197396606031736,3,full_dense_fallback,1,1,1,948,dynamic_gated
19,1,1,1,0.040995607613469986,28,1,0.4348462664714495,0.01,1,lotte_technology_search_100k_q292,4,0.9486685634020078,3,linucb_primary,1,1,1,683,dynamic_gated
19,1,1,1,0.20143429656190678,955,1,0.4482176755958659,0.01,1,lotte_technology_search_100k_q506,7,0.6098666754162029,3,hybrid_lite,1,1,1,4741,dynamic_gated
19,1,1,1,0.2436548223350254,432,1,0.6773829667230682,0.01,0,lotte_technology_search_100k_q493,1,0.9504293187010517,3,linucb_primary,1,1,1,1773,dynamic_gated
19,1,1,1,0.08745402533714752,214,1,0.6371066612178178,0.01,1,lotte_technology_search_100k_q338,2,0.5821415636503423,3,hybrid_lite,1,1,1,2447,dynamic_gated
19,1,1,1,0.023656640757012504,70,1,0.909766813112538,0.01,1,lotte_technology_search_100k_q431,5,0.6978216717636373,3,hybrid_lite,1,1,1,2959,dynamic_gated
19,0,1,1,nan,0,0,nan,nan,0,lotte_technology_search_100k_q26,0,0.6932631876573638,2,hybrid_lite,0,0,0,1265,dynamic_gated
19,1,1,1,0.29538594221647263,685,1,0.31867184131090986,0.01,0,lotte_technology_search_100k_q72,1,0.7636414087143761,3,linucb_primary,1,1,1,2319,dynamic_gated
19,0,1,1,nan,0,0,nan,nan,0,lotte_technology_search_100k_q121,0,0.9692465982305503,2,linucb_primary,0,0,0,617,dynamic_gated
19,0,0,1,0.7766599597585513,386,5,0.2233400402414487,0.78,0,lotte_technology_search_100k_q225,1,0.387026127140731,1,full_dense_fallback,1,1,1,497,dynamic_gated
19,1,1,1,0.26485148514851486,428,1,0.504950495049505,0.01,1,lotte_technology_search_100k_q132,2,0.5486416280851701,3,hybrid_lite,1,1,1,1616,dynamic_gated
19,1,1,1,0.23600605143721634,312,1,0.5355521936459909,0.01,0,lotte_technology_search_100k_q63,1,0.8516470446398673,3,linucb_primary,1,1,1,1322,dynamic_gated
19,0,1,1,0.5451688923802043,694,5,0.4548311076197957,0.55,0,lotte_technology_search_100k_q203,1,0.7557200231355664,2,linucb_primary,1,1,1,1273,dynamic_gated
19,1,1,1,0.05024019215372298,251,1,0.0580464371497198,0.01,1,lotte_technology_search_100k_q392,4,0.991210031010509,3,linucb_primary,1,1,1,4996,dynamic_gated
19,1,1,1,0.7047428189712759,1055,3,0.2605210420841684,0.01,1,lotte_technology_search_100k_q173,2,0.5746813258409776,3,hybrid_lite,1,1,1,1497,dynamic_gated
19,1,0,1,0.12697274031563846,177,1,0.30703012912482064,0.01,1,lotte_technology_search_100k_q249,5,0.3712027504310003,2,full_dense_fallback,1,1,1,1394,dynamic_gated
19,1,1,1,0.08609765188222139,231,1,0.7674245247856877,0.01,1,lotte_technology_search_100k_q581,3,0.6397529112557774,3,hybrid_lite,1,1,1,2683,dynamic_gated
19,1,1,1,0.05297157622739018,123,1,0.67786391042205,0.01,1,lotte_technology_search_100k_q152,2,0.6870643833912209,3,hybrid_lite,1,1,1,2322,dynamic_gated
19,1,1,1,0.054643527204502815,233,1,0.6432926829268293,0.01,1,lotte_technology_search_100k_q590,2,0.42422665352879374,3,full_dense_fallback,1,1,1,4264,dynamic_gated
19,1,1,1,0.07349081364829396,112,1,0.4514435695538058,0.01,1,lotte_technology_search_100k_q95,3,0.719416015736626,3,hybrid_lite,1,1,1,1524,dynamic_gated
19,1,1,1,0.04468412942989214,58,1,0.7303543913713405,0.01,0,lotte_technology_search_100k_q522,1,0.6512883144243714,3,hybrid_lite,1,1,1,1298,dynamic_gated
19,1,1,1,0.4854838709677419,903,3,0.46075268817204296,0.01,0,lotte_technology_search_100k_q257,1,0.9733363385509456,3,linucb_primary,1,1,1,1860,dynamic_gated
19,1,1,1,0.29284037558685444,499,1,0.47065727699530513,0.01,1,lotte_technology_search_100k_q316,3,0.860414720107211,3,linucb_primary,1,1,1,1704,dynamic_gated
19,1,1,1,0.17108251324753973,226,1,0.44284632853898565,0.01,0,lotte_technology_search_100k_q188,1,0.6734489529282368,3,hybrid_lite,1,1,1,1321,dynamic_gated
19,1,1,1,0.07084019769357495,215,1,0.599341021416804,0.01,1,lotte_technology_search_100k_q529,6,0.7329544204969545,3,hybrid_lite,1,1,1,3035,dynamic_gated
19,1,1,1,0.6343612334801763,1440,4,0.36563876651982374,0.01,0,lotte_technology_search_100k_q70,1,0.9046253159462385,3,linucb_primary,1,1,1,2270,dynamic_gated
19,1,1,1,0.1345213137665968,385,2,0.750524109014675,0.01,1,lotte_technology_search_100k_q298,2,0.9674388895478844,3,linucb_primary,1,1,1,2862,dynamic_gated
19,1,1,1,0.5143979057591623,786,1,0.22513089005235598,0.01,0,lotte_technology_search_100k_q528,1,0.7025651452684362,3,hybrid_lite,1,1,1,1528,dynamic_gated
19,1,1,1,0.42085427135678394,335,1,0.5,0.01,0,lotte_technology_search_100k_q383,1,0.5339411516937198,3,hybrid_lite,1,1,1,796,dynamic_gated
19,0,0,0,nan,0,0,nan,nan,0,lotte_technology_search_100k_q138,0,0.21488421449939596,0,full_dense_fallback,0,0,0,709,dynamic_gated
19,1,1,1,0.033787788974510964,57,1,0.3805572021339656,0.01,1,lotte_technology_search_100k_q442,3,0.7823333851050487,3,linucb_primary,1,1,1,1687,dynamic_gated
19,0,1,1,0.08259587020648967,56,1,0.4616519174041298,0.01,0,lotte_technology_search_100k_q180,1,0.8652756514759192,2,linucb_primary,1,1,1,678,dynamic_gated
19,1,1,1,0.12368421052631579,94,1,0.6355263157894737,0.01,0,lotte_technology_search_100k_q29,1,0.8082902454482404,3,linucb_primary,1,1,1,760,dynamic_gated
19,1,1,1,0.04124748490945674,41,1,0.5181086519114688,0.01,1,lotte_technology_search_100k_q295,5,0.9797607438471043,3,linucb_primary,1,1,1,994,dynamic_gated
19,1,1,1,0.019028871391076115,29,1,0.7001312335958005,0.01,1,lotte_technology_search_100k_q519,5,0.6537548839192876,3,hybrid_lite,1,1,1,1524,dynamic_gated
19,1,1,1,0.09540329575021683,110,1,0.7111882046834346,0.01,1,lotte_technology_search_100k_q242,3,0.8093886597030556,3,linucb_primary,1,1,1,1153,dynamic_gated
19,1,1,1,0.1703425621773815,363,1,0.5171281088690756,0.01,1,lotte_technology_search_100k_q334,3,0.870750710701654,3,linucb_primary,1,1,1,2131,dynamic_gated
13,1,1,1,0.039316239316239315,23,1,0.5606837606837607,0.01,1,lotte_technology_search_100k_q336,4,0.7074692146311494,3,hybrid_lite,1,1,1,585,fixed_full
13,1,1,1,0.36654478976234006,401,2,0.49177330895795246,0.01,0,lotte_technology_search_100k_q76,1,0.6677920435993405,3,hybrid_lite,1,1,1,1094,fixed_full
13,1,1,1,0.09264853977844914,92,1,0.6656596173212488,0.01,1,lotte_technology_search_100k_q426,7,0.9578866074922813,3,linucb_primary,1,1,1,993,fixed_full
13,1,1,1,0.04669703872437358,41,1,0.7027334851936219,0.01,0,lotte_technology_search_100k_q2,1,0.6480050251082479,3,hybrid_lite,1,1,1,878,fixed_full
13,1,1,1,0.37250712250712253,523,1,0.47435897435897434,0.01,1,lotte_technology_search_100k_q447,3,0.6659225634061318,3,hybrid_lite,1,1,1,1404,fixed_full
13,1,1,1,0.6365830115830116,1319,6,0.5733590733590734,0.43,0,lotte_technology_search_100k_q139,1,0.9519809630716493,3,linucb_primary,1,1,1,2072,fixed_full
13,1,1,1,0.15840840840840842,422,1,0.4129129129129129,0.01,1,lotte_technology_search_100k_q507,3,0.8677700152657015,3,linucb_primary,1,1,1,2664,fixed_full
13,0,1,1,nan,0,0,nan,nan,0,lotte_technology_search_100k_q58,0,0.9146506792364822,2,linucb_primary,0,0,0,909,fixed_full
13,1,1,1,0.21987577639751552,177,2,0.5751552795031056,0.01,1,lotte_technology_search_100k_q125,2,0.5862926906679875,3,hybrid_lite,1,1,1,805,fixed_full
13,1,1,1,0.022199798183652877,66,1,0.5913218970736629,0.01,1,lotte_technology_search_100k_q462,4,0.9096463032297845,3,linucb_primary,1,1,1,2973,fixed_full
13,0,1,1,0.20192307692307693,189,3,0.7371794871794872,0.01,0,lotte_technology_search_100k_q57,1,0.9339844479989537,2,linucb_primary,1,1,1,936,fixed_full
13,1,1,1,0.09107468123861566,150,1,0.5664845173041895,0.01,1,lotte_technology_search_100k_q503,5,0.7803907404718763,3,linucb_primary,1,1,1,1647,fixed_full
13,1,1,1,0.10166919575113809,67,1,0.725341426403642,0.01,0,lotte_technology_search_100k_q264,1,0.3234550460467394,3,full_dense_fallback,1,1,1,659,fixed_full
13,0,0,0,nan,0,0,nan,nan,0,lotte_technology_search_100k_q166,0,0.5367181049652912,0,hybrid_lite,0,0,0,1706,fixed_full
13,1,0,1,0.2741228070175439,125,2,0.5285087719298245,0.01,1,lotte_technology_search_100k_q213,2,0.25600817988294405,2,full_dense_fallback,1,1,1,456,fixed_full
13,1,1,1,0.07236061684460261,122,1,0.7241992882562278,0.01,1,lotte_technology_search_100k_q578,7,0.6781253066453503,3,hybrid_lite,1,1,1,1686,fixed_full
13,1,0,1,0.04259259259259259,46,1,0.6333333333333333,0.01,1,lotte_technology_search_100k_q244,2,0.49188656413154963,2,hybrid_lite,1,1,1,1080,fixed_full
13,1,1,1,0.2967798085291558,341,4,0.7032201914708442,0.01,0,lotte_technology_search_100k_q117,1,0.9851393337673471,3,linucb_primary,1,1,1,1149,fixed_full
13,0,1,1,0.9348441926345609,1980,9,0.06515580736543913,0.94,0,lotte_technology_search_100k_q280,1,0.9796994899689562,2,linucb_primary,0,1,1,2118,fixed_full
13,1,1,1,0.06155451225873761,118,1,0.596244131455399,0.01,1,lotte_technology_search_100k_q378,5,0.9368978968392278,3,linucb_primary,1,1,1,1917,fixed_full
13,1,1,1,0.25259515570934254,292,3,0.6885813148788927,0.01,0,lotte_technology_search_100k_q11,1,0.7770478937869838,3,linucb_primary,1,1,1,1156,fixed_full
13,1,1,1,0.896957123098202,3891,8,0.10304287690179803,0.9,0,lotte_technology_search_100k_q102,1,0.9739025167784132,3,linucb_primary,0,1,1,4338,fixed_full
13,1,1,1,1.0,835,10,0.3029940119760479,0.7,0,lotte_technology_search_100k_q363,1,0.5981646608251958,3,hybrid_lite,0,0,1,835,fixed_full
13,1,1,1,0.017970401691331923,51,1,0.7526427061310782,0.01,1,lotte_technology_search_100k_q446,10,0.7293086670491006,3,hybrid_lite,1,1,1,2838,fixed_full
13,1,0,1,0.2012012012012012,670,1,0.7417417417417418,0.01,0,lotte_technology_search_100k_q499,1,0.37302783428058517,2,full_dense_fallback,1,1,1,3330,fixed_full
13,1,1,1,0.07245575221238938,131,1,0.6476769911504425,0.01,0,lotte_technology_search_100k_q476,1,0.5083473157166242,3,hybrid_lite,1,1,1,1808,fixed_full
13,1,1,1,0.08403361344537816,80,1,0.7710084033613446,0.01,1,lotte_technology_search_100k_q98,2,0.7630399956778483,3,linucb_primary,1,1,1,952,fixed_full
13,1,1,0,nan,0,0,nan,nan,0,lotte_technology_search_100k_q284,0,0.669087169462904,2,hybrid_lite,0,0,0,1451,fixed_full
13,1,1,1,0.1990324809951624,288,2,0.7470628887353145,0.01,0,lotte_technology_search_100k_q200,1,0.4275574289966432,3,full_dense_fallback,1,1,1,1447,fixed_full
13,1,1,1,1.0,1018,10,0.0,1.0,0,lotte_technology_search_100k_q170,1,0.8956998844789693,3,linucb_primary,0,0,1,1018,fixed_full
13,0,1,1,0.40607054963084493,495,4,0.593929450369155,0.01,1,lotte_technology_search_100k_q278,2,0.9770947708708909,2,linucb_primary,1,1,1,1219,fixed_full
13,1,1,1,0.10799319727891156,254,1,0.5841836734693877,0.01,1,lotte_technology_search_100k_q525,5,0.8680021789383379,3,linucb_primary,1,1,1,2352,fixed_full
13,1,1,1,0.0981012658227848,93,1,0.5168776371308017,0.01,1,lotte_technology_search_100k_q210,2,0.9334892505044596,3,linucb_primary,1,1,1,948,fixed_full
13,1,1,1,0.0562015503875969,116,1,0.5857558139534884,0.01,1,lotte_technology_search_100k_q425,9,0.9595462539326571,3,linucb_primary,1,1,1,2064,fixed_full
13,1,1,1,0.1319796954314721,390,4,0.868020304568528,0.01,1,lotte_technology_search_100k_q0,2,0.8800456395778483,3,linucb_primary,1,1,1,2955,fixed_full
13,1,1,1,0.10121457489878542,150,1,0.5182186234817814,0.01,1,lotte_technology_search_100k_q516,5,0.7653606117926314,3,linucb_primary,1,1,1,1482,fixed_full
13,1,1,1,0.09680284191829484,218,1,0.5253108348134992,0.01,1,lotte_technology_search_100k_q436,2,0.7682865157018154,3,linucb_primary,1,1,1,2252,fixed_full
13,1,0,1,0.2394843962008141,706,1,0.4569199457259159,0.01,0,lotte_technology_search_100k_q419,1,0.5064759145002857,2,hybrid_lite,1,1,1,2948,fixed_full
13,1,1,1,0.6608101512933138,1354,4,0.3391898487066862,0.01,0,lotte_technology_search_100k_q376,1,0.5389548130684712,3,hybrid_lite,1,1,1,2049,fixed_full
13,1,1,1,0.483921568627451,617,5,0.516078431372549,0.49,0,lotte_technology_search_100k_q500,1,0.8611402957223795,3,linucb_primary,1,1,1,1275,fixed_full
13,0,1,1,0.4762645914396887,612,3,0.4552529182879378,0.01,0,lotte_technology_search_100k_q445,1,0.6505582781829159,2,hybrid_lite,1,1,1,1285,fixed_full
13,1,1,0,nan,0,0,nan,nan,0,lotte_technology_search_100k_q115,0,0.5533944003679042,2,hybrid_lite,0,0,0,1518,fixed_full
13,1,0,1,0.08062418725617686,124,1,0.7197659297789336,0.01,0,lotte_technology_search_100k_q273,1,0.27825358522558247,2,full_dense_fallback,1,1,1,1538,fixed_full
13,1,1,1,0.2802795031055901,361,2,0.31444099378881984,0.01,0,lotte_technology_search_100k_q535,1,0.4893657527906588,3,hybrid_lite,1,1,1,1288,fixed_full
13,1,0,1,0.016701461377870562,48,1,0.6475295755045234,0.01,1,lotte_technology_search_100k_q329,5,0.40042973474977955,2,full_dense_fallback,1,1,1,2874,fixed_full
13,1,1,1,0.04838709677419355,90,1,0.6091397849462366,0.01,1,lotte_technology_search_100k_q568,2,0.9714501008838384,3,linucb_primary,1,1,1,1860,fixed_full
13,1,1,1,0.02108309218685407,51,1,0.41835469202149644,0.01,1,lotte_technology_search_100k_q595,5,0.8549944916313571,3,linucb_primary,1,1,1,2419,fixed_full
13,1,1,1,0.19128949615713065,448,1,0.2929120409906063,0.01,0,lotte_technology_search_100k_q359,1,0.819601501235923,3,linucb_primary,1,1,1,2342,fixed_full
13,0,1,1,nan,0,0,nan,nan,0,lotte_technology_search_100k_q21,0,0.9107928693678458,2,linucb_primary,0,0,0,859,fixed_full
13,1,1,1,0.10605461020973486,268,1,0.4990106846062524,0.01,1,lotte_technology_search_100k_q560,3,0.37481218419836676,3,full_dense_fallback,1,1,1,2527,fixed_full
13,1,1,1,0.1691065118626956,335,1,0.3099444724886421,0.01,1,lotte_technology_search_100k_q396,4,0.780081258807793,3,linucb_primary,1,1,1,1981,fixed_full
13,1,1,1,0.015509103169251517,23,1,0.7815239379635873,0.01,1,lotte_technology_search_100k_q163,2,0.6819564454683739,3,hybrid_lite,1,1,1,1483,fixed_full
13,1,1,1,0.06126331811263318,161,1,0.4387366818873668,0.01,1,lotte_technology_search_100k_q527,7,0.7187882267980482,3,hybrid_lite,1,1,1,2628,fixed_full
13,1,1,1,0.03814713896457766,84,1,0.7606721162579473,0.01,1,lotte_technology_search_100k_q423,8,0.9687190871403304,3,linucb_primary,1,1,1,2202,fixed_full
13,1,1,0,nan,0,0,nan,nan,0,lotte_technology_search_100k_q283,0,0.7130847666877264,2,hybrid_lite,0,0,0,843,fixed_full
13,1,1,1,0.6321762349799733,947,6,0.43324432576769023,0.57,1,lotte_technology_search_100k_q339,2,0.9380018491311999,3,linucb_primary,1,1,1,1498,fixed_full
13,1,1,1,0.22448979591836735,242,1,0.46474953617810766,0.01,0,lotte_technology_search_100k_q474,1,0.786172164038733,3,linucb_primary,1,1,1,1078,fixed_full
13,1,1,1,0.029197080291970802,44,1,0.5182481751824817,0.01,1,lotte_technology_search_100k_q343,6,0.8227163378467888,3,linucb_primary,1,1,1,1507,fixed_full
13,1,1,1,0.10929144385026739,327,2,0.3793449197860963,0.01,0,lotte_technology_search_100k_q312,1,0.4686087360068687,3,hybrid_lite,1,1,1,2992,fixed_full
13,1,1,1,0.05789909015715467,70,1,0.45574855252274604,0.01,1,lotte_technology_search_100k_q311,3,0.7115110934275595,3,hybrid_lite,1,1,1,1209,fixed_full
13,1,1,1,0.011504424778761062,13,1,0.6371681415929203,0.01,1,lotte_technology_search_100k_q236,7,0.7970182162217665,3,linucb_primary,1,1,1,1130,fixed_full
13,0,0,0,nan,0,0,nan,nan,0,lotte_technology_search_100k_q382,0,0.42588580639425716,0,full_dense_fallback,0,0,0,969,fixed_full
13,1,0,1,0.08414239482200647,208,1,0.5902103559870551,0.01,1,lotte_technology_search_100k_q328,5,0.42896799297390764,2,full_dense_fallback,1,1,1,2472,fixed_full
13,1,1,1,0.04064587973273942,73,1,0.7399777282850779,0.01,1,lotte_technology_search_100k_q444,7,0.9278118239576828,3,linucb_primary,1,1,1,1796,fixed_full
13,1,1,1,0.10395655546935609,134,1,0.46314972847168345,0.01,1,lotte_technology_search_100k_q356,3,0.47053694854946176,3,hybrid_lite,1,1,1,1289,fixed_full
13,1,1,1,0.4361820199778024,786,1,0.2513873473917869,0.01,0,lotte_technology_search_100k_q517,1,0.2434634119272232,3,full_dense_fallback,1,1,1,1802,fixed_full
13,1,0,1,0.2174423152131404,556,1,0.41415721548689866,0.01,1,lotte_technology_search_100k_q415,3,0.4168944542941396,2,full_dense_fallback,1,1,1,2557,fixed_full
13,1,1,1,0.12002487562189054,193,1,0.3159203980099502,0.01,1,lotte_technology_search_100k_q416,5,0.7206073492886019,3,hybrid_lite,1,1,1,1608,fixed_full
13,1,1,1,0.07466196355085244,127,1,0.5790711346266901,0.01,1,lotte_technology_search_100k_q495,2,0.8332526259363655,3,linucb_primary,1,1,1,1701,fixed_full
13,1,1,1,0.5710843373493976,1422,1,0.3313253012048193,0.01,1,lotte_technology_search_100k_q263,2,0.7842217310751816,3,linucb_primary,1,1,1,2490,fixed_full
13,1,1,1,0.10436835891381346,442,1,0.7695395513577332,0.01,1,lotte_technology_search_100k_q369,5,0.9361400234823176,3,linucb_primary,1,1,1,4235,fixed_full
13,0,0,1,nan,0,0,nan,nan,0,lotte_technology_search_100k_q175,0,0.3060961072748501,1,full_dense_fallback,0,0,0,1017,fixed_full
13,1,1,1,0.25614176399516714,636,1,0.4490535642368103,0.01,1,lotte_technology_search_100k_q480,2,0.9611923253261527,3,linucb_primary,1,1,1,2483,fixed_full
13,1,1,1,0.54609375,699,1,0.275,0.01,0,lotte_technology_search_100k_q373,1,0.8091232332356083,3,linucb_primary,1,1,1,1280,fixed_full
13,1,1,1,0.10574712643678161,138,1,0.7065134099616859,0.01,1,lotte_technology_search_100k_q251,2,0.8207984795774579,3,linucb_primary,1,1,1,1305,fixed_full
13,1,0,1,0.10253583241455347,93,1,0.6990077177508269,0.01,1,lotte_technology_search_100k_q443,2,0.29600747553915735,2,full_dense_fallback,1,1,1,907,fixed_full
13,1,1,1,nan,0,0,nan,nan,0,lotte_technology_search_100k_q197,0,0.6412276348907312,3,hybrid_lite,0,0,0,800,fixed_full
13,1,0,1,0.17009249743062693,331,2,0.4943473792394656,0.01,1,lotte_technology_search_100k_q538,3,0.5872998890380992,2,hybrid_lite,1,1,1,1946,fixed_full
13,1,1,1,0.41098901098901097,374,6,0.589010989010989,0.42,0,lotte_technology_search_100k_q262,1,0.503720724260953,3,hybrid_lite,1,1,1,910,fixed_full
13,1,1,1,0.15,159,1,0.5688679245283019,0.01,1,lotte_technology_search_100k_q466,10,0.907749192133758,3,linucb_primary,1,1,1,1060,fixed_full
13,1,1,1,0.05081555834378921,81,1,0.47365119196988703,0.01,1,lotte_technology_search_100k_q588,4,0.6751839371105628,3,hybrid_lite,1,1,1,1594,fixed_full
13,1,1,1,0.12308673469387756,193,1,0.298469387755102,0.01,1,lotte_technology_search_100k_q450,5,0.7555431177663782,3,linucb_primary,1,1,1,1568,fixed_full
13,1,0,1,0.13070539419087138,63,1,0.7489626556016598,0.01,1,lotte_technology_search_100k_q113,3,0.3723591196839732,2,full_dense_fallback,1,1,1,482,fixed_full
13,1,1,1,0.926509186351706,1059,9,0.07349081364829402,0.93,0,lotte_technology_search_100k_q511,1,0.4943506179352366,3,hybrid_lite,0,1,1,1143,fixed_full
13,1,0,1,0.17996505532906232,309,2,0.6924868957483984,0.01,0,lotte_technology_search_100k_q206,1,0.24180499125367533,2,full_dense_fallback,1,1,1,1717,fixed_full
13,1,1,1,0.19504132231404958,236,1,0.4694214876033058,0.01,1,lotte_technology_search_100k_q245,2,0.42081965315780373,3,full_dense_fallback,1,1,1,1210,fixed_full
13,0,1,1,nan,0,0,nan,nan,0,lotte_technology_search_100k_q60,0,0.535654146505694,2,hybrid_lite,0,0,0,922,fixed_full
13,1,1,1,0.0711864406779661,63,1,0.6892655367231638,0.01,0,lotte_technology_search_100k_q44,1,0.9605209189509067,3,linucb_primary,1,1,1,885,fixed_full
13,1,1,1,0.27672209026128264,233,3,0.6270783847980997,0.01,1,lotte_technology_search_100k_q46,3,0.8747373112473988,3,linucb_primary,1,1,1,842,fixed_full
13,1,1,1,0.18587360594795538,300,1,0.49008674101610905,0.01,1,lotte_technology_search_100k_q358,3,0.5612596134713779,3,hybrid_lite,1,1,1,1614,fixed_full
13,1,0,1,nan,0,0,nan,nan,0,lotte_technology_search_100k_q81,0,0.49662796606962145,2,hybrid_lite,0,0,0,1124,fixed_full
13,1,1,1,0.5726495726495726,536,5,0.4700854700854701,0.53,1,lotte_technology_search_100k_q193,2,0.7010902482126383,3,hybrid_lite,1,1,1,936,fixed_full
13,1,1,1,0.04253112033195021,41,1,0.7624481327800829,0.01,1,lotte_technology_search_100k_q296,5,0.9574530277349438,3,linucb_primary,1,1,1,964,fixed_full
13,1,1,1,0.037948181104422926,145,1,0.6074326092645904,0.01,1,lotte_technology_search_100k_q542,3,0.7886289785916984,3,linucb_primary,1,1,1,3821,fixed_full
13,0,1,1,nan,0,0,nan,nan,0,lotte_technology_search_100k_q77,0,0.687972475837995,2,hybrid_lite,0,0,0,1150,fixed_full
13,0,1,1,0.834593572778828,1766,8,0.16540642722117205,0.84,0,lotte_technology_search_100k_q114,1,0.7741167130614823,2,linucb_primary,1,1,1,2116,fixed_full
13,1,1,1,0.025050778605280974,37,1,0.6553825321597834,0.01,1,lotte_technology_search_100k_q346,2,0.914178006824856,3,linucb_primary,1,1,1,1477,fixed_full
13,1,1,1,0.05102763997165131,72,1,0.7632884479092842,0.01,1,lotte_technology_search_100k_q49,2,0.7037525347208619,3,hybrid_lite,1,1,1,1411,fixed_full
13,1,1,1,0.3110485573539761,442,3,0.6410978184377198,0.01,1,lotte_technology_search_100k_q110,4,0.9104112248453022,3,linucb_primary,1,1,1,1421,fixed_full
13,0,0,0,nan,0,0,nan,nan,0,lotte_technology_search_100k_q237,0,0.3118766861597891,0,full_dense_fallback,0,0,0,788,fixed_full
13,1,0,1,0.3063583815028902,106,1,0.42485549132947975,0.01,0,lotte_technology_search_100k_q307,1,0.46456041294302586,2,hybrid_lite,1,1,1,346,fixed_full
13,1,0,1,0.03369272237196765,75,1,0.5813117699910153,0.01,1,lotte_technology_search_100k_q491,6,0.35090453661730614,2,full_dense_fallback,1,1,1,2226,fixed_full
13,1,1,1,0.13769751693002258,122,2,0.6896162528216705,0.01,1,lotte_technology_search_100k_q43,3,0.9219770841097541,3,linucb_primary,1,1,1,886,fixed_full
13,1,1,1,0.09581789306511382,181,1,0.27316040232927474,0.01,1,lotte_technology_search_100k_q409,2,0.7631361088495142,3,linucb_primary,1,1,1,1889,fixed_full
13,1,1,0,nan,0,0,nan,nan,0,lotte_technology_search_100k_q317,0,0.5560262383413727,2,hybrid_lite,0,0,0,2258,fixed_full
13,1,1,1,0.849720910261915,1979,9,0.4547015886646629,0.55,0,lotte_technology_search_100k_q6,1,0.6657493732101363,3,hybrid_lite,1,1,1,2329,fixed_full
13,1,1,1,0.07652799178222908,149,1,0.4725218284540318,0.01,1,lotte_technology_search_100k_q308,4,0.9070269714283247,3,linucb_primary,1,1,1,1947,fixed_full
13,1,0,1,nan,0,0,nan,nan,0,lotte_technology_search_100k_q28,0,0.448712193337978,2,hybrid_lite,0,0,0,1513,fixed_full
13,1,1,1,0.022478070175438597,41,1,0.611842105263158,0.01,1,lotte_technology_search_100k_q422,5,0.8809222020749372,3,linucb_primary,1,1,1,1824,fixed_full
13,1,0,1,0.5685053380782918,639,4,0.43149466192170816,0.01,0,lotte_technology_search_100k_q191,1,0.45057124566818585,2,hybrid_lite,1,1,1,1124,fixed_full
13,1,0,1,0.11546685673556664,162,1,0.5317177476835353,0.01,0,lotte_technology_search_100k_q485,1,0.37984444616193414,2,full_dense_fallback,1,1,1,1403,fixed_full
13,1,0,1,0.12017887087758525,215,2,0.8077138065958636,0.01,0,lotte_technology_search_100k_q146,1,0.40206517861707963,2,full_dense_fallback,1,1,1,1789,fixed_full
13,1,1,1,0.037934668071654375,36,1,0.6891464699683878,0.01,1,lotte_technology_search_100k_q457,6,0.8246471811474988,3,linucb_primary,1,1,1,949,fixed_full
13,1,1,1,0.06366307541625857,65,1,0.5759059745347699,0.01,1,lotte_technology_search_100k_q324,8,0.4559077457157536,3,hybrid_lite,1,1,1,1021,fixed_full
13,1,1,1,0.6182096403978576,808,2,0.3404743687834736,0.01,1,lotte_technology_search_100k_q294,2,0.41634735792196864,3,full_dense_fallback,1,1,1,1307,fixed_full
13,1,1,1,0.13951473136915077,161,1,0.6793760831889082,0.01,0,lotte_technology_search_100k_q303,1,0.8769842392419868,3,linucb_primary,1,1,1,1154,fixed_full
13,1,1,1,0.3347260909935005,721,1,0.24791086350974934,0.01,1,lotte_technology_search_100k_q452,3,0.6427564747029608,3,hybrid_lite,1,1,1,2154,fixed_full
13,1,1,1,0.28529062870699884,481,2,0.5409252669039146,0.01,1,lotte_technology_search_100k_q551,2,0.622486108598789,3,hybrid_lite,1,1,1,1686,fixed_full
13,1,1,1,0.041189931350114416,54,1,0.6064073226544622,0.01,0,lotte_technology_search_100k_q360,1,0.6486706504107086,3,hybrid_lite,1,1,1,1311,fixed_full
13,1,1,1,0.15935672514619884,109,1,0.5994152046783625,0.01,0,lotte_technology_search_100k_q9,1,0.567053688205699,3,hybrid_lite,1,1,1,684,fixed_full
13,1,1,1,0.1529051987767584,250,1,0.7186544342507646,0.01,1,lotte_technology_search_100k_q309,3,0.8725981898723443,3,linucb_primary,1,1,1,1635,fixed_full
13,1,1,1,0.07222222222222222,195,1,0.39,0.01,1,lotte_technology_search_100k_q593,2,0.9747181952836,3,linucb_primary,1,1,1,2700,fixed_full
13,1,1,1,nan,0,0,nan,nan,0,lotte_technology_search_100k_q208,0,0.8565602143464014,3,linucb_primary,0,0,0,1829,fixed_full
13,1,1,1,0.08205128205128205,64,1,0.582051282051282,0.01,1,lotte_technology_search_100k_q489,3,0.683011975217335,3,hybrid_lite,1,1,1,780,fixed_full
13,1,1,1,0.23493975903614459,312,1,0.6581325301204819,0.01,0,lotte_technology_search_100k_q62,1,0.9660994319227075,3,linucb_primary,1,1,1,1328,fixed_full
13,1,1,1,0.06844919786096257,64,1,0.6053475935828877,0.01,1,lotte_technology_search_100k_q111,5,0.9565343611800969,3,linucb_primary,1,1,1,935,fixed_full
13,1,1,1,0.4070464767616192,543,5,0.5929535232383808,0.41,0,lotte_technology_search_100k_q214,1,0.9627793030428095,3,linucb_primary,1,1,1,1334,fixed_full
13,1,1,1,0.3192488262910798,748,1,0.4233888177550149,0.01,1,lotte_technology_search_100k_q479,2,0.71348001856288,3,hybrid_lite,1,1,1,2343,fixed_full
13,1,1,1,0.06483921982076964,123,1,0.6457564575645757,0.01,1,lotte_technology_search_100k_q332,3,0.9549337044762473,3,linucb_primary,1,1,1,1897,fixed_full
13,1,1,1,0.10656620021528525,99,1,0.6135629709364909,0.01,1,lotte_technology_search_100k_q83,2,0.5574553595728505,3,hybrid_lite,1,1,1,929,fixed_full
13,1,1,1,0.3064935064935065,118,1,0.36103896103896105,0.01,0,lotte_technology_search_100k_q87,1,0.5969088300715738,3,hybrid_lite,1,1,1,385,fixed_full
13,1,1,1,0.04331007281553398,571,2,0.8951759708737864,0.01,1,lotte_technology_search_100k_q558,4,0.8581865712681085,3,linucb_primary,1,1,1,13184,fixed_full
13,1,0,1,nan,0,0,nan,nan,0,lotte_technology_search_100k_q155,0,0.5684082730345728,2,hybrid_lite,0,0,0,682,fixed_full
13,1,1,1,0.043922369765066395,43,1,0.5944841675178754,0.01,1,lotte_technology_search_100k_q404,4,0.474523008254095,3,hybrid_lite,1,1,1,979,fixed_full
13,0,1,1,nan,0,0,nan,nan,0,lotte_technology_search_100k_q47,0,0.639361425612944,2,hybrid_lite,0,0,0,773,fixed_full
13,1,1,1,0.10555555555555556,76,1,0.7291666666666667,0.01,0,lotte_technology_search_100k_q37,1,0.9604440640705266,3,linucb_primary,1,1,1,720,fixed_full
13,1,1,1,0.12231404958677686,148,1,0.7289256198347107,0.01,1,lotte_technology_search_100k_q335,3,0.6950911354759932,3,hybrid_lite,1,1,1,1210,fixed_full
13,1,1,1,0.20724048762467676,561,1,0.33505725895825633,0.01,0,lotte_technology_search_100k_q411,1,0.9049128275168302,3,linucb_primary,1,1,1,2707,fixed_full
13,1,1,1,0.12665684830633284,86,2,0.7098674521354933,0.01,0,lotte_technology_search_100k_q265,1,0.6007069104345769,3,hybrid_lite,1,1,1,679,fixed_full
13,0,1,1,0.04135079255685734,60,1,0.7339765678842178,0.01,1,lotte_technology_search_100k_q510,5,0.6606646779346441,2,hybrid_lite,1,1,1,1451,fixed_full
13,1,0,1,0.14041514041514042,345,1,0.5877085877085877,0.01,1,lotte_technology_search_100k_q327,5,0.38385703853036035,2,full_dense_fallback,1,1,1,2457,fixed_full
13,1,1,1,0.1734006734006734,206,1,0.5471380471380471,0.01,1,lotte_technology_search_100k_q229,4,0.6173396732980581,3,hybrid_lite,1,1,1,1188,fixed_full
13,1,1,1,0.10979228486646884,74,1,0.6053412462908012,0.01,0,lotte_technology_search_100k_q168,1,0.6126152606434386,3,hybrid_lite,1,1,1,674,fixed_full
13,1,1,1,0.1155795876985468,342,1,0.7073335586346738,0.01,1,lotte_technology_search_100k_q326,2,0.6488111828173829,3,hybrid_lite,1,1,1,2959,fixed_full
13,1,1,1,0.19874213836477989,158,1,0.5672955974842767,0.01,0,lotte_technology_search_100k_q205,1,0.7848986072906714,3,linucb_primary,1,1,1,795,fixed_full
13,1,1,1,0.27365728900255754,214,3,0.6854219948849105,0.01,0,lotte_technology_search_100k_q19,1,0.2880698981886918,3,full_dense_fallback,1,1,1,782,fixed_full
13,1,1,1,0.11993517017828201,74,1,0.5688816855753647,0.01,0,lotte_technology_search_100k_q167,1,0.7736048293304252,3,linucb_primary,1,1,1,617,fixed_full
13,1,1,1,0.4208860759493671,399,3,0.5432489451476794,0.01,1,lotte_technology_search_100k_q52,2,0.7049642979591966,3,hybrid_lite,1,1,1,948,fixed_full
13,1,1,1,0.07015650296815974,130,1,0.7603885590933621,0.01,1,lotte_technology_search_100k_q331,2,0.8517940744247984,3,linucb_primary,1,1,1,1853,fixed_full
13,0,1,1,0.09989701338825953,97,2,0.6364572605561277,0.01,0,lotte_technology_search_100k_q20,1,0.8304480129275498,2,linucb_primary,1,1,1,971,fixed_full
13,1,1,1,0.36928327645051195,541,3,0.4525597269624574,0.01,0,lotte_technology_search_100k_q212,1,0.6469754191095731,3,hybrid_lite,1,1,1,1465,fixed_full
13,0,0,1,0.24796747967479674,183,2,0.5230352303523036,0.01,1,lotte_technology_search_100k_q75,2,0.6809625520382507,1,hybrid_lite,1,1,1,738,fixed_full
13,1,1,1,0.2159383033419023,168,1,0.5745501285347043,0.01,0,lotte_technology_search_100k_q190,1,0.8753140948441493,3,linucb_primary,1,1,1,778,fixed_full
13,1,1,1,0.06491228070175438,74,1,0.5798245614035088,0.01,1,lotte_technology_search_100k_q437,10,0.9517426584454318,3,linucb_primary,1,1,1,1140,fixed_full
13,1,1,1,0.09109903886335144,218,1,0.5532804011700794,0.01,1,lotte_technology_search_100k_q406,2,0.7659005735871538,3,linucb_primary,1,1,1,2393,fixed_full
13,0,1,0,nan,0,0,nan,nan,0,lotte_technology_search_100k_q116,0,0.4019988561554955,1,full_dense_fallback,0,0,0,1092,fixed_full
13,0,1,1,1.0,2375,10,0.4821052631578947,0.52,0,lotte_technology_search_100k_q374,1,0.9597122046767199,2,linucb_primary,0,0,1,2375,fixed_full
13,1,1,1,0.03464912280701754,79,1,0.3692982456140351,0.01,1,lotte_technology_search_100k_q375,2,0.9910371057474535,3,linucb_primary,1,1,1,2280,fixed_full
13,1,1,1,0.5262154432793136,1104,5,0.4737845567206864,0.53,0,lotte_technology_search_100k_q565,1,0.7979055290208116,3,linucb_primary,1,1,1,2098,fixed_full
13,1,1,1,0.40408460977388766,554,6,0.5959153902261123,0.41,1,lotte_technology_search_100k_q10,2,0.7569594560058704,3,linucb_primary,1,1,1,1371,fixed_full
13,1,1,1,0.15587529976019185,195,1,0.5683453237410072,0.01,1,lotte_technology_search_100k_q589,2,0.9881422438036125,3,linucb_primary,1,1,1,1251,fixed_full
13,1,1,1,0.08314263920671243,109,1,0.5697940503432495,0.01,1,lotte_technology_search_100k_q300,4,0.6066966659835316,3,hybrid_lite,1,1,1,1311,fixed_full
13,1,1,1,0.12480857580398162,163,1,0.6776416539050536,0.01,1,lotte_technology_search_100k_q430,4,0.8281911295280563,3,linucb_primary,1,1,1,1306,fixed_full
13,1,1,1,0.23290793072014584,511,1,0.6690975387420237,0.01,1,lotte_technology_search_100k_q418,3,0.583737804252919,3,hybrid_lite,1,1,1,2194,fixed_full
13,1,0,1,0.251303441084463,241,2,0.6120959332638165,0.01,0,lotte_technology_search_100k_q158,1,0.16342728627196385,2,full_dense_fallback,1,1,1,959,fixed_full
13,1,1,1,0.4079155672823219,773,3,0.3197889182058048,0.01,1,lotte_technology_search_100k_q80,2,0.6249058774803345,3,hybrid_lite,1,1,1,1895,fixed_full
13,1,1,1,0.046831955922865015,51,1,0.418732782369146,0.01,0,lotte_technology_search_100k_q372,1,0.9508391317161572,3,linucb_primary,1,1,1,1089,fixed_full
13,1,1,1,0.08211920529801324,248,1,0.8543046357615894,0.01,1,lotte_technology_search_100k_q347,6,0.7117788584844382,3,hybrid_lite,1,1,1,3020,fixed_full
13,1,1,1,0.12196788520669627,357,1,0.6545951486163307,0.01,1,lotte_technology_search_100k_q204,2,0.8162999366402081,3,linucb_primary,1,1,1,2927,fixed_full
13,1,1,1,0.3181818181818182,196,5,0.6818181818181819,0.32,0,lotte_technology_search_100k_q231,1,0.8926257683580615,3,linucb_primary,1,1,1,616,fixed_full
13,0,1,1,nan,0,0,nan,nan,0,lotte_technology_search_100k_q119,0,0.7193026440445047,2,hybrid_lite,0,0,0,703,fixed_full
13,1,1,1,0.031190926275992438,66,1,0.42580340264650285,0.01,1,lotte_technology_search_100k_q455,4,0.8124350520407644,3,linucb_primary,1,1,1,2116,fixed_full
13,0,0,0,nan,0,0,nan,nan,0,lotte_technology_search_100k_q150,0,0.5523514016903903,0,hybrid_lite,0,0,0,812,fixed_full
13,1,1,1,0.06657183499288763,234,1,0.5277382645803699,0.01,1,lotte_technology_search_100k_q569,4,0.7296302683743701,3,hybrid_lite,1,1,1,3515,fixed_full
13,1,1,1,0.6121718377088305,513,6,0.38782816229116945,0.62,0,lotte_technology_search_100k_q221,1,0.394890634080757,3,full_dense_fallback,1,1,1,838,fixed_full
13,1,1,1,0.04607508532423208,108,1,0.7947952218430034,0.01,1,lotte_technology_search_100k_q573,2,0.8886244341068541,3,linucb_primary,1,1,1,2344,fixed_full
13,1,1,1,0.060922541340295906,70,1,0.6214099216710183,0.01,1,lotte_technology_search_100k_q429,9,0.9539738136628447,3,linucb_primary,1,1,1,1149,fixed_full
13,0,1,1,0.35171568627450983,574,1,0.47610294117647056,0.01,0,lotte_technology_search_100k_q487,1,0.449677893432747,2,hybrid_lite,1,1,1,1632,fixed_full
13,1,1,1,0.03426791277258567,44,1,0.5381619937694704,0.01,1,lotte_technology_search_100k_q243,2,0.6733616518765927,3,hybrid_lite,1,1,1,1284,fixed_full
13,1,1,1,0.43759398496240604,582,1,0.4067669172932331,0.01,1,lotte_technology_search_100k_q53,2,0.8901957951103566,3,linucb_primary,1,1,1,1330,fixed_full
13,1,1,1,0.10680379746835443,135,1,0.7697784810126582,0.01,1,lotte_technology_search_100k_q323,2,0.42459970505557715,3,full_dense_fallback,1,1,1,1264,fixed_full
13,1,1,1,0.7109496626881162,1370,6,0.2823040996367411,0.72,0,lotte_technology_search_100k_q391,1,0.9430363355275024,3,linucb_primary,1,1,1,1927,fixed_full
13,1,1,1,0.0666189111747851,93,1,0.518624641833811,0.01,1,lotte_technology_search_100k_q348,5,0.9904512718653322,3,linucb_primary,1,1,1,1396,fixed_full
13,1,1,1,0.2866043613707165,276,1,0.49428868120456904,0.01,0,lotte_technology_search_100k_q432,1,0.27674924358725544,3,full_dense_fallback,1,1,1,963,fixed_full
13,1,1,1,0.7416772018541931,1760,6,0.25832279814580694,0.75,0,lotte_technology_search_100k_q71,1,0.9707020611339402,3,linucb_primary,1,1,1,2373,fixed_full
13,1,1,1,0.04874551971326165,68,1,0.5211469534050179,0.01,1,lotte_technology_search_100k_q398,6,0.9556089023926546,3,linucb_primary,1,1,1,1395,fixed_full
13,0,0,0,nan,0,0,nan,nan,0,lotte_technology_search_100k_q319,0,0.235734306510436,0,full_dense_fallback,0,0,0,1042,fixed_full
13,1,1,1,0.7384276267450404,1005,7,0.26157237325495963,0.74,0,lotte_technology_search_100k_q182,1,0.7048843221849641,3,hybrid_lite,1,1,1,1361,fixed_full
13,1,1,1,0.559322033898305,627,6,0.44067796610169496,0.56,0,lotte_technology_search_100k_q25,1,0.5908398005153989,3,hybrid_lite,1,1,1,1121,fixed_full
13,1,1,1,0.28376068376068375,332,3,0.6393162393162393,0.01,1,lotte_technology_search_100k_q14,2,0.6225708646462669,3,hybrid_lite,1,1,1,1170,fixed_full
13,1,1,1,0.37037037037037035,210,3,0.5820105820105821,0.01,1,lotte_technology_search_100k_q370,3,0.8259326828661083,3,linucb_primary,1,1,1,567,fixed_full
13,1,1,1,0.13659147869674185,218,2,0.5989974937343359,0.01,1,lotte_technology_search_100k_q449,4,0.9473462655475271,3,linucb_primary,1,1,1,1596,fixed_full
13,1,1,1,0.5714285714285714,740,3,0.39768339768339767,0.01,1,lotte_technology_search_100k_q39,2,0.7970893163758291,3,linucb_primary,1,1,1,1295,fixed_full
13,1,1,1,0.4010339734121123,543,7,0.706794682422452,0.3,0,lotte_technology_search_100k_q165,1,0.8679977094801857,3,linucb_primary,1,1,1,1354,fixed_full
13,1,1,1,0.09079391891891891,215,1,0.7521114864864865,0.01,1,lotte_technology_search_100k_q350,6,0.8223630455206374,3,linucb_primary,1,1,1,2368,fixed_full
13,1,0,1,nan,0,0,nan,nan,0,lotte_technology_search_100k_q156,0,0.444861784867541,2,hybrid_lite,0,0,0,962,fixed_full
13,1,1,1,0.7876588021778584,1302,7,0.44646098003629764,0.56,0,lotte_technology_search_100k_q567,1,0.5120403230082322,3,hybrid_lite,1,1,1,1653,fixed_full
13,1,0,1,0.10279840091376356,180,1,0.3894917190177042,0.01,1,lotte_technology_search_100k_q468,2,0.4898629993598227,2,hybrid_lite,1,1,1,1751,fixed_full
13,1,1,1,0.40759493670886077,483,6,0.5924050632911393,0.41,1,lotte_technology_search_100k_q524,2,0.5168116659833479,3,hybrid_lite,1,1,1,1185,fixed_full
13,1,1,1,0.4162303664921466,477,5,0.5837696335078534,0.42,1,lotte_technology_search_100k_q187,2,0.4806890108501839,3,hybrid_lite,1,1,1,1146,fixed_full
13,1,1,1,0.11320754716981132,120,1,0.31981132075471697,0.01,1,lotte_technology_search_100k_q486,2,0.4512974572850058,3,hybrid_lite,1,1,1,1060,fixed_full
13,0,1,1,nan,0,0,nan,nan,0,lotte_technology_search_100k_q68,0,0.8360217214558129,2,linucb_primary,0,0,0,1243,fixed_full
13,1,1,1,0.25,118,1,0.521186440677966,0.01,0,lotte_technology_search_100k_q86,1,0.7128971886501004,3,hybrid_lite,1,1,1,472,fixed_full
13,1,1,1,0.5400238948626045,452,7,0.7013142174432496,0.3,0,lotte_technology_search_100k_q118,1,0.8511133389895534,3,linucb_primary,1,1,1,837,fixed_full
13,1,1,1,0.23544631306597671,182,1,0.42173350582147473,0.01,0,lotte_technology_search_100k_q133,1,0.5895648247723939,3,hybrid_lite,1,1,1,773,fixed_full
13,1,0,1,0.0840630472854641,144,1,0.38178633975481613,0.01,1,lotte_technology_search_100k_q587,3,0.22377106044673836,2,full_dense_fallback,1,1,1,1713,fixed_full
13,1,1,1,0.16673511293634496,406,1,0.6529774127310062,0.01,0,lotte_technology_search_100k_q550,1,0.7261487517542374,3,hybrid_lite,1,1,1,2435,fixed_full
13,0,0,0,nan,0,0,nan,nan,0,lotte_technology_search_100k_q149,0,0.5087308583106244,0,hybrid_lite,0,0,0,922,fixed_full
13,1,1,1,0.0611541774332472,142,1,0.8074935400516796,0.01,1,lotte_technology_search_100k_q571,2,0.828311777068755,3,linucb_primary,1,1,1,2322,fixed_full
13,0,1,1,0.6323792486583184,707,4,0.3676207513416816,0.01,0,lotte_technology_search_100k_q481,1,0.9927162879848865,2,linucb_primary,1,1,1,1118,fixed_full
13,1,0,1,0.08625461254612546,187,1,0.6107011070110702,0.01,1,lotte_technology_search_100k_q299,3,0.3225183913758471,2,full_dense_fallback,1,1,1,2168,fixed_full
13,1,1,1,0.04915390813859791,61,1,0.42304593070104757,0.01,1,lotte_technology_search_100k_q255,3,0.42184584756765053,3,full_dense_fallback,1,1,1,1241,fixed_full
13,1,0,1,0.04638009049773756,82,1,0.5673076923076923,0.01,1,lotte_technology_search_100k_q393,3,0.6961232863849274,2,hybrid_lite,1,1,1,1768,fixed_full
13,1,1,1,0.14542870677404074,307,1,0.45333964945523453,0.01,1,lotte_technology_search_100k_q530,4,0.7045719625435839,3,hybrid_lite,1,1,1,2111,fixed_full
13,1,1,1,0.06787330316742081,90,1,0.49321266968325794,0.01,1,lotte_technology_search_100k_q349,2,0.9702449253302385,3,linucb_primary,1,1,1,1326,fixed_full
13,0,1,1,nan,0,0,nan,nan,0,lotte_technology_search_100k_q56,0,0.8400612504173447,2,linucb_primary,0,0,0,954,fixed_full
13,1,1,1,0.13138925294888598,401,1,0.19200524246395811,0.01,1,lotte_technology_search_100k_q532,2,0.8018928045786885,3,linucb_primary,1,1,1,3052,fixed_full
13,1,1,1,0.5064350064350064,787,4,0.4935649935649936,0.01,1,lotte_technology_search_100k_q351,3,0.8876831746311804,3,linucb_primary,1,1,1,1554,fixed_full
13,1,1,1,0.14227226202661208,139,1,0.3295803480040942,0.01,1,lotte_technology_search_100k_q586,5,0.824027221870939,3,linucb_primary,1,1,1,977,fixed_full
13,1,1,1,0.09674693705111956,229,1,0.5217574989438107,0.01,1,lotte_technology_search_100k_q540,3,0.9528357497960024,3,linucb_primary,1,1,1,2367,fixed_full
13,1,1,1,0.016831108531630876,29,1,0.73476494486361,0.01,1,lotte_technology_search_100k_q515,6,0.9730229451867286,3,linucb_primary,1,1,1,1723,fixed_full
13,0,1,1,0.20708955223880596,111,1,0.42910447761194026,0.01,0,lotte_technology_search_100k_q223,1,0.9704802794155217,2,linucb_primary,1,1,1,536,fixed_full
13,1,1,1,0.15517241379310345,90,1,0.4844827586206897,0.01,0,lotte_technology_search_100k_q228,1,0.31243297188769686,3,full_dense_fallback,1,1,1,580,fixed_full
13,0,1,1,0.21689259645464026,208,2,0.5182481751824817,0.01,0,lotte_technology_search_100k_q30,1,0.4782688620836425,2,hybrid_lite,1,1,1,959,fixed_full
13,1,1,1,0.07740825688073394,135,1,0.6055045871559632,0.01,1,lotte_technology_search_100k_q548,2,0.9654732110957772,3,linucb_primary,1,1,1,1744,fixed_full
13,1,1,1,0.08899456521739131,131,1,0.3525815217391305,0.01,1,lotte_technology_search_100k_q365,3,0.933712179475078,3,linucb_primary,1,1,1,1472,fixed_full
13,1,1,1,0.02561576354679803,26,1,0.7733990147783252,0.01,1,lotte_technology_search_100k_q145,2,0.4910357961562446,3,hybrid_lite,1,1,1,1015,fixed_full
13,1,1,1,0.03344298245614035,61,1,0.611842105263158,0.01,1,lotte_technology_search_100k_q341,3,0.9786502772045262,3,linucb_primary,1,1,1,1824,fixed_full
13,1,0,1,0.06129398410896708,54,1,0.6572077185017027,0.01,1,lotte_technology_search_100k_q248,2,0.3600652207651884,2,full_dense_fallback,1,1,1,881,fixed_full
13,1,1,1,0.10499683744465528,166,1,0.713472485768501,0.01,1,lotte_technology_search_100k_q484,2,0.9675817633905903,3,linucb_primary,1,1,1,1581,fixed_full
13,1,1,1,0.1771177117711771,161,2,0.5302530253025303,0.01,1,lotte_technology_search_100k_q239,2,0.9011592828034836,3,linucb_primary,1,1,1,909,fixed_full
13,1,1,1,0.2361963190184049,77,1,0.6104294478527608,0.01,0,lotte_technology_search_100k_q385,1,0.4866753382811222,3,hybrid_lite,1,1,1,326,fixed_full
13,1,1,1,0.03255387436955525,71,1,0.6281522237505731,0.01,1,lotte_technology_search_100k_q380,3,0.6808638243841404,3,hybrid_lite,1,1,1,2181,fixed_full
13,1,0,1,0.11476190476190476,241,1,0.36809523809523814,0.01,1,lotte_technology_search_100k_q518,2,0.5221462350919688,2,hybrid_lite,1,1,1,2100,fixed_full
13,1,1,1,0.20416666666666666,147,2,0.6041666666666667,0.01,1,lotte_technology_search_100k_q277,2,0.4768483021977464,3,hybrid_lite,1,1,1,720,fixed_full
13,1,0,0,nan,0,0,nan,nan,0,lotte_technology_search_100k_q134,0,0.7247926601231769,1,hybrid_lite,0,0,0,734,fixed_full
13,1,0,1,0.29959514170040485,222,3,0.5492577597840755,0.01,0,lotte_technology_search_100k_q59,1,0.2872669189534081,2,full_dense_fallback,1,1,1,741,fixed_full
13,1,1,1,0.31236283833211415,427,1,0.3123628383321141,0.01,1,lotte_technology_search_100k_q128,2,0.684630763862264,3,hybrid_lite,1,1,1,1367,fixed_full
13,0,1,1,nan,0,0,nan,nan,0,lotte_technology_search_100k_q38,0,0.8272826960292207,2,linucb_primary,0,0,0,1929,fixed_full
13,1,1,1,0.052719665271966525,63,1,0.6117154811715482,0.01,1,lotte_technology_search_100k_q388,3,0.7077724550009987,3,hybrid_lite,1,1,1,1195,fixed_full
13,1,1,1,0.24497731691510044,378,2,0.49254698639014904,0.01,0,lotte_technology_search_100k_q123,1,0.8475730534568716,3,linucb_primary,1,1,1,1543,fixed_full
13,1,1,1,0.9085037674919269,1688,8,0.09149623250807315,0.91,0,lotte_technology_search_100k_q67,1,0.8993706925338362,3,linucb_primary,0,1,1,1858,fixed_full
13,1,1,1,0.5083267248215702,641,7,0.49167327517842985,0.51,1,lotte_technology_search_100k_q15,2,0.6506887409496895,3,hybrid_lite,1,1,1,1261,fixed_full
13,1,1,1,0.2459526774595268,395,2,0.6961394769613948,0.01,1,lotte_technology_search_100k_q531,4,0.9454406001561504,3,linucb_primary,1,1,1,1606,fixed_full
13,1,1,1,0.05702280912364946,95,1,0.47238895558223293,0.01,1,lotte_technology_search_100k_q512,3,0.6222974257459849,3,hybrid_lite,1,1,1,1666,fixed_full
13,1,1,1,0.05271695052716951,65,1,0.5904298459042985,0.01,0,lotte_technology_search_100k_q192,1,0.8060757885036918,3,linucb_primary,1,1,1,1233,fixed_full
13,1,1,1,0.2394578313253012,318,4,0.7605421686746988,0.01,1,lotte_technology_search_100k_q549,5,0.9809068203034239,3,linucb_primary,1,1,1,1328,fixed_full
13,1,1,1,0.07580011229646266,135,1,0.6108927568781584,0.01,1,lotte_technology_search_100k_q554,2,0.9689962500533881,3,linucb_primary,1,1,1,1781,fixed_full
13,0,1,1,0.21595330739299612,111,1,0.5466926070038911,0.01,0,lotte_technology_search_100k_q217,1,0.974981999844743,2,linucb_primary,1,1,1,514,fixed_full
13,1,1,1,nan,0,0,nan,nan,0,lotte_technology_search_100k_q195,0,0.564987132182033,3,hybrid_lite,0,0,0,944,fixed_full
13,1,1,1,0.04116059379217274,61,1,0.7058029689608637,0.01,1,lotte_technology_search_100k_q438,10,0.9594027724409564,3,linucb_primary,1,1,1,1482,fixed_full
13,1,1,1,0.10889570552147239,142,1,0.6572085889570551,0.01,0,lotte_technology_search_100k_q555,1,0.7805912731164716,3,linucb_primary,1,1,1,1304,fixed_full
13,1,0,1,0.33450952717007765,474,1,0.3987297106563161,0.01,1,lotte_technology_search_100k_q247,3,0.3582947342884274,2,full_dense_fallback,1,1,1,1417,fixed_full
13,1,1,1,0.27360441075120606,397,2,0.4865609924190214,0.01,1,lotte_technology_search_100k_q330,3,0.8713671606421556,3,linucb_primary,1,1,1,1451,fixed_full
13,1,1,1,0.8275862068965517,360,7,0.1724137931034483,0.83,0,lotte_technology_search_100k_q381,1,0.5898329334711827,3,hybrid_lite,1,1,1,435,fixed_full
13,1,0,1,nan,0,0,nan,nan,0,lotte_technology_search_100k_q157,0,0.27772693117886793,2,full_dense_fallback,0,0,0,675,fixed_full
13,0,1,1,0.23,253,4,0.77,0.01,0,lotte_technology_search_100k_q130,1,0.9562347989553978,2,linucb_primary,1,1,1,1100,fixed_full
13,1,1,1,0.22266881028938906,277,5,0.777331189710611,0.23,1,lotte_technology_search_100k_q54,2,0.6999293112784233,3,hybrid_lite,1,1,1,1244,fixed_full
13,1,1,1,0.03798219584569733,64,1,0.7186943620178041,0.01,1,lotte_technology_search_100k_q541,4,0.770951117948012,3,linucb_primary,1,1,1,1685,fixed_full
13,1,1,1,0.16335303600214937,304,2,0.6518001074691027,0.01,1,lotte_technology_search_100k_q488,2,0.9671452614904472,3,linucb_primary,1,1,1,1861,fixed_full
13,1,1,1,0.12488350419384903,134,1,0.5424044734389561,0.01,1,lotte_technology_search_100k_q352,4,0.919187034221632,3,linucb_primary,1,1,1,1073,fixed_full
13,1,1,1,0.2744186046511628,118,1,0.5930232558139534,0.01,0,lotte_technology_search_100k_q85,1,0.3814434631069508,3,full_dense_fallback,1,1,1,430,fixed_full
13,1,1,1,0.1116751269035533,198,1,0.4754653130287648,0.01,0,lotte_technology_search_100k_q576,1,0.9059407571342338,3,linucb_primary,1,1,1,1773,fixed_full
13,1,1,1,0.6124721603563474,825,7,0.6540460282108389,0.35,0,lotte_technology_search_100k_q389,1,0.5018623896898102,3,hybrid_lite,1,1,1,1347,fixed_full
13,1,1,1,0.024140453547915143,66,1,0.555596196049744,0.01,1,lotte_technology_search_100k_q394,4,0.9728621396469813,3,linucb_primary,1,1,1,2734,fixed_full
13,1,1,1,0.33031674208144796,292,3,0.6176470588235294,0.01,0,lotte_technology_search_100k_q238,1,0.6833241923464554,3,hybrid_lite,1,1,1,884,fixed_full
13,0,1,1,nan,0,0,nan,nan,0,lotte_technology_search_100k_q184,0,0.739559985985944,2,hybrid_lite,0,0,0,757,fixed_full
13,1,1,1,0.23152903990517582,586,3,0.705254839984196,0.01,1,lotte_technology_search_100k_q514,2,0.973029932220562,3,linucb_primary,1,1,1,2531,fixed_full
13,1,1,1,0.09508389755666764,323,1,0.450397409478952,0.01,1,lotte_technology_search_100k_q289,7,0.807824079219088,3,linucb_primary,1,1,1,3397,fixed_full
13,1,1,1,0.061129568106312294,92,1,0.7794019933554817,0.01,1,lotte_technology_search_100k_q461,9,0.9448629071452022,3,linucb_primary,1,1,1,1505,fixed_full
13,1,1,1,0.06016260162601626,74,1,0.724390243902439,0.01,1,lotte_technology_search_100k_q274,2,0.9439846568099309,3,linucb_primary,1,1,1,1230,fixed_full
13,1,1,1,0.19782870928829915,164,1,0.36670687575392036,0.01,1,lotte_technology_search_100k_q521,2,0.8671190783898164,3,linucb_primary,1,1,1,829,fixed_full
13,1,1,1,nan,0,0,nan,nan,0,lotte_technology_search_100k_q33,0,0.9476312860010829,3,linucb_primary,0,0,0,1162,fixed_full
13,1,1,1,0.15182481751824817,104,1,0.39270072992700733,0.01,0,lotte_technology_search_100k_q451,1,0.9600070536994315,3,linucb_primary,1,1,1,685,fixed_full
13,1,1,1,0.5,358,6,0.5,0.5,0,lotte_technology_search_100k_q181,1,0.7989581427487823,3,linucb_primary,1,1,1,716,fixed_full
13,1,1,1,nan,0,0,nan,nan,0,lotte_technology_search_100k_q36,0,0.9689829454096958,3,linucb_primary,0,0,0,1180,fixed_full
13,1,1,1,0.1032940219601464,254,1,0.6022773485156567,0.01,1,lotte_technology_search_100k_q471,5,0.8467092357631936,3,linucb_primary,1,1,1,2459,fixed_full
13,1,1,1,0.175,378,2,0.7949074074074074,0.01,0,lotte_technology_search_100k_q124,1,0.8253354799400933,3,linucb_primary,1,1,1,2160,fixed_full
13,0,1,1,0.40689271817676487,732,2,0.49027237354085607,0.01,0,lotte_technology_search_100k_q364,1,0.9334143215257709,2,linucb_primary,1,1,1,1799,fixed_full
13,1,1,1,0.017828200972447326,33,1,0.8287412209616424,0.01,0,lotte_technology_search_100k_q520,1,0.7624233684319187,3,linucb_primary,1,1,1,1851,fixed_full
13,0,1,1,nan,0,0,nan,nan,0,lotte_technology_search_100k_q92,0,0.6973208038426383,2,hybrid_lite,0,0,0,1606,fixed_full
13,1,1,1,0.4425612052730697,705,5,0.5900816070307595,0.41,1,lotte_technology_search_100k_q108,5,0.9079855215781713,3,linucb_primary,1,1,1,1593,fixed_full
13,1,0,0,nan,0,0,nan,nan,0,lotte_technology_search_100k_q282,0,0.7459492945399248,1,linucb_primary,0,0,0,1581,fixed_full
13,1,1,1,0.15290231241151486,324,1,0.5620575743275129,0.01,0,lotte_technology_search_100k_q410,1,0.6703924064799845,3,hybrid_lite,1,1,1,2119,fixed_full
13,1,0,1,0.0751694393099199,122,1,0.8139248305606901,0.01,0,lotte_technology_search_100k_q401,1,0.7792911685847174,2,linucb_primary,1,1,1,1623,fixed_full
13,1,1,1,nan,0,0,nan,nan,0,lotte_technology_search_100k_q505,0,0.5436518295499544,3,hybrid_lite,0,0,0,1540,fixed_full
13,1,0,1,0.091017251635931,153,1,0.5562165377751338,0.01,1,lotte_technology_search_100k_q490,3,0.4248035213829224,2,full_dense_fallback,1,1,1,1681,fixed_full
13,1,1,1,0.12138728323699421,147,2,0.7052023121387283,0.01,0,lotte_technology_search_100k_q224,1,0.5679614247987084,3,hybrid_lite,1,1,1,1211,fixed_full
13,1,1,1,0.17381615598885794,312,1,0.6512534818941504,0.01,0,lotte_technology_search_100k_q61,1,0.9092819809635861,3,linucb_primary,1,1,1,1795,fixed_full
13,1,1,1,0.8444444444444444,912,8,0.15555555555555556,0.85,0,lotte_technology_search_100k_q169,1,0.9227186144558974,3,linucb_primary,1,1,1,1080,fixed_full
13,0,0,0,nan,0,0,nan,nan,0,lotte_technology_search_100k_q137,0,0.38036832731202247,0,full_dense_fallback,0,0,0,730,fixed_full
13,0,1,1,0.14605067064083457,196,1,0.5953800298062593,0.01,0,lotte_technology_search_100k_q144,1,0.5010802454937565,2,hybrid_lite,1,1,1,1342,fixed_full
13,1,1,1,0.16202844774273345,262,2,0.7309833024118738,0.01,0,lotte_technology_search_100k_q199,1,0.500196303321602,3,hybrid_lite,1,1,1,1617,fixed_full
13,1,1,1,0.13320586360739325,209,1,0.7316762268961121,0.01,1,lotte_technology_search_100k_q371,2,0.8441746689814265,3,linucb_primary,1,1,1,1569,fixed_full
13,1,1,1,0.04855902092380576,123,1,0.7046979865771812,0.01,1,lotte_technology_search_100k_q153,3,0.8974614409527749,3,linucb_primary,1,1,1,2533,fixed_full
13,1,1,1,0.9103618421052632,1107,8,0.08963815789473684,0.92,0,lotte_technology_search_100k_q233,1,0.6293736600488496,3,hybrid_lite,0,1,1,1216,fixed_full
13,1,1,1,0.1755062680810029,182,1,0.40887174541947924,0.01,1,lotte_technology_search_100k_q232,2,0.8159522377841858,3,linucb_primary,1,1,1,1037,fixed_full
13,1,1,1,0.06976744186046512,72,1,0.6531007751937985,0.01,1,lotte_technology_search_100k_q563,3,0.886912220424533,3,linucb_primary,1,1,1,1032,fixed_full
13,1,1,1,0.0297339593114241,76,1,0.5637715179968701,0.01,1,lotte_technology_search_100k_q408,7,0.8657992321550086,3,linucb_primary,1,1,1,2556,fixed_full
13,0,0,0,nan,0,0,nan,nan,0,lotte_technology_search_100k_q74,0,0.3018835715949535,0,full_dense_fallback,0,0,0,594,fixed_full
13,1,1,1,0.6540136901057871,1051,8,0.34598630989421286,0.66,0,lotte_technology_search_100k_q201,1,0.7888588810087327,3,linucb_primary,1,1,1,1607,fixed_full
13,1,1,1,0.5691489361702128,749,3,0.3708206686930091,0.01,0,lotte_technology_search_100k_q478,1,0.7558129494954615,3,linucb_primary,1,1,1,1316,fixed_full
13,0,1,1,nan,0,0,nan,nan,0,lotte_technology_search_100k_q176,0,0.5697971187641246,2,hybrid_lite,0,0,0,748,fixed_full
13,1,1,1,0.21223021582733814,295,1,0.5122302158273382,0.01,1,lotte_technology_search_100k_q297,2,0.8422149663956743,3,linucb_primary,1,1,1,1390,fixed_full
13,1,1,1,0.0917054475773337,335,1,0.4971256501505612,0.01,1,lotte_technology_search_100k_q458,3,0.9460036388365116,3,linucb_primary,1,1,1,3653,fixed_full
13,1,1,1,0.20221606648199447,292,3,0.7659279778393352,0.01,0,lotte_technology_search_100k_q241,1,0.6395359397920846,3,hybrid_lite,1,1,1,1444,fixed_full
13,1,1,1,0.1773142112125163,136,1,0.576271186440678,0.01,1,lotte_technology_search_100k_q272,2,0.45680724106633663,3,hybrid_lite,1,1,1,767,fixed_full
13,1,1,1,0.03156384505021521,44,1,0.5954088952654233,0.01,1,lotte_technology_search_100k_q344,6,0.9497761011902192,3,linucb_primary,1,1,1,1394,fixed_full
13,1,1,1,0.20581304006284368,262,1,0.5663786331500393,0.01,1,lotte_technology_search_100k_q94,4,0.8075131224666453,3,linucb_primary,1,1,1,1273,fixed_full
13,1,1,1,0.5541766109785203,1161,3,0.4066825775656324,0.01,0,lotte_technology_search_100k_q198,1,0.3629866273618229,3,full_dense_fallback,1,1,1,2095,fixed_full
13,1,1,1,0.1832967032967033,417,2,0.338021978021978,0.01,0,lotte_technology_search_100k_q564,1,1.0,3,linucb_primary,1,1,1,2275,fixed_full
13,1,1,1,0.016331658291457288,26,1,0.6652010050251256,0.01,1,lotte_technology_search_100k_q464,10,0.8775195912818574,3,linucb_primary,1,1,1,1592,fixed_full
13,1,1,1,0.06033848417954378,82,1,0.6622516556291391,0.01,1,lotte_technology_search_100k_q407,3,0.9614523747979062,3,linucb_primary,1,1,1,1359,fixed_full
13,1,1,1,0.07204803202134756,108,1,0.38625750500333556,0.01,1,lotte_technology_search_100k_q399,9,0.9088369855798173,3,linucb_primary,1,1,1,1499,fixed_full
13,1,1,1,0.11916264090177134,74,1,0.6666666666666667,0.01,0,lotte_technology_search_100k_q270,1,0.930040115297185,3,linucb_primary,1,1,1,621,fixed_full
13,1,1,1,0.08227374719521316,110,2,0.7195213163799552,0.01,1,lotte_technology_search_100k_q310,4,0.8713720819463963,3,linucb_primary,1,1,1,1337,fixed_full
13,1,1,1,0.25244393329499715,439,1,0.29442208165612416,0.01,1,lotte_technology_search_100k_q579,2,0.30397212323394596,3,full_dense_fallback,1,1,1,1739,fixed_full
13,1,1,1,0.07602339181286549,143,1,0.37107921318447634,0.01,0,lotte_technology_search_100k_q472,1,0.7094001987958292,3,hybrid_lite,1,1,1,1881,fixed_full
13,1,1,1,0.1944696282864914,429,1,0.5675430643699002,0.01,1,lotte_technology_search_100k_q387,3,0.9733280950672891,3,linucb_primary,1,1,1,2206,fixed_full
13,1,1,1,0.041628122109158186,45,1,0.8612395929694727,0.01,0,lotte_technology_search_100k_q215,1,0.5494496387819124,3,hybrid_lite,1,1,1,1081,fixed_full
13,1,1,1,nan,0,0,nan,nan,0,lotte_technology_search_100k_q104,0,0.7627790825569856,3,linucb_primary,0,0,0,1549,fixed_full
13,1,1,1,0.11269208878770631,198,1,0.5315879339783722,0.01,1,lotte_technology_search_100k_q357,3,0.7533678153820086,3,linucb_primary,1,1,1,1757,fixed_full
13,1,1,1,0.04882943143812709,73,1,0.7016722408026757,0.01,1,lotte_technology_search_100k_q414,7,0.9457176480264282,3,linucb_primary,1,1,1,1495,fixed_full
13,1,1,1,0.3137643792145974,791,1,0.5815152717175724,0.01,0,lotte_technology_search_100k_q279,1,0.46037940217165635,3,hybrid_lite,1,1,1,2521,fixed_full
13,1,0,1,0.46601941747572817,720,2,0.4401294498381877,0.01,1,lotte_technology_search_100k_q494,2,0.5012088497133221,2,hybrid_lite,1,1,1,1545,fixed_full
13,1,1,1,0.48233122362869196,1829,4,0.517668776371308,0.01,0,lotte_technology_search_100k_q584,1,0.6063134482229593,3,hybrid_lite,1,1,1,3792,fixed_full
13,1,1,1,0.10154525386313466,92,2,0.7163355408388521,0.01,1,lotte_technology_search_100k_q209,3,0.5025197912344389,3,hybrid_lite,1,1,1,906,fixed_full
13,1,1,1,0.13178294573643412,102,1,0.44056847545219635,0.01,1,lotte_technology_search_100k_q24,2,0.6678656454847162,3,hybrid_lite,1,1,1,774,fixed_full
13,1,1,1,0.198005698005698,278,1,0.48361823361823364,0.01,0,lotte_technology_search_100k_q256,1,0.9735831461481002,3,linucb_primary,1,1,1,1404,fixed_full
13,1,1,1,0.06070941336971351,89,1,0.7626193724420192,0.01,1,lotte_technology_search_100k_q553,4,0.8198469808464878,3,linucb_primary,1,1,1,1466,fixed_full
13,1,1,1,0.05078720162519045,100,1,0.6145251396648045,0.01,1,lotte_technology_search_100k_q106,2,0.39078327243659705,3,full_dense_fallback,1,1,1,1969,fixed_full
13,1,1,1,0.1064,133,1,0.25760000000000005,0.01,1,lotte_technology_search_100k_q543,2,0.8592248430374145,3,linucb_primary,1,1,1,1250,fixed_full
13,1,1,1,0.08587786259541985,135,1,0.443384223918575,0.01,1,lotte_technology_search_100k_q556,2,0.8920521768639256,3,linucb_primary,1,1,1,1572,fixed_full
13,1,1,1,0.5986159169550173,519,6,0.40138408304498274,0.6,0,lotte_technology_search_100k_q211,1,0.6013344322434765,3,hybrid_lite,1,1,1,867,fixed_full
13,1,1,1,0.08089097303634232,69,1,0.7432590855803047,0.01,1,lotte_technology_search_100k_q88,3,0.9364716807284391,3,linucb_primary,1,1,1,853,fixed_full
13,1,1,1,0.032972972972972976,61,1,0.6172972972972973,0.01,1,lotte_technology_search_100k_q340,3,0.9612077774613734,3,linucb_primary,1,1,1,1850,fixed_full
13,0,1,0,nan,0,0,nan,nan,0,lotte_technology_search_100k_q276,0,0.444536850660775,1,hybrid_lite,0,0,0,746,fixed_full
13,1,1,1,0.0783517121300058,135,1,0.5414973882762624,0.01,1,lotte_technology_search_100k_q386,2,0.6960865172454196,3,hybrid_lite,1,1,1,1723,fixed_full
13,0,0,1,nan,0,0,nan,nan,0,lotte_technology_search_100k_q27,0,0.4624763577818796,1,hybrid_lite,0,0,0,1542,fixed_full
13,1,1,1,0.1566186107470511,239,2,0.6998689384010485,0.01,1,lotte_technology_search_100k_q109,4,0.7953491731896307,3,linucb_primary,1,1,1,1526,fixed_full
13,1,1,1,0.08886765408504539,186,1,0.4290492116579073,0.01,1,lotte_technology_search_100k_q504,3,0.7282549525847938,3,hybrid_lite,1,1,1,2093,fixed_full
13,1,1,1,0.40082181546507284,1073,1,0.31154277175943224,0.01,0,lotte_technology_search_100k_q305,1,0.9327789714846924,3,linucb_primary,1,1,1,2677,fixed_full
13,1,1,1,0.4146341463414634,612,1,0.49661246612466126,0.01,0,lotte_technology_search_100k_q315,1,0.5942137992266724,3,hybrid_lite,1,1,1,1476,fixed_full
13,1,0,1,0.1284019539427774,184,1,0.45359385903698535,0.01,0,lotte_technology_search_100k_q435,1,0.6363674519476744,2,hybrid_lite,1,1,1,1433,fixed_full
13,1,1,1,0.2,147,1,0.5387755102040817,0.01,0,lotte_technology_search_100k_q135,1,0.7119061712303809,3,hybrid_lite,1,1,1,735,fixed_full
13,1,1,1,0.050865800865800864,94,1,0.7840909090909091,0.01,1,lotte_technology_search_100k_q509,3,0.46814966183670503,3,hybrid_lite,1,1,1,1848,fixed_full
13,1,1,1,0.243125,1167,1,0.6110416666666667,0.01,1,lotte_technology_search_100k_q288,9,0.8412224393794875,3,linucb_primary,1,1,1,4800,fixed_full
13,1,1,1,0.06060606060606061,68,1,0.5463458110516934,0.01,1,lotte_technology_search_100k_q42,2,0.9592183782281922,3,linucb_primary,1,1,1,1122,fixed_full
13,1,1,1,nan,0,0,nan,nan,0,lotte_technology_search_100k_q254,0,0.972595336235893,3,linucb_primary,0,0,0,2415,fixed_full
13,1,1,1,0.2033898305084746,144,1,0.5353107344632768,0.01,1,lotte_technology_search_100k_q281,4,0.8247066285005936,3,linucb_primary,1,1,1,708,fixed_full
13,1,1,1,0.08713214079630698,151,1,0.6895556837853434,0.01,1,lotte_technology_search_100k_q562,2,0.9613390089297503,3,linucb_primary,1,1,1,1733,fixed_full
13,1,1,1,0.43610013175230566,331,1,0.44400527009222657,0.01,0,lotte_technology_search_100k_q534,1,0.5551054857376451,3,hybrid_lite,1,1,1,759,fixed_full
13,1,1,1,0.21535022354694486,289,2,0.7317436661698957,0.01,0,lotte_technology_search_100k_q120,1,0.871256574835994,3,linucb_primary,1,1,1,1342,fixed_full
13,1,1,1,0.19059785385794584,373,1,0.6203372508942259,0.01,1,lotte_technology_search_100k_q65,2,0.6875286355065804,3,hybrid_lite,1,1,1,1957,fixed_full
13,1,0,1,0.13922651933701657,126,1,0.7546961325966851,0.01,1,lotte_technology_search_100k_q302,2,0.2889815479607973,2,full_dense_fallback,1,1,1,905,fixed_full
13,1,1,1,0.2620817843866171,141,2,0.4423791821561338,0.01,0,lotte_technology_search_100k_q222,1,0.4633957874015406,3,hybrid_lite,1,1,1,538,fixed_full
13,1,1,1,0.16484268125854992,241,1,0.43228454172366626,0.01,1,lotte_technology_search_100k_q267,2,0.716156611668914,3,hybrid_lite,1,1,1,1462,fixed_full
13,1,1,1,0.3767228177641654,738,2,0.34201123021949975,0.01,1,lotte_technology_search_100k_q82,2,0.6807437460005542,3,hybrid_lite,1,1,1,1959,fixed_full
13,0,1,1,0.13477975016436555,205,2,0.7205785667324129,0.01,0,lotte_technology_search_100k_q547,1,0.6841958772932991,2,hybrid_lite,1,1,1,1521,fixed_full
13,1,1,1,0.2129514321295143,342,1,0.5647571606475716,0.01,1,lotte_technology_search_100k_q413,4,0.8538632658999297,3,linucb_primary,1,1,1,1606,fixed_full
13,1,1,1,0.18476357267950963,211,2,0.6716287215411558,0.01,0,lotte_technology_search_100k_q164,1,0.9656504233667347,3,linucb_primary,1,1,1,1142,fixed_full
13,1,1,1,0.37438423645320196,228,2,0.4203612479474549,0.01,0,lotte_technology_search_100k_q240,1,0.9771215242682952,3,linucb_primary,1,1,1,609,fixed_full
13,0,1,1,0.04991680532445923,30,1,0.6006655574043261,0.01,0,lotte_technology_search_100k_q66,1,0.3510734751684374,2,full_dense_fallback,1,1,1,601,fixed_full
13,1,1,1,0.034897360703812316,119,1,0.5026392961876833,0.01,1,lotte_technology_search_100k_q434,9,0.5483110937148651,3,hybrid_lite,1,1,1,3410,fixed_full
13,1,1,1,0.12480857580398162,163,1,0.6776416539050536,0.01,1,lotte_technology_search_100k_q403,4,0.8118576115448378,3,linucb_primary,1,1,1,1306,fixed_full
13,1,1,1,0.24378585086042065,255,1,0.6080305927342256,0.01,0,lotte_technology_search_100k_q154,1,0.6816905340452079,3,hybrid_lite,1,1,1,1046,fixed_full
13,1,0,0,nan,0,0,nan,nan,0,lotte_technology_search_100k_q8,0,0.2117650471935941,1,full_dense_fallback,0,0,0,553,fixed_full
13,1,1,1,0.40202391904323825,437,4,0.5979760809567618,0.01,0,lotte_technology_search_100k_q40,1,0.8475087277378023,3,linucb_primary,1,1,1,1087,fixed_full
13,0,1,1,nan,0,0,nan,nan,0,lotte_technology_search_100k_q22,0,0.8994083781371932,2,linucb_primary,0,0,0,698,fixed_full
13,1,0,1,0.07646520146520147,167,1,0.4464285714285714,0.01,0,lotte_technology_search_100k_q433,1,0.671375756144378,2,hybrid_lite,1,1,1,2184,fixed_full
13,1,1,1,0.07346619773348964,188,1,0.3575615474794842,0.01,1,lotte_technology_search_100k_q585,2,0.9661903038311883,3,linucb_primary,1,1,1,2559,fixed_full
13,1,0,1,0.11376404494382023,162,1,0.538623595505618,0.01,0,lotte_technology_search_100k_q526,1,0.36361380219840755,2,full_dense_fallback,1,1,1,1424,fixed_full
13,1,1,1,0.10849056603773585,184,1,0.5035377358490566,0.01,1,lotte_technology_search_100k_q508,2,0.9595509109706365,3,linucb_primary,1,1,1,1696,fixed_full
13,1,1,1,0.1299093655589124,516,1,0.7212990936555892,0.01,1,lotte_technology_search_100k_q575,3,0.8871151926587546,3,linucb_primary,1,1,1,3972,fixed_full
13,1,1,1,nan,0,0,nan,nan,0,lotte_technology_search_100k_q172,0,0.5921711103722491,3,hybrid_lite,0,0,0,660,fixed_full
13,1,1,1,0.3877086494688923,511,1,0.5106221547799696,0.01,0,lotte_technology_search_100k_q226,1,0.7307580817932171,3,hybrid_lite,1,1,1,1318,fixed_full
13,1,1,1,0.07528957528957529,117,1,0.43050193050193053,0.01,1,lotte_technology_search_100k_q492,4,0.7054375011839751,3,hybrid_lite,1,1,1,1554,fixed_full
13,1,1,1,0.06415094339622641,68,1,0.4547169811320755,0.01,1,lotte_technology_search_100k_q41,2,0.9776289476795776,3,linucb_primary,1,1,1,1060,fixed_full
13,1,1,1,0.020070838252656435,51,1,0.8126721763085399,0.01,1,lotte_technology_search_100k_q502,6,0.620980243491785,3,hybrid_lite,1,1,1,2541,fixed_full
13,0,1,1,0.08287292817679558,60,1,0.75,0.01,0,lotte_technology_search_100k_q271,1,0.5332376903640242,2,hybrid_lite,1,1,1,724,fixed_full
13,1,1,1,0.06577344701583435,108,1,0.7472594397076735,0.01,1,lotte_technology_search_100k_q566,3,0.657166504954481,3,hybrid_lite,1,1,1,1642,fixed_full
13,1,1,1,0.03192702394526796,28,1,0.5598631698973775,0.01,1,lotte_technology_search_100k_q292,4,0.8580294416137226,3,linucb_primary,1,1,1,877,fixed_full
13,1,1,1,0.19945697577276525,955,1,0.4536340852130326,0.01,1,lotte_technology_search_100k_q506,7,0.9455333952868991,3,linucb_primary,1,1,1,4788,fixed_full
13,1,0,1,0.15108359133126936,244,1,0.5287925696594427,0.01,1,lotte_technology_search_100k_q493,2,0.5204246515842808,2,hybrid_lite,1,1,1,1615,fixed_full
13,1,1,1,0.09431467606875275,214,1,0.6086381665932128,0.01,1,lotte_technology_search_100k_q338,2,0.7830102561048241,3,linucb_primary,1,1,1,2269,fixed_full
13,1,1,1,0.027944111776447105,70,1,0.8934131736526946,0.01,1,lotte_technology_search_100k_q431,5,0.5631271394795078,3,hybrid_lite,1,1,1,2505,fixed_full
13,0,0,1,nan,0,0,nan,nan,0,lotte_technology_search_100k_q26,0,0.44922485335770174,1,hybrid_lite,0,0,0,1382,fixed_full
13,1,1,1,0.2893877551020408,709,2,0.586938775510204,0.01,0,lotte_technology_search_100k_q72,1,0.9553682200889585,3,linucb_primary,1,1,1,2450,fixed_full
13,0,1,1,0.4172767203513909,285,3,0.5446559297218155,0.01,0,lotte_technology_search_100k_q121,1,0.42540328170013963,2,full_dense_fallback,1,1,1,683,fixed_full
13,0,1,1,0.6348684210526315,386,5,0.3651315789473685,0.64,0,lotte_technology_search_100k_q225,1,0.9820475659910235,2,linucb_primary,1,1,1,608,fixed_full
13,1,1,1,0.2625766871165644,428,1,0.50920245398773,0.01,1,lotte_technology_search_100k_q132,2,0.8813991314385916,3,linucb_primary,1,1,1,1630,fixed_full
13,1,1,1,0.2664389410760034,312,1,0.4756618274978651,0.01,0,lotte_technology_search_100k_q63,1,0.9636326821798428,3,linucb_primary,1,1,1,1171,fixed_full
13,0,1,1,0.2021604938271605,262,3,0.7199074074074074,0.01,0,lotte_technology_search_100k_q203,1,0.5865540510427664,2,hybrid_lite,1,1,1,1296,fixed_full
13,1,1,1,0.049071358748778104,251,1,0.7689149560117302,0.01,1,lotte_technology_search_100k_q392,4,0.8948934934089512,3,linucb_primary,1,1,1,5115,fixed_full
13,1,1,1,0.6268568033273916,1055,3,0.34224598930481287,0.01,1,lotte_technology_search_100k_q173,2,0.5891006147848652,3,hybrid_lite,1,1,1,1683,fixed_full
13,1,1,1,0.13328313253012047,177,1,0.2725903614457831,0.01,1,lotte_technology_search_100k_q249,5,0.7008535078260154,3,hybrid_lite,1,1,1,1328,fixed_full
13,1,1,1,0.09144893111638955,231,1,0.7529691211401426,0.01,1,lotte_technology_search_100k_q581,3,0.6460940698395581,3,hybrid_lite,1,1,1,2526,fixed_full
13,1,1,1,0.04116465863453815,123,1,0.749665327978581,0.01,1,lotte_technology_search_100k_q152,3,0.8547492252531766,3,linucb_primary,1,1,1,2988,fixed_full
13,1,1,1,0.08104347826086956,233,1,0.4709565217391304,0.01,1,lotte_technology_search_100k_q590,2,0.774973557578426,3,linucb_primary,1,1,1,2875,fixed_full
13,1,1,1,0.0677555958862674,112,1,0.49425287356321834,0.01,1,lotte_technology_search_100k_q95,3,0.7420899259356145,3,linucb_primary,1,1,1,1653,fixed_full
13,1,1,1,0.0388739946380697,58,1,0.7654155495978552,0.01,0,lotte_technology_search_100k_q522,1,0.9081365515471123,3,linucb_primary,1,1,1,1492,fixed_full
13,1,1,1,0.11487603305785124,278,1,0.5119834710743802,0.01,1,lotte_technology_search_100k_q257,2,0.9585254299376998,3,linucb_primary,1,1,1,2420,fixed_full
13,1,1,1,0.0437842064112588,56,1,0.4409695074276778,0.01,1,lotte_technology_search_100k_q316,3,0.963602381928026,3,linucb_primary,1,1,1,1279,fixed_full
13,1,1,1,0.16073968705547653,226,1,0.4765291607396871,0.01,1,lotte_technology_search_100k_q188,2,0.8027055125205425,3,linucb_primary,1,1,1,1406,fixed_full
13,1,0,1,0.08644953759549658,215,1,0.5110574989947728,0.01,1,lotte_technology_search_100k_q529,6,0.4321668982696231,2,full_dense_fallback,1,1,1,2487,fixed_full
13,1,1,1,0.743856726364015,1786,6,0.256143273635985,0.75,0,lotte_technology_search_100k_q70,1,0.968494461374493,3,linucb_primary,1,1,1,2401,fixed_full
13,1,1,1,0.0565345080763583,77,1,0.6424375917767988,0.01,1,lotte_technology_search_100k_q298,2,0.7445203322399201,3,linucb_primary,1,1,1,1362,fixed_full
13,1,0,1,0.3961693548387097,786,1,0.4032258064516129,0.01,0,lotte_technology_search_100k_q528,1,0.3885915939195436,2,full_dense_fallback,1,1,1,1984,fixed_full
13,1,1,1,0.28127623845507976,335,1,0.6658270361041142,0.01,0,lotte_technology_search_100k_q383,1,0.693408039283738,3,hybrid_lite,1,1,1,1191,fixed_full
13,0,0,0,nan,0,0,nan,nan,0,lotte_technology_search_100k_q138,0,0.3979165865027844,0,full_dense_fallback,0,0,0,790,fixed_full
13,1,1,1,0.025243578387953942,57,1,0.7023914968999114,0.01,1,lotte_technology_search_100k_q442,3,0.7165668023656945,3,hybrid_lite,1,1,1,2258,fixed_full
13,0,1,1,0.08763693270735524,56,1,0.42879499217527384,0.01,0,lotte_technology_search_100k_q180,1,0.5549448227499366,2,hybrid_lite,1,1,1,639,fixed_full
13,1,1,1,0.13428571428571429,94,1,0.62,0.01,0,lotte_technology_search_100k_q29,1,0.6548464932261647,3,hybrid_lite,1,1,1,700,fixed_full
13,1,1,1,0.041289023162134945,41,1,0.7693856998992951,0.01,1,lotte_technology_search_100k_q295,5,0.9466378547093255,3,linucb_primary,1,1,1,993,fixed_full
13,1,1,1,0.019359145527369826,29,1,0.6949265687583445,0.01,1,lotte_technology_search_100k_q519,6,0.77662761995402,3,linucb_primary,1,1,1,1498,fixed_full
13,1,0,1,0.10576923076923077,110,1,0.5894230769230769,0.01,1,lotte_technology_search_100k_q242,3,0.3591732736276351,2,full_dense_fallback,1,1,1,1040,fixed_full
13,1,1,1,0.054474708171206226,112,1,0.7169260700389105,0.01,1,lotte_technology_search_100k_q334,2,0.7249807578175669,3,hybrid_lite,1,1,1,2056,fixed_full
17,1,1,1,0.04722792607802875,23,1,0.4722792607802875,0.01,1,lotte_technology_search_100k_q336,4,0.5780581408061358,3,hybrid_lite,1,1,1,487,fixed_full
17,1,1,1,0.3389687235841082,401,2,0.5300084530853761,0.01,0,lotte_technology_search_100k_q76,1,0.4868564205407094,3,hybrid_lite,1,1,1,1183,fixed_full
17,1,1,1,0.059050064184852376,92,1,0.7869062901155327,0.01,1,lotte_technology_search_100k_q426,10,0.8494732675721365,3,linucb_primary,1,1,1,1558,fixed_full
17,1,1,1,0.05694444444444444,41,1,0.6375,0.01,0,lotte_technology_search_100k_q2,1,0.6106251195316386,3,hybrid_lite,1,1,1,720,fixed_full
17,1,1,1,0.3200734394124847,523,1,0.5483476132190943,0.01,1,lotte_technology_search_100k_q447,3,0.8475916562781278,3,linucb_primary,1,1,1,1634,fixed_full
17,1,1,1,0.6365830115830116,1319,6,0.5733590733590734,0.43,0,lotte_technology_search_100k_q139,1,0.8873105999490059,3,linucb_primary,1,1,1,2072,fixed_full
17,1,1,1,0.1432937181663837,422,1,0.46893039049235996,0.01,1,lotte_technology_search_100k_q507,3,0.4526635085432953,3,hybrid_lite,1,1,1,2945,fixed_full
17,0,1,1,nan,0,0,nan,nan,0,lotte_technology_search_100k_q58,0,0.717467825756265,2,hybrid_lite,0,0,0,909,fixed_full
17,1,1,1,0.21987577639751552,177,2,0.5751552795031056,0.01,1,lotte_technology_search_100k_q125,2,0.9336916783226213,3,linucb_primary,1,1,1,805,fixed_full
17,1,1,1,0.022610483042137718,66,1,0.5837615621788284,0.01,1,lotte_technology_search_100k_q462,4,0.9102952760923236,3,linucb_primary,1,1,1,2919,fixed_full
17,0,1,1,0.20192307692307693,189,3,0.7371794871794872,0.01,0,lotte_technology_search_100k_q57,1,0.8173420469526403,2,linucb_primary,1,1,1,936,fixed_full
17,1,1,1,0.060557125555106985,150,1,0.7117480823576907,0.01,1,lotte_technology_search_100k_q503,5,0.7386761734598339,3,hybrid_lite,1,1,1,2477,fixed_full
17,1,1,1,0.0975254730713246,67,1,0.7365356622998545,0.01,0,lotte_technology_search_100k_q264,1,0.8092717440635742,3,linucb_primary,1,1,1,687,fixed_full
17,0,0,0,nan,0,0,nan,nan,0,lotte_technology_search_100k_q166,0,0.4490868109716533,0,hybrid_lite,0,0,0,1706,fixed_full
17,1,0,1,0.2302025782688766,125,2,0.6040515653775322,0.01,1,lotte_technology_search_100k_q213,2,0.3857990753687183,2,full_dense_fallback,1,1,1,543,fixed_full
17,1,1,1,0.07236061684460261,122,1,0.7241992882562278,0.01,1,lotte_technology_search_100k_q578,7,0.7001447828824183,3,hybrid_lite,1,1,1,1686,fixed_full
17,1,1,1,0.04448742746615087,46,1,0.6170212765957447,0.01,1,lotte_technology_search_100k_q244,3,0.5536347981790337,3,hybrid_lite,1,1,1,1034,fixed_full
17,1,1,1,0.2967798085291558,341,4,0.7032201914708442,0.01,0,lotte_technology_search_100k_q117,1,0.607926896608801,3,hybrid_lite,1,1,1,1149,fixed_full
17,0,1,1,0.9531013615733737,1890,9,0.04689863842662634,0.96,0,lotte_technology_search_100k_q280,1,0.7781083357302379,2,linucb_primary,0,0,1,1983,fixed_full
17,1,1,1,0.07297464440321583,118,1,0.5213358070500927,0.01,1,lotte_technology_search_100k_q378,4,0.3036045542567671,3,full_dense_fallback,1,1,1,1617,fixed_full
17,1,1,1,0.2534722222222222,292,3,0.6875,0.01,0,lotte_technology_search_100k_q11,1,0.8337026594275913,3,linucb_primary,1,1,1,1152,fixed_full
17,1,1,1,0.896957123098202,3891,8,0.10304287690179803,0.9,0,lotte_technology_search_100k_q102,1,0.7222775822190715,3,hybrid_lite,0,1,1,4338,fixed_full
17,1,0,1,nan,0,0,nan,nan,0,lotte_technology_search_100k_q363,0,0.3774949298049934,2,full_dense_fallback,0,0,0,973,fixed_full
17,1,1,1,0.0199374511336982,51,1,0.72556684910086,0.01,1,lotte_technology_search_100k_q446,10,0.7275785871811709,3,hybrid_lite,1,1,1,2558,fixed_full
17,1,0,1,0.22528581035642234,670,1,0.710827168796234,0.01,0,lotte_technology_search_100k_q499,1,0.27530202590427544,2,full_dense_fallback,1,1,1,2974,fixed_full
17,1,1,1,0.08556499020248204,131,1,0.5839320705421294,0.01,0,lotte_technology_search_100k_q476,1,0.8605047526958206,3,linucb_primary,1,1,1,1531,fixed_full
17,1,1,1,0.08080808080808081,80,1,0.7797979797979798,0.01,1,lotte_technology_search_100k_q98,2,0.8317076378087633,3,linucb_primary,1,1,1,990,fixed_full
17,1,0,0,nan,0,0,nan,nan,0,lotte_technology_search_100k_q284,0,0.24861195527055313,1,full_dense_fallback,0,0,0,775,fixed_full
17,1,0,1,0.1990324809951624,288,2,0.7470628887353145,0.01,0,lotte_technology_search_100k_q200,1,0.45943004119957076,2,hybrid_lite,1,1,1,1447,fixed_full
17,1,1,1,1.0,1018,10,0.0,1.0,0,lotte_technology_search_100k_q170,1,0.9272758950939581,3,linucb_primary,0,0,1,1018,fixed_full
17,0,1,1,0.4087530966143683,495,4,0.5912469033856317,0.01,1,lotte_technology_search_100k_q278,2,0.6452151219942021,2,hybrid_lite,1,1,1,1211,fixed_full
17,1,1,1,0.0990253411306043,254,1,0.6187134502923977,0.01,1,lotte_technology_search_100k_q525,5,0.8508701240311101,3,linucb_primary,1,1,1,2565,fixed_full
17,1,0,1,0.10689655172413794,93,1,0.4735632183908046,0.01,1,lotte_technology_search_100k_q210,2,0.23906394306975443,2,full_dense_fallback,1,1,1,870,fixed_full
17,1,1,1,0.0659090909090909,116,1,0.5142045454545454,0.01,1,lotte_technology_search_100k_q425,10,0.8449444297424566,3,linucb_primary,1,1,1,1760,fixed_full
17,1,1,1,0.2222222222222222,390,4,0.7777777777777778,0.01,1,lotte_technology_search_100k_q0,2,0.8148320736363324,3,linucb_primary,1,1,1,1755,fixed_full
17,1,1,1,0.060557125555106985,150,1,0.7117480823576907,0.01,1,lotte_technology_search_100k_q516,5,0.7769958392753131,3,linucb_primary,1,1,1,2477,fixed_full
17,1,1,1,0.11899563318777293,218,1,0.4164847161572053,0.01,1,lotte_technology_search_100k_q436,2,0.9586808060151121,3,linucb_primary,1,1,1,1832,fixed_full
17,1,0,1,0.24929378531073446,706,1,0.4346751412429378,0.01,0,lotte_technology_search_100k_q419,1,0.5415337293999484,2,hybrid_lite,1,1,1,2832,fixed_full
17,1,0,1,0.6398865784499055,1354,4,0.3601134215500945,0.01,0,lotte_technology_search_100k_q376,1,0.39342990981166737,2,full_dense_fallback,1,1,1,2116,fixed_full
17,1,0,1,0.60549558390579,617,5,0.39450441609421005,0.61,0,lotte_technology_search_100k_q500,1,0.45606029605514414,2,hybrid_lite,1,1,1,1019,fixed_full
17,0,1,1,0.3893129770992366,612,3,0.55470737913486,0.01,0,lotte_technology_search_100k_q445,1,0.9397368341715051,2,linucb_primary,1,1,1,1572,fixed_full
17,1,1,0,nan,0,0,nan,nan,0,lotte_technology_search_100k_q115,0,0.8205651618979224,2,linucb_primary,0,0,0,1416,fixed_full
17,1,1,1,0.08310991957104558,124,1,0.7111260053619303,0.01,0,lotte_technology_search_100k_q273,1,0.46836910527600034,3,hybrid_lite,1,1,1,1492,fixed_full
17,1,0,1,0.31778169014084506,361,2,0.22271126760563376,0.01,0,lotte_technology_search_100k_q535,1,0.3750673058301491,2,full_dense_fallback,1,1,1,1136,fixed_full
17,1,1,1,0.025477707006369428,48,1,0.4623142250530785,0.01,1,lotte_technology_search_100k_q329,5,0.7430007125811023,3,linucb_primary,1,1,1,1884,fixed_full
17,1,1,1,0.0500277932184547,90,1,0.5958866036687048,0.01,1,lotte_technology_search_100k_q568,2,0.7150639708825045,3,hybrid_lite,1,1,1,1799,fixed_full
17,1,1,1,0.02108309218685407,51,1,0.41835469202149644,0.01,1,lotte_technology_search_100k_q595,5,0.6992892796356753,3,hybrid_lite,1,1,1,2419,fixed_full
17,1,1,1,0.17834394904458598,448,1,0.3407643312101911,0.01,0,lotte_technology_search_100k_q359,1,0.8226834630483645,3,linucb_primary,1,1,1,2512,fixed_full
17,0,1,1,nan,0,0,nan,nan,0,lotte_technology_search_100k_q21,0,0.7725637257583905,2,linucb_primary,0,0,0,859,fixed_full
17,1,0,1,0.10395655546935609,268,1,0.5089216446858029,0.01,1,lotte_technology_search_100k_q560,3,0.3636486257912618,2,full_dense_fallback,1,1,1,2578,fixed_full
17,1,1,1,0.07742084585162931,335,1,0.684076727524844,0.01,1,lotte_technology_search_100k_q396,4,0.5322924920385412,3,hybrid_lite,1,1,1,4327,fixed_full
17,1,0,1,0.015667574931880108,23,1,0.779291553133515,0.01,0,lotte_technology_search_100k_q163,1,0.5565070270857638,2,hybrid_lite,1,1,1,1468,fixed_full
17,1,1,1,0.05719360568383659,161,1,0.4760213143872114,0.01,1,lotte_technology_search_100k_q527,7,0.4912730243801468,3,hybrid_lite,1,1,1,2815,fixed_full
17,1,1,1,0.0380952380952381,84,1,0.7609977324263039,0.01,1,lotte_technology_search_100k_q423,8,0.9276197072089138,3,linucb_primary,1,1,1,2205,fixed_full
17,1,0,0,nan,0,0,nan,nan,0,lotte_technology_search_100k_q283,0,0.27219489378111994,1,full_dense_fallback,0,0,0,956,fixed_full
17,1,1,1,0.6321762349799733,947,6,0.43324432576769023,0.57,1,lotte_technology_search_100k_q339,2,0.708559781752262,3,hybrid_lite,1,1,1,1498,fixed_full
17,1,1,1,0.21209465381244522,242,1,0.49430324276950044,0.01,0,lotte_technology_search_100k_q474,1,0.8032809728716627,3,linucb_primary,1,1,1,1141,fixed_full
17,1,1,1,0.030344827586206897,44,1,0.4993103448275862,0.01,1,lotte_technology_search_100k_q343,5,0.9495193425112382,3,linucb_primary,1,1,1,1450,fixed_full
17,1,1,1,0.11307053941908714,327,2,0.35788381742738584,0.01,0,lotte_technology_search_100k_q312,1,0.6305784382319425,3,hybrid_lite,1,1,1,2892,fixed_full
17,1,1,1,0.05686433793663688,70,1,0.4654752233956133,0.01,1,lotte_technology_search_100k_q311,3,0.8642686965197381,3,linucb_primary,1,1,1,1231,fixed_full
17,1,1,1,0.010655737704918032,13,1,0.6639344262295082,0.01,1,lotte_technology_search_100k_q236,7,0.9549028520786773,3,linucb_primary,1,1,1,1220,fixed_full
17,0,0,0,nan,0,0,nan,nan,0,lotte_technology_search_100k_q382,0,0.37232457025163174,0,full_dense_fallback,0,0,0,1375,fixed_full
17,1,1,1,0.11052072263549416,208,1,0.4617428267800212,0.01,1,lotte_technology_search_100k_q328,5,0.6519044545632078,3,hybrid_lite,1,1,1,1882,fixed_full
17,1,1,1,0.05017182130584193,73,1,0.6790378006872853,0.01,1,lotte_technology_search_100k_q444,8,0.9260908664390427,3,linucb_primary,1,1,1,1455,fixed_full
17,1,1,1,0.0964722822174226,134,1,0.5017998560115191,0.01,1,lotte_technology_search_100k_q356,3,0.415307456432635,3,full_dense_fallback,1,1,1,1389,fixed_full
17,1,1,1,0.4763636363636364,786,1,0.18242424242424238,0.01,0,lotte_technology_search_100k_q517,1,0.24060572449219175,3,full_dense_fallback,1,1,1,1650,fixed_full
17,1,1,1,0.25376540392514835,556,1,0.31629392971246006,0.01,1,lotte_technology_search_100k_q415,3,0.9003241975736608,3,linucb_primary,1,1,1,2191,fixed_full
17,1,1,1,0.11619506321493077,193,1,0.3377483443708609,0.01,1,lotte_technology_search_100k_q416,4,0.8942088643841585,3,linucb_primary,1,1,1,1661,fixed_full
17,1,1,1,0.09621212121212121,127,1,0.4575757575757575,0.01,1,lotte_technology_search_100k_q495,2,0.6697100832877211,3,hybrid_lite,1,1,1,1320,fixed_full
17,1,1,1,0.5861500412201154,1422,1,0.31368507831821935,0.01,1,lotte_technology_search_100k_q263,2,0.840006569429947,3,linucb_primary,1,1,1,2426,fixed_full
17,1,1,1,0.10436835891381346,442,1,0.7695395513577332,0.01,1,lotte_technology_search_100k_q369,5,0.8198678606059128,3,linucb_primary,1,1,1,4235,fixed_full
17,0,0,1,nan,0,0,nan,nan,0,lotte_technology_search_100k_q175,0,0.2841056749854306,1,full_dense_fallback,0,0,0,1017,fixed_full
17,1,1,1,0.26666666666666666,636,1,0.42641509433962266,0.01,1,lotte_technology_search_100k_q480,2,0.8562538559670334,3,linucb_primary,1,1,1,2385,fixed_full
17,1,0,1,0.6,699,1,0.20343347639484977,0.01,0,lotte_technology_search_100k_q373,1,0.3884361956077082,2,full_dense_fallback,1,1,1,1165,fixed_full
17,1,1,1,0.12115891132572432,138,1,0.6637401229148376,0.01,1,lotte_technology_search_100k_q251,2,0.49049519042487144,3,hybrid_lite,1,1,1,1139,fixed_full
17,1,1,1,0.14553990610328638,93,1,0.5727699530516432,0.01,1,lotte_technology_search_100k_q443,2,0.7932508822959076,3,linucb_primary,1,1,1,639,fixed_full
17,1,1,1,nan,0,0,nan,nan,0,lotte_technology_search_100k_q197,0,0.6424002715325804,3,hybrid_lite,0,0,0,800,fixed_full
17,1,1,1,0.17329842931937173,331,2,0.48481675392670154,0.01,1,lotte_technology_search_100k_q538,3,0.9730721541435295,3,linucb_primary,1,1,1,1910,fixed_full
17,1,1,1,0.5350500715307582,374,6,0.46494992846924177,0.54,0,lotte_technology_search_100k_q262,1,0.593216839171776,3,hybrid_lite,1,1,1,699,fixed_full
17,1,1,1,0.1536231884057971,159,1,0.5584541062801933,0.01,1,lotte_technology_search_100k_q466,10,0.597251288979978,3,hybrid_lite,1,1,1,1035,fixed_full
17,1,1,1,0.04948075748320098,81,1,0.48747709224190594,0.01,1,lotte_technology_search_100k_q588,4,0.8260380280853986,3,linucb_primary,1,1,1,1637,fixed_full
17,1,1,1,0.11319648093841642,193,1,0.3548387096774194,0.01,1,lotte_technology_search_100k_q450,5,0.9426658720794189,3,linucb_primary,1,1,1,1705,fixed_full
17,1,1,1,0.14928909952606634,63,1,0.7132701421800948,0.01,1,lotte_technology_search_100k_q113,3,0.6566763273352587,3,hybrid_lite,1,1,1,422,fixed_full
17,1,1,1,nan,0,0,nan,nan,0,lotte_technology_search_100k_q511,0,0.6450997174791282,3,hybrid_lite,0,0,0,1127,fixed_full
17,1,1,1,0.1498545101842871,309,2,0.7439379243452958,0.01,0,lotte_technology_search_100k_q206,1,0.8633261600451614,3,linucb_primary,1,1,1,2062,fixed_full
17,1,1,1,0.14372716199756394,236,1,0.6090133982947625,0.01,0,lotte_technology_search_100k_q245,1,0.7916313038323094,3,linucb_primary,1,1,1,1642,fixed_full
17,0,0,1,nan,0,0,nan,nan,0,lotte_technology_search_100k_q60,0,0.3548130369006955,1,full_dense_fallback,0,0,0,696,fixed_full
17,1,1,1,0.07325581395348837,63,1,0.6802325581395349,0.01,0,lotte_technology_search_100k_q44,1,0.8085175679854457,3,linucb_primary,1,1,1,860,fixed_full
17,1,1,1,0.3082010582010582,233,3,0.5846560846560847,0.01,1,lotte_technology_search_100k_q46,3,0.8246788851014835,3,linucb_primary,1,1,1,756,fixed_full
17,1,0,1,0.205761316872428,300,1,0.43552812071330593,0.01,1,lotte_technology_search_100k_q358,3,0.36570238731104193,2,full_dense_fallback,1,1,1,1458,fixed_full
17,1,1,1,0.8981324278438031,1058,8,0.1018675721561969,0.9,0,lotte_technology_search_100k_q81,1,0.78670938750312,3,linucb_primary,0,1,1,1178,fixed_full
17,1,1,1,0.4953789279112754,536,5,0.6109057301293901,0.39,1,lotte_technology_search_100k_q193,2,0.5302697351497003,3,hybrid_lite,1,1,1,1082,fixed_full
17,1,1,1,0.03546712802768166,41,1,0.8019031141868512,0.01,1,lotte_technology_search_100k_q296,5,0.7589723891432565,3,linucb_primary,1,1,1,1156,fixed_full
17,1,1,1,0.03407755581668625,145,1,0.6474735605170387,0.01,1,lotte_technology_search_100k_q542,2,0.9518560290438893,3,linucb_primary,1,1,1,4255,fixed_full
17,0,0,1,nan,0,0,nan,nan,0,lotte_technology_search_100k_q77,0,0.2816271053153212,1,full_dense_fallback,0,0,0,1115,fixed_full
17,0,1,1,nan,0,0,nan,nan,0,lotte_technology_search_100k_q114,0,0.5431383218366962,2,hybrid_lite,0,0,0,1573,fixed_full
17,1,1,1,0.04138702460850112,37,1,0.430648769574944,0.01,1,lotte_technology_search_100k_q346,2,0.9226453483474198,3,linucb_primary,1,1,1,894,fixed_full
17,1,1,1,0.04955264969029594,72,1,0.7701307639366828,0.01,1,lotte_technology_search_100k_q49,2,0.6413230511899574,3,hybrid_lite,1,1,1,1453,fixed_full
17,1,1,1,0.3110485573539761,442,3,0.6410978184377198,0.01,1,lotte_technology_search_100k_q110,4,0.5706289358037674,3,hybrid_lite,1,1,1,1421,fixed_full
17,0,0,0,nan,0,0,nan,nan,0,lotte_technology_search_100k_q237,0,0.5099855417159033,0,hybrid_lite,0,0,0,698,fixed_full
17,1,1,1,0.225531914893617,106,1,0.5765957446808511,0.01,0,lotte_technology_search_100k_q307,1,0.7797625159638886,3,linucb_primary,1,1,1,470,fixed_full
17,1,1,1,0.0350140056022409,75,1,0.5648926237161531,0.01,1,lotte_technology_search_100k_q491,6,0.6488980367629729,3,hybrid_lite,1,1,1,2142,fixed_full
17,1,1,1,0.13118279569892474,122,2,0.7043010752688172,0.01,1,lotte_technology_search_100k_q43,3,0.8060484645948515,3,linucb_primary,1,1,1,930,fixed_full
17,1,1,1,0.08598574821852732,181,1,0.34774346793349165,0.01,1,lotte_technology_search_100k_q409,3,0.5471040997511945,3,hybrid_lite,1,1,1,2105,fixed_full
17,1,1,0,nan,0,0,nan,nan,0,lotte_technology_search_100k_q317,0,0.27508096482216504,2,full_dense_fallback,0,0,0,1307,fixed_full
17,1,1,1,nan,0,0,nan,nan,0,lotte_technology_search_100k_q6,0,0.9066153602025177,3,linucb_primary,0,0,0,2017,fixed_full
17,1,1,1,0.09675324675324676,149,1,0.33311688311688314,0.01,1,lotte_technology_search_100k_q308,5,0.7537800368343153,3,linucb_primary,1,1,1,1540,fixed_full
17,1,1,1,nan,0,0,nan,nan,0,lotte_technology_search_100k_q28,0,0.9629206627337872,3,linucb_primary,0,0,0,1491,fixed_full
17,1,1,1,0.029223093371347115,41,1,0.49536707056307916,0.01,1,lotte_technology_search_100k_q422,6,0.8317357730571531,3,linucb_primary,1,1,1,1403,fixed_full
17,1,0,1,0.43498978897208984,639,4,0.5650102110279102,0.01,0,lotte_technology_search_100k_q191,1,0.28685417722171774,2,full_dense_fallback,1,1,1,1469,fixed_full
17,1,0,1,0.09375,162,1,0.6197916666666667,0.01,0,lotte_technology_search_100k_q485,1,0.4683359382753826,2,hybrid_lite,1,1,1,1728,fixed_full
17,1,1,1,0.215,215,2,0.656,0.01,1,lotte_technology_search_100k_q146,2,0.7596219244157698,3,linucb_primary,1,1,1,1000,fixed_full
17,1,1,1,0.0384204909284952,36,1,0.6851654215581644,0.01,1,lotte_technology_search_100k_q457,7,0.9730967670584515,3,linucb_primary,1,1,1,937,fixed_full
17,1,1,1,0.07840772014475271,65,1,0.4776839565741857,0.01,1,lotte_technology_search_100k_q324,7,0.6187400537923093,3,hybrid_lite,1,1,1,829,fixed_full
17,1,1,1,0.6182096403978576,808,2,0.3404743687834736,0.01,1,lotte_technology_search_100k_q294,2,0.8952952935310371,3,linucb_primary,1,1,1,1307,fixed_full
17,1,1,1,0.1302588996763754,161,1,0.7006472491909386,0.01,0,lotte_technology_search_100k_q303,1,0.7792544927716243,3,linucb_primary,1,1,1,1236,fixed_full
17,1,1,1,0.3302794319743472,721,1,0.2579019697663766,0.01,1,lotte_technology_search_100k_q452,3,0.5749705832901293,3,hybrid_lite,1,1,1,2183,fixed_full
17,1,1,1,0.296,481,2,0.5236923076923077,0.01,1,lotte_technology_search_100k_q551,2,0.6866915006517192,3,hybrid_lite,1,1,1,1625,fixed_full
17,1,0,1,0.03884892086330935,54,1,0.6287769784172662,0.01,0,lotte_technology_search_100k_q360,1,0.36737064272165293,2,full_dense_fallback,1,1,1,1390,fixed_full
17,1,1,1,0.1744,109,1,0.5616,0.01,0,lotte_technology_search_100k_q9,1,0.6017561850543798,3,hybrid_lite,1,1,1,625,fixed_full
17,1,1,1,0.21929824561403508,250,1,0.5964912280701755,0.01,1,lotte_technology_search_100k_q309,3,0.9074980593552122,3,linucb_primary,1,1,1,1140,fixed_full
17,1,1,1,0.07222222222222222,195,1,0.39,0.01,1,lotte_technology_search_100k_q593,2,0.9841493355993739,3,linucb_primary,1,1,1,2700,fixed_full
17,1,1,1,nan,0,0,nan,nan,0,lotte_technology_search_100k_q208,0,0.8657693641175523,3,linucb_primary,0,0,0,1829,fixed_full
17,1,1,1,0.08205128205128205,64,1,0.582051282051282,0.01,1,lotte_technology_search_100k_q489,3,0.8241313085662307,3,linucb_primary,1,1,1,780,fixed_full
17,1,1,1,0.2279035792549306,312,1,0.6683710737764792,0.01,0,lotte_technology_search_100k_q62,1,0.6282741919563958,3,hybrid_lite,1,1,1,1369,fixed_full
17,1,1,1,0.06177606177606178,64,1,0.6438223938223938,0.01,1,lotte_technology_search_100k_q111,5,0.841931988805871,3,linucb_primary,1,1,1,1036,fixed_full
17,1,1,1,0.36175882744836774,543,5,0.6382411725516323,0.37,1,lotte_technology_search_100k_q214,2,0.7050066386387487,3,hybrid_lite,1,1,1,1501,fixed_full
17,1,1,1,0.25927209705372617,748,1,0.5317157712305026,0.01,1,lotte_technology_search_100k_q479,2,0.5042579242195353,3,hybrid_lite,1,1,1,2885,fixed_full
17,1,1,1,0.06294779938587512,123,1,0.6560900716479017,0.01,1,lotte_technology_search_100k_q332,3,0.8930875035121781,3,linucb_primary,1,1,1,1954,fixed_full
17,1,1,1,0.10554371002132196,99,1,0.6172707889125799,0.01,1,lotte_technology_search_100k_q83,2,0.8042153511693427,3,linucb_primary,1,1,1,938,fixed_full
17,1,0,1,0.2177121771217712,118,1,0.5461254612546125,0.01,0,lotte_technology_search_100k_q87,1,0.4433455510895502,2,hybrid_lite,1,1,1,542,fixed_full
17,1,1,1,0.03902139000888403,571,2,0.9055559352149252,0.01,1,lotte_technology_search_100k_q558,5,0.9260191852517161,3,linucb_primary,1,1,1,14633,fixed_full
17,1,1,1,0.643305439330544,615,7,0.35669456066945604,0.65,0,lotte_technology_search_100k_q155,1,0.7792362835372306,3,linucb_primary,1,1,1,956,fixed_full
17,1,1,1,0.05070754716981132,43,1,0.5318396226415094,0.01,1,lotte_technology_search_100k_q404,4,0.4632309627164787,3,hybrid_lite,1,1,1,848,fixed_full
17,0,0,1,nan,0,0,nan,nan,0,lotte_technology_search_100k_q47,0,0.6041362314347941,1,hybrid_lite,0,0,0,750,fixed_full
17,1,1,1,0.10555555555555556,76,1,0.7291666666666667,0.01,0,lotte_technology_search_100k_q37,1,0.9410939851111001,3,linucb_primary,1,1,1,720,fixed_full
17,1,1,1,0.13285457809694792,148,1,0.7055655296229802,0.01,1,lotte_technology_search_100k_q335,3,0.45298982125394904,3,hybrid_lite,1,1,1,1114,fixed_full
17,1,1,1,0.20724048762467676,561,1,0.33505725895825633,0.01,0,lotte_technology_search_100k_q411,1,0.6110425209891446,3,hybrid_lite,1,1,1,2707,fixed_full
17,1,0,1,0.11684782608695653,86,2,0.7323369565217391,0.01,0,lotte_technology_search_100k_q265,1,0.32252704814592903,2,full_dense_fallback,1,1,1,736,fixed_full
17,0,1,1,0.060851926977687626,60,1,0.6085192697768762,0.01,1,lotte_technology_search_100k_q510,6,0.9729653296080735,2,linucb_primary,1,1,1,986,fixed_full
17,1,1,1,0.21113831089351284,345,1,0.3800489596083231,0.01,1,lotte_technology_search_100k_q327,5,0.6680314215350025,3,hybrid_lite,1,1,1,1634,fixed_full
17,1,0,1,0.15058479532163743,206,1,0.6067251461988303,0.01,1,lotte_technology_search_100k_q229,4,0.2588528888272127,2,full_dense_fallback,1,1,1,1368,fixed_full
17,1,1,1,0.1048158640226629,74,1,0.623229461756374,0.01,0,lotte_technology_search_100k_q168,1,0.5185255386253733,3,hybrid_lite,1,1,1,706,fixed_full
17,1,0,1,0.1130952380952381,342,1,0.7136243386243386,0.01,1,lotte_technology_search_100k_q326,2,0.5640332367494981,2,hybrid_lite,1,1,1,3024,fixed_full
17,1,1,1,0.16755037115588547,158,1,0.6352067868504772,0.01,0,lotte_technology_search_100k_q205,1,0.723376474599651,3,hybrid_lite,1,1,1,943,fixed_full
17,1,1,1,0.27365728900255754,214,3,0.6854219948849105,0.01,0,lotte_technology_search_100k_q19,1,0.9042145472358809,3,linucb_primary,1,1,1,782,fixed_full
17,1,1,1,0.10818713450292397,74,1,0.6111111111111112,0.01,0,lotte_technology_search_100k_q167,1,0.5684005762581943,3,hybrid_lite,1,1,1,684,fixed_full
17,1,1,1,0.4208860759493671,399,3,0.5432489451476794,0.01,1,lotte_technology_search_100k_q52,2,0.7495735360771246,3,linucb_primary,1,1,1,948,fixed_full
17,1,1,1,0.06381934216985763,130,1,0.7820324005891016,0.01,1,lotte_technology_search_100k_q331,2,0.9677073519584689,3,linucb_primary,1,1,1,2037,fixed_full
17,0,1,1,0.09989701338825953,97,2,0.6364572605561277,0.01,0,lotte_technology_search_100k_q20,1,0.7743697628604284,2,linucb_primary,1,1,1,971,fixed_full
17,1,1,1,0.3723331039229181,541,3,0.44803854094975915,0.01,0,lotte_technology_search_100k_q212,1,0.8159338012160707,3,linucb_primary,1,1,1,1453,fixed_full
17,0,0,1,0.16353887399463807,183,2,0.6854334226988382,0.01,1,lotte_technology_search_100k_q75,2,0.34801464703289486,1,full_dense_fallback,1,1,1,1119,fixed_full
17,1,1,1,0.2159383033419023,168,1,0.5745501285347043,0.01,0,lotte_technology_search_100k_q190,1,0.6239315100649963,3,hybrid_lite,1,1,1,778,fixed_full
17,1,1,1,0.06613047363717604,74,1,0.5719392314566577,0.01,1,lotte_technology_search_100k_q437,10,0.9239223151330044,3,linucb_primary,1,1,1,1119,fixed_full
17,1,1,1,0.10253998118532455,218,1,0.49717779868297274,0.01,1,lotte_technology_search_100k_q406,2,0.9607427544647917,3,linucb_primary,1,1,1,2126,fixed_full
17,0,1,0,nan,0,0,nan,nan,0,lotte_technology_search_100k_q116,0,0.7049433419155237,1,hybrid_lite,0,0,0,1246,fixed_full
17,0,1,1,1.0,2807,10,0.6141788386177414,0.39,0,lotte_technology_search_100k_q374,1,0.7210167605367965,2,hybrid_lite,1,0,1,2807,fixed_full
17,1,0,1,0.035860190649114845,79,1,0.3472537448933273,0.01,1,lotte_technology_search_100k_q375,2,0.4276497805379231,2,full_dense_fallback,1,1,1,2203,fixed_full
17,1,1,1,0.5262154432793136,1104,5,0.4737845567206864,0.53,0,lotte_technology_search_100k_q565,1,1.0,3,linucb_primary,1,1,1,2098,fixed_full
17,1,1,1,0.40408460977388766,554,6,0.5959153902261123,0.41,1,lotte_technology_search_100k_q10,2,0.9724617684115446,3,linucb_primary,1,1,1,1371,fixed_full
17,1,1,1,0.1566265060240964,195,1,0.5662650602409638,0.01,1,lotte_technology_search_100k_q589,2,0.9878802825264155,3,linucb_primary,1,1,1,1245,fixed_full
17,1,0,1,0.08941755537325677,109,1,0.5373256767842494,0.01,1,lotte_technology_search_100k_q300,4,0.2850098780541799,2,full_dense_fallback,1,1,1,1219,fixed_full
17,1,1,1,0.11179698216735254,163,1,0.7112482853223594,0.01,1,lotte_technology_search_100k_q430,4,0.6750161788627101,3,hybrid_lite,1,1,1,1458,fixed_full
17,1,1,1,0.2095980311730927,511,1,0.7022149302707137,0.01,1,lotte_technology_search_100k_q418,3,0.9305283254594422,3,linucb_primary,1,1,1,2438,fixed_full
17,1,1,1,0.1623989218328841,241,2,0.7493261455525606,0.01,0,lotte_technology_search_100k_q158,1,0.7826055026766575,3,linucb_primary,1,1,1,1484,fixed_full
17,1,1,1,0.3988648090815273,773,3,0.33488132094943246,0.01,1,lotte_technology_search_100k_q80,2,0.7767976283961063,3,linucb_primary,1,1,1,1938,fixed_full
17,1,1,1,0.04619565217391304,51,1,0.42663043478260865,0.01,0,lotte_technology_search_100k_q372,1,0.943006918750217,3,linucb_primary,1,1,1,1104,fixed_full
17,1,1,1,0.08211920529801324,248,1,0.8543046357615894,0.01,1,lotte_technology_search_100k_q347,6,0.7526302194636537,3,linucb_primary,1,1,1,3020,fixed_full
17,1,1,1,0.10805084745762712,357,1,0.6940072639225181,0.01,1,lotte_technology_search_100k_q204,2,0.9543324075672648,3,linucb_primary,1,1,1,3304,fixed_full
17,1,1,1,0.3684210526315789,196,5,0.631578947368421,0.37,0,lotte_technology_search_100k_q231,1,0.7388262678348828,3,hybrid_lite,1,1,1,532,fixed_full
17,0,1,1,nan,0,0,nan,nan,0,lotte_technology_search_100k_q119,0,0.6702697571438495,2,hybrid_lite,0,0,0,1291,fixed_full
17,1,1,1,0.02078740157480315,66,1,0.6173228346456693,0.01,1,lotte_technology_search_100k_q455,4,0.8973641350672851,3,linucb_primary,1,1,1,3175,fixed_full
17,0,0,0,nan,0,0,nan,nan,0,lotte_technology_search_100k_q150,0,0.5206979939256124,0,hybrid_lite,0,0,0,812,fixed_full
17,1,1,1,0.06507230255839822,234,1,0.5383759733036708,0.01,1,lotte_technology_search_100k_q569,3,0.6714271988905319,3,hybrid_lite,1,1,1,3596,fixed_full
17,1,1,1,0.5896551724137931,513,6,0.41034482758620694,0.59,0,lotte_technology_search_100k_q221,1,0.6865223373617494,3,hybrid_lite,1,1,1,870,fixed_full
17,1,1,1,0.0484304932735426,108,1,0.784304932735426,0.01,1,lotte_technology_search_100k_q573,2,0.8884597859223694,3,linucb_primary,1,1,1,2230,fixed_full
17,1,0,1,0.060922541340295906,70,1,0.6214099216710183,0.01,1,lotte_technology_search_100k_q429,9,0.33169545316337445,2,full_dense_fallback,1,1,1,1149,fixed_full
17,0,1,1,0.3493609251369446,574,1,0.47961046865489954,0.01,0,lotte_technology_search_100k_q487,1,0.6006361998592221,2,hybrid_lite,1,1,1,1643,fixed_full
17,1,0,1,0.03514376996805112,44,1,0.5263578274760383,0.01,1,lotte_technology_search_100k_q243,2,0.26719182736517505,2,full_dense_fallback,1,1,1,1252,fixed_full
17,1,1,1,0.43759398496240604,582,1,0.4067669172932331,0.01,1,lotte_technology_search_100k_q53,2,0.8123442934802897,3,linucb_primary,1,1,1,1330,fixed_full
17,1,1,1,0.07666098807495741,135,1,0.8347529812606473,0.01,1,lotte_technology_search_100k_q323,2,0.6233851268141626,3,hybrid_lite,1,1,1,1761,fixed_full
17,1,1,1,0.7345844504021448,1370,6,0.2654155495978552,0.74,0,lotte_technology_search_100k_q391,1,0.6088152680429387,3,hybrid_lite,1,1,1,1865,fixed_full
17,1,1,1,0.05931122448979592,93,1,0.5714285714285714,0.01,1,lotte_technology_search_100k_q348,5,0.9141621841795968,3,linucb_primary,1,1,1,1568,fixed_full
17,1,1,1,0.2866043613707165,276,1,0.49428868120456904,0.01,0,lotte_technology_search_100k_q432,1,0.6874225319442472,3,hybrid_lite,1,1,1,963,fixed_full
17,1,1,1,0.7416772018541931,1760,6,0.25832279814580694,0.75,0,lotte_technology_search_100k_q71,1,0.9626765639855853,3,linucb_primary,1,1,1,2373,fixed_full
17,1,1,1,0.04732080723729993,68,1,0.535142658315936,0.01,1,lotte_technology_search_100k_q398,6,0.8807880471175574,3,linucb_primary,1,1,1,1437,fixed_full
17,0,1,0,nan,0,0,nan,nan,0,lotte_technology_search_100k_q319,0,0.46346501344970364,1,hybrid_lite,0,0,0,840,fixed_full
17,1,1,1,0.520892959358901,910,6,0.479107040641099,0.53,0,lotte_technology_search_100k_q182,1,0.9398250375419058,3,linucb_primary,1,1,1,1747,fixed_full
17,1,0,1,0.75,747,7,0.25,0.75,0,lotte_technology_search_100k_q25,1,0.38726386926360523,2,full_dense_fallback,1,1,1,996,fixed_full
17,1,1,1,0.29225352112676056,332,3,0.6285211267605634,0.01,1,lotte_technology_search_100k_q14,2,0.7164464442804379,3,hybrid_lite,1,1,1,1136,fixed_full
17,1,1,1,0.32761310452418096,210,3,0.6302652106084243,0.01,1,lotte_technology_search_100k_q370,3,0.8290822704871356,3,linucb_primary,1,1,1,641,fixed_full
17,1,1,1,0.12876550502067335,218,2,0.6219728292971057,0.01,1,lotte_technology_search_100k_q449,5,0.86719006243061,3,linucb_primary,1,1,1,1693,fixed_full
17,1,1,1,0.5868358445678034,740,3,0.38144329896907214,0.01,0,lotte_technology_search_100k_q39,1,0.40873478883568976,3,full_dense_fallback,1,1,1,1261,fixed_full
17,1,0,1,1.0,1315,10,0.26463878326996193,0.74,0,lotte_technology_search_100k_q165,1,0.26185496545086046,2,full_dense_fallback,0,0,1,1315,fixed_full
17,1,1,1,0.09195893926432848,215,1,0.7489307100085543,0.01,1,lotte_technology_search_100k_q350,7,0.7443453016604012,3,linucb_primary,1,1,1,2338,fixed_full
17,1,1,1,0.8509933774834437,1028,9,0.14900662251655628,0.86,0,lotte_technology_search_100k_q156,1,0.8601068946718029,3,linucb_primary,0,1,1,1208,fixed_full
17,1,0,1,1.0,1699,10,0.227781047675103,0.78,0,lotte_technology_search_100k_q567,1,0.5096568528379025,2,hybrid_lite,0,0,1,1699,fixed_full
17,1,1,1,0.07371007371007371,180,1,0.5622440622440623,0.01,1,lotte_technology_search_100k_q468,2,0.5762004532522285,3,hybrid_lite,1,1,1,2442,fixed_full
17,1,1,1,0.33127572016460904,483,6,0.668724279835391,0.34,1,lotte_technology_search_100k_q524,2,0.6092088181829944,3,hybrid_lite,1,1,1,1458,fixed_full
17,1,1,1,0.4162303664921466,477,5,0.5837696335078534,0.42,1,lotte_technology_search_100k_q187,2,0.9051891347967115,3,linucb_primary,1,1,1,1146,fixed_full
17,1,1,1,0.097799511002445,120,1,0.4123879380603097,0.01,1,lotte_technology_search_100k_q486,2,0.8060813999981707,3,linucb_primary,1,1,1,1227,fixed_full
17,0,1,1,nan,0,0,nan,nan,0,lotte_technology_search_100k_q68,0,0.8398109924403417,2,linucb_primary,0,0,0,1354,fixed_full
17,1,0,1,0.24634655532359082,118,1,0.5281837160751566,0.01,0,lotte_technology_search_100k_q86,1,0.5468227522002922,2,hybrid_lite,1,1,1,479,fixed_full
17,1,1,1,0.45098039215686275,345,6,0.6928104575163399,0.31,1,lotte_technology_search_100k_q118,2,0.57679297799527,3,hybrid_lite,1,1,1,765,fixed_full
17,1,0,1,0.2040358744394619,182,1,0.4988789237668162,0.01,0,lotte_technology_search_100k_q133,1,0.5341390067947899,2,hybrid_lite,1,1,1,892,fixed_full
17,1,1,1,0.0817717206132879,144,1,0.3986371379897785,0.01,1,lotte_technology_search_100k_q587,3,0.48887172344621604,3,hybrid_lite,1,1,1,1761,fixed_full
17,1,1,1,0.16404040404040404,406,1,0.6585858585858586,0.01,0,lotte_technology_search_100k_q550,1,0.6089976461067731,3,hybrid_lite,1,1,1,2475,fixed_full
17,0,0,0,nan,0,0,nan,nan,0,lotte_technology_search_100k_q149,0,0.6078641950405878,0,hybrid_lite,0,0,0,922,fixed_full
17,1,1,1,0.0611541774332472,142,1,0.8074935400516796,0.01,1,lotte_technology_search_100k_q571,2,0.8811133658602607,3,linucb_primary,1,1,1,2322,fixed_full
17,0,0,1,0.5372340425531915,707,4,0.4627659574468085,0.01,0,lotte_technology_search_100k_q481,1,0.2322301640804286,1,full_dense_fallback,1,1,1,1316,fixed_full
17,1,1,1,0.05102319236016371,187,1,0.7697135061391541,0.01,1,lotte_technology_search_100k_q299,3,0.775870211306189,3,linucb_primary,1,1,1,3665,fixed_full
17,1,1,1,0.050748752079866885,61,1,0.4043261231281198,0.01,1,lotte_technology_search_100k_q255,3,0.6343618927469807,3,hybrid_lite,1,1,1,1202,fixed_full
17,1,0,1,0.04061416542842992,82,1,0.6210995542347697,0.01,1,lotte_technology_search_100k_q393,3,0.28658436051500724,2,full_dense_fallback,1,1,1,2019,fixed_full
17,1,1,1,0.13482652613087395,307,1,0.4931927975406236,0.01,1,lotte_technology_search_100k_q530,4,0.5297945674443738,3,hybrid_lite,1,1,1,2277,fixed_full
17,1,1,1,0.04584819154355578,90,1,0.6576668364747835,0.01,1,lotte_technology_search_100k_q349,2,0.9272354271071678,3,linucb_primary,1,1,1,1963,fixed_full
17,0,1,1,nan,0,0,nan,nan,0,lotte_technology_search_100k_q56,0,0.7335950451158897,2,hybrid_lite,0,0,0,954,fixed_full
17,1,0,1,0.11916790490341754,401,1,0.2671619613670134,0.01,1,lotte_technology_search_100k_q532,2,0.3341944099804711,2,full_dense_fallback,1,1,1,3365,fixed_full
17,1,1,1,0.4746682750301568,787,4,0.5253317249698433,0.01,1,lotte_technology_search_100k_q351,3,0.7651649688268706,3,linucb_primary,1,1,1,1658,fixed_full
17,1,1,1,0.10775193798449613,139,1,0.49224806201550386,0.01,1,lotte_technology_search_100k_q586,5,0.4575583267704376,3,hybrid_lite,1,1,1,1290,fixed_full
17,1,1,1,0.09226430298146655,229,1,0.5439161966156325,0.01,1,lotte_technology_search_100k_q540,3,0.7102348351863357,3,hybrid_lite,1,1,1,2482,fixed_full
17,1,1,1,0.016467915956842702,29,1,0.740488358886996,0.01,1,lotte_technology_search_100k_q515,6,0.5684552230252007,3,hybrid_lite,1,1,1,1761,fixed_full
17,0,1,1,0.1734375,111,1,0.521875,0.01,0,lotte_technology_search_100k_q223,1,0.6026869263727352,2,hybrid_lite,1,1,1,640,fixed_full
17,1,1,1,0.15384615384615385,90,1,0.48888888888888893,0.01,0,lotte_technology_search_100k_q228,1,0.5511126879294977,3,hybrid_lite,1,1,1,585,fixed_full
17,0,1,1,0.18293755496921724,208,2,0.5936675461741425,0.01,0,lotte_technology_search_100k_q30,1,0.4902094073850623,2,hybrid_lite,1,1,1,1137,fixed_full
17,1,1,1,0.07740825688073394,135,1,0.6055045871559632,0.01,1,lotte_technology_search_100k_q548,2,0.8935099292419428,3,linucb_primary,1,1,1,1744,fixed_full
17,1,1,1,0.07142857142857142,131,1,0.48037077426390407,0.01,1,lotte_technology_search_100k_q365,3,0.7698994549590772,3,linucb_primary,1,1,1,1834,fixed_full
17,1,1,1,0.02197802197802198,26,1,0.8055790363482671,0.01,1,lotte_technology_search_100k_q145,2,0.9691546093211342,3,linucb_primary,1,1,1,1183,fixed_full
17,1,1,1,0.03344298245614035,61,1,0.611842105263158,0.01,1,lotte_technology_search_100k_q341,3,0.9586949927246706,3,linucb_primary,1,1,1,1824,fixed_full
17,1,0,1,0.06482593037214886,54,1,0.637454981992797,0.01,1,lotte_technology_search_100k_q248,2,0.27901060595672955,2,full_dense_fallback,1,1,1,833,fixed_full
17,1,0,1,0.10453400503778337,166,1,0.714735516372796,0.01,1,lotte_technology_search_100k_q484,2,0.3111972943233232,2,full_dense_fallback,1,1,1,1588,fixed_full
17,1,1,1,0.1771177117711771,161,2,0.5302530253025303,0.01,1,lotte_technology_search_100k_q239,2,0.9672529990180074,3,linucb_primary,1,1,1,909,fixed_full
17,1,1,1,0.09553349875930521,77,1,0.8424317617866005,0.01,1,lotte_technology_search_100k_q385,2,0.5378747258359906,3,hybrid_lite,1,1,1,806,fixed_full
17,1,1,1,0.04613385315139701,71,1,0.4730344379467186,0.01,1,lotte_technology_search_100k_q380,3,0.6134739769471587,3,hybrid_lite,1,1,1,1539,fixed_full
17,1,0,1,0.11693352741387676,241,1,0.35613779718583216,0.01,1,lotte_technology_search_100k_q518,2,0.3177232796570715,2,full_dense_fallback,1,1,1,2061,fixed_full
17,1,0,1,0.21745562130177515,147,2,0.5784023668639053,0.01,0,lotte_technology_search_100k_q277,1,0.2551108384350972,2,full_dense_fallback,1,1,1,676,fixed_full
17,1,0,0,nan,0,0,nan,nan,0,lotte_technology_search_100k_q134,0,0.6943684912267312,1,hybrid_lite,0,0,0,734,fixed_full
17,1,0,1,0.1179596174282678,222,3,0.822529224229543,0.01,0,lotte_technology_search_100k_q59,1,0.5583992186451199,2,hybrid_lite,1,1,1,1882,fixed_full
17,1,0,1,0.3517298187808896,427,1,0.22570016474464583,0.01,1,lotte_technology_search_100k_q128,2,0.5686518607448849,2,hybrid_lite,1,1,1,1214,fixed_full
17,0,1,1,nan,0,0,nan,nan,0,lotte_technology_search_100k_q38,0,0.9637870181752031,2,linucb_primary,0,0,0,1929,fixed_full
17,1,1,1,0.03783783783783784,63,1,0.7213213213213213,0.01,1,lotte_technology_search_100k_q388,4,0.7069714118005102,3,hybrid_lite,1,1,1,1665,fixed_full
17,1,1,1,0.20106382978723406,378,2,0.5835106382978723,0.01,0,lotte_technology_search_100k_q123,1,0.9760508672361027,3,linucb_primary,1,1,1,1880,fixed_full
17,1,1,1,0.9085037674919269,1688,8,0.09149623250807315,0.91,0,lotte_technology_search_100k_q67,1,0.824610769024914,3,linucb_primary,0,1,1,1858,fixed_full
17,1,1,1,0.5564588979223125,616,6,0.4435411020776875,0.56,0,lotte_technology_search_100k_q15,1,0.883494321722503,3,linucb_primary,1,1,1,1107,fixed_full
17,1,1,1,0.2777777777777778,395,2,0.6568213783403657,0.01,1,lotte_technology_search_100k_q531,4,0.9144171342567149,3,linucb_primary,1,1,1,1422,fixed_full
17,1,1,1,0.05124056094929881,95,1,0.5258899676375405,0.01,1,lotte_technology_search_100k_q512,3,0.6687560386816548,3,hybrid_lite,1,1,1,1854,fixed_full
17,1,1,1,0.05271695052716951,65,1,0.5904298459042985,0.01,0,lotte_technology_search_100k_q192,1,0.5685512662878939,3,hybrid_lite,1,1,1,1233,fixed_full
17,1,1,1,0.2394578313253012,318,4,0.7605421686746988,0.01,1,lotte_technology_search_100k_q549,5,0.9688109589292426,3,linucb_primary,1,1,1,1328,fixed_full
17,1,1,1,0.07580011229646266,135,1,0.6108927568781584,0.01,1,lotte_technology_search_100k_q554,2,0.9654051733159685,3,linucb_primary,1,1,1,1781,fixed_full
17,0,1,1,0.15524475524475526,111,1,0.6741258741258741,0.01,0,lotte_technology_search_100k_q217,1,0.6568998771628234,2,hybrid_lite,1,1,1,715,fixed_full
17,1,1,1,nan,0,0,nan,nan,0,lotte_technology_search_100k_q195,0,0.9837913498460727,3,linucb_primary,0,0,0,944,fixed_full
17,1,1,1,0.04695919938414165,61,1,0.6643571978444958,0.01,1,lotte_technology_search_100k_q438,10,0.9585171382087544,3,linucb_primary,1,1,1,1299,fixed_full
17,1,1,1,0.10889570552147239,142,1,0.6572085889570551,0.01,0,lotte_technology_search_100k_q555,1,0.9077913036353885,3,linucb_primary,1,1,1,1304,fixed_full
17,1,1,1,0.3914120561519405,474,1,0.29644921552436,0.01,1,lotte_technology_search_100k_q247,3,0.7087891515946985,3,hybrid_lite,1,1,1,1211,fixed_full
17,1,1,1,0.32461161079313167,397,2,0.3908421913327882,0.01,1,lotte_technology_search_100k_q330,3,0.28255647707288156,3,full_dense_fallback,1,1,1,1223,fixed_full
17,1,0,1,nan,0,0,nan,nan,0,lotte_technology_search_100k_q381,0,0.364192856768672,2,full_dense_fallback,0,0,0,530,fixed_full
17,1,0,1,nan,0,0,nan,nan,0,lotte_technology_search_100k_q157,0,0.21208689066157838,2,full_dense_fallback,0,0,0,767,fixed_full
17,0,1,1,0.24118207816968543,253,4,0.7588179218303146,0.01,0,lotte_technology_search_100k_q130,1,0.6859493830345013,2,hybrid_lite,1,1,1,1049,fixed_full
17,1,1,1,0.3436724565756824,277,5,0.6563275434243176,0.35,1,lotte_technology_search_100k_q54,2,0.6113231959033483,3,hybrid_lite,1,1,1,806,fixed_full
17,1,1,1,0.03798219584569733,64,1,0.7186943620178041,0.01,1,lotte_technology_search_100k_q541,4,0.8937534107044762,3,linucb_primary,1,1,1,1685,fixed_full
17,1,1,1,0.23348694316436253,304,2,0.5023041474654377,0.01,1,lotte_technology_search_100k_q488,2,0.9628964457406124,3,linucb_primary,1,1,1,1302,fixed_full
17,1,1,1,0.10912052117263844,134,1,0.6001628664495113,0.01,1,lotte_technology_search_100k_q352,4,0.6670433326915073,3,hybrid_lite,1,1,1,1228,fixed_full
17,1,0,1,0.2776470588235294,118,1,0.5882352941176471,0.01,0,lotte_technology_search_100k_q85,1,0.339314229225738,2,full_dense_fallback,1,1,1,425,fixed_full
17,1,1,1,0.1397318278052223,198,1,0.3436838390966831,0.01,0,lotte_technology_search_100k_q576,1,0.8425772161136353,3,linucb_primary,1,1,1,1417,fixed_full
17,1,1,1,nan,0,0,nan,nan,0,lotte_technology_search_100k_q389,0,0.642126584190989,3,hybrid_lite,0,0,0,1519,fixed_full
17,1,1,1,0.03699551569506727,66,1,0.3189461883408071,0.01,1,lotte_technology_search_100k_q394,4,0.7920232885951108,3,linucb_primary,1,1,1,1784,fixed_full
17,1,1,1,0.3248053392658509,292,3,0.6240266963292547,0.01,0,lotte_technology_search_100k_q238,1,0.7752233443397638,3,linucb_primary,1,1,1,899,fixed_full
17,0,1,1,nan,0,0,nan,nan,0,lotte_technology_search_100k_q184,0,0.8129213148702208,2,linucb_primary,0,0,0,757,fixed_full
17,1,1,1,0.28952569169960474,586,3,0.6314229249011858,0.01,1,lotte_technology_search_100k_q514,2,0.616509365285786,3,hybrid_lite,1,1,1,2024,fixed_full
17,1,1,1,0.09773071104387292,323,1,0.43509833585476554,0.01,1,lotte_technology_search_100k_q289,7,0.9671603008296618,3,linucb_primary,1,1,1,3305,fixed_full
17,1,1,1,0.059050064184852376,92,1,0.7869062901155327,0.01,1,lotte_technology_search_100k_q461,10,0.9085979940737937,3,linucb_primary,1,1,1,1558,fixed_full
17,1,1,1,0.06292517006802721,74,1,0.7117346938775511,0.01,1,lotte_technology_search_100k_q274,2,0.7805020385862055,3,linucb_primary,1,1,1,1176,fixed_full
17,1,0,1,0.17672413793103448,164,1,0.4342672413793104,0.01,1,lotte_technology_search_100k_q521,2,0.45281642333386857,2,hybrid_lite,1,1,1,928,fixed_full
17,1,1,1,nan,0,0,nan,nan,0,lotte_technology_search_100k_q33,0,0.7499740821752028,3,linucb_primary,0,0,0,1162,fixed_full
17,1,1,1,0.1309823677581864,104,1,0.47607052896725444,0.01,0,lotte_technology_search_100k_q451,1,0.7188531115853266,3,hybrid_lite,1,1,1,794,fixed_full
17,1,1,1,0.5,358,6,0.5,0.5,0,lotte_technology_search_100k_q181,1,0.875526228430993,3,linucb_primary,1,1,1,716,fixed_full
17,1,1,1,nan,0,0,nan,nan,0,lotte_technology_search_100k_q36,0,0.8681647139773955,3,linucb_primary,0,0,0,1180,fixed_full
17,1,1,1,0.10474226804123711,254,1,0.5967010309278351,0.01,1,lotte_technology_search_100k_q471,5,0.8630667382839654,3,linucb_primary,1,1,1,2425,fixed_full
17,1,1,1,0.1806020066889632,378,2,0.7883420926899187,0.01,0,lotte_technology_search_100k_q124,1,0.9278650838215263,3,linucb_primary,1,1,1,2093,fixed_full
17,0,1,1,0.40689271817676487,732,2,0.49027237354085607,0.01,0,lotte_technology_search_100k_q364,1,0.9158732478031254,2,linucb_primary,1,1,1,1799,fixed_full
17,1,1,1,0.016992790937178166,33,1,0.8367662203913491,0.01,0,lotte_technology_search_100k_q520,1,0.7740537231595404,3,linucb_primary,1,1,1,1942,fixed_full
17,0,0,1,nan,0,0,nan,nan,0,lotte_technology_search_100k_q92,0,0.37090219323015716,1,full_dense_fallback,0,0,0,1305,fixed_full
17,1,1,1,0.4425612052730697,705,5,0.5900816070307595,0.41,1,lotte_technology_search_100k_q108,5,0.6169780794014521,3,hybrid_lite,1,1,1,1593,fixed_full
17,1,0,0,nan,0,0,nan,nan,0,lotte_technology_search_100k_q282,0,0.5980504197273985,1,hybrid_lite,0,0,0,1609,fixed_full
17,1,1,1,0.14044213263979194,324,1,0.5977459904638058,0.01,0,lotte_technology_search_100k_q410,1,0.8404544237950817,3,linucb_primary,1,1,1,2307,fixed_full
17,1,1,1,0.07227488151658767,122,1,0.8210900473933649,0.01,0,lotte_technology_search_100k_q401,1,0.8756872290225894,3,linucb_primary,1,1,1,1688,fixed_full
17,1,1,1,nan,0,0,nan,nan,0,lotte_technology_search_100k_q505,0,0.5731535494906497,3,hybrid_lite,0,0,0,1273,fixed_full
17,1,1,1,0.10032786885245902,153,1,0.5108196721311475,0.01,1,lotte_technology_search_100k_q490,3,0.7470634705028482,3,linucb_primary,1,1,1,1525,fixed_full
17,1,0,1,0.12,147,2,0.7085714285714286,0.01,0,lotte_technology_search_100k_q224,1,0.3469783728343192,2,full_dense_fallback,1,1,1,1225,fixed_full
17,1,1,1,0.20813875917278185,312,1,0.5823882588392262,0.01,0,lotte_technology_search_100k_q61,1,0.5790230770351342,3,hybrid_lite,1,1,1,1499,fixed_full
17,1,1,1,0.8444444444444444,912,8,0.15555555555555556,0.85,0,lotte_technology_search_100k_q169,1,0.8943683660766976,3,linucb_primary,1,1,1,1080,fixed_full
17,0,0,0,nan,0,0,nan,nan,0,lotte_technology_search_100k_q137,0,0.2603695921586198,0,full_dense_fallback,0,0,0,722,fixed_full
17,0,1,1,0.1478129713423831,196,1,0.5904977375565611,0.01,0,lotte_technology_search_100k_q144,1,0.8718435354563576,2,linucb_primary,1,1,1,1326,fixed_full
17,1,0,1,0.16202844774273345,262,2,0.7309833024118738,0.01,0,lotte_technology_search_100k_q199,1,0.47425710291308787,2,hybrid_lite,1,1,1,1617,fixed_full
17,1,1,1,0.152,209,1,0.6938181818181819,0.01,1,lotte_technology_search_100k_q371,2,0.8742948419022758,3,linucb_primary,1,1,1,1375,fixed_full
17,1,0,1,0.04855902092380576,123,1,0.7046979865771812,0.01,1,lotte_technology_search_100k_q153,3,0.42099094429019984,2,full_dense_fallback,1,1,1,2533,fixed_full
17,1,1,1,0.8737174427782163,1107,8,0.12628255722178372,0.88,0,lotte_technology_search_100k_q233,1,0.9790900456202887,3,linucb_primary,0,1,1,1267,fixed_full
17,1,1,1,0.1755062680810029,182,1,0.40887174541947924,0.01,1,lotte_technology_search_100k_q232,2,0.9805084965241825,3,linucb_primary,1,1,1,1037,fixed_full
17,1,1,1,0.072,72,1,0.642,0.01,1,lotte_technology_search_100k_q563,3,0.9524354475083892,3,linucb_primary,1,1,1,1000,fixed_full
17,1,1,1,0.03388319215336603,76,1,0.5028979045920642,0.01,1,lotte_technology_search_100k_q408,7,0.7898769320375854,3,linucb_primary,1,1,1,2243,fixed_full
17,0,0,0,nan,0,0,nan,nan,0,lotte_technology_search_100k_q74,0,0.19103881129202155,0,full_dense_fallback,0,0,0,574,fixed_full
17,1,1,1,0.6164222873900294,1051,8,0.38357771260997064,0.62,0,lotte_technology_search_100k_q201,1,0.6427212653251809,3,hybrid_lite,1,1,1,1705,fixed_full
17,1,1,1,0.5897637795275591,749,3,0.3480314960629921,0.01,0,lotte_technology_search_100k_q478,1,0.6223906541496141,3,hybrid_lite,1,1,1,1270,fixed_full
17,0,1,1,nan,0,0,nan,nan,0,lotte_technology_search_100k_q176,0,0.7463554769584477,2,linucb_primary,0,0,0,748,fixed_full
17,1,1,1,0.11289705319556066,295,1,0.74052812858783,0.01,1,lotte_technology_search_100k_q297,2,0.9617253089029423,3,linucb_primary,1,1,1,2613,fixed_full
17,1,1,1,0.10699457042478441,335,1,0.4132864899393165,0.01,1,lotte_technology_search_100k_q458,3,0.9529685907957635,3,linucb_primary,1,1,1,3131,fixed_full
17,1,1,1,0.28294573643410853,292,3,0.6724806201550387,0.01,0,lotte_technology_search_100k_q241,1,0.6788220781884129,3,hybrid_lite,1,1,1,1032,fixed_full
17,1,1,1,0.1773142112125163,136,1,0.576271186440678,0.01,1,lotte_technology_search_100k_q272,2,0.9134640011027698,3,linucb_primary,1,1,1,767,fixed_full
17,1,1,1,0.0291005291005291,44,1,0.626984126984127,0.01,1,lotte_technology_search_100k_q344,5,0.9320701179988412,3,linucb_primary,1,1,1,1512,fixed_full
17,1,1,1,0.21706710853355426,262,1,0.5426677713338857,0.01,1,lotte_technology_search_100k_q94,3,0.8900130627990606,3,linucb_primary,1,1,1,1207,fixed_full
17,1,1,1,0.5539122137404581,1161,3,0.4069656488549618,0.01,0,lotte_technology_search_100k_q198,1,0.850439515187822,3,linucb_primary,1,1,1,2096,fixed_full
17,1,1,1,0.1832967032967033,417,2,0.338021978021978,0.01,0,lotte_technology_search_100k_q564,1,0.9977021409502285,3,linucb_primary,1,1,1,2275,fixed_full
17,1,1,1,0.01727574750830565,26,1,0.6458471760797342,0.01,1,lotte_technology_search_100k_q464,9,0.9293563859534164,3,linucb_primary,1,1,1,1505,fixed_full
17,1,1,1,0.04061416542842992,82,1,0.7726597325408618,0.01,1,lotte_technology_search_100k_q407,3,0.5690905067513298,3,hybrid_lite,1,1,1,2019,fixed_full
17,1,1,1,0.07747489239598278,108,1,0.34002869440459116,0.01,1,lotte_technology_search_100k_q399,9,0.8160955634002044,3,linucb_primary,1,1,1,1394,fixed_full
17,1,1,1,0.11297709923664122,74,1,0.683969465648855,0.01,0,lotte_technology_search_100k_q270,1,0.30802963990836346,3,full_dense_fallback,1,1,1,655,fixed_full
17,1,1,1,0.08227374719521316,110,2,0.7195213163799552,0.01,1,lotte_technology_search_100k_q310,4,0.8313422507713963,3,linucb_primary,1,1,1,1337,fixed_full
17,1,1,1,0.19828364950316169,439,1,0.44579945799458,0.01,1,lotte_technology_search_100k_q579,2,0.5210179072871135,3,hybrid_lite,1,1,1,2214,fixed_full
17,1,0,1,0.07767517653449213,143,1,0.35741444866920147,0.01,0,lotte_technology_search_100k_q472,1,0.3738485193626509,2,full_dense_fallback,1,1,1,1841,fixed_full
17,1,0,1,0.19624885635864592,429,1,0.5635864592863677,0.01,1,lotte_technology_search_100k_q387,3,0.5315465936004415,2,hybrid_lite,1,1,1,2186,fixed_full
17,1,1,1,0.0430622009569378,45,1,0.8564593301435407,0.01,0,lotte_technology_search_100k_q215,1,0.7788728224654442,3,linucb_primary,1,1,1,1045,fixed_full
17,1,1,1,nan,0,0,nan,nan,0,lotte_technology_search_100k_q104,0,0.36583373082748716,3,full_dense_fallback,0,0,0,1756,fixed_full
17,1,0,1,0.13432835820895522,198,1,0.44165535956580737,0.01,1,lotte_technology_search_100k_q357,3,0.323578681566199,2,full_dense_fallback,1,1,1,1474,fixed_full
17,1,1,1,0.045539613225202745,73,1,0.7217716781035559,0.01,1,lotte_technology_search_100k_q414,8,0.9250970569158153,3,linucb_primary,1,1,1,1603,fixed_full
17,1,1,1,0.3923611111111111,791,1,0.4766865079365079,0.01,0,lotte_technology_search_100k_q279,1,0.5862901405903568,3,hybrid_lite,1,1,1,2016,fixed_full
17,1,1,1,0.3629032258064516,720,2,0.5640120967741935,0.01,1,lotte_technology_search_100k_q494,2,0.6613616226618156,3,hybrid_lite,1,1,1,1984,fixed_full
17,1,1,1,0.4751883606131463,1829,4,0.5248116393868537,0.01,0,lotte_technology_search_100k_q584,1,0.6242403661211174,3,hybrid_lite,1,1,1,3849,fixed_full
17,1,1,1,0.09674027339642481,92,2,0.729758149316509,0.01,1,lotte_technology_search_100k_q209,3,0.716682093694643,3,hybrid_lite,1,1,1,951,fixed_full
17,1,1,1,0.12454212454212454,102,1,0.4713064713064713,0.01,1,lotte_technology_search_100k_q24,2,0.5440152559385072,3,hybrid_lite,1,1,1,819,fixed_full
17,1,1,1,0.198005698005698,278,1,0.48361823361823364,0.01,0,lotte_technology_search_100k_q256,1,0.6407470233052787,3,hybrid_lite,1,1,1,1404,fixed_full
17,1,1,1,0.06577974870657798,89,1,0.7427937915742794,0.01,1,lotte_technology_search_100k_q553,4,0.5292536873546391,3,hybrid_lite,1,1,1,1353,fixed_full
17,1,1,1,0.06305170239596469,100,1,0.5214375788146279,0.01,1,lotte_technology_search_100k_q106,2,0.7506240788689952,3,linucb_primary,1,1,1,1586,fixed_full
17,1,1,1,0.06643356643356643,133,1,0.5364635364635364,0.01,1,lotte_technology_search_100k_q543,2,0.9393760369045189,3,linucb_primary,1,1,1,2002,fixed_full
17,1,1,1,0.08587786259541985,135,1,0.443384223918575,0.01,1,lotte_technology_search_100k_q556,2,0.9238639421984436,3,linucb_primary,1,1,1,1572,fixed_full
17,1,1,1,0.5556745182012848,519,6,0.4443254817987152,0.56,0,lotte_technology_search_100k_q211,1,0.7795750759825331,3,linucb_primary,1,1,1,934,fixed_full
17,1,1,1,0.08603491271820449,69,1,0.726932668329177,0.01,1,lotte_technology_search_100k_q88,3,0.9345160273313153,3,linucb_primary,1,1,1,802,fixed_full
17,1,1,1,0.03423120089786756,61,1,0.6026936026936027,0.01,1,lotte_technology_search_100k_q340,3,0.7233926294943785,3,hybrid_lite,1,1,1,1782,fixed_full
17,0,0,0,nan,0,0,nan,nan,0,lotte_technology_search_100k_q276,0,0.3279994016025357,0,full_dense_fallback,0,0,0,515,fixed_full
17,1,1,1,0.07913247362250879,135,1,0.536928487690504,0.01,1,lotte_technology_search_100k_q386,2,0.508595097003996,3,hybrid_lite,1,1,1,1706,fixed_full
17,0,1,1,nan,0,0,nan,nan,0,lotte_technology_search_100k_q27,0,0.8107410411948842,2,linucb_primary,0,0,0,1413,fixed_full
17,1,1,1,0.1566186107470511,239,2,0.6998689384010485,0.01,1,lotte_technology_search_100k_q109,4,0.5217289132075567,3,hybrid_lite,1,1,1,1526,fixed_full
17,1,1,1,0.09189723320158102,186,1,0.4095849802371542,0.01,1,lotte_technology_search_100k_q504,3,0.9225188111331034,3,linucb_primary,1,1,1,2024,fixed_full
17,1,0,1,0.40082181546507284,1073,1,0.31154277175943224,0.01,0,lotte_technology_search_100k_q305,1,0.3309919728261843,2,full_dense_fallback,1,1,1,2677,fixed_full
17,1,0,1,0.3487179487179487,612,1,0.5766381766381766,0.01,0,lotte_technology_search_100k_q315,1,0.7244130837428554,2,hybrid_lite,1,1,1,1755,fixed_full
17,1,1,1,0.13049645390070921,184,1,0.4446808510638298,0.01,0,lotte_technology_search_100k_q435,1,0.9599187791612016,3,linucb_primary,1,1,1,1410,fixed_full
17,1,1,1,0.2,147,1,0.5387755102040817,0.01,0,lotte_technology_search_100k_q135,1,0.8432784453089661,3,linucb_primary,1,1,1,735,fixed_full
17,1,1,1,0.06962962962962962,94,1,0.7044444444444444,0.01,1,lotte_technology_search_100k_q509,3,0.6353658579252911,3,hybrid_lite,1,1,1,1350,fixed_full
17,1,1,1,0.29581749049429656,1167,1,0.5267427122940431,0.01,1,lotte_technology_search_100k_q288,8,0.9159021401736535,3,linucb_primary,1,1,1,3945,fixed_full
17,1,1,1,0.057724957555178265,68,1,0.5679117147707979,0.01,1,lotte_technology_search_100k_q42,2,0.6406358461993161,3,hybrid_lite,1,1,1,1178,fixed_full
17,1,1,1,nan,0,0,nan,nan,0,lotte_technology_search_100k_q254,0,0.720570732025724,3,hybrid_lite,0,0,0,1829,fixed_full
17,1,1,1,0.18045112781954886,144,1,0.5877192982456141,0.01,1,lotte_technology_search_100k_q281,4,0.5152094599805898,3,hybrid_lite,1,1,1,798,fixed_full
17,1,1,1,0.08713214079630698,151,1,0.6895556837853434,0.01,1,lotte_technology_search_100k_q562,2,0.9532984196302859,3,linucb_primary,1,1,1,1733,fixed_full
17,1,0,1,0.3884976525821596,331,1,0.5046948356807512,0.01,0,lotte_technology_search_100k_q534,1,0.34092770511172554,2,full_dense_fallback,1,1,1,852,fixed_full
17,1,0,1,0.21064139941690962,289,2,0.7376093294460642,0.01,0,lotte_technology_search_100k_q120,1,0.45282120006676346,2,hybrid_lite,1,1,1,1372,fixed_full
17,1,1,1,0.22110254890337877,373,1,0.5595732068761115,0.01,1,lotte_technology_search_100k_q65,2,0.7430862229000976,3,linucb_primary,1,1,1,1687,fixed_full
17,1,1,1,0.266384778012685,126,1,0.5306553911205074,0.01,0,lotte_technology_search_100k_q302,1,0.9634729716469326,3,linucb_primary,1,1,1,473,fixed_full
17,1,1,1,0.27976190476190477,141,2,0.40476190476190477,0.01,0,lotte_technology_search_100k_q222,1,0.4889320269661609,3,hybrid_lite,1,1,1,504,fixed_full
17,1,1,1,0.16484268125854992,241,1,0.43228454172366626,0.01,1,lotte_technology_search_100k_q267,2,0.8070274594050952,3,linucb_primary,1,1,1,1462,fixed_full
17,1,1,1,0.3614103819784525,738,2,0.36875612144955927,0.01,1,lotte_technology_search_100k_q82,2,0.842957523687895,3,linucb_primary,1,1,1,2042,fixed_full
17,0,1,1,0.12312312312312312,205,2,0.7447447447447447,0.01,0,lotte_technology_search_100k_q547,1,0.610512592407109,2,hybrid_lite,1,1,1,1665,fixed_full
17,1,1,1,0.21563682219419925,342,1,0.5592686002522068,0.01,1,lotte_technology_search_100k_q413,5,0.5394608322623258,3,hybrid_lite,1,1,1,1586,fixed_full
17,1,1,1,0.18476357267950963,211,2,0.6716287215411558,0.01,0,lotte_technology_search_100k_q164,1,0.8905310708463955,3,linucb_primary,1,1,1,1142,fixed_full
17,1,1,1,0.36363636363636365,228,2,0.4370015948963317,0.01,0,lotte_technology_search_100k_q240,1,0.6499110794679646,3,hybrid_lite,1,1,1,627,fixed_full
17,0,1,1,0.03816793893129771,30,1,0.6946564885496183,0.01,0,lotte_technology_search_100k_q66,1,0.6203940624265075,2,hybrid_lite,1,1,1,786,fixed_full
17,1,1,1,0.03353057199211045,119,1,0.5221189067342913,0.01,1,lotte_technology_search_100k_q434,8,0.7000447497560014,3,hybrid_lite,1,1,1,3549,fixed_full
17,1,1,1,0.13123993558776167,163,1,0.6610305958132046,0.01,1,lotte_technology_search_100k_q403,4,0.800169638966967,3,linucb_primary,1,1,1,1242,fixed_full
17,1,1,1,0.2480544747081712,255,1,0.6011673151750972,0.01,0,lotte_technology_search_100k_q154,1,0.9334657418652365,3,linucb_primary,1,1,1,1028,fixed_full
17,1,1,0,nan,0,0,nan,nan,0,lotte_technology_search_100k_q8,0,0.3198287495838764,2,full_dense_fallback,0,0,0,547,fixed_full
17,1,1,1,0.34490923441199683,437,4,0.6550907655880032,0.01,0,lotte_technology_search_100k_q40,1,0.6894882468021298,3,hybrid_lite,1,1,1,1267,fixed_full
17,0,1,1,nan,0,0,nan,nan,0,lotte_technology_search_100k_q22,0,0.7764914552610597,2,linucb_primary,0,0,0,698,fixed_full
17,1,0,1,0.0774223458507186,167,1,0.4394993045897079,0.01,0,lotte_technology_search_100k_q433,1,0.49725386518957987,2,hybrid_lite,1,1,1,2157,fixed_full
17,1,1,1,0.07346619773348964,188,1,0.3575615474794842,0.01,1,lotte_technology_search_100k_q585,2,0.9917133350098846,3,linucb_primary,1,1,1,2559,fixed_full
17,1,0,1,0.11226611226611227,162,1,0.5446985446985446,0.01,0,lotte_technology_search_100k_q526,1,0.4494908703456529,2,hybrid_lite,1,1,1,1443,fixed_full
17,1,1,1,0.10849056603773585,184,1,0.5035377358490566,0.01,1,lotte_technology_search_100k_q508,2,0.9807656809547491,3,linucb_primary,1,1,1,1696,fixed_full
17,1,1,1,0.11323238973008558,516,1,0.7570770243581304,0.01,1,lotte_technology_search_100k_q575,3,0.8207695802405179,3,linucb_primary,1,1,1,4557,fixed_full
17,1,1,1,nan,0,0,nan,nan,0,lotte_technology_search_100k_q172,0,0.8510179902515115,3,linucb_primary,0,0,0,660,fixed_full
17,1,0,1,0.48759541984732824,511,1,0.3845419847328244,0.01,0,lotte_technology_search_100k_q226,1,0.2605012078144662,2,full_dense_fallback,1,1,1,1048,fixed_full
17,1,1,1,0.06310679611650485,117,1,0.522653721682848,0.01,1,lotte_technology_search_100k_q492,4,0.7792972326192196,3,linucb_primary,1,1,1,1854,fixed_full
17,1,1,1,0.06538461538461539,68,1,0.4442307692307692,0.01,1,lotte_technology_search_100k_q41,2,0.5896921243159579,3,hybrid_lite,1,1,1,1040,fixed_full
17,1,0,1,0.029754959159859977,51,1,0.7222870478413068,0.01,1,lotte_technology_search_100k_q502,6,0.311477943129828,2,full_dense_fallback,1,1,1,1714,fixed_full
17,0,1,1,0.07822685788787484,60,1,0.7640156453715776,0.01,0,lotte_technology_search_100k_q271,1,0.8281059242089956,2,linucb_primary,1,1,1,767,fixed_full
17,1,1,1,0.07563025210084033,108,1,0.7093837535014005,0.01,1,lotte_technology_search_100k_q566,3,0.7190107043650361,3,hybrid_lite,1,1,1,1428,fixed_full
17,1,1,1,0.030735455543358946,28,1,0.5762897914379803,0.01,1,lotte_technology_search_100k_q292,3,0.5251094724490925,3,hybrid_lite,1,1,1,911,fixed_full
17,1,1,1,0.20883446315329104,955,1,0.42794664334135146,0.01,1,lotte_technology_search_100k_q506,7,0.5474165097576104,3,hybrid_lite,1,1,1,4573,fixed_full
17,1,1,1,0.1619110816191108,244,1,0.4950232249502322,0.01,1,lotte_technology_search_100k_q493,2,0.8907117989935175,3,linucb_primary,1,1,1,1507,fixed_full
17,1,1,1,0.1015180265654649,214,1,0.5787476280834914,0.01,1,lotte_technology_search_100k_q338,2,0.9771285680884,3,linucb_primary,1,1,1,2108,fixed_full
17,1,1,1,0.027944111776447105,70,1,0.8934131736526946,0.01,1,lotte_technology_search_100k_q431,5,0.545976353349048,3,hybrid_lite,1,1,1,2505,fixed_full
17,0,1,1,nan,0,0,nan,nan,0,lotte_technology_search_100k_q26,0,0.9622296478159118,2,linucb_primary,0,0,0,1211,fixed_full
17,1,1,1,0.2694792854427974,709,2,0.6153553781832003,0.01,0,lotte_technology_search_100k_q72,1,0.8499192634528755,3,linucb_primary,1,1,1,2631,fixed_full
17,0,1,1,0.38565629228687415,285,3,0.5791610284167794,0.01,0,lotte_technology_search_100k_q121,1,0.7589525896460737,2,linucb_primary,1,1,1,739,fixed_full
17,0,1,1,0.652027027027027,386,5,0.347972972972973,0.66,0,lotte_technology_search_100k_q225,1,0.5438153943415963,2,hybrid_lite,1,1,1,592,fixed_full
17,1,1,1,0.26485148514851486,428,1,0.504950495049505,0.01,1,lotte_technology_search_100k_q132,2,0.9706838079609494,3,linucb_primary,1,1,1,1616,fixed_full
17,1,1,1,0.2279035792549306,312,1,0.5514974433893353,0.01,0,lotte_technology_search_100k_q63,1,0.5528706537468905,3,hybrid_lite,1,1,1,1369,fixed_full
17,0,1,1,0.18489767113620326,262,3,0.7438249823570924,0.01,0,lotte_technology_search_100k_q203,1,0.7229482446050318,2,hybrid_lite,1,1,1,1417,fixed_full
17,1,0,1,0.048832684824902724,251,1,0.7700389105058366,0.01,1,lotte_technology_search_100k_q392,4,0.5143145696261436,2,hybrid_lite,1,1,1,5140,fixed_full
17,1,1,1,0.6922572178477691,1055,3,0.27362204724409445,0.01,1,lotte_technology_search_100k_q173,2,0.6820916301079556,3,hybrid_lite,1,1,1,1524,fixed_full
17,1,1,1,0.1180787191460974,177,1,0.3555703802535023,0.01,1,lotte_technology_search_100k_q249,5,0.7522220959829372,3,linucb_primary,1,1,1,1499,fixed_full
17,1,1,1,0.09337105901374293,231,1,0.7477768795472919,0.01,1,lotte_technology_search_100k_q581,3,0.7314889462575503,3,hybrid_lite,1,1,1,2474,fixed_full
17,1,0,1,0.039147040101845956,123,1,0.7619350732017823,0.01,1,lotte_technology_search_100k_q152,3,0.43390356237706595,2,full_dense_fallback,1,1,1,3142,fixed_full
17,1,1,1,0.056539674836204805,233,1,0.6309148264984228,0.01,1,lotte_technology_search_100k_q590,2,0.9901965345637719,3,linucb_primary,1,1,1,4121,fixed_full
17,1,1,1,0.06507844276583381,112,1,0.5142359093550262,0.01,1,lotte_technology_search_100k_q95,3,0.9480287140472862,3,linucb_primary,1,1,1,1721,fixed_full
17,1,1,1,0.03838517538054269,58,1,0.7683653209794838,0.01,0,lotte_technology_search_100k_q522,1,0.6327732852686178,3,hybrid_lite,1,1,1,1511,fixed_full
17,1,1,1,0.13276026743075453,278,1,0.43600764087870103,0.01,1,lotte_technology_search_100k_q257,2,0.586013920788032,3,hybrid_lite,1,1,1,2094,fixed_full
17,1,1,1,0.0437842064112588,56,1,0.4409695074276778,0.01,1,lotte_technology_search_100k_q316,3,0.9756105124323526,3,linucb_primary,1,1,1,1279,fixed_full
17,1,1,1,0.16436363636363635,226,1,0.46472727272727277,0.01,1,lotte_technology_search_100k_q188,2,0.8777250587245953,3,linucb_primary,1,1,1,1375,fixed_full
17,1,1,1,0.08441303494307027,215,1,0.5225755791126816,0.01,1,lotte_technology_search_100k_q529,6,0.7601397241745858,3,linucb_primary,1,1,1,2547,fixed_full
17,1,1,1,0.6724397590361446,1786,6,0.3275602409638554,0.68,0,lotte_technology_search_100k_q70,1,0.8550645127197868,3,linucb_primary,1,1,1,2656,fixed_full
17,1,1,1,0.04389965792474344,77,1,0.7223489167616876,0.01,1,lotte_technology_search_100k_q298,2,0.9462702405804092,3,linucb_primary,1,1,1,1754,fixed_full
17,1,1,1,0.43473451327433627,786,1,0.34513274336283184,0.01,0,lotte_technology_search_100k_q528,1,0.31575711893969516,3,full_dense_fallback,1,1,1,1808,fixed_full
17,1,0,1,0.27346938775510204,335,1,0.6751020408163265,0.01,0,lotte_technology_search_100k_q383,1,0.2108317402712364,2,full_dense_fallback,1,1,1,1225,fixed_full
17,0,0,0,nan,0,0,nan,nan,0,lotte_technology_search_100k_q138,0,0.27140619595673926,0,full_dense_fallback,0,0,0,762,fixed_full
17,1,1,1,0.024245002126754574,57,1,0.7141641854529988,0.01,1,lotte_technology_search_100k_q442,3,0.7484029907363701,3,linucb_primary,1,1,1,2351,fixed_full
17,0,1,1,0.08284023668639054,56,1,0.4600591715976331,0.01,0,lotte_technology_search_100k_q180,1,0.8224974566199245,2,linucb_primary,1,1,1,676,fixed_full
17,1,1,1,0.13428571428571429,94,1,0.62,0.01,0,lotte_technology_search_100k_q29,1,0.6439661641434412,3,hybrid_lite,1,1,1,700,fixed_full
17,1,1,1,0.041289023162134945,41,1,0.7693856998992951,0.01,1,lotte_technology_search_100k_q295,5,0.8553787807166375,3,linucb_primary,1,1,1,993,fixed_full
17,1,1,1,0.01853035143769968,29,1,0.7079872204472843,0.01,1,lotte_technology_search_100k_q519,6,0.5762632314525722,3,hybrid_lite,1,1,1,1565,fixed_full
17,1,1,1,0.0998185117967332,110,1,0.6125226860254083,0.01,1,lotte_technology_search_100k_q242,3,0.472583216740289,3,hybrid_lite,1,1,1,1102,fixed_full
17,1,1,1,0.05187586845761927,112,1,0.730430754979157,0.01,1,lotte_technology_search_100k_q334,2,0.671829522833169,3,hybrid_lite,1,1,1,2159,fixed_full
19,1,1,1,0.045275590551181105,23,1,0.4940944881889764,0.01,1,lotte_technology_search_100k_q336,4,0.6894729943714194,3,hybrid_lite,1,1,1,508,fixed_full
19,1,1,1,0.365542388331814,401,2,0.4931631722880584,0.01,0,lotte_technology_search_100k_q76,1,0.956709999067986,3,linucb_primary,1,1,1,1097,fixed_full
19,1,1,1,0.06258503401360545,92,1,0.7741496598639456,0.01,1,lotte_technology_search_100k_q426,10,0.7236217922516591,3,hybrid_lite,1,1,1,1470,fixed_full
19,1,0,1,0.04120603015075377,41,1,0.7376884422110552,0.01,0,lotte_technology_search_100k_q2,1,0.27007609641508057,2,full_dense_fallback,1,1,1,995,fixed_full
19,1,1,1,0.3346129238643634,523,1,0.527831094049904,0.01,1,lotte_technology_search_100k_q447,3,0.43017498578512287,3,full_dense_fallback,1,1,1,1563,fixed_full
19,1,1,1,0.6365830115830116,1319,6,0.5733590733590734,0.43,0,lotte_technology_search_100k_q139,1,0.9007613003028447,3,linucb_primary,1,1,1,2072,fixed_full
19,1,1,1,0.1705050505050505,422,1,0.3680808080808081,0.01,1,lotte_technology_search_100k_q507,3,0.6932847217547207,3,hybrid_lite,1,1,1,2475,fixed_full
19,0,1,1,nan,0,0,nan,nan,0,lotte_technology_search_100k_q58,0,0.8728400763481187,2,linucb_primary,0,0,0,813,fixed_full
19,1,1,1,0.2089728453364817,177,2,0.5962219598583235,0.01,1,lotte_technology_search_100k_q125,2,0.6843010497263747,3,hybrid_lite,1,1,1,847,fixed_full
19,1,1,1,0.022727272727272728,66,1,0.5816115702479339,0.01,1,lotte_technology_search_100k_q462,4,0.9870750307648781,3,linucb_primary,1,1,1,2904,fixed_full
19,0,1,1,0.20192307692307693,189,3,0.7371794871794872,0.01,0,lotte_technology_search_100k_q57,1,0.9505952263742922,2,linucb_primary,1,1,1,936,fixed_full
19,1,1,1,0.09966777408637874,150,1,0.5255813953488372,0.01,1,lotte_technology_search_100k_q503,5,0.7569289316484983,3,linucb_primary,1,1,1,1505,fixed_full
19,1,1,1,0.10166919575113809,67,1,0.725341426403642,0.01,0,lotte_technology_search_100k_q264,1,0.9164544998114013,3,linucb_primary,1,1,1,659,fixed_full
19,0,0,0,nan,0,0,nan,nan,0,lotte_technology_search_100k_q166,0,0.6730687825883245,0,hybrid_lite,0,0,0,1706,fixed_full
19,1,0,1,0.23062730627306274,125,2,0.603321033210332,0.01,1,lotte_technology_search_100k_q213,2,0.43151541800847015,2,full_dense_fallback,1,1,1,542,fixed_full
19,1,1,1,0.07507692307692308,122,1,0.7138461538461538,0.01,1,lotte_technology_search_100k_q578,7,0.5716576841783233,3,hybrid_lite,1,1,1,1625,fixed_full
19,1,0,1,0.03885135135135135,46,1,0.6655405405405406,0.01,1,lotte_technology_search_100k_q244,3,0.3830264501921574,2,full_dense_fallback,1,1,1,1184,fixed_full
19,1,1,1,0.2967798085291558,341,4,0.7032201914708442,0.01,0,lotte_technology_search_100k_q117,1,0.9923306089691776,3,linucb_primary,1,1,1,1149,fixed_full
19,0,1,1,0.9792284866468842,1980,9,0.020771513353115778,0.98,0,lotte_technology_search_100k_q280,1,0.7582206708514654,2,linucb_primary,0,0,1,2022,fixed_full
19,1,1,1,0.07297464440321583,118,1,0.5213358070500927,0.01,1,lotte_technology_search_100k_q378,4,0.9632044816583041,3,linucb_primary,1,1,1,1617,fixed_full
19,1,1,1,0.2534722222222222,292,3,0.6875,0.01,0,lotte_technology_search_100k_q11,1,0.9409017239555615,3,linucb_primary,1,1,1,1152,fixed_full
19,1,1,1,0.896957123098202,3891,8,0.10304287690179803,0.9,0,lotte_technology_search_100k_q102,1,0.7782351377520202,3,linucb_primary,0,1,1,4338,fixed_full
19,1,0,1,nan,0,0,nan,nan,0,lotte_technology_search_100k_q363,0,0.5177015263688486,2,hybrid_lite,0,0,0,775,fixed_full
19,1,1,1,0.0209531635168447,51,1,0.7115858668857847,0.01,1,lotte_technology_search_100k_q446,10,0.7973319039584421,3,linucb_primary,1,1,1,2434,fixed_full
19,1,0,1,0.26534653465346536,670,1,0.6594059405940593,0.01,0,lotte_technology_search_100k_q499,1,0.38936878842284145,2,full_dense_fallback,1,1,1,2525,fixed_full
19,1,1,1,0.07245575221238938,131,1,0.6476769911504425,0.01,0,lotte_technology_search_100k_q476,1,0.5542473781574467,3,hybrid_lite,1,1,1,1808,fixed_full
19,1,1,1,0.08928571428571429,80,1,0.7566964285714286,0.01,1,lotte_technology_search_100k_q98,2,0.9405582763131309,3,linucb_primary,1,1,1,896,fixed_full
19,1,1,0,nan,0,0,nan,nan,0,lotte_technology_search_100k_q284,0,0.6677964758496643,2,hybrid_lite,0,0,0,1451,fixed_full
19,1,1,1,0.1990324809951624,288,2,0.7470628887353145,0.01,0,lotte_technology_search_100k_q200,1,0.7608885995341936,3,linucb_primary,1,1,1,1447,fixed_full
19,1,1,1,1.0,1018,10,0.0,1.0,0,lotte_technology_search_100k_q170,1,0.5936277293919656,3,hybrid_lite,0,0,1,1018,fixed_full
19,0,1,1,0.34932956951305577,495,4,0.6506704304869442,0.01,1,lotte_technology_search_100k_q278,2,0.9651301472828805,2,linucb_primary,1,1,1,1417,fixed_full
19,1,1,1,0.11477632173520108,254,1,0.5580659737912337,0.01,1,lotte_technology_search_100k_q525,5,0.7966055796503388,3,linucb_primary,1,1,1,2213,fixed_full
19,1,1,1,0.0981012658227848,93,1,0.5168776371308017,0.01,1,lotte_technology_search_100k_q210,2,0.9658918002364357,3,linucb_primary,1,1,1,948,fixed_full
19,1,1,1,0.0562015503875969,116,1,0.5857558139534884,0.01,1,lotte_technology_search_100k_q425,9,1.0,3,linucb_primary,1,1,1,2064,fixed_full
19,1,1,1,0.2222222222222222,390,4,0.7777777777777778,0.01,1,lotte_technology_search_100k_q0,2,0.9333932162837567,3,linucb_primary,1,1,1,1755,fixed_full
19,1,1,1,0.09966777408637874,150,1,0.5255813953488372,0.01,1,lotte_technology_search_100k_q516,5,0.8008857003145011,3,linucb_primary,1,1,1,1505,fixed_full
19,1,1,1,0.0937231298366294,218,1,0.5404127257093723,0.01,1,lotte_technology_search_100k_q436,2,0.7890327224554894,3,linucb_primary,1,1,1,2326,fixed_full
19,1,0,1,0.25524222704266086,706,1,0.42118582791033987,0.01,0,lotte_technology_search_100k_q419,1,0.460702049784118,2,hybrid_lite,1,1,1,2766,fixed_full
19,1,1,1,0.6608101512933138,1354,4,0.3391898487066862,0.01,0,lotte_technology_search_100k_q376,1,0.8125284828794619,3,linucb_primary,1,1,1,2049,fixed_full
19,1,1,1,0.483921568627451,617,5,0.516078431372549,0.49,0,lotte_technology_search_100k_q500,1,0.5567912010734265,3,hybrid_lite,1,1,1,1275,fixed_full
19,0,1,1,0.384180790960452,612,3,0.5605775266792217,0.01,0,lotte_technology_search_100k_q445,1,0.9532937646139821,2,linucb_primary,1,1,1,1593,fixed_full
19,1,1,0,nan,0,0,nan,nan,0,lotte_technology_search_100k_q115,0,0.7160926089374908,2,hybrid_lite,0,0,0,1518,fixed_full
19,1,1,1,0.08067664281067013,124,1,0.719583604424203,0.01,0,lotte_technology_search_100k_q273,1,0.5621684945156372,3,hybrid_lite,1,1,1,1537,fixed_full
19,1,1,1,0.2503467406380028,361,2,0.3876560332871013,0.01,0,lotte_technology_search_100k_q535,1,0.5216085480598515,3,hybrid_lite,1,1,1,1442,fixed_full
19,1,1,1,0.022367194780987885,48,1,0.5279589934762349,0.01,1,lotte_technology_search_100k_q329,5,0.971170748536506,3,linucb_primary,1,1,1,2146,fixed_full
19,1,0,1,0.05772931366260423,90,1,0.5336754329698525,0.01,1,lotte_technology_search_100k_q568,2,0.46813239185096567,2,hybrid_lite,1,1,1,1559,fixed_full
19,1,1,1,0.02108309218685407,51,1,0.41835469202149644,0.01,1,lotte_technology_search_100k_q595,5,0.9798799567106083,3,linucb_primary,1,1,1,2419,fixed_full
19,1,0,1,0.1931867184131091,448,1,0.2858990944372575,0.01,0,lotte_technology_search_100k_q359,1,0.4445060373104282,2,hybrid_lite,1,1,1,2319,fixed_full
19,0,1,1,nan,0,0,nan,nan,0,lotte_technology_search_100k_q21,0,0.7950418297138026,2,linucb_primary,0,0,0,859,fixed_full
19,1,1,1,0.1145788798631894,268,1,0.45874305258657544,0.01,1,lotte_technology_search_100k_q560,3,0.7934799726057935,3,linucb_primary,1,1,1,2339,fixed_full
19,1,1,1,0.1691065118626956,335,1,0.3099444724886421,0.01,1,lotte_technology_search_100k_q396,4,0.7523052145059981,3,linucb_primary,1,1,1,1981,fixed_full
19,1,1,1,0.017543859649122806,23,1,0.7528604118993135,0.01,1,lotte_technology_search_100k_q163,2,0.2659378726486032,3,full_dense_fallback,1,1,1,1311,fixed_full
19,1,1,1,0.06257287213369607,161,1,0.42673921492421296,0.01,1,lotte_technology_search_100k_q527,7,0.5815789558216411,3,hybrid_lite,1,1,1,2573,fixed_full
19,1,1,1,0.04565217391304348,84,1,0.7135869565217392,0.01,1,lotte_technology_search_100k_q423,8,0.9696553496850258,3,linucb_primary,1,1,1,1840,fixed_full
19,1,1,0,nan,0,0,nan,nan,0,lotte_technology_search_100k_q283,0,0.9583057998688543,2,linucb_primary,0,0,0,843,fixed_full
19,1,1,1,0.6321762349799733,947,6,0.43324432576769023,0.57,1,lotte_technology_search_100k_q339,2,0.659927738020288,3,hybrid_lite,1,1,1,1498,fixed_full
19,1,1,1,0.22448979591836735,242,1,0.46474953617810766,0.01,0,lotte_technology_search_100k_q474,1,0.38933043190386385,3,full_dense_fallback,1,1,1,1078,fixed_full
19,1,1,1,0.033460076045627375,44,1,0.4479087452471483,0.01,1,lotte_technology_search_100k_q343,6,0.9015509276572884,3,linucb_primary,1,1,1,1315,fixed_full
19,1,1,1,0.11307053941908714,327,2,0.35788381742738584,0.01,0,lotte_technology_search_100k_q312,1,0.4672809116866079,3,hybrid_lite,1,1,1,2892,fixed_full
19,1,1,1,0.05686433793663688,70,1,0.4654752233956133,0.01,1,lotte_technology_search_100k_q311,3,0.8535696282387598,3,linucb_primary,1,1,1,1231,fixed_full
19,1,1,1,0.011504424778761062,13,1,0.6371681415929203,0.01,1,lotte_technology_search_100k_q236,7,0.9319482406281268,3,linucb_primary,1,1,1,1130,fixed_full
19,0,1,0,nan,0,0,nan,nan,0,lotte_technology_search_100k_q382,0,0.4654064822185987,1,hybrid_lite,0,0,0,1391,fixed_full
19,1,1,1,0.12128279883381925,208,1,0.4093294460641399,0.01,1,lotte_technology_search_100k_q328,5,0.9772245694516078,3,linucb_primary,1,1,1,1715,fixed_full
19,1,1,1,0.05144467935165609,73,1,0.6708949964763918,0.01,1,lotte_technology_search_100k_q444,8,0.9484226071106403,3,linucb_primary,1,1,1,1419,fixed_full
19,1,1,1,0.07574901074053138,134,1,0.6088185415488977,0.01,1,lotte_technology_search_100k_q356,3,0.743907298532991,3,linucb_primary,1,1,1,1769,fixed_full
19,1,1,1,0.4645390070921986,786,1,0.20271867612293148,0.01,0,lotte_technology_search_100k_q517,1,0.5496617678164448,3,hybrid_lite,1,1,1,1692,fixed_full
19,1,1,1,0.255162918770078,556,1,0.31252868288205604,0.01,1,lotte_technology_search_100k_q415,3,0.8203453334974391,3,linucb_primary,1,1,1,2179,fixed_full
19,1,1,1,0.12806901128069012,193,1,0.27007299270072993,0.01,1,lotte_technology_search_100k_q416,4,0.7886745827177105,3,linucb_primary,1,1,1,1507,fixed_full
19,1,1,1,0.09621212121212121,127,1,0.4575757575757575,0.01,1,lotte_technology_search_100k_q495,2,0.8412152324022136,3,linucb_primary,1,1,1,1320,fixed_full
19,1,1,1,0.5818330605564648,1422,1,0.31873977086743044,0.01,1,lotte_technology_search_100k_q263,2,0.7859716911662539,3,linucb_primary,1,1,1,2444,fixed_full
19,1,1,1,0.10436835891381346,442,1,0.7695395513577332,0.01,1,lotte_technology_search_100k_q369,5,0.6959785955806221,3,hybrid_lite,1,1,1,4235,fixed_full
19,0,1,1,nan,0,0,nan,nan,0,lotte_technology_search_100k_q175,0,0.34563882030000437,2,full_dense_fallback,0,0,0,1106,fixed_full
19,1,1,1,0.247953216374269,636,1,0.4666666666666667,0.01,1,lotte_technology_search_100k_q480,2,0.6523660777979354,3,hybrid_lite,1,1,1,2565,fixed_full
19,1,1,1,0.42337976983646275,699,1,0.437916414294367,0.01,0,lotte_technology_search_100k_q373,1,0.5908262724299079,3,hybrid_lite,1,1,1,1651,fixed_full
19,1,1,1,0.11302211302211303,138,1,0.6863226863226863,0.01,1,lotte_technology_search_100k_q251,2,0.618880633131027,3,hybrid_lite,1,1,1,1221,fixed_full
19,1,0,1,0.08129370629370629,93,1,0.7613636363636364,0.01,1,lotte_technology_search_100k_q443,2,0.5196635737893994,2,hybrid_lite,1,1,1,1144,fixed_full
19,1,1,1,nan,0,0,nan,nan,0,lotte_technology_search_100k_q197,0,0.4892860745680891,3,hybrid_lite,0,0,0,752,fixed_full
19,1,1,1,0.1707065497679216,331,2,0.4925219185146983,0.01,1,lotte_technology_search_100k_q538,3,0.8402445848862764,3,linucb_primary,1,1,1,1939,fixed_full
19,1,1,1,0.500669344042838,374,6,0.499330655957162,0.51,1,lotte_technology_search_100k_q262,2,0.8108857913754384,3,linucb_primary,1,1,1,747,fixed_full
19,1,1,1,0.15,159,1,0.5688679245283019,0.01,1,lotte_technology_search_100k_q466,10,0.7124523121483572,3,hybrid_lite,1,1,1,1060,fixed_full
19,1,1,1,0.050625,81,1,0.47562499999999996,0.01,1,lotte_technology_search_100k_q588,4,0.9445432990405863,3,linucb_primary,1,1,1,1600,fixed_full
19,1,1,1,0.12443584784010316,193,1,0.2907801418439716,0.01,1,lotte_technology_search_100k_q450,5,0.8239036728520693,3,linucb_primary,1,1,1,1551,fixed_full
19,1,1,1,0.1390728476821192,63,1,0.7328918322295805,0.01,1,lotte_technology_search_100k_q113,3,0.7055103326339477,3,hybrid_lite,1,1,1,453,fixed_full
19,1,1,1,nan,0,0,nan,nan,0,lotte_technology_search_100k_q511,0,0.8095206341323383,3,linucb_primary,0,0,0,1188,fixed_full
19,1,0,1,0.13278899871078642,309,2,0.7730984099699183,0.01,0,lotte_technology_search_100k_q206,1,0.5950587216699083,2,hybrid_lite,1,1,1,2327,fixed_full
19,1,0,1,0.14072748956469885,236,1,0.6171735241502683,0.01,0,lotte_technology_search_100k_q245,1,0.4301754484220015,2,full_dense_fallback,1,1,1,1677,fixed_full
19,0,1,1,nan,0,0,nan,nan,0,lotte_technology_search_100k_q60,0,0.5574072202376452,2,hybrid_lite,0,0,0,859,fixed_full
19,1,1,1,0.07325581395348837,63,1,0.6802325581395349,0.01,0,lotte_technology_search_100k_q44,1,0.9697059654329594,3,linucb_primary,1,1,1,860,fixed_full
19,1,1,1,0.3082010582010582,233,3,0.5846560846560847,0.01,1,lotte_technology_search_100k_q46,3,0.9574287445700175,3,linucb_primary,1,1,1,756,fixed_full
19,1,1,1,0.1728110599078341,300,1,0.525921658986175,0.01,1,lotte_technology_search_100k_q358,4,0.6654267451379616,3,hybrid_lite,1,1,1,1736,fixed_full
19,1,0,1,nan,0,0,nan,nan,0,lotte_technology_search_100k_q81,0,0.5076298375571181,2,hybrid_lite,0,0,0,1096,fixed_full
19,1,1,1,0.5163776493256262,536,5,0.5221579961464354,0.48,1,lotte_technology_search_100k_q193,2,0.9572495909036008,3,linucb_primary,1,1,1,1038,fixed_full
19,1,1,1,0.04027504911591356,41,1,0.775049115913556,0.01,1,lotte_technology_search_100k_q296,5,0.9673178313879951,3,linucb_primary,1,1,1,1018,fixed_full
19,1,1,1,0.0403787245892509,145,1,0.5822890559732665,0.01,1,lotte_technology_search_100k_q542,3,0.41108519346589606,3,full_dense_fallback,1,1,1,3591,fixed_full
19,0,0,1,nan,0,0,nan,nan,0,lotte_technology_search_100k_q77,0,0.281288302583985,1,full_dense_fallback,0,0,0,1150,fixed_full
19,0,1,1,0.8038233955393719,1766,8,0.19617660446062812,0.81,0,lotte_technology_search_100k_q114,1,0.9044773370722565,2,linucb_primary,1,1,1,2197,fixed_full
19,1,1,1,0.015900300816501935,37,1,0.781263429308122,0.01,1,lotte_technology_search_100k_q346,2,0.8916697413096056,3,linucb_primary,1,1,1,2327,fixed_full
19,1,1,1,0.05102763997165131,72,1,0.7632884479092842,0.01,1,lotte_technology_search_100k_q49,2,0.7950611772627132,3,linucb_primary,1,1,1,1411,fixed_full
19,1,1,1,0.3110485573539761,442,3,0.6410978184377198,0.01,1,lotte_technology_search_100k_q110,4,0.9613357359382574,3,linucb_primary,1,1,1,1421,fixed_full
19,0,0,0,nan,0,0,nan,nan,0,lotte_technology_search_100k_q237,0,0.5127941515697455,0,hybrid_lite,0,0,0,591,fixed_full
19,1,0,1,0.2623762376237624,106,1,0.5074257425742574,0.01,0,lotte_technology_search_100k_q307,1,0.17089564278721808,2,full_dense_fallback,1,1,1,404,fixed_full
19,1,1,1,0.03711034141514102,75,1,0.5388421573478477,0.01,1,lotte_technology_search_100k_q491,6,0.7278301791497335,3,hybrid_lite,1,1,1,2021,fixed_full
19,1,1,1,0.13118279569892474,122,2,0.7043010752688172,0.01,1,lotte_technology_search_100k_q43,3,0.9574782666284954,3,linucb_primary,1,1,1,930,fixed_full
19,1,1,1,0.09263050153531217,181,1,0.29733879222108495,0.01,1,lotte_technology_search_100k_q409,3,0.7567624386622587,3,linucb_primary,1,1,1,1954,fixed_full
19,1,1,0,nan,0,0,nan,nan,0,lotte_technology_search_100k_q317,0,0.7047960380396128,2,hybrid_lite,0,0,0,3163,fixed_full
19,1,1,1,nan,0,0,nan,nan,0,lotte_technology_search_100k_q6,0,0.877138182050272,3,linucb_primary,0,0,0,1860,fixed_full
19,1,1,1,0.09675324675324676,149,1,0.33311688311688314,0.01,1,lotte_technology_search_100k_q308,5,0.958337781458484,3,linucb_primary,1,1,1,1540,fixed_full
19,1,1,1,nan,0,0,nan,nan,0,lotte_technology_search_100k_q28,0,0.7133759159553684,3,hybrid_lite,0,0,0,1491,fixed_full
19,1,1,1,0.02601522842639594,41,1,0.5507614213197969,0.01,1,lotte_technology_search_100k_q422,6,0.9733297534736012,3,linucb_primary,1,1,1,1576,fixed_full
19,1,0,1,0.44129834254143646,639,4,0.5587016574585635,0.01,0,lotte_technology_search_100k_q191,1,0.428512706378471,2,full_dense_fallback,1,1,1,1448,fixed_full
19,1,1,1,0.10279187817258884,162,1,0.5831218274111676,0.01,0,lotte_technology_search_100k_q485,1,0.7830382781278328,3,linucb_primary,1,1,1,1576,fixed_full
19,1,0,1,0.13924870466321243,215,2,0.7772020725388601,0.01,0,lotte_technology_search_100k_q146,1,0.5658402905702883,2,hybrid_lite,1,1,1,1544,fixed_full
19,1,1,1,0.03951701427003293,36,1,0.6761800219538968,0.01,1,lotte_technology_search_100k_q457,7,0.883580770547982,3,linucb_primary,1,1,1,911,fixed_full
19,1,1,1,0.07311586051743532,65,1,0.5129358830146231,0.01,1,lotte_technology_search_100k_q324,9,0.6845891587179129,3,hybrid_lite,1,1,1,889,fixed_full
19,1,1,1,0.6182096403978576,808,2,0.3404743687834736,0.01,1,lotte_technology_search_100k_q294,2,0.5391438371149618,3,hybrid_lite,1,1,1,1307,fixed_full
19,1,1,1,0.16148445336008024,161,1,0.6288866599799399,0.01,0,lotte_technology_search_100k_q303,1,0.6359339033261366,3,hybrid_lite,1,1,1,997,fixed_full
19,1,1,1,0.3302794319743472,721,1,0.2579019697663766,0.01,1,lotte_technology_search_100k_q452,3,0.703066167742047,3,hybrid_lite,1,1,1,2183,fixed_full
19,1,1,1,0.296,481,2,0.5236923076923077,0.01,1,lotte_technology_search_100k_q551,2,0.5438874036407596,3,hybrid_lite,1,1,1,1625,fixed_full
19,1,1,1,0.0405709992486852,54,1,0.6123215627347859,0.01,0,lotte_technology_search_100k_q360,1,0.5801870136038486,3,hybrid_lite,1,1,1,1331,fixed_full
19,1,0,1,0.16005873715124816,109,1,0.5976505139500734,0.01,0,lotte_technology_search_100k_q9,1,0.45093023959694795,2,hybrid_lite,1,1,1,681,fixed_full
19,1,1,1,0.1529051987767584,250,1,0.7186544342507646,0.01,1,lotte_technology_search_100k_q309,3,0.8585080652923004,3,linucb_primary,1,1,1,1635,fixed_full
19,1,1,1,0.0746840291076216,195,1,0.369207200306396,0.01,1,lotte_technology_search_100k_q593,2,0.6988524860600476,3,hybrid_lite,1,1,1,2611,fixed_full
19,1,1,1,nan,0,0,nan,nan,0,lotte_technology_search_100k_q208,0,0.9415445590912338,3,linucb_primary,0,0,0,1829,fixed_full
19,1,0,1,0.08205128205128205,64,1,0.582051282051282,0.01,1,lotte_technology_search_100k_q489,3,0.49048062563708755,2,hybrid_lite,1,1,1,780,fixed_full
19,1,1,1,0.21681723419041002,312,1,0.684503127171647,0.01,0,lotte_technology_search_100k_q62,1,0.8747112586330151,3,linucb_primary,1,1,1,1439,fixed_full
19,1,1,1,0.06844919786096257,64,1,0.6053475935828877,0.01,1,lotte_technology_search_100k_q111,5,0.7432061387205791,3,linucb_primary,1,1,1,935,fixed_full
19,1,1,1,0.4070464767616192,543,5,0.5929535232383808,0.41,0,lotte_technology_search_100k_q214,1,0.9865895023017559,3,linucb_primary,1,1,1,1334,fixed_full
19,1,1,1,0.26877470355731226,748,1,0.5145526410348544,0.01,1,lotte_technology_search_100k_q479,2,0.567763596703437,3,hybrid_lite,1,1,1,2783,fixed_full
19,1,1,1,0.0619647355163728,123,1,0.6614609571788412,0.01,1,lotte_technology_search_100k_q332,3,0.9485388944501971,3,linucb_primary,1,1,1,1985,fixed_full
19,1,1,1,0.10554371002132196,99,1,0.6172707889125799,0.01,1,lotte_technology_search_100k_q83,2,0.5881032217708767,3,hybrid_lite,1,1,1,938,fixed_full
19,1,0,1,0.17691154422788605,118,1,0.631184407796102,0.01,0,lotte_technology_search_100k_q87,1,0.2954861187488452,2,full_dense_fallback,1,1,1,667,fixed_full
19,1,1,1,0.03977985230597743,571,2,0.9037202173610144,0.01,1,lotte_technology_search_100k_q558,5,0.8925439383331897,3,linucb_primary,1,1,1,14354,fixed_full
19,1,1,1,0.6657223796033994,705,8,0.3342776203966006,0.67,0,lotte_technology_search_100k_q155,1,0.6478287503607004,3,hybrid_lite,1,1,1,1059,fixed_full
19,1,1,1,0.043922369765066395,43,1,0.5944841675178754,0.01,1,lotte_technology_search_100k_q404,4,0.581643786747063,3,hybrid_lite,1,1,1,979,fixed_full
19,0,1,1,nan,0,0,nan,nan,0,lotte_technology_search_100k_q47,0,0.32059337532021515,2,full_dense_fallback,0,0,0,830,fixed_full
19,1,1,1,0.10555555555555556,76,1,0.7291666666666667,0.01,0,lotte_technology_search_100k_q37,1,0.8863857607692999,3,linucb_primary,1,1,1,720,fixed_full
19,1,0,1,0.13143872113676733,148,1,0.7087033747779752,0.01,1,lotte_technology_search_100k_q335,3,0.7353084475726943,2,hybrid_lite,1,1,1,1126,fixed_full
19,1,1,1,0.18357329842931938,561,1,0.4109947643979057,0.01,0,lotte_technology_search_100k_q411,1,0.8946001455038419,3,linucb_primary,1,1,1,3056,fixed_full
19,1,0,1,0.177319587628866,86,2,0.5938144329896907,0.01,0,lotte_technology_search_100k_q265,1,0.315522070588118,2,full_dense_fallback,1,1,1,485,fixed_full
19,0,1,1,0.060240963855421686,60,1,0.6124497991967872,0.01,1,lotte_technology_search_100k_q510,5,0.8864560332237756,2,linucb_primary,1,1,1,996,fixed_full
19,1,1,1,0.1978211009174312,345,1,0.419151376146789,0.01,1,lotte_technology_search_100k_q327,5,0.9702935809947688,3,linucb_primary,1,1,1,1744,fixed_full
19,1,0,1,0.2005842259006816,206,1,0.4761441090555014,0.01,1,lotte_technology_search_100k_q229,4,0.3428481441512612,2,full_dense_fallback,1,1,1,1027,fixed_full
19,1,1,1,0.10979228486646884,74,1,0.6053412462908012,0.01,0,lotte_technology_search_100k_q168,1,0.7090769631281512,3,hybrid_lite,1,1,1,674,fixed_full
19,1,1,1,0.1130952380952381,342,1,0.7136243386243386,0.01,1,lotte_technology_search_100k_q326,2,0.6004749677230686,3,hybrid_lite,1,1,1,3024,fixed_full
19,1,1,1,0.16755037115588547,158,1,0.6352067868504772,0.01,0,lotte_technology_search_100k_q205,1,0.7856863339881722,3,linucb_primary,1,1,1,943,fixed_full
19,1,1,1,0.27365728900255754,214,3,0.6854219948849105,0.01,0,lotte_technology_search_100k_q19,1,0.7947795974128651,3,linucb_primary,1,1,1,782,fixed_full
19,1,1,1,0.1002710027100271,74,1,0.6395663956639566,0.01,0,lotte_technology_search_100k_q167,1,0.6325934731244507,3,hybrid_lite,1,1,1,738,fixed_full
19,1,1,1,0.4208860759493671,399,3,0.5432489451476794,0.01,1,lotte_technology_search_100k_q52,2,0.5070146161409779,3,hybrid_lite,1,1,1,948,fixed_full
19,1,1,1,0.06714876033057851,130,1,0.7706611570247934,0.01,1,lotte_technology_search_100k_q331,2,0.775076635087071,3,linucb_primary,1,1,1,1936,fixed_full
19,0,1,1,0.10253699788583509,97,2,0.6268498942917548,0.01,0,lotte_technology_search_100k_q20,1,0.8179680797831113,2,linucb_primary,1,1,1,946,fixed_full
19,1,1,1,0.3141695702671312,541,3,0.5342624854819977,0.01,0,lotte_technology_search_100k_q212,1,0.7905062670824614,3,linucb_primary,1,1,1,1722,fixed_full
19,0,1,1,0.24563758389261744,183,2,0.52751677852349,0.01,1,lotte_technology_search_100k_q75,2,0.7068605292626451,2,hybrid_lite,1,1,1,745,fixed_full
19,1,1,1,0.2159383033419023,168,1,0.5745501285347043,0.01,0,lotte_technology_search_100k_q190,1,0.9401291016177902,3,linucb_primary,1,1,1,778,fixed_full
19,1,1,1,0.05648854961832061,74,1,0.6343511450381679,0.01,1,lotte_technology_search_100k_q437,10,0.9341877353669277,3,linucb_primary,1,1,1,1310,fixed_full
19,1,1,1,0.08101077666295058,218,1,0.6027499070977331,0.01,1,lotte_technology_search_100k_q406,2,0.8124401689529632,3,linucb_primary,1,1,1,2691,fixed_full
19,0,0,0,nan,0,0,nan,nan,0,lotte_technology_search_100k_q116,0,0.39148209076307383,0,full_dense_fallback,0,0,0,1250,fixed_full
19,0,1,1,0.7982578397212543,2291,9,0.6006968641114983,0.4,0,lotte_technology_search_100k_q374,1,0.9028392827401808,2,linucb_primary,1,1,1,2870,fixed_full
19,1,1,1,0.038649706457925634,79,1,0.2964774951076321,0.01,1,lotte_technology_search_100k_q375,2,0.9522134169039489,3,linucb_primary,1,1,1,2044,fixed_full
19,1,1,1,0.5262154432793136,1104,5,0.4737845567206864,0.53,0,lotte_technology_search_100k_q565,1,0.9453830543366674,3,linucb_primary,1,1,1,2098,fixed_full
19,1,1,1,0.40408460977388766,554,6,0.5959153902261123,0.41,1,lotte_technology_search_100k_q10,2,0.8157701385271672,3,linucb_primary,1,1,1,1371,fixed_full
19,1,1,1,0.1536643026004728,195,1,0.574468085106383,0.01,1,lotte_technology_search_100k_q589,2,0.7363557996384459,3,hybrid_lite,1,1,1,1269,fixed_full
19,1,0,1,0.08177044261065267,109,1,0.5768942235558889,0.01,1,lotte_technology_search_100k_q300,4,0.31402734373480967,2,full_dense_fallback,1,1,1,1333,fixed_full
19,1,1,1,0.12480857580398162,163,1,0.6776416539050536,0.01,1,lotte_technology_search_100k_q430,4,0.8497144207476192,3,linucb_primary,1,1,1,1306,fixed_full
19,1,1,1,0.21229746572496885,511,1,0.6983797257997507,0.01,1,lotte_technology_search_100k_q418,3,0.47631411372946186,3,hybrid_lite,1,1,1,2407,fixed_full
19,1,0,1,0.2179023508137432,241,2,0.6636528028933093,0.01,0,lotte_technology_search_100k_q158,1,0.30042569792205626,2,full_dense_fallback,1,1,1,1106,fixed_full
19,1,1,1,0.3572088724584104,773,3,0.40434380776340106,0.01,1,lotte_technology_search_100k_q80,2,0.9467610841569813,3,linucb_primary,1,1,1,2164,fixed_full
19,1,1,1,0.046831955922865015,51,1,0.418732782369146,0.01,0,lotte_technology_search_100k_q372,1,0.9597701460071417,3,linucb_primary,1,1,1,1089,fixed_full
19,1,1,1,0.03885929175806957,248,1,0.9310560952679411,0.01,1,lotte_technology_search_100k_q347,5,0.751366305525375,3,linucb_primary,1,1,1,6382,fixed_full
19,1,1,1,0.10805084745762712,357,1,0.6940072639225181,0.01,1,lotte_technology_search_100k_q204,2,0.8263738721083975,3,linucb_primary,1,1,1,3304,fixed_full
19,1,1,1,0.34265734265734266,196,5,0.6573426573426573,0.35,0,lotte_technology_search_100k_q231,1,0.8314911474075535,3,linucb_primary,1,1,1,572,fixed_full
19,0,1,1,nan,0,0,nan,nan,0,lotte_technology_search_100k_q119,0,0.5507565507413587,2,hybrid_lite,0,0,0,862,fixed_full
19,1,1,1,0.03340080971659919,66,1,0.3851214574898786,0.01,1,lotte_technology_search_100k_q455,4,0.9773258255366072,3,linucb_primary,1,1,1,1976,fixed_full
19,0,0,0,nan,0,0,nan,nan,0,lotte_technology_search_100k_q150,0,0.7690109618936304,0,linucb_primary,0,0,0,812,fixed_full
19,1,1,1,0.0657488058443383,234,1,0.5335768474290531,0.01,1,lotte_technology_search_100k_q569,3,0.8550958321815629,3,linucb_primary,1,1,1,3559,fixed_full
19,1,1,1,0.61437125748503,513,6,0.38562874251497004,0.62,0,lotte_technology_search_100k_q221,1,0.6567239202231411,3,hybrid_lite,1,1,1,835,fixed_full
19,1,1,1,0.049930651872399444,108,1,0.7776236708275543,0.01,1,lotte_technology_search_100k_q573,2,0.5945402905840589,3,hybrid_lite,1,1,1,2163,fixed_full
19,1,1,1,0.06622516556291391,70,1,0.5884578997161778,0.01,1,lotte_technology_search_100k_q429,10,0.8863391175077473,3,linucb_primary,1,1,1,1057,fixed_full
19,0,1,1,0.33064516129032256,574,1,0.5074884792626728,0.01,0,lotte_technology_search_100k_q487,1,0.5391724732411097,2,hybrid_lite,1,1,1,1736,fixed_full
19,1,1,1,0.039927404718693285,44,1,0.4618874773139746,0.01,1,lotte_technology_search_100k_q243,2,0.6743174053621751,3,hybrid_lite,1,1,1,1102,fixed_full
19,1,1,1,0.4429223744292237,582,1,0.3995433789954338,0.01,1,lotte_technology_search_100k_q53,2,0.4551832508135393,3,hybrid_lite,1,1,1,1314,fixed_full
19,1,1,1,0.07614213197969544,135,1,0.8358714043993232,0.01,1,lotte_technology_search_100k_q323,2,0.896994135736111,3,linucb_primary,1,1,1,1773,fixed_full
19,1,1,1,0.8267954133977067,1370,6,0.17320458660229332,0.83,0,lotte_technology_search_100k_q391,1,0.960716938125977,3,linucb_primary,1,1,1,1657,fixed_full
19,1,1,1,0.05931122448979592,93,1,0.5714285714285714,0.01,1,lotte_technology_search_100k_q348,5,1.0,3,linucb_primary,1,1,1,1568,fixed_full
19,1,1,1,0.2866043613707165,276,1,0.49428868120456904,0.01,0,lotte_technology_search_100k_q432,1,0.8433897935090021,3,linucb_primary,1,1,1,963,fixed_full
19,1,1,1,0.7599309153713298,1760,6,0.24006908462867016,0.76,0,lotte_technology_search_100k_q71,1,0.9604549904185434,3,linucb_primary,1,1,1,2316,fixed_full
19,1,1,1,0.04673539518900344,68,1,0.5408934707903781,0.01,1,lotte_technology_search_100k_q398,6,0.7555211237225802,3,linucb_primary,1,1,1,1455,fixed_full
19,0,1,0,nan,0,0,nan,nan,0,lotte_technology_search_100k_q319,0,0.6502891699617172,1,hybrid_lite,0,0,0,956,fixed_full
19,1,1,1,0.7724827056110684,1005,7,0.22751729438893165,0.78,0,lotte_technology_search_100k_q182,1,0.5646207788275751,3,hybrid_lite,1,1,1,1301,fixed_full
19,1,1,1,0.5870786516853933,627,6,0.4129213483146067,0.59,0,lotte_technology_search_100k_q25,1,0.8107041347964751,3,linucb_primary,1,1,1,1068,fixed_full
19,1,1,1,0.2881944444444444,332,3,0.6336805555555556,0.01,1,lotte_technology_search_100k_q14,2,0.40831440049751133,3,full_dense_fallback,1,1,1,1152,fixed_full
19,1,1,1,0.32761310452418096,210,3,0.6302652106084243,0.01,1,lotte_technology_search_100k_q370,3,0.4416476113688632,3,hybrid_lite,1,1,1,641,fixed_full
19,1,1,1,0.13659147869674185,218,2,0.5989974937343359,0.01,1,lotte_technology_search_100k_q449,4,0.9877088978415556,3,linucb_primary,1,1,1,1596,fixed_full
19,1,1,1,0.5714285714285714,740,3,0.39768339768339767,0.01,1,lotte_technology_search_100k_q39,2,0.6217745018496359,3,hybrid_lite,1,1,1,1295,fixed_full
19,1,1,1,0.46322067594433397,699,8,0.7369118621603712,0.27,1,lotte_technology_search_100k_q165,2,0.7463418461099288,3,linucb_primary,1,1,1,1509,fixed_full
19,1,1,1,0.11399787910922587,215,1,0.6887592788971368,0.01,1,lotte_technology_search_100k_q350,6,0.9498671109335688,3,linucb_primary,1,1,1,1886,fixed_full
19,1,1,1,0.8685185185185185,938,8,0.13148148148148153,0.87,0,lotte_technology_search_100k_q156,1,0.6341475965825163,3,hybrid_lite,0,1,1,1080,fixed_full
19,1,1,1,0.7876588021778584,1302,7,0.44646098003629764,0.56,0,lotte_technology_search_100k_q567,1,0.5810926973943318,3,hybrid_lite,1,1,1,1653,fixed_full
19,1,1,1,0.07656316461080391,180,1,0.5452998723947257,0.01,1,lotte_technology_search_100k_q468,2,0.7094087556850551,3,hybrid_lite,1,1,1,2351,fixed_full
19,1,0,1,nan,0,0,nan,nan,0,lotte_technology_search_100k_q524,0,0.6305468029672722,2,hybrid_lite,0,0,0,1268,fixed_full
19,1,1,1,0.4162303664921466,477,5,0.5837696335078534,0.42,1,lotte_technology_search_100k_q187,2,0.6517272330503695,3,hybrid_lite,1,1,1,1146,fixed_full
19,1,1,1,0.08264462809917356,120,1,0.5034435261707989,0.01,1,lotte_technology_search_100k_q486,2,0.8022054942540305,3,linucb_primary,1,1,1,1452,fixed_full
19,0,1,1,nan,0,0,nan,nan,0,lotte_technology_search_100k_q68,0,0.951076002923926,2,linucb_primary,0,0,0,1243,fixed_full
19,1,0,1,0.18940609951845908,118,1,0.637239165329053,0.01,0,lotte_technology_search_100k_q86,1,0.36418647798034276,2,full_dense_fallback,1,1,1,623,fixed_full
19,1,1,1,0.6286509040333796,452,7,0.6731571627260083,0.33,1,lotte_technology_search_100k_q118,2,0.45618496303848505,3,hybrid_lite,1,1,1,719,fixed_full
19,1,1,1,0.18609406952965235,182,1,0.5429447852760736,0.01,0,lotte_technology_search_100k_q133,1,0.8278584835251249,3,linucb_primary,1,1,1,978,fixed_full
19,1,0,1,0.07881773399014778,144,1,0.4203612479474549,0.01,1,lotte_technology_search_100k_q587,3,0.25796416401536226,2,full_dense_fallback,1,1,1,1827,fixed_full
19,1,1,1,0.23213264722698684,406,1,0.5168667810177244,0.01,0,lotte_technology_search_100k_q550,1,0.7581152089409464,3,linucb_primary,1,1,1,1749,fixed_full
19,0,0,0,nan,0,0,nan,nan,0,lotte_technology_search_100k_q149,0,0.6604437766391212,0,hybrid_lite,0,0,0,849,fixed_full
19,1,1,1,0.06644829199812821,142,1,0.790828263921385,0.01,1,lotte_technology_search_100k_q571,2,0.55123888018278,3,hybrid_lite,1,1,1,2137,fixed_full
19,0,1,1,0.6352201257861635,707,4,0.3647798742138365,0.01,0,lotte_technology_search_100k_q481,1,0.31788093477386503,2,full_dense_fallback,1,1,1,1113,fixed_full
19,1,1,1,0.08053402239448751,187,1,0.6365202411714039,0.01,1,lotte_technology_search_100k_q299,3,0.512818781938089,3,hybrid_lite,1,1,1,2322,fixed_full
19,1,1,1,0.050454921422663356,61,1,0.40777502067824645,0.01,1,lotte_technology_search_100k_q255,3,0.9455807383800874,3,linucb_primary,1,1,1,1209,fixed_full
19,1,1,1,0.05488621151271754,82,1,0.4879518072289156,0.01,1,lotte_technology_search_100k_q393,3,0.9401848835515231,3,linucb_primary,1,1,1,1494,fixed_full
19,1,1,1,0.14522232734153265,307,1,0.4541154210028382,0.01,1,lotte_technology_search_100k_q530,4,0.6943395584880393,3,hybrid_lite,1,1,1,2114,fixed_full
19,1,1,1,0.04318618042226487,90,1,0.6775431861804222,0.01,1,lotte_technology_search_100k_q349,2,0.891000555545384,3,linucb_primary,1,1,1,2084,fixed_full
19,0,1,1,nan,0,0,nan,nan,0,lotte_technology_search_100k_q56,0,0.927809612988107,2,linucb_primary,0,0,0,913,fixed_full
19,1,1,1,0.12144155057540884,401,1,0.2531798909751666,0.01,1,lotte_technology_search_100k_q532,2,0.3807411444014914,3,full_dense_fallback,1,1,1,3302,fixed_full
19,1,1,1,0.6211523283346487,787,4,0.37884767166535127,0.01,1,lotte_technology_search_100k_q351,3,0.7478332422265348,3,linucb_primary,1,1,1,1267,fixed_full
19,1,1,1,0.11779661016949153,139,1,0.44491525423728817,0.01,1,lotte_technology_search_100k_q586,5,0.8065742312923595,3,linucb_primary,1,1,1,1180,fixed_full
19,1,1,1,0.08618742943168987,229,1,0.5739555890101619,0.01,1,lotte_technology_search_100k_q540,3,0.6007718890897461,3,hybrid_lite,1,1,1,2657,fixed_full
19,1,1,1,0.020041465100207326,29,1,0.6841741534208707,0.01,1,lotte_technology_search_100k_q515,5,0.5101577608058564,3,hybrid_lite,1,1,1,1447,fixed_full
19,0,0,1,0.23516949152542374,111,1,0.35169491525423724,0.01,0,lotte_technology_search_100k_q223,1,0.3043108591227368,1,full_dense_fallback,1,1,1,472,fixed_full
19,1,1,1,0.14331210191082802,90,1,0.5238853503184713,0.01,0,lotte_technology_search_100k_q228,1,0.6667560703998138,3,hybrid_lite,1,1,1,628,fixed_full
19,0,1,1,0.19753086419753085,208,2,0.5612535612535612,0.01,0,lotte_technology_search_100k_q30,1,0.7570245201431667,2,linucb_primary,1,1,1,1053,fixed_full
19,1,1,1,0.07740825688073394,135,1,0.6055045871559632,0.01,1,lotte_technology_search_100k_q548,2,0.6959297641047758,3,hybrid_lite,1,1,1,1744,fixed_full
19,1,1,1,0.0778371954842543,131,1,0.4337492572786691,0.01,1,lotte_technology_search_100k_q365,3,0.9690985404402972,3,linucb_primary,1,1,1,1683,fixed_full
19,1,0,1,0.023636363636363636,26,1,0.7909090909090909,0.01,1,lotte_technology_search_100k_q145,2,0.23904037021872904,2,full_dense_fallback,1,1,1,1100,fixed_full
19,1,1,1,0.03344298245614035,61,1,0.611842105263158,0.01,1,lotte_technology_search_100k_q341,3,0.9602075147245875,3,linucb_primary,1,1,1,1824,fixed_full
19,1,1,1,0.061016949152542375,54,1,0.6587570621468927,0.01,1,lotte_technology_search_100k_q248,2,0.6819607086942293,3,hybrid_lite,1,1,1,885,fixed_full
19,1,0,1,0.09011943539630836,166,1,0.754071661237785,0.01,1,lotte_technology_search_100k_q484,2,0.49743193211298753,2,hybrid_lite,1,1,1,1842,fixed_full
19,1,1,1,0.1771177117711771,161,2,0.5302530253025303,0.01,1,lotte_technology_search_100k_q239,2,0.8728785558798708,3,linucb_primary,1,1,1,909,fixed_full
19,1,1,1,0.27017543859649124,77,1,0.5543859649122806,0.01,0,lotte_technology_search_100k_q385,1,0.70004809608801,3,hybrid_lite,1,1,1,285,fixed_full
19,1,0,1,0.04203670811130847,71,1,0.5198342214328004,0.01,1,lotte_technology_search_100k_q380,3,0.3309488603929662,2,full_dense_fallback,1,1,1,1689,fixed_full
19,1,1,1,0.08438375350140057,241,1,0.5353641456582633,0.01,1,lotte_technology_search_100k_q518,2,0.7919611590269308,3,linucb_primary,1,1,1,2856,fixed_full
19,1,1,1,0.23482428115015974,147,2,0.5447284345047924,0.01,1,lotte_technology_search_100k_q277,2,0.6986314081004581,3,hybrid_lite,1,1,1,626,fixed_full
19,1,1,0,nan,0,0,nan,nan,0,lotte_technology_search_100k_q134,0,0.8450445552209171,2,linucb_primary,0,0,0,734,fixed_full
19,1,0,1,0.17357310398749023,222,3,0.7388584831899923,0.01,0,lotte_technology_search_100k_q59,1,0.5195891370677274,2,hybrid_lite,1,1,1,1279,fixed_full
19,1,1,1,0.31443298969072164,427,1,0.3078055964653903,0.01,1,lotte_technology_search_100k_q128,2,0.636811332971035,3,hybrid_lite,1,1,1,1358,fixed_full
19,0,1,1,nan,0,0,nan,nan,0,lotte_technology_search_100k_q38,0,0.9672861465236431,2,linucb_primary,0,0,0,754,fixed_full
19,1,1,1,0.052719665271966525,63,1,0.6117154811715482,0.01,1,lotte_technology_search_100k_q388,3,0.7064212915249175,3,hybrid_lite,1,1,1,1195,fixed_full
19,1,1,1,0.20106382978723406,378,2,0.5835106382978723,0.01,0,lotte_technology_search_100k_q123,1,0.8275997432430002,3,linucb_primary,1,1,1,1880,fixed_full
19,1,1,1,0.9085037674919269,1688,8,0.09149623250807315,0.91,0,lotte_technology_search_100k_q67,1,0.9805043775273974,3,linucb_primary,0,1,1,1858,fixed_full
19,1,1,1,0.47863247863247865,616,6,0.5213675213675213,0.48,0,lotte_technology_search_100k_q15,1,0.8082883430511997,3,linucb_primary,1,1,1,1287,fixed_full
19,1,1,1,0.2459526774595268,395,2,0.6961394769613948,0.01,1,lotte_technology_search_100k_q531,4,0.9440716171703881,3,linucb_primary,1,1,1,1606,fixed_full
19,1,1,1,0.05529685681024447,95,1,0.4883585564610011,0.01,1,lotte_technology_search_100k_q512,3,0.605290872652664,3,hybrid_lite,1,1,1,1718,fixed_full
19,1,0,1,0.05443886097152429,65,1,0.5770519262981575,0.01,0,lotte_technology_search_100k_q192,1,0.48778356352599994,2,hybrid_lite,1,1,1,1194,fixed_full
19,1,1,1,0.2394578313253012,318,4,0.7605421686746988,0.01,1,lotte_technology_search_100k_q549,5,0.7155685897704138,3,hybrid_lite,1,1,1,1328,fixed_full
19,1,1,1,0.08088675853804674,135,1,0.58478130617136,0.01,1,lotte_technology_search_100k_q554,2,0.7444644838662248,3,linucb_primary,1,1,1,1669,fixed_full
19,0,0,1,0.22023809523809523,111,1,0.5376984126984127,0.01,0,lotte_technology_search_100k_q217,1,0.22160751011655444,1,full_dense_fallback,1,1,1,504,fixed_full
19,1,1,1,nan,0,0,nan,nan,0,lotte_technology_search_100k_q195,0,0.7890085232884321,3,linucb_primary,0,0,0,944,fixed_full
19,1,1,1,0.038268506900878296,61,1,0.726474278544542,0.01,1,lotte_technology_search_100k_q438,10,0.8445798469615319,3,linucb_primary,1,1,1,1594,fixed_full
19,1,1,1,0.06771578445398188,142,1,0.7868383404864092,0.01,1,lotte_technology_search_100k_q555,2,0.6413713851780629,3,hybrid_lite,1,1,1,2097,fixed_full
19,1,1,1,0.403747870528109,474,1,0.27427597955706984,0.01,1,lotte_technology_search_100k_q247,3,0.7534229142621213,3,linucb_primary,1,1,1,1174,fixed_full
19,1,1,1,0.268970189701897,397,2,0.4952574525745257,0.01,1,lotte_technology_search_100k_q330,3,0.7849007056933589,3,linucb_primary,1,1,1,1476,fixed_full
19,1,0,1,0.8174757281553398,421,8,0.18252427184466025,0.82,0,lotte_technology_search_100k_q381,1,0.3029902232265985,2,full_dense_fallback,1,1,1,515,fixed_full
19,1,1,1,nan,0,0,nan,nan,0,lotte_technology_search_100k_q157,0,0.7205484632546829,3,hybrid_lite,0,0,0,692,fixed_full
19,0,1,1,0.24563106796116504,253,4,0.7543689320388349,0.01,0,lotte_technology_search_100k_q130,1,0.901581702176116,2,linucb_primary,1,1,1,1030,fixed_full
19,1,0,1,0.3763586956521739,277,5,0.6236413043478262,0.38,0,lotte_technology_search_100k_q54,1,0.4227298380087094,2,full_dense_fallback,1,1,1,736,fixed_full
19,1,1,1,0.03798219584569733,64,1,0.7186943620178041,0.01,1,lotte_technology_search_100k_q541,4,0.7275213052655926,3,hybrid_lite,1,1,1,1685,fixed_full
19,1,1,1,0.18052256532066507,304,2,0.6152019002375297,0.01,1,lotte_technology_search_100k_q488,3,0.8707470569203506,3,linucb_primary,1,1,1,1684,fixed_full
19,1,1,1,0.10509803921568628,134,1,0.6149019607843138,0.01,1,lotte_technology_search_100k_q352,4,0.9415390366863686,3,linucb_primary,1,1,1,1275,fixed_full
19,1,0,1,0.15733333333333333,118,1,0.7666666666666666,0.01,0,lotte_technology_search_100k_q85,1,0.2731749494780518,2,full_dense_fallback,1,1,1,750,fixed_full
19,1,1,1,0.11612903225806452,198,1,0.4545454545454546,0.01,0,lotte_technology_search_100k_q576,1,0.38998873161084563,3,full_dense_fallback,1,1,1,1705,fixed_full
19,1,1,1,0.5697513812154696,825,7,0.6781767955801106,0.33,1,lotte_technology_search_100k_q389,2,0.7495269265648836,3,linucb_primary,1,1,1,1448,fixed_full
19,1,1,1,0.02408759124087591,66,1,0.5565693430656935,0.01,1,lotte_technology_search_100k_q394,4,0.9774456633060756,3,linucb_primary,1,1,1,2740,fixed_full
19,1,1,1,0.36093943139678614,292,3,0.5822002472187886,0.01,0,lotte_technology_search_100k_q238,1,0.519213546574466,3,hybrid_lite,1,1,1,809,fixed_full
19,0,1,1,1.0,765,10,0.2797385620915033,0.73,0,lotte_technology_search_100k_q184,1,0.7419742746502581,2,linucb_primary,0,0,1,765,fixed_full
19,1,1,1,0.23152903990517582,586,3,0.705254839984196,0.01,1,lotte_technology_search_100k_q514,2,1.0,3,linucb_primary,1,1,1,2531,fixed_full
19,1,1,1,0.09508389755666764,323,1,0.450397409478952,0.01,1,lotte_technology_search_100k_q289,7,0.8564233308227688,3,linucb_primary,1,1,1,3397,fixed_full
19,1,1,1,0.06258503401360545,92,1,0.7741496598639456,0.01,1,lotte_technology_search_100k_q461,10,0.7888149689339032,3,linucb_primary,1,1,1,1470,fixed_full
19,1,1,1,0.05485544848035582,74,1,0.748702742772424,0.01,1,lotte_technology_search_100k_q274,2,0.9647688546077016,3,linucb_primary,1,1,1,1349,fixed_full
19,1,1,1,0.15413533834586465,164,1,0.506578947368421,0.01,1,lotte_technology_search_100k_q521,2,0.811246659990249,3,linucb_primary,1,1,1,1064,fixed_full
19,1,1,1,nan,0,0,nan,nan,0,lotte_technology_search_100k_q33,0,0.9330339882098656,3,linucb_primary,0,0,0,1162,fixed_full
19,1,1,1,0.09154929577464789,104,1,0.6338028169014085,0.01,0,lotte_technology_search_100k_q451,1,0.8385156562627504,3,linucb_primary,1,1,1,1136,fixed_full
19,1,1,1,0.4328899637243047,358,6,0.5671100362756953,0.44,0,lotte_technology_search_100k_q181,1,0.9362342046806011,3,linucb_primary,1,1,1,827,fixed_full
19,1,1,1,nan,0,0,nan,nan,0,lotte_technology_search_100k_q36,0,0.8429478720135867,3,linucb_primary,0,0,0,1180,fixed_full
19,1,1,1,0.10887269609944278,254,1,0.5807972567509645,0.01,1,lotte_technology_search_100k_q471,5,0.9463772082942166,3,linucb_primary,1,1,1,2333,fixed_full
19,1,1,1,0.1806020066889632,378,2,0.7883420926899187,0.01,0,lotte_technology_search_100k_q124,1,0.7674736903416451,3,linucb_primary,1,1,1,2093,fixed_full
19,0,1,1,0.42287694974003465,732,2,0.4702484113229347,0.01,1,lotte_technology_search_100k_q364,2,0.7450193875771643,2,linucb_primary,1,1,1,1731,fixed_full
19,1,1,1,0.01716961498439126,33,1,0.8350676378772113,0.01,1,lotte_technology_search_100k_q520,2,0.6956625545551924,3,hybrid_lite,1,1,1,1922,fixed_full
19,0,1,1,nan,0,0,nan,nan,0,lotte_technology_search_100k_q92,0,0.6871578902417361,2,hybrid_lite,0,0,0,1539,fixed_full
19,1,1,1,0.4425612052730697,705,5,0.5900816070307595,0.41,1,lotte_technology_search_100k_q108,5,0.9427707125962991,3,linucb_primary,1,1,1,1593,fixed_full
19,1,0,0,nan,0,0,nan,nan,0,lotte_technology_search_100k_q282,0,0.6056454056985706,1,hybrid_lite,0,0,0,1609,fixed_full
19,1,0,1,0.18848167539267016,324,1,0.460151250727167,0.01,0,lotte_technology_search_100k_q410,1,0.7779895031825069,2,linucb_primary,1,1,1,1719,fixed_full
19,1,0,1,0.09744408945686901,122,1,0.7587859424920128,0.01,0,lotte_technology_search_100k_q401,1,0.48492790967729354,2,hybrid_lite,1,1,1,1252,fixed_full
19,1,1,1,0.49113475177304966,831,6,0.5088652482269503,0.5,0,lotte_technology_search_100k_q505,1,0.5933188126966797,3,hybrid_lite,1,1,1,1692,fixed_full
19,1,1,1,0.07707808564231738,153,1,0.6241813602015114,0.01,1,lotte_technology_search_100k_q490,3,0.7386234541788914,3,hybrid_lite,1,1,1,1985,fixed_full
19,1,1,1,0.14397649363369247,147,2,0.6503428011753183,0.01,0,lotte_technology_search_100k_q224,1,0.7888375826390035,3,linucb_primary,1,1,1,1021,fixed_full
19,1,1,1,0.17607223476297967,312,1,0.6467268623024831,0.01,0,lotte_technology_search_100k_q61,1,0.9541975839044288,3,linucb_primary,1,1,1,1772,fixed_full
19,1,1,1,0.8444444444444444,912,8,0.15555555555555556,0.85,0,lotte_technology_search_100k_q169,1,0.5778016270991498,3,hybrid_lite,1,1,1,1080,fixed_full
19,0,0,0,nan,0,0,nan,nan,0,lotte_technology_search_100k_q137,0,0.24999072996940147,0,full_dense_fallback,0,0,0,1105,fixed_full
19,0,0,1,0.16737830913748933,196,1,0.5362937660119556,0.01,0,lotte_technology_search_100k_q144,1,0.48446384528231756,1,hybrid_lite,1,1,1,1171,fixed_full
19,1,1,1,0.16202844774273345,262,2,0.7309833024118738,0.01,0,lotte_technology_search_100k_q199,1,0.7387932023133774,3,hybrid_lite,1,1,1,1617,fixed_full
19,1,1,1,0.13320586360739325,209,1,0.7316762268961121,0.01,1,lotte_technology_search_100k_q371,2,0.9917631665814397,3,linucb_primary,1,1,1,1569,fixed_full
19,1,1,1,0.05238500851788756,123,1,0.6814310051107325,0.01,1,lotte_technology_search_100k_q153,2,0.6384528218961084,3,hybrid_lite,1,1,1,2348,fixed_full
19,1,1,1,0.9103618421052632,1107,8,0.08963815789473684,0.92,0,lotte_technology_search_100k_q233,1,0.9779702743356947,3,linucb_primary,0,1,1,1216,fixed_full
19,1,1,1,0.1755062680810029,182,1,0.40887174541947924,0.01,1,lotte_technology_search_100k_q232,2,0.9663477064349978,3,linucb_primary,1,1,1,1037,fixed_full
19,1,1,1,0.07100591715976332,72,1,0.6469428007889546,0.01,1,lotte_technology_search_100k_q563,3,0.5974979601770934,3,hybrid_lite,1,1,1,1014,fixed_full
19,1,1,1,0.0297339593114241,76,1,0.5637715179968701,0.01,1,lotte_technology_search_100k_q408,7,0.7863078529004811,3,linucb_primary,1,1,1,2556,fixed_full
19,0,0,0,nan,0,0,nan,nan,0,lotte_technology_search_100k_q74,0,0.5173497241662676,0,hybrid_lite,0,0,0,621,fixed_full
19,1,1,1,0.6164222873900294,1051,8,0.38357771260997064,0.62,0,lotte_technology_search_100k_q201,1,0.9217440482795555,3,linucb_primary,1,1,1,1705,fixed_full
19,1,1,1,0.5682852807283764,749,3,0.3717754172989378,0.01,0,lotte_technology_search_100k_q478,1,0.775390030135279,3,linucb_primary,1,1,1,1318,fixed_full
19,0,1,1,nan,0,0,nan,nan,0,lotte_technology_search_100k_q176,0,0.9496619944775766,2,linucb_primary,0,0,0,748,fixed_full
19,1,1,1,0.11289705319556066,295,1,0.74052812858783,0.01,1,lotte_technology_search_100k_q297,2,0.9798832321111443,3,linucb_primary,1,1,1,2613,fixed_full
19,1,1,1,0.1103425559947299,335,1,0.39492753623188404,0.01,1,lotte_technology_search_100k_q458,3,0.5491106926314627,3,hybrid_lite,1,1,1,3036,fixed_full
19,1,1,1,0.23397435897435898,292,3,0.7291666666666667,0.01,0,lotte_technology_search_100k_q241,1,0.5561195760347124,3,hybrid_lite,1,1,1,1248,fixed_full
19,1,1,1,0.20148148148148148,136,1,0.5185185185185186,0.01,1,lotte_technology_search_100k_q272,2,0.7298203870158866,3,hybrid_lite,1,1,1,675,fixed_full
19,1,1,1,0.03156384505021521,44,1,0.5954088952654233,0.01,1,lotte_technology_search_100k_q344,6,0.8386184449980452,3,linucb_primary,1,1,1,1394,fixed_full
19,1,1,1,0.22982456140350876,262,1,0.5157894736842106,0.01,1,lotte_technology_search_100k_q94,4,0.6466503567543951,3,hybrid_lite,1,1,1,1140,fixed_full
19,1,1,1,0.5458392101551481,1161,3,0.4156088387400094,0.01,0,lotte_technology_search_100k_q198,1,0.3020837903022766,3,full_dense_fallback,1,1,1,2127,fixed_full
19,1,1,1,0.1832967032967033,417,2,0.338021978021978,0.01,0,lotte_technology_search_100k_q564,1,0.9621946298253199,3,linucb_primary,1,1,1,2275,fixed_full
19,1,1,1,0.016872160934458143,26,1,0.6541207008436081,0.01,1,lotte_technology_search_100k_q464,10,0.8337323315694537,3,linucb_primary,1,1,1,1541,fixed_full
19,1,1,1,0.04726224783861672,82,1,0.7354466858789626,0.01,1,lotte_technology_search_100k_q407,3,0.8635805034696841,3,linucb_primary,1,1,1,1735,fixed_full
19,1,1,1,0.053973013493253376,108,1,0.5402298850574713,0.01,1,lotte_technology_search_100k_q399,8,0.9799537379930763,3,linucb_primary,1,1,1,2001,fixed_full
19,1,0,1,0.1267123287671233,74,1,0.6455479452054795,0.01,0,lotte_technology_search_100k_q270,1,0.3735892411704851,2,full_dense_fallback,1,1,1,584,fixed_full
19,1,1,1,0.08227374719521316,110,2,0.7195213163799552,0.01,1,lotte_technology_search_100k_q310,4,0.782032092556012,3,linucb_primary,1,1,1,1337,fixed_full
19,1,1,1,0.23438334223171384,439,1,0.34490122797650824,0.01,1,lotte_technology_search_100k_q579,2,0.4087001365014882,3,full_dense_fallback,1,1,1,1873,fixed_full
19,1,1,1,0.06865098415746519,143,1,0.4320691310609698,0.01,0,lotte_technology_search_100k_q472,1,0.4948802550803949,3,hybrid_lite,1,1,1,2083,fixed_full
19,1,1,1,0.19341749323715057,429,1,0.569882777276826,0.01,1,lotte_technology_search_100k_q387,3,0.8853894254827954,3,linucb_primary,1,1,1,2218,fixed_full
19,1,0,1,0.033607169529499624,45,1,0.8879761015683346,0.01,0,lotte_technology_search_100k_q215,1,0.31097464909549977,2,full_dense_fallback,1,1,1,1339,fixed_full
19,1,1,1,1.0,1885,10,0.0,1.0,0,lotte_technology_search_100k_q104,1,0.8338461733329299,3,linucb_primary,0,0,1,1885,fixed_full
19,1,1,1,0.12421580928481807,198,1,0.48368883312421584,0.01,1,lotte_technology_search_100k_q357,3,0.6235302381318374,3,hybrid_lite,1,1,1,1594,fixed_full
19,1,1,1,0.045539613225202745,73,1,0.7217716781035559,0.01,1,lotte_technology_search_100k_q414,8,0.9452114249207194,3,linucb_primary,1,1,1,1603,fixed_full
19,1,0,1,0.30647036032545527,791,1,0.5912437039907013,0.01,0,lotte_technology_search_100k_q279,1,0.8120952263535851,2,linucb_primary,1,1,1,2581,fixed_full
19,1,1,1,0.4190919674039581,720,2,0.49650756693830034,0.01,1,lotte_technology_search_100k_q494,2,0.46640385276774166,3,hybrid_lite,1,1,1,1718,fixed_full
19,1,1,1,0.472609819121447,1829,4,0.527390180878553,0.01,0,lotte_technology_search_100k_q584,1,0.44755985298691153,3,hybrid_lite,1,1,1,3870,fixed_full
19,1,1,1,0.09674027339642481,92,2,0.729758149316509,0.01,1,lotte_technology_search_100k_q209,3,0.9485791807767442,3,linucb_primary,1,1,1,951,fixed_full
19,1,1,1,0.12454212454212454,102,1,0.4713064713064713,0.01,1,lotte_technology_search_100k_q24,2,0.740793674979031,3,linucb_primary,1,1,1,819,fixed_full
19,1,1,1,0.198005698005698,278,1,0.48361823361823364,0.01,0,lotte_technology_search_100k_q256,1,0.9621769335001373,3,linucb_primary,1,1,1,1404,fixed_full
19,1,1,1,0.06070941336971351,89,1,0.7626193724420192,0.01,1,lotte_technology_search_100k_q553,4,0.7097985275936662,3,hybrid_lite,1,1,1,1466,fixed_full
19,1,1,1,0.05078720162519045,100,1,0.6145251396648045,0.01,1,lotte_technology_search_100k_q106,2,0.9920351382690432,3,linucb_primary,1,1,1,1969,fixed_full
19,1,1,1,0.10160427807486631,133,1,0.2910618792971734,0.01,1,lotte_technology_search_100k_q543,2,0.8665678160695998,3,linucb_primary,1,1,1,1309,fixed_full
19,1,1,1,0.08587786259541985,135,1,0.443384223918575,0.01,1,lotte_technology_search_100k_q556,2,0.7978415181596116,3,linucb_primary,1,1,1,1572,fixed_full
19,1,1,1,0.6200716845878136,519,6,0.3799283154121864,0.63,0,lotte_technology_search_100k_q211,1,0.4578757411623536,3,hybrid_lite,1,1,1,837,fixed_full
19,1,1,1,0.08603491271820449,69,1,0.726932668329177,0.01,1,lotte_technology_search_100k_q88,3,0.941968823890558,3,linucb_primary,1,1,1,802,fixed_full
19,1,1,1,0.03423120089786756,61,1,0.6026936026936027,0.01,1,lotte_technology_search_100k_q340,3,0.7989113044210268,3,linucb_primary,1,1,1,1782,fixed_full
19,0,1,0,nan,0,0,nan,nan,0,lotte_technology_search_100k_q276,0,0.796992265639678,1,linucb_primary,0,0,0,891,fixed_full
19,1,1,1,0.08282208588957055,135,1,0.5153374233128835,0.01,1,lotte_technology_search_100k_q386,2,0.6630336232668155,3,hybrid_lite,1,1,1,1630,fixed_full
19,0,1,1,nan,0,0,nan,nan,0,lotte_technology_search_100k_q27,0,0.5511433259667972,2,hybrid_lite,0,0,0,1497,fixed_full
19,1,1,1,0.1566186107470511,239,2,0.6998689384010485,0.01,1,lotte_technology_search_100k_q109,4,0.8945035029614725,3,linucb_primary,1,1,1,1526,fixed_full
19,1,1,1,0.08819345661450925,186,1,0.43338074917022285,0.01,1,lotte_technology_search_100k_q504,3,0.5443773465566789,3,hybrid_lite,1,1,1,2109,fixed_full
19,1,0,1,0.3908925318761384,1073,1,0.32859744990892537,0.01,0,lotte_technology_search_100k_q305,1,0.6783437360675951,2,hybrid_lite,1,1,1,2745,fixed_full
19,1,1,1,0.3958602846054334,612,1,0.5194049159120311,0.01,0,lotte_technology_search_100k_q315,1,0.7854213770227535,3,linucb_primary,1,1,1,1546,fixed_full
19,1,1,1,0.13049645390070921,184,1,0.4446808510638298,0.01,0,lotte_technology_search_100k_q435,1,0.676321125189667,3,hybrid_lite,1,1,1,1410,fixed_full
19,1,1,1,0.16723549488054607,147,1,0.6143344709897611,0.01,0,lotte_technology_search_100k_q135,1,0.9633166925013311,3,linucb_primary,1,1,1,879,fixed_full
19,1,1,1,0.09621289662231321,94,1,0.5916069600818833,0.01,1,lotte_technology_search_100k_q509,3,0.5136469294268532,3,hybrid_lite,1,1,1,977,fixed_full
19,1,1,1,0.243125,1167,1,0.6110416666666667,0.01,1,lotte_technology_search_100k_q288,9,0.7456294018965536,3,linucb_primary,1,1,1,4800,fixed_full
19,1,1,1,0.06198723792160438,68,1,0.536007292616226,0.01,1,lotte_technology_search_100k_q42,2,0.9643419734652278,3,linucb_primary,1,1,1,1097,fixed_full
19,1,1,1,0.48424467099165897,1045,6,0.515755329008341,0.49,0,lotte_technology_search_100k_q254,1,0.8724843900347704,3,linucb_primary,1,1,1,2158,fixed_full
19,1,1,1,0.15483870967741936,144,1,0.646236559139785,0.01,1,lotte_technology_search_100k_q281,4,0.8250752073011276,3,linucb_primary,1,1,1,930,fixed_full
19,1,1,1,0.08713214079630698,151,1,0.6895556837853434,0.01,1,lotte_technology_search_100k_q562,2,0.8775142964047992,3,linucb_primary,1,1,1,1733,fixed_full
19,1,1,1,0.3884976525821596,331,1,0.5046948356807512,0.01,0,lotte_technology_search_100k_q534,1,0.5476307754765298,3,hybrid_lite,1,1,1,852,fixed_full
19,1,1,1,0.1950067476383266,289,2,0.757085020242915,0.01,0,lotte_technology_search_100k_q120,1,0.543540465470663,3,hybrid_lite,1,1,1,1482,fixed_full
19,1,1,1,0.225923682616596,373,1,0.549969715324046,0.01,1,lotte_technology_search_100k_q65,2,0.6670233783552808,3,hybrid_lite,1,1,1,1651,fixed_full
19,1,1,1,0.266384778012685,126,1,0.5306553911205074,0.01,0,lotte_technology_search_100k_q302,1,0.5483247268818275,3,hybrid_lite,1,1,1,473,fixed_full
19,1,1,1,0.2558983666061706,141,2,0.45553539019963707,0.01,0,lotte_technology_search_100k_q222,1,0.6366923220830076,3,hybrid_lite,1,1,1,551,fixed_full
19,1,1,1,0.11432637571157495,241,1,0.6062618595825426,0.01,1,lotte_technology_search_100k_q267,2,0.8603892760871995,3,linucb_primary,1,1,1,2108,fixed_full
19,1,1,1,0.3542966874699952,738,2,0.38118098895823327,0.01,1,lotte_technology_search_100k_q82,2,0.971093462723017,3,linucb_primary,1,1,1,2083,fixed_full
19,0,1,1,0.13477975016436555,205,2,0.7205785667324129,0.01,0,lotte_technology_search_100k_q547,1,0.5389125411714749,2,hybrid_lite,1,1,1,1521,fixed_full
19,1,1,1,0.22265625,342,1,0.544921875,0.01,1,lotte_technology_search_100k_q413,4,0.9575382637225315,3,linucb_primary,1,1,1,1536,fixed_full
19,1,1,1,0.19375573921028466,211,2,0.6556473829201102,0.01,0,lotte_technology_search_100k_q164,1,0.9814377368905292,3,linucb_primary,1,1,1,1089,fixed_full
19,1,1,1,0.3545878693623639,228,2,0.45101088646967336,0.01,0,lotte_technology_search_100k_q240,1,0.9355404457869402,3,linucb_primary,1,1,1,643,fixed_full
19,0,0,1,0.04580152671755725,30,1,0.633587786259542,0.01,0,lotte_technology_search_100k_q66,1,0.17505515813827513,1,full_dense_fallback,1,1,1,655,fixed_full
19,1,1,1,0.033342673017652,119,1,0.524796861866069,0.01,1,lotte_technology_search_100k_q434,9,0.5109206207999704,3,hybrid_lite,1,1,1,3569,fixed_full
19,1,1,1,0.12480857580398162,163,1,0.6776416539050536,0.01,1,lotte_technology_search_100k_q403,4,0.9459679773327954,3,linucb_primary,1,1,1,1306,fixed_full
19,1,1,1,0.25551102204408815,255,1,0.5891783567134268,0.01,0,lotte_technology_search_100k_q154,1,0.6228367050312957,3,hybrid_lite,1,1,1,998,fixed_full
19,1,1,0,nan,0,0,nan,nan,0,lotte_technology_search_100k_q8,0,0.4926832694399511,2,hybrid_lite,0,0,0,839,fixed_full
19,1,1,1,0.40202391904323825,437,4,0.5979760809567618,0.01,0,lotte_technology_search_100k_q40,1,0.6669404562901372,3,hybrid_lite,1,1,1,1087,fixed_full
19,0,1,1,nan,0,0,nan,nan,0,lotte_technology_search_100k_q22,0,0.9126332912658488,2,linucb_primary,0,0,0,735,fixed_full
19,1,0,1,0.0607493634048745,167,1,0.56020371044016,0.01,0,lotte_technology_search_100k_q433,1,0.7214332893024609,2,hybrid_lite,1,1,1,2749,fixed_full
19,1,1,1,0.07346619773348964,188,1,0.3575615474794842,0.01,1,lotte_technology_search_100k_q585,2,0.8686968876005882,3,linucb_primary,1,1,1,2559,fixed_full
19,1,1,1,0.1127348643006263,162,1,0.5427974947807933,0.01,0,lotte_technology_search_100k_q526,1,0.7366469877371388,3,hybrid_lite,1,1,1,1437,fixed_full
19,1,1,1,0.10849056603773585,184,1,0.5035377358490566,0.01,1,lotte_technology_search_100k_q508,2,0.6441401175058716,3,hybrid_lite,1,1,1,1696,fixed_full
19,1,1,1,0.11323238973008558,516,1,0.7570770243581304,0.01,1,lotte_technology_search_100k_q575,3,0.3367414077521889,3,full_dense_fallback,1,1,1,4557,fixed_full
19,1,0,1,nan,0,0,nan,nan,0,lotte_technology_search_100k_q172,0,0.5584455080378528,2,hybrid_lite,0,0,0,734,fixed_full
19,1,1,1,0.4970817120622568,511,1,0.372568093385214,0.01,0,lotte_technology_search_100k_q226,1,0.8119798266135396,3,linucb_primary,1,1,1,1028,fixed_full
19,1,1,1,0.08187543736878937,117,1,0.38068579426172144,0.01,1,lotte_technology_search_100k_q492,4,0.579935981739853,3,hybrid_lite,1,1,1,1429,fixed_full
19,1,1,1,0.06538461538461539,68,1,0.4442307692307692,0.01,1,lotte_technology_search_100k_q41,2,0.9646628371320525,3,linucb_primary,1,1,1,1040,fixed_full
19,1,1,1,0.028037383177570093,51,1,0.7383177570093458,0.01,1,lotte_technology_search_100k_q502,6,0.5738081157538109,3,hybrid_lite,1,1,1,1819,fixed_full
19,0,0,1,0.07947019867549669,60,1,0.7602649006622517,0.01,0,lotte_technology_search_100k_q271,1,0.45011547677465386,1,hybrid_lite,1,1,1,755,fixed_full
19,1,1,1,0.11392405063291139,108,1,0.5622362869198312,0.01,1,lotte_technology_search_100k_q566,3,0.38197396606031736,3,full_dense_fallback,1,1,1,948,fixed_full
19,1,1,1,0.03192702394526796,28,1,0.5598631698973775,0.01,1,lotte_technology_search_100k_q292,4,0.9486685634020078,3,linucb_primary,1,1,1,877,fixed_full
19,1,1,1,0.20143429656190678,955,1,0.4482176755958659,0.01,1,lotte_technology_search_100k_q506,7,0.6098666754162029,3,hybrid_lite,1,1,1,4741,fixed_full
19,1,1,1,0.15108359133126936,244,1,0.5287925696594427,0.01,1,lotte_technology_search_100k_q493,2,0.9504293187010517,3,linucb_primary,1,1,1,1615,fixed_full
19,1,1,1,0.09377738825591586,214,1,0.6108676599474145,0.01,1,lotte_technology_search_100k_q338,2,0.5821415636503423,3,hybrid_lite,1,1,1,2282,fixed_full
19,1,1,1,0.027944111776447105,70,1,0.8934131736526946,0.01,1,lotte_technology_search_100k_q431,5,0.6978216717636373,3,hybrid_lite,1,1,1,2505,fixed_full
19,0,1,1,nan,0,0,nan,nan,0,lotte_technology_search_100k_q26,0,0.6932631876573638,2,hybrid_lite,0,0,0,1440,fixed_full
19,1,1,1,0.30573523070288916,709,2,0.5636050021561018,0.01,0,lotte_technology_search_100k_q72,1,0.7636414087143761,3,linucb_primary,1,1,1,2319,fixed_full
19,0,1,1,0.4172767203513909,285,3,0.5446559297218155,0.01,0,lotte_technology_search_100k_q121,1,0.9692465982305503,2,linucb_primary,1,1,1,683,fixed_full
19,0,0,1,0.7766599597585513,386,5,0.2233400402414487,0.78,0,lotte_technology_search_100k_q225,1,0.387026127140731,1,full_dense_fallback,1,1,1,497,fixed_full
19,1,1,1,0.26485148514851486,428,1,0.504950495049505,0.01,1,lotte_technology_search_100k_q132,2,0.5486416280851701,3,hybrid_lite,1,1,1,1616,fixed_full
19,1,1,1,0.208,312,1,0.5906666666666667,0.01,0,lotte_technology_search_100k_q63,1,0.8516470446398673,3,linucb_primary,1,1,1,1500,fixed_full
19,0,1,1,0.18489767113620326,262,3,0.7438249823570924,0.01,0,lotte_technology_search_100k_q203,1,0.7557200231355664,2,linucb_primary,1,1,1,1417,fixed_full
19,1,1,1,0.04998008761449622,251,1,0.7646356033452808,0.01,1,lotte_technology_search_100k_q392,4,0.991210031010509,3,linucb_primary,1,1,1,5022,fixed_full
19,1,1,1,0.6610275689223057,1055,3,0.306390977443609,0.01,1,lotte_technology_search_100k_q173,2,0.5746813258409776,3,hybrid_lite,1,1,1,1596,fixed_full
19,1,0,1,0.12697274031563846,177,1,0.30703012912482064,0.01,1,lotte_technology_search_100k_q249,5,0.3712027504310003,2,full_dense_fallback,1,1,1,1394,fixed_full
19,1,1,1,0.09337105901374293,231,1,0.7477768795472919,0.01,1,lotte_technology_search_100k_q581,3,0.6397529112557774,3,hybrid_lite,1,1,1,2474,fixed_full
19,1,1,1,0.04734411085450346,123,1,0.7120862201693611,0.01,1,lotte_technology_search_100k_q152,2,0.6870643833912209,3,hybrid_lite,1,1,1,2598,fixed_full
19,1,1,1,0.054643527204502815,233,1,0.6432926829268293,0.01,1,lotte_technology_search_100k_q590,2,0.42422665352879374,3,full_dense_fallback,1,1,1,4264,fixed_full
19,1,1,1,0.06462781304096941,112,1,0.5175995383727641,0.01,1,lotte_technology_search_100k_q95,4,0.719416015736626,3,hybrid_lite,1,1,1,1733,fixed_full
19,1,1,1,0.0388739946380697,58,1,0.7654155495978552,0.01,0,lotte_technology_search_100k_q522,1,0.6512883144243714,3,hybrid_lite,1,1,1,1492,fixed_full
19,1,1,1,0.13594132029339853,278,1,0.4224938875305624,0.01,1,lotte_technology_search_100k_q257,2,0.9733363385509456,3,linucb_primary,1,1,1,2045,fixed_full
19,1,1,1,0.0437842064112588,56,1,0.4409695074276778,0.01,1,lotte_technology_search_100k_q316,3,0.860414720107211,3,linucb_primary,1,1,1,1279,fixed_full
19,1,1,1,0.17108251324753973,226,1,0.44284632853898565,0.01,0,lotte_technology_search_100k_q188,1,0.6734489529282368,3,hybrid_lite,1,1,1,1321,fixed_full
19,1,1,1,0.07728253055355859,215,1,0.5629043853342919,0.01,1,lotte_technology_search_100k_q529,7,0.7329544204969545,3,hybrid_lite,1,1,1,2782,fixed_full
19,1,1,1,0.7612958226768969,1786,6,0.23870417732310312,0.77,0,lotte_technology_search_100k_q70,1,0.9046253159462385,3,linucb_primary,1,1,1,2346,fixed_full
19,1,1,1,0.026904262753319357,77,1,0.8298392732354997,0.01,1,lotte_technology_search_100k_q298,2,0.9674388895478844,3,linucb_primary,1,1,1,2862,fixed_full
19,1,1,1,0.5143979057591623,786,1,0.22513089005235598,0.01,0,lotte_technology_search_100k_q528,1,0.7025651452684362,3,hybrid_lite,1,1,1,1528,fixed_full
19,1,1,1,0.23979957050823192,335,1,0.7151037938439513,0.01,0,lotte_technology_search_100k_q383,1,0.5339411516937198,3,hybrid_lite,1,1,1,1397,fixed_full
19,0,0,0,nan,0,0,nan,nan,0,lotte_technology_search_100k_q138,0,0.21488421449939596,0,full_dense_fallback,0,0,0,709,fixed_full
19,1,1,1,0.03154399557277255,57,1,0.6281128942999447,0.01,1,lotte_technology_search_100k_q442,3,0.7823333851050487,3,linucb_primary,1,1,1,1807,fixed_full
19,0,1,1,0.08259587020648967,56,1,0.4616519174041298,0.01,0,lotte_technology_search_100k_q180,1,0.8652756514759192,2,linucb_primary,1,1,1,678,fixed_full
19,1,1,1,0.13428571428571429,94,1,0.62,0.01,0,lotte_technology_search_100k_q29,1,0.8082902454482404,3,linucb_primary,1,1,1,700,fixed_full
19,1,1,1,0.041289023162134945,41,1,0.7693856998992951,0.01,1,lotte_technology_search_100k_q295,5,0.9797607438471043,3,linucb_primary,1,1,1,993,fixed_full
19,1,1,1,0.019104084321475624,29,1,0.6989459815546772,0.01,1,lotte_technology_search_100k_q519,5,0.6537548839192876,3,hybrid_lite,1,1,1,1518,fixed_full
19,1,1,1,0.09769094138543517,110,1,0.6207815275310835,0.01,1,lotte_technology_search_100k_q242,3,0.8093886597030556,3,linucb_primary,1,1,1,1126,fixed_full
19,1,1,1,0.054474708171206226,112,1,0.7169260700389105,0.01,1,lotte_technology_search_100k_q334,2,0.870750710701654,3,linucb_primary,1,1,1,2056,fixed_full
13,1,1,1,0.052752293577981654,23,1,0.591743119266055,0.01,0,lotte_technology_search_100k_q336,1,0.7074692146311494,3,hybrid_lite,1,1,1,436,fixed_cluster_primary
13,1,1,1,0.2,178,1,0.5651685393258428,0.01,0,lotte_technology_search_100k_q76,1,0.6677920435993405,3,hybrid_lite,1,1,1,890,fixed_cluster_primary
13,1,1,1,0.02834008097165992,49,1,0.684788895315211,0.01,1,lotte_technology_search_100k_q426,2,0.9578866074922813,3,linucb_primary,1,1,1,1729,fixed_cluster_primary
13,1,1,1,0.42412935323383083,341,5,0.5758706467661692,0.43,0,lotte_technology_search_100k_q2,1,0.6480050251082479,3,hybrid_lite,1,1,1,804,fixed_cluster_primary
13,1,1,1,0.27613516367476243,523,1,0.5575501583949314,0.01,1,lotte_technology_search_100k_q447,3,0.6659225634061318,3,hybrid_lite,1,1,1,1894,fixed_cluster_primary
13,1,1,1,0.4503271861986913,757,2,0.36109458655562165,0.01,0,lotte_technology_search_100k_q139,1,0.9519809630716493,3,linucb_primary,1,1,1,1681,fixed_cluster_primary
13,1,1,1,0.18590308370044054,422,1,0.4074889867841409,0.01,1,lotte_technology_search_100k_q507,2,0.8677700152657015,3,linucb_primary,1,1,1,2270,fixed_cluster_primary
13,0,1,1,nan,0,0,nan,nan,0,lotte_technology_search_100k_q58,0,0.9146506792364822,2,linucb_primary,0,0,0,832,fixed_cluster_primary
13,1,1,1,0.14093959731543623,147,2,0.6893576222435283,0.01,1,lotte_technology_search_100k_q125,2,0.5862926906679875,3,hybrid_lite,1,1,1,1043,fixed_cluster_primary
13,1,1,1,0.023537803138373753,66,1,0.5666904422253922,0.01,1,lotte_technology_search_100k_q462,4,0.9096463032297845,3,linucb_primary,1,1,1,2804,fixed_cluster_primary
13,0,1,1,0.35723431498079383,279,4,0.6427656850192062,0.01,0,lotte_technology_search_100k_q57,1,0.9339844479989537,2,linucb_primary,1,1,1,781,fixed_cluster_primary
13,1,1,1,0.09253547193090685,150,1,0.5595311536088834,0.01,1,lotte_technology_search_100k_q503,5,0.7803907404718763,3,linucb_primary,1,1,1,1621,fixed_cluster_primary
13,1,1,1,0.10166919575113809,67,1,0.725341426403642,0.01,0,lotte_technology_search_100k_q264,1,0.3234550460467394,3,full_dense_fallback,1,1,1,659,fixed_cluster_primary
13,0,0,0,nan,0,0,nan,nan,0,lotte_technology_search_100k_q166,0,0.5367181049652912,0,hybrid_lite,0,0,0,1734,fixed_cluster_primary
13,1,0,1,nan,0,0,nan,nan,0,lotte_technology_search_100k_q213,0,0.25600817988294405,2,full_dense_fallback,0,0,0,688,fixed_cluster_primary
13,1,1,1,0.08513425016371971,130,1,0.5841519318925998,0.01,1,lotte_technology_search_100k_q578,4,0.6781253066453503,3,hybrid_lite,1,1,1,1527,fixed_cluster_primary
13,1,0,1,nan,0,0,nan,nan,0,lotte_technology_search_100k_q244,0,0.49188656413154963,2,hybrid_lite,0,0,0,1218,fixed_cluster_primary
13,1,1,1,0.36386138613861385,294,3,0.5891089108910892,0.01,0,lotte_technology_search_100k_q117,1,0.9851393337673471,3,linucb_primary,1,1,1,808,fixed_cluster_primary
13,0,1,1,0.9311575726670066,1826,8,0.0688424273329934,0.94,0,lotte_technology_search_100k_q280,1,0.9796994899689562,2,linucb_primary,0,1,1,1961,fixed_cluster_primary
13,1,1,1,0.06155451225873761,118,1,0.596244131455399,0.01,1,lotte_technology_search_100k_q378,5,0.9368978968392278,3,linucb_primary,1,1,1,1917,fixed_cluster_primary
13,1,1,1,1.0,1425,10,0.0,1.0,0,lotte_technology_search_100k_q11,1,0.7770478937869838,3,linucb_primary,0,0,1,1425,fixed_cluster_primary
13,1,1,1,0.7713685193834656,3303,4,0.22863148061653438,0.01,0,lotte_technology_search_100k_q102,1,0.9739025167784132,3,linucb_primary,1,1,1,4282,fixed_cluster_primary
13,1,1,1,nan,0,0,nan,nan,0,lotte_technology_search_100k_q363,0,0.5981646608251958,3,hybrid_lite,0,0,0,1005,fixed_cluster_primary
13,1,1,1,0.02398871119473189,51,1,0.5597365945437441,0.01,1,lotte_technology_search_100k_q446,5,0.7293086670491006,3,hybrid_lite,1,1,1,2126,fixed_cluster_primary
13,1,0,1,nan,0,0,nan,nan,0,lotte_technology_search_100k_q499,0,0.37302783428058517,2,full_dense_fallback,0,0,0,1857,fixed_cluster_primary
13,1,1,1,0.0734304932735426,131,1,0.5319506726457399,0.01,0,lotte_technology_search_100k_q476,1,0.5083473157166242,3,hybrid_lite,1,1,1,1784,fixed_cluster_primary
13,1,1,1,0.08456659619450317,80,1,0.726215644820296,0.01,1,lotte_technology_search_100k_q98,2,0.7630399956778483,3,linucb_primary,1,1,1,946,fixed_cluster_primary
13,1,1,0,nan,0,0,nan,nan,0,lotte_technology_search_100k_q284,0,0.669087169462904,2,hybrid_lite,0,0,0,1387,fixed_cluster_primary
13,1,1,1,0.19123505976095617,288,2,0.7397078353253652,0.01,0,lotte_technology_search_100k_q200,1,0.4275574289966432,3,full_dense_fallback,1,1,1,1506,fixed_cluster_primary
13,1,1,1,0.625,690,5,0.375,0.63,0,lotte_technology_search_100k_q170,1,0.8956998844789693,3,linucb_primary,1,1,1,1104,fixed_cluster_primary
13,0,1,1,0.3588093322606597,446,3,0.3942075623491552,0.01,1,lotte_technology_search_100k_q278,2,0.9770947708708909,2,linucb_primary,1,1,1,1243,fixed_cluster_primary
13,1,1,1,0.10291734197730956,254,1,0.4870340356564019,0.01,1,lotte_technology_search_100k_q525,5,0.8680021789383379,3,linucb_primary,1,1,1,2468,fixed_cluster_primary
13,1,1,1,0.09707724425887265,93,1,0.4248434237995825,0.01,1,lotte_technology_search_100k_q210,2,0.9334892505044596,3,linucb_primary,1,1,1,958,fixed_cluster_primary
13,1,1,1,0.17979127134724857,379,1,0.5944022770398483,0.01,1,lotte_technology_search_100k_q425,9,0.9595462539326571,3,linucb_primary,1,1,1,2108,fixed_cluster_primary
13,1,1,1,0.022433132010353754,52,1,0.8278688524590164,0.01,1,lotte_technology_search_100k_q0,2,0.8800456395778483,3,linucb_primary,1,1,1,2318,fixed_cluster_primary
13,1,1,1,0.09282178217821782,150,1,0.5581683168316831,0.01,1,lotte_technology_search_100k_q516,5,0.7653606117926314,3,linucb_primary,1,1,1,1616,fixed_cluster_primary
13,1,1,1,0.11695278969957082,218,1,0.45493562231759654,0.01,1,lotte_technology_search_100k_q436,2,0.7682865157018154,3,linucb_primary,1,1,1,1864,fixed_cluster_primary
13,1,0,1,nan,0,0,nan,nan,0,lotte_technology_search_100k_q419,0,0.5064759145002857,2,hybrid_lite,0,0,0,2095,fixed_cluster_primary
13,1,1,1,0.3610248447204969,465,1,0.28027950310559,0.01,0,lotte_technology_search_100k_q376,1,0.5389548130684712,3,hybrid_lite,1,1,1,1288,fixed_cluster_primary
13,1,1,1,0.21803921568627452,278,1,0.5615686274509804,0.01,0,lotte_technology_search_100k_q500,1,0.8611402957223795,3,linucb_primary,1,1,1,1275,fixed_cluster_primary
13,0,1,1,nan,0,0,nan,nan,0,lotte_technology_search_100k_q445,0,0.6505582781829159,2,hybrid_lite,0,0,0,1146,fixed_cluster_primary
13,1,1,0,nan,0,0,nan,nan,0,lotte_technology_search_100k_q115,0,0.5533944003679042,2,hybrid_lite,0,0,0,1259,fixed_cluster_primary
13,1,0,1,nan,0,0,nan,nan,0,lotte_technology_search_100k_q273,0,0.27825358522558247,2,full_dense_fallback,0,0,0,1263,fixed_cluster_primary
13,1,1,1,0.31735889243876464,298,1,0.4164004259850905,0.01,0,lotte_technology_search_100k_q535,1,0.4893657527906588,3,hybrid_lite,1,1,1,939,fixed_cluster_primary
13,1,0,1,nan,0,0,nan,nan,0,lotte_technology_search_100k_q329,0,0.40042973474977955,2,full_dense_fallback,0,0,0,2660,fixed_cluster_primary
13,1,1,1,0.04751847940865892,90,1,0.616156282998944,0.01,1,lotte_technology_search_100k_q568,2,0.9714501008838384,3,linucb_primary,1,1,1,1894,fixed_cluster_primary
13,1,1,1,0.02044907778668805,51,1,0.39735364875701684,0.01,1,lotte_technology_search_100k_q595,5,0.8549944916313571,3,linucb_primary,1,1,1,2494,fixed_cluster_primary
13,1,1,1,0.1857379767827529,448,1,0.4299336650082919,0.01,0,lotte_technology_search_100k_q359,1,0.819601501235923,3,linucb_primary,1,1,1,2412,fixed_cluster_primary
13,0,1,1,nan,0,0,nan,nan,0,lotte_technology_search_100k_q21,0,0.9107928693678458,2,linucb_primary,0,0,0,717,fixed_cluster_primary
13,1,1,1,0.10819539765845781,268,1,0.488897860314897,0.01,1,lotte_technology_search_100k_q560,3,0.37481218419836676,3,full_dense_fallback,1,1,1,2477,fixed_cluster_primary
13,1,1,1,0.21830585559977259,384,1,0.28936895963615694,0.01,1,lotte_technology_search_100k_q396,3,0.780081258807793,3,linucb_primary,1,1,1,1759,fixed_cluster_primary
13,1,1,1,0.014810045074050225,23,1,0.4397939471989697,0.01,1,lotte_technology_search_100k_q163,2,0.6819564454683739,3,hybrid_lite,1,1,1,1553,fixed_cluster_primary
13,1,1,1,0.073827980804725,200,1,0.3207825765965301,0.01,1,lotte_technology_search_100k_q527,6,0.7187882267980482,3,hybrid_lite,1,1,1,2709,fixed_cluster_primary
13,1,1,1,0.056021469305602145,167,1,0.758470311975847,0.01,1,lotte_technology_search_100k_q423,4,0.9687190871403304,3,linucb_primary,1,1,1,2981,fixed_cluster_primary
13,1,1,0,nan,0,0,nan,nan,0,lotte_technology_search_100k_q283,0,0.7130847666877264,2,hybrid_lite,0,0,0,735,fixed_cluster_primary
13,1,1,1,0.31139122315592904,667,5,0.7343604108309991,0.27,1,lotte_technology_search_100k_q339,2,0.9380018491311999,3,linucb_primary,1,1,1,2142,fixed_cluster_primary
13,1,1,1,0.17150956768249467,242,1,0.6151665485471297,0.01,0,lotte_technology_search_100k_q474,1,0.786172164038733,3,linucb_primary,1,1,1,1411,fixed_cluster_primary
13,1,1,1,0.14868603042876902,215,1,0.44882434301521434,0.01,1,lotte_technology_search_100k_q343,5,0.8227163378467888,3,linucb_primary,1,1,1,1446,fixed_cluster_primary
13,1,1,1,0.11783783783783784,327,2,0.23135135135135132,0.01,0,lotte_technology_search_100k_q312,1,0.4686087360068687,3,hybrid_lite,1,1,1,2775,fixed_cluster_primary
13,1,1,1,0.12837345003646974,176,2,0.5616338439095551,0.01,1,lotte_technology_search_100k_q311,3,0.7115110934275595,3,hybrid_lite,1,1,1,1371,fixed_cluster_primary
13,1,1,1,0.007965686274509803,13,1,0.7487745098039216,0.01,1,lotte_technology_search_100k_q236,7,0.7970182162217665,3,linucb_primary,1,1,1,1632,fixed_cluster_primary
13,0,0,0,nan,0,0,nan,nan,0,lotte_technology_search_100k_q382,0,0.42588580639425716,0,full_dense_fallback,0,0,0,898,fixed_cluster_primary
13,1,0,1,nan,0,0,nan,nan,0,lotte_technology_search_100k_q328,0,0.42896799297390764,2,full_dense_fallback,0,0,0,1428,fixed_cluster_primary
13,1,1,1,0.04676489429852659,73,1,0.700832799487508,0.01,1,lotte_technology_search_100k_q444,7,0.9278118239576828,3,linucb_primary,1,1,1,1561,fixed_cluster_primary
13,1,1,1,0.24245374878286272,249,1,0.450827653359299,0.01,0,lotte_technology_search_100k_q356,1,0.47053694854946176,3,hybrid_lite,1,1,1,1027,fixed_cluster_primary
13,1,1,1,0.5465924895688457,786,1,0.239221140472879,0.01,0,lotte_technology_search_100k_q517,1,0.2434634119272232,3,full_dense_fallback,1,1,1,1438,fixed_cluster_primary
13,1,0,1,nan,0,0,nan,nan,0,lotte_technology_search_100k_q415,0,0.4168944542941396,2,full_dense_fallback,0,0,0,1678,fixed_cluster_primary
13,1,1,1,0.41284403669724773,495,1,0.36363636363636365,0.01,1,lotte_technology_search_100k_q416,4,0.7206073492886019,3,hybrid_lite,1,1,1,1199,fixed_cluster_primary
13,1,1,1,0.07597645799892991,142,1,0.6169074371321562,0.01,1,lotte_technology_search_100k_q495,2,0.8332526259363655,3,linucb_primary,1,1,1,1869,fixed_cluster_primary
13,1,1,1,0.5337837837837838,1422,1,0.3044294294294294,0.01,1,lotte_technology_search_100k_q263,2,0.7842217310751816,3,linucb_primary,1,1,1,2664,fixed_cluster_primary
13,1,1,1,0.016540317022742935,72,1,0.7757868136917069,0.01,1,lotte_technology_search_100k_q369,4,0.9361400234823176,3,linucb_primary,1,1,1,4353,fixed_cluster_primary
13,0,0,1,nan,0,0,nan,nan,0,lotte_technology_search_100k_q175,0,0.3060961072748501,1,full_dense_fallback,0,0,0,929,fixed_cluster_primary
13,1,1,1,0.2612982744453574,636,1,0.3574363188167625,0.01,1,lotte_technology_search_100k_q480,2,0.9611923253261527,3,linucb_primary,1,1,1,2434,fixed_cluster_primary
13,1,1,1,0.3805117038649973,699,1,0.477408818726184,0.01,0,lotte_technology_search_100k_q373,1,0.8091232332356083,3,linucb_primary,1,1,1,1837,fixed_cluster_primary
13,1,1,1,0.16389548693586697,138,1,0.41805225653206646,0.01,1,lotte_technology_search_100k_q251,2,0.8207984795774579,3,linucb_primary,1,1,1,842,fixed_cluster_primary
13,1,0,1,nan,0,0,nan,nan,0,lotte_technology_search_100k_q443,0,0.29600747553915735,2,full_dense_fallback,0,0,0,990,fixed_cluster_primary
13,1,1,1,0.8576960309777347,886,8,0.14230396902226528,0.86,0,lotte_technology_search_100k_q197,1,0.6412276348907312,3,hybrid_lite,0,1,1,1033,fixed_cluster_primary
13,1,0,1,nan,0,0,nan,nan,0,lotte_technology_search_100k_q538,0,0.5872998890380992,2,hybrid_lite,0,0,0,1335,fixed_cluster_primary
13,1,1,1,0.164804469273743,177,2,0.5316573556797021,0.01,0,lotte_technology_search_100k_q262,1,0.503720724260953,3,hybrid_lite,1,1,1,1074,fixed_cluster_primary
13,1,1,1,0.14520547945205478,159,1,0.5972602739726027,0.01,1,lotte_technology_search_100k_q466,9,0.907749192133758,3,linucb_primary,1,1,1,1095,fixed_cluster_primary
13,1,1,1,0.05081555834378921,81,1,0.47365119196988703,0.01,1,lotte_technology_search_100k_q588,4,0.6751839371105628,3,hybrid_lite,1,1,1,1594,fixed_cluster_primary
13,1,1,1,0.41284403669724773,495,1,0.36363636363636365,0.01,1,lotte_technology_search_100k_q450,4,0.7555431177663782,3,linucb_primary,1,1,1,1199,fixed_cluster_primary
13,1,0,1,nan,0,0,nan,nan,0,lotte_technology_search_100k_q113,0,0.3723591196839732,2,full_dense_fallback,0,0,0,407,fixed_cluster_primary
13,1,1,1,0.687333923826395,776,7,0.312666076173605,0.69,0,lotte_technology_search_100k_q511,1,0.4943506179352366,3,hybrid_lite,1,1,1,1129,fixed_cluster_primary
13,1,0,1,nan,0,0,nan,nan,0,lotte_technology_search_100k_q206,0,0.24180499125367533,2,full_dense_fallback,0,0,0,1742,fixed_cluster_primary
13,1,1,1,0.4390735146022155,436,3,0.4400805639476334,0.01,0,lotte_technology_search_100k_q245,1,0.42081965315780373,3,full_dense_fallback,1,1,1,993,fixed_cluster_primary
13,0,1,1,nan,0,0,nan,nan,0,lotte_technology_search_100k_q60,0,0.535654146505694,2,hybrid_lite,0,0,0,922,fixed_cluster_primary
13,1,1,1,0.06474820143884892,63,1,0.6639260020554985,0.01,0,lotte_technology_search_100k_q44,1,0.9605209189509067,3,linucb_primary,1,1,1,973,fixed_cluster_primary
13,1,1,1,0.16795366795366795,174,2,0.6544401544401545,0.01,1,lotte_technology_search_100k_q46,3,0.8747373112473988,3,linucb_primary,1,1,1,1036,fixed_cluster_primary
13,1,1,1,0.13043478260869565,198,1,0.5079051383399209,0.01,0,lotte_technology_search_100k_q358,1,0.5612596134713779,3,hybrid_lite,1,1,1,1518,fixed_cluster_primary
13,1,0,1,nan,0,0,nan,nan,0,lotte_technology_search_100k_q81,0,0.49662796606962145,2,hybrid_lite,0,0,0,853,fixed_cluster_primary
13,1,1,1,0.1636904761904762,165,2,0.6279761904761905,0.01,1,lotte_technology_search_100k_q193,2,0.7010902482126383,3,hybrid_lite,1,1,1,1008,fixed_cluster_primary
13,1,1,1,0.09327983951855567,93,1,0.5035105315947843,0.01,1,lotte_technology_search_100k_q296,5,0.9574530277349438,3,linucb_primary,1,1,1,997,fixed_cluster_primary
13,1,1,1,0.6799249530956848,1812,5,0.7133208255159474,0.29,1,lotte_technology_search_100k_q542,2,0.7886289785916984,3,linucb_primary,1,1,1,2665,fixed_cluster_primary
13,0,1,1,nan,0,0,nan,nan,0,lotte_technology_search_100k_q77,0,0.687972475837995,2,hybrid_lite,0,0,0,1150,fixed_cluster_primary
13,0,1,1,0.9178794178794178,1766,8,0.08212058212058215,0.92,0,lotte_technology_search_100k_q114,1,0.7741167130614823,2,linucb_primary,0,1,1,1924,fixed_cluster_primary
13,1,1,1,0.02238354506957048,37,1,0.5238959467634603,0.01,1,lotte_technology_search_100k_q346,2,0.914178006824856,3,linucb_primary,1,1,1,1653,fixed_cluster_primary
13,1,1,1,0.36191145467322555,515,2,0.49613492621222766,0.01,1,lotte_technology_search_100k_q49,2,0.7037525347208619,3,hybrid_lite,1,1,1,1423,fixed_cluster_primary
13,1,1,1,0.3110485573539761,442,3,0.625615763546798,0.01,1,lotte_technology_search_100k_q110,4,0.9104112248453022,3,linucb_primary,1,1,1,1421,fixed_cluster_primary
13,0,0,0,nan,0,0,nan,nan,0,lotte_technology_search_100k_q237,0,0.3118766861597891,0,full_dense_fallback,0,0,0,871,fixed_cluster_primary
13,1,0,1,nan,0,0,nan,nan,0,lotte_technology_search_100k_q307,0,0.46456041294302586,2,hybrid_lite,0,0,0,512,fixed_cluster_primary
13,1,0,1,nan,0,0,nan,nan,0,lotte_technology_search_100k_q491,0,0.35090453661730614,2,full_dense_fallback,0,0,0,1424,fixed_cluster_primary
13,1,1,1,0.07508939213349225,63,1,0.5709177592371871,0.01,1,lotte_technology_search_100k_q43,4,0.9219770841097541,3,linucb_primary,1,1,1,839,fixed_cluster_primary
13,1,1,1,0.08701923076923077,181,1,0.3533653846153846,0.01,1,lotte_technology_search_100k_q409,2,0.7631361088495142,3,linucb_primary,1,1,1,2080,fixed_cluster_primary
13,1,1,0,nan,0,0,nan,nan,0,lotte_technology_search_100k_q317,0,0.5560262383413727,2,hybrid_lite,0,0,0,2409,fixed_cluster_primary
13,1,1,1,0.487986743993372,1178,5,0.512013256006628,0.49,0,lotte_technology_search_100k_q6,1,0.6657493732101363,3,hybrid_lite,1,1,1,2414,fixed_cluster_primary
13,1,1,1,0.2943746586564719,539,1,0.43910431458219557,0.01,1,lotte_technology_search_100k_q308,4,0.9070269714283247,3,linucb_primary,1,1,1,1831,fixed_cluster_primary
13,1,0,1,nan,0,0,nan,nan,0,lotte_technology_search_100k_q28,0,0.448712193337978,2,hybrid_lite,0,0,0,2204,fixed_cluster_primary
13,1,1,1,0.02427471876850207,41,1,0.6033155713439906,0.01,1,lotte_technology_search_100k_q422,4,0.8809222020749372,3,linucb_primary,1,1,1,1689,fixed_cluster_primary
13,1,0,1,nan,0,0,nan,nan,0,lotte_technology_search_100k_q191,0,0.45057124566818585,2,hybrid_lite,0,0,0,1422,fixed_cluster_primary
13,1,0,1,nan,0,0,nan,nan,0,lotte_technology_search_100k_q485,0,0.37984444616193414,2,full_dense_fallback,0,0,0,1206,fixed_cluster_primary
13,1,0,1,nan,0,0,nan,nan,0,lotte_technology_search_100k_q146,0,0.40206517861707963,2,full_dense_fallback,0,0,0,957,fixed_cluster_primary
13,1,1,1,0.021479713603818614,36,1,0.8239856801909308,0.01,1,lotte_technology_search_100k_q457,7,0.8246471811474988,3,linucb_primary,1,1,1,1676,fixed_cluster_primary
13,1,1,1,0.026511134676564158,25,1,0.5949098621420996,0.01,1,lotte_technology_search_100k_q324,4,0.4559077457157536,3,hybrid_lite,1,1,1,943,fixed_cluster_primary
13,1,1,1,0.2289156626506024,285,5,0.7710843373493976,0.23,1,lotte_technology_search_100k_q294,2,0.41634735792196864,3,full_dense_fallback,1,1,1,1245,fixed_cluster_primary
13,1,1,1,0.1771177117711771,161,1,0.5412541254125413,0.01,0,lotte_technology_search_100k_q303,1,0.8769842392419868,3,linucb_primary,1,1,1,909,fixed_cluster_primary
13,1,1,1,0.38397328881469117,460,1,0.38898163606010017,0.01,0,lotte_technology_search_100k_q452,1,0.6427564747029608,3,hybrid_lite,1,1,1,1198,fixed_cluster_primary
13,1,1,1,0.2821114369501466,481,2,0.5395894428152492,0.01,1,lotte_technology_search_100k_q551,2,0.622486108598789,3,hybrid_lite,1,1,1,1705,fixed_cluster_primary
13,1,1,1,0.03680981595092025,54,1,0.6025903203817314,0.01,0,lotte_technology_search_100k_q360,1,0.6486706504107086,3,hybrid_lite,1,1,1,1467,fixed_cluster_primary
13,1,1,1,0.16053019145802652,109,1,0.6539027982326951,0.01,0,lotte_technology_search_100k_q9,1,0.567053688205699,3,hybrid_lite,1,1,1,679,fixed_cluster_primary
13,1,1,1,0.1529051987767584,250,1,0.6140672782874618,0.01,1,lotte_technology_search_100k_q309,3,0.8725981898723443,3,linucb_primary,1,1,1,1635,fixed_cluster_primary
13,1,1,1,0.10985915492957747,195,1,0.4997183098591549,0.01,1,lotte_technology_search_100k_q593,2,0.9747181952836,3,linucb_primary,1,1,1,1775,fixed_cluster_primary
13,1,1,1,nan,0,0,nan,nan,0,lotte_technology_search_100k_q208,0,0.8565602143464014,3,linucb_primary,0,0,0,1688,fixed_cluster_primary
13,1,1,1,0.0998439937597504,64,1,0.5085803432137286,0.01,1,lotte_technology_search_100k_q489,3,0.683011975217335,3,hybrid_lite,1,1,1,641,fixed_cluster_primary
13,1,1,1,0.32432432432432434,312,1,0.528066528066528,0.01,0,lotte_technology_search_100k_q62,1,0.9660994319227075,3,linucb_primary,1,1,1,962,fixed_cluster_primary
13,1,1,1,0.06445115810674723,64,1,0.473313192346425,0.01,1,lotte_technology_search_100k_q111,5,0.9565343611800969,3,linucb_primary,1,1,1,993,fixed_cluster_primary
13,1,1,1,nan,0,0,nan,nan,0,lotte_technology_search_100k_q214,0,0.9627793030428095,3,linucb_primary,0,0,0,1317,fixed_cluster_primary
13,1,1,1,0.3192488262910798,748,1,0.32735808792146825,0.01,1,lotte_technology_search_100k_q479,2,0.71348001856288,3,hybrid_lite,1,1,1,2343,fixed_cluster_primary
13,1,1,1,0.24367436743674367,443,2,0.5676567656765676,0.01,0,lotte_technology_search_100k_q332,1,0.9549337044762473,3,linucb_primary,1,1,1,1818,fixed_cluster_primary
13,1,1,1,0.17678100263852242,134,2,0.737467018469657,0.01,1,lotte_technology_search_100k_q83,2,0.5574553595728505,3,hybrid_lite,1,1,1,758,fixed_cluster_primary
13,1,1,1,0.3172043010752688,118,1,0.5161290322580645,0.01,0,lotte_technology_search_100k_q87,1,0.5969088300715738,3,hybrid_lite,1,1,1,372,fixed_cluster_primary
13,1,1,1,0.4307233521945252,5633,2,0.525615537543967,0.01,1,lotte_technology_search_100k_q558,4,0.8581865712681085,3,linucb_primary,1,1,1,13078,fixed_cluster_primary
13,1,0,1,nan,0,0,nan,nan,0,lotte_technology_search_100k_q155,0,0.5684082730345728,2,hybrid_lite,0,0,0,737,fixed_cluster_primary
13,1,1,1,0.05186972255729795,43,1,0.5367913148371533,0.01,1,lotte_technology_search_100k_q404,2,0.474523008254095,3,hybrid_lite,1,1,1,829,fixed_cluster_primary
13,0,1,1,nan,0,0,nan,nan,0,lotte_technology_search_100k_q47,0,0.639361425612944,2,hybrid_lite,0,0,0,970,fixed_cluster_primary
13,1,1,1,0.09189842805320435,76,1,0.532043530834341,0.01,0,lotte_technology_search_100k_q37,1,0.9604440640705266,3,linucb_primary,1,1,1,827,fixed_cluster_primary
13,1,1,1,0.09033423667570009,100,2,0.7000903342366758,0.01,0,lotte_technology_search_100k_q335,1,0.6950911354759932,3,hybrid_lite,1,1,1,1107,fixed_cluster_primary
13,1,1,1,0.3048913043478261,561,1,0.24021739130434783,0.01,0,lotte_technology_search_100k_q411,1,0.9049128275168302,3,linucb_primary,1,1,1,1840,fixed_cluster_primary
13,1,1,1,0.11036789297658862,66,1,0.7274247491638797,0.01,0,lotte_technology_search_100k_q265,1,0.6007069104345769,3,hybrid_lite,1,1,1,598,fixed_cluster_primary
13,0,1,1,0.41363636363636364,637,3,0.5688311688311689,0.01,0,lotte_technology_search_100k_q510,1,0.6606646779346441,2,hybrid_lite,1,1,1,1540,fixed_cluster_primary
13,1,0,1,nan,0,0,nan,nan,0,lotte_technology_search_100k_q327,0,0.38385703853036035,2,full_dense_fallback,0,0,0,3285,fixed_cluster_primary
13,1,1,1,0.17052980132450332,206,1,0.554635761589404,0.01,1,lotte_technology_search_100k_q229,4,0.6173396732980581,3,hybrid_lite,1,1,1,1208,fixed_cluster_primary
13,1,1,1,0.08799048751486326,74,1,0.7859690844233056,0.01,0,lotte_technology_search_100k_q168,1,0.6126152606434386,3,hybrid_lite,1,1,1,841,fixed_cluster_primary
13,1,1,1,0.12054987663024322,342,1,0.3330983433204089,0.01,1,lotte_technology_search_100k_q326,2,0.6488111828173829,3,hybrid_lite,1,1,1,2837,fixed_cluster_primary
13,1,1,1,nan,0,0,nan,nan,0,lotte_technology_search_100k_q205,0,0.7848986072906714,3,linucb_primary,0,0,0,625,fixed_cluster_primary
13,1,1,1,0.3770949720670391,270,3,0.5223463687150838,0.01,0,lotte_technology_search_100k_q19,1,0.2880698981886918,3,full_dense_fallback,1,1,1,716,fixed_cluster_primary
13,1,1,1,0.21794871794871795,153,2,0.621082621082621,0.01,0,lotte_technology_search_100k_q167,1,0.7736048293304252,3,linucb_primary,1,1,1,702,fixed_cluster_primary
13,1,1,1,0.3713646532438479,332,1,0.5369127516778524,0.01,1,lotte_technology_search_100k_q52,2,0.7049642979591966,3,hybrid_lite,1,1,1,894,fixed_cluster_primary
13,1,1,1,0.07258514796203239,130,1,0.6661083193746511,0.01,1,lotte_technology_search_100k_q331,2,0.8517940744247984,3,linucb_primary,1,1,1,1791,fixed_cluster_primary
13,0,1,1,0.4972375690607735,450,5,0.5027624309392265,0.5,0,lotte_technology_search_100k_q20,1,0.8304480129275498,2,linucb_primary,1,1,1,905,fixed_cluster_primary
13,1,1,1,0.3624521072796935,473,2,0.4850574712643678,0.01,0,lotte_technology_search_100k_q212,1,0.6469754191095731,3,hybrid_lite,1,1,1,1305,fixed_cluster_primary
13,0,0,1,nan,0,0,nan,nan,0,lotte_technology_search_100k_q75,0,0.6809625520382507,1,hybrid_lite,0,0,0,467,fixed_cluster_primary
13,1,1,1,0.2178988326848249,168,1,0.6212710765239948,0.01,0,lotte_technology_search_100k_q190,1,0.8753140948441493,3,linucb_primary,1,1,1,771,fixed_cluster_primary
13,1,1,1,0.14554905782975958,224,1,0.7121507472384665,0.01,1,lotte_technology_search_100k_q437,9,0.9517426584454318,3,linucb_primary,1,1,1,1539,fixed_cluster_primary
13,1,1,1,0.09507195813344962,218,1,0.5782817269952027,0.01,1,lotte_technology_search_100k_q406,2,0.7659005735871538,3,linucb_primary,1,1,1,2293,fixed_cluster_primary
13,0,1,0,nan,0,0,nan,nan,0,lotte_technology_search_100k_q116,0,0.4019988561554955,1,full_dense_fallback,0,0,0,1266,fixed_cluster_primary
13,0,1,1,0.8822652757078987,2368,9,0.33345752608047685,0.67,0,lotte_technology_search_100k_q374,1,0.9597122046767199,2,linucb_primary,0,1,1,2684,fixed_cluster_primary
13,1,1,1,0.033818493150684935,79,1,0.401541095890411,0.01,1,lotte_technology_search_100k_q375,2,0.9910371057474535,3,linucb_primary,1,1,1,2336,fixed_cluster_primary
13,1,1,1,0.20418084589207583,420,1,0.529897909577054,0.01,0,lotte_technology_search_100k_q565,1,0.7979055290208116,3,linucb_primary,1,1,1,2057,fixed_cluster_primary
13,1,1,1,0.2312180889861415,317,2,0.4004376367614879,0.01,1,lotte_technology_search_100k_q10,2,0.7569594560058704,3,linucb_primary,1,1,1,1371,fixed_cluster_primary
13,1,1,1,0.1330150068212824,195,1,0.5511596180081855,0.01,1,lotte_technology_search_100k_q589,2,0.9881422438036125,3,linucb_primary,1,1,1,1466,fixed_cluster_primary
13,1,1,1,0.08326967150496563,109,1,0.572192513368984,0.01,1,lotte_technology_search_100k_q300,4,0.6066966659835316,3,hybrid_lite,1,1,1,1309,fixed_cluster_primary
13,1,1,1,0.0998162890385793,163,1,0.5958358848744642,0.01,1,lotte_technology_search_100k_q430,2,0.8281911295280563,3,linucb_primary,1,1,1,1633,fixed_cluster_primary
13,1,1,1,nan,0,0,nan,nan,0,lotte_technology_search_100k_q418,0,0.583737804252919,3,hybrid_lite,0,0,0,2106,fixed_cluster_primary
13,1,0,1,nan,0,0,nan,nan,0,lotte_technology_search_100k_q158,0,0.16342728627196385,2,full_dense_fallback,0,0,0,915,fixed_cluster_primary
13,1,1,1,0.38477580813347234,738,2,0.32794577685088633,0.01,1,lotte_technology_search_100k_q80,2,0.6249058774803345,3,hybrid_lite,1,1,1,1918,fixed_cluster_primary
13,1,1,1,0.03627311522048364,51,1,0.5803698435277382,0.01,0,lotte_technology_search_100k_q372,1,0.9508391317161572,3,linucb_primary,1,1,1,1406,fixed_cluster_primary
13,1,1,1,0.08211920529801324,248,1,0.6347682119205298,0.01,1,lotte_technology_search_100k_q347,6,0.7117788584844382,3,hybrid_lite,1,1,1,3020,fixed_cluster_primary
13,1,1,1,0.12060810810810811,357,1,0.6398648648648648,0.01,1,lotte_technology_search_100k_q204,2,0.8162999366402081,3,linucb_primary,1,1,1,2960,fixed_cluster_primary
13,1,1,1,0.41132075471698115,327,4,0.5886792452830188,0.01,0,lotte_technology_search_100k_q231,1,0.8926257683580615,3,linucb_primary,1,1,1,795,fixed_cluster_primary
13,0,1,1,nan,0,0,nan,nan,0,lotte_technology_search_100k_q119,0,0.7193026440445047,2,hybrid_lite,0,0,0,598,fixed_cluster_primary
13,1,1,1,0.023371104815864022,66,1,0.5531161473087819,0.01,1,lotte_technology_search_100k_q455,4,0.8124350520407644,3,linucb_primary,1,1,1,2824,fixed_cluster_primary
13,0,0,0,nan,0,0,nan,nan,0,lotte_technology_search_100k_q150,0,0.5523514016903903,0,hybrid_lite,0,0,0,993,fixed_cluster_primary
13,1,1,1,0.0809688581314879,234,1,0.7508650519031141,0.01,1,lotte_technology_search_100k_q569,3,0.7296302683743701,3,hybrid_lite,1,1,1,2890,fixed_cluster_primary
13,1,1,1,0.5660592255125285,497,5,0.4339407744874715,0.57,0,lotte_technology_search_100k_q221,1,0.394890634080757,3,full_dense_fallback,1,1,1,878,fixed_cluster_primary
13,1,1,1,0.06618531889290012,165,1,0.4199759326113117,0.01,1,lotte_technology_search_100k_q573,2,0.8886244341068541,3,linucb_primary,1,1,1,2493,fixed_cluster_primary
13,1,1,1,0.03387721238938053,245,1,0.9022400442477876,0.01,1,lotte_technology_search_100k_q429,5,0.9539738136628447,3,linucb_primary,1,1,1,7232,fixed_cluster_primary
13,0,1,1,0.5896510228640193,980,4,0.41034897713598073,0.01,0,lotte_technology_search_100k_q487,1,0.449677893432747,2,hybrid_lite,1,1,1,1662,fixed_cluster_primary
13,1,1,1,0.2839378238341969,274,2,0.3854922279792746,0.01,1,lotte_technology_search_100k_q243,2,0.6733616518765927,3,hybrid_lite,1,1,1,965,fixed_cluster_primary
13,1,1,1,0.5096322241681261,582,1,0.30122591943957966,0.01,0,lotte_technology_search_100k_q53,1,0.8901957951103566,3,linucb_primary,1,1,1,1142,fixed_cluster_primary
13,1,1,1,0.09278350515463918,135,1,0.465979381443299,0.01,1,lotte_technology_search_100k_q323,2,0.42459970505557715,3,full_dense_fallback,1,1,1,1455,fixed_cluster_primary
13,1,1,1,0.06886967263743052,223,1,0.5670166769610872,0.01,0,lotte_technology_search_100k_q391,1,0.9430363355275024,3,linucb_primary,1,1,1,3238,fixed_cluster_primary
13,1,1,1,0.06997742663656885,93,1,0.41234010534236265,0.01,1,lotte_technology_search_100k_q348,3,0.9904512718653322,3,linucb_primary,1,1,1,1329,fixed_cluster_primary
13,1,1,1,0.26822157434402333,276,1,0.5403304178814383,0.01,0,lotte_technology_search_100k_q432,1,0.27674924358725544,3,full_dense_fallback,1,1,1,1029,fixed_cluster_primary
13,1,1,1,0.7193426042983565,1707,5,0.2806573957016435,0.72,0,lotte_technology_search_100k_q71,1,0.9707020611339402,3,linucb_primary,1,1,1,2373,fixed_cluster_primary
13,1,1,1,0.1903133903133903,334,1,0.5162393162393162,0.01,1,lotte_technology_search_100k_q398,7,0.9556089023926546,3,linucb_primary,1,1,1,1755,fixed_cluster_primary
13,0,0,0,nan,0,0,nan,nan,0,lotte_technology_search_100k_q319,0,0.235734306510436,0,full_dense_fallback,0,0,0,1620,fixed_cluster_primary
13,1,1,1,nan,0,0,nan,nan,0,lotte_technology_search_100k_q182,0,0.7048843221849641,3,hybrid_lite,0,0,0,1042,fixed_cluster_primary
13,1,1,1,0.15517241379310345,180,1,0.6293103448275862,0.01,0,lotte_technology_search_100k_q25,1,0.5908398005153989,3,hybrid_lite,1,1,1,1160,fixed_cluster_primary
13,1,1,1,0.6965589155370178,668,6,0.30344108446298224,0.7,0,lotte_technology_search_100k_q14,1,0.6225708646462669,3,hybrid_lite,1,1,1,959,fixed_cluster_primary
13,1,1,1,0.3286384976525822,210,3,0.622848200312989,0.01,1,lotte_technology_search_100k_q370,3,0.8259326828661083,3,linucb_primary,1,1,1,639,fixed_cluster_primary
13,1,1,1,0.04105011933174224,86,1,0.6186157517899762,0.01,1,lotte_technology_search_100k_q449,3,0.9473462655475271,3,linucb_primary,1,1,1,2095,fixed_cluster_primary
13,1,1,1,0.5093525179856115,708,2,0.3705035971223022,0.01,1,lotte_technology_search_100k_q39,2,0.7970893163758291,3,linucb_primary,1,1,1,1390,fixed_cluster_primary
13,1,1,1,0.12003117692907249,154,3,0.4325798908807482,0.01,0,lotte_technology_search_100k_q165,1,0.8679977094801857,3,linucb_primary,1,1,1,1283,fixed_cluster_primary
13,1,1,1,0.10338050314465409,263,1,0.6202830188679245,0.01,1,lotte_technology_search_100k_q350,6,0.8223630455206374,3,linucb_primary,1,1,1,2544,fixed_cluster_primary
13,1,0,1,nan,0,0,nan,nan,0,lotte_technology_search_100k_q156,0,0.444861784867541,2,hybrid_lite,0,0,0,1508,fixed_cluster_primary
13,1,1,1,0.50293542074364,771,3,0.406392694063927,0.01,0,lotte_technology_search_100k_q567,1,0.5120403230082322,3,hybrid_lite,1,1,1,1533,fixed_cluster_primary
13,1,0,1,nan,0,0,nan,nan,0,lotte_technology_search_100k_q468,0,0.4898629993598227,2,hybrid_lite,0,0,0,1332,fixed_cluster_primary
13,1,1,1,0.3879573170731707,509,1,0.49466463414634143,0.01,1,lotte_technology_search_100k_q524,2,0.5168116659833479,3,hybrid_lite,1,1,1,1312,fixed_cluster_primary
13,1,1,1,0.44,561,3,0.38431372549019605,0.01,1,lotte_technology_search_100k_q187,2,0.4806890108501839,3,hybrid_lite,1,1,1,1275,fixed_cluster_primary
13,1,1,1,0.13904982618771727,120,1,0.694090382387022,0.01,0,lotte_technology_search_100k_q486,1,0.4512974572850058,3,hybrid_lite,1,1,1,863,fixed_cluster_primary
13,0,1,1,1.0,1039,10,0.26756496631376325,0.74,0,lotte_technology_search_100k_q68,1,0.8360217214558129,2,linucb_primary,1,1,1,1039,fixed_cluster_primary
13,1,1,1,0.2350597609561753,118,1,0.5717131474103585,0.01,0,lotte_technology_search_100k_q86,1,0.7128971886501004,3,hybrid_lite,1,1,1,502,fixed_cluster_primary
13,1,1,1,0.8,560,8,0.19999999999999996,0.8,0,lotte_technology_search_100k_q118,1,0.8511133389895534,3,linucb_primary,1,1,1,700,fixed_cluster_primary
13,1,1,1,0.13767019667170954,182,1,0.6036308623298033,0.01,0,lotte_technology_search_100k_q133,1,0.5895648247723939,3,hybrid_lite,1,1,1,1322,fixed_cluster_primary
13,1,0,1,nan,0,0,nan,nan,0,lotte_technology_search_100k_q587,0,0.22377106044673836,2,full_dense_fallback,0,0,0,1544,fixed_cluster_primary
13,1,1,1,0.2448733413751508,406,1,0.6115802171290712,0.01,0,lotte_technology_search_100k_q550,1,0.7261487517542374,3,hybrid_lite,1,1,1,1658,fixed_cluster_primary
13,0,0,0,nan,0,0,nan,nan,0,lotte_technology_search_100k_q149,0,0.5087308583106244,0,hybrid_lite,0,0,0,1009,fixed_cluster_primary
13,1,1,1,0.05167394468704512,142,1,0.814410480349345,0.01,1,lotte_technology_search_100k_q571,2,0.828311777068755,3,linucb_primary,1,1,1,2748,fixed_cluster_primary
13,0,1,1,0.5334394904458599,670,4,0.4665605095541401,0.01,0,lotte_technology_search_100k_q481,1,0.9927162879848865,2,linucb_primary,1,1,1,1256,fixed_cluster_primary
13,1,0,1,nan,0,0,nan,nan,0,lotte_technology_search_100k_q299,0,0.3225183913758471,2,full_dense_fallback,0,0,0,2225,fixed_cluster_primary
13,1,1,1,0.050454921422663356,61,1,0.7344913151364765,0.01,0,lotte_technology_search_100k_q255,1,0.42184584756765053,3,full_dense_fallback,1,1,1,1209,fixed_cluster_primary
13,1,0,1,nan,0,0,nan,nan,0,lotte_technology_search_100k_q393,0,0.6961232863849274,2,hybrid_lite,0,0,0,1699,fixed_cluster_primary
13,1,1,1,0.14939172749391727,307,1,0.4384428223844282,0.01,1,lotte_technology_search_100k_q530,4,0.7045719625435839,3,hybrid_lite,1,1,1,2055,fixed_cluster_primary
13,1,1,1,0.06414825374198146,90,1,0.4597291518175338,0.01,1,lotte_technology_search_100k_q349,2,0.9702449253302385,3,linucb_primary,1,1,1,1403,fixed_cluster_primary
13,0,1,1,nan,0,0,nan,nan,0,lotte_technology_search_100k_q56,0,0.8400612504173447,2,linucb_primary,0,0,0,1046,fixed_cluster_primary
13,1,1,1,0.5921461897356143,1523,1,0.26982892690513216,0.01,0,lotte_technology_search_100k_q532,1,0.8018928045786885,3,linucb_primary,1,1,1,2572,fixed_cluster_primary
13,1,1,1,0.0959257349149046,186,1,0.44043321299638993,0.01,1,lotte_technology_search_100k_q351,3,0.8876831746311804,3,linucb_primary,1,1,1,1939,fixed_cluster_primary
13,1,1,1,0.0637907296925195,139,1,0.6994033960532354,0.01,1,lotte_technology_search_100k_q586,5,0.824027221870939,3,linucb_primary,1,1,1,2179,fixed_cluster_primary
13,1,1,1,0.11737570476678626,229,1,0.4197847257816504,0.01,1,lotte_technology_search_100k_q540,3,0.9528357497960024,3,linucb_primary,1,1,1,1951,fixed_cluster_primary
13,1,1,1,0.016458569807037457,29,1,0.6952326901248581,0.01,1,lotte_technology_search_100k_q515,5,0.9730229451867286,3,linucb_primary,1,1,1,1762,fixed_cluster_primary
13,0,1,1,0.20708955223880596,111,1,0.42910447761194026,0.01,0,lotte_technology_search_100k_q223,1,0.9704802794155217,2,linucb_primary,1,1,1,536,fixed_cluster_primary
13,1,1,1,0.15873015873015872,90,1,0.47266313932980597,0.01,0,lotte_technology_search_100k_q228,1,0.31243297188769686,3,full_dense_fallback,1,1,1,567,fixed_cluster_primary
13,0,1,1,0.48175182481751827,462,4,0.5182481751824817,0.01,0,lotte_technology_search_100k_q30,1,0.4782688620836425,2,hybrid_lite,1,1,1,959,fixed_cluster_primary
13,1,1,1,0.0797872340425532,135,1,0.3416075650118203,0.01,1,lotte_technology_search_100k_q548,2,0.9654732110957772,3,linucb_primary,1,1,1,1692,fixed_cluster_primary
13,1,1,1,0.08899456521739131,131,1,0.5197010869565217,0.01,1,lotte_technology_search_100k_q365,3,0.933712179475078,3,linucb_primary,1,1,1,1472,fixed_cluster_primary
13,1,1,1,0.028384279475982533,26,1,0.7139737991266375,0.01,0,lotte_technology_search_100k_q145,1,0.4910357961562446,3,hybrid_lite,1,1,1,916,fixed_cluster_primary
13,1,1,1,0.03290183387270766,61,1,0.6181229773462783,0.01,1,lotte_technology_search_100k_q341,3,0.9786502772045262,3,linucb_primary,1,1,1,1854,fixed_cluster_primary
13,1,0,1,nan,0,0,nan,nan,0,lotte_technology_search_100k_q248,0,0.3600652207651884,2,full_dense_fallback,0,0,0,928,fixed_cluster_primary
13,1,1,1,0.13897280966767372,230,2,0.615105740181269,0.01,0,lotte_technology_search_100k_q484,1,0.9675817633905903,3,linucb_primary,1,1,1,1655,fixed_cluster_primary
13,1,1,1,0.12399540757749714,108,1,0.6188289322617682,0.01,0,lotte_technology_search_100k_q239,1,0.9011592828034836,3,linucb_primary,1,1,1,871,fixed_cluster_primary
13,1,1,1,0.17660550458715596,77,1,0.6536697247706422,0.01,0,lotte_technology_search_100k_q385,1,0.4866753382811222,3,hybrid_lite,1,1,1,436,fixed_cluster_primary
13,1,1,1,0.03325526932084309,71,1,0.6224824355971896,0.01,1,lotte_technology_search_100k_q380,3,0.6808638243841404,3,hybrid_lite,1,1,1,2135,fixed_cluster_primary
13,1,0,1,nan,0,0,nan,nan,0,lotte_technology_search_100k_q518,0,0.5221462350919688,2,hybrid_lite,0,0,0,1058,fixed_cluster_primary
13,1,1,1,0.16527777777777777,119,1,0.6402777777777777,0.01,1,lotte_technology_search_100k_q277,2,0.4768483021977464,3,hybrid_lite,1,1,1,720,fixed_cluster_primary
13,1,0,0,nan,0,0,nan,nan,0,lotte_technology_search_100k_q134,0,0.7247926601231769,1,hybrid_lite,0,0,0,567,fixed_cluster_primary
13,1,0,1,nan,0,0,nan,nan,0,lotte_technology_search_100k_q59,0,0.2872669189534081,2,full_dense_fallback,0,0,0,652,fixed_cluster_primary
13,1,1,1,0.31145149525893506,427,1,0.3143690736688548,0.01,1,lotte_technology_search_100k_q128,2,0.684630763862264,3,hybrid_lite,1,1,1,1371,fixed_cluster_primary
13,0,1,1,nan,0,0,nan,nan,0,lotte_technology_search_100k_q38,0,0.8272826960292207,2,linucb_primary,0,0,0,1881,fixed_cluster_primary
13,1,1,1,0.4409820585457979,467,4,0.559017941454202,0.01,1,lotte_technology_search_100k_q388,3,0.7077724550009987,3,hybrid_lite,1,1,1,1059,fixed_cluster_primary
13,1,1,1,0.2878903274942879,378,2,0.33815689261233817,0.01,0,lotte_technology_search_100k_q123,1,0.8475730534568716,3,linucb_primary,1,1,1,1313,fixed_cluster_primary
13,1,1,1,0.6517036235803136,1205,5,0.34829637641968636,0.66,0,lotte_technology_search_100k_q67,1,0.8993706925338362,3,linucb_primary,1,1,1,1849,fixed_cluster_primary
13,1,1,1,0.5697061039939714,756,5,0.43029389600602863,0.57,0,lotte_technology_search_100k_q15,1,0.6506887409496895,3,hybrid_lite,1,1,1,1327,fixed_cluster_primary
13,1,1,1,0.10476190476190476,220,1,0.6780952380952381,0.01,1,lotte_technology_search_100k_q531,3,0.9454406001561504,3,linucb_primary,1,1,1,2100,fixed_cluster_primary
13,1,1,1,0.06274768824306473,95,1,0.41677675033025097,0.01,1,lotte_technology_search_100k_q512,3,0.6222974257459849,3,hybrid_lite,1,1,1,1514,fixed_cluster_primary
13,1,1,1,0.045422781271837874,65,1,0.6058700209643606,0.01,0,lotte_technology_search_100k_q192,1,0.8060757885036918,3,linucb_primary,1,1,1,1431,fixed_cluster_primary
13,1,1,1,0.19167803547066847,281,3,0.4822646657571623,0.01,1,lotte_technology_search_100k_q549,5,0.9809068203034239,3,linucb_primary,1,1,1,1466,fixed_cluster_primary
13,1,1,1,0.07785467128027682,135,1,0.29296424452133796,0.01,1,lotte_technology_search_100k_q554,2,0.9689962500533881,3,linucb_primary,1,1,1,1734,fixed_cluster_primary
13,0,1,1,0.4581196581196581,268,2,0.46153846153846156,0.01,0,lotte_technology_search_100k_q217,1,0.974981999844743,2,linucb_primary,1,1,1,585,fixed_cluster_primary
13,1,1,1,nan,0,0,nan,nan,0,lotte_technology_search_100k_q195,0,0.564987132182033,3,hybrid_lite,0,0,0,854,fixed_cluster_primary
13,1,1,1,0.08090258668134287,147,1,0.554210236653825,0.01,1,lotte_technology_search_100k_q438,10,0.9594027724409564,3,linucb_primary,1,1,1,1817,fixed_cluster_primary
13,1,1,1,0.05440613026819923,142,1,0.8199233716475096,0.01,1,lotte_technology_search_100k_q555,2,0.7805912731164716,3,linucb_primary,1,1,1,2610,fixed_cluster_primary
13,1,0,1,nan,0,0,nan,nan,0,lotte_technology_search_100k_q247,0,0.3582947342884274,2,full_dense_fallback,0,0,0,744,fixed_cluster_primary
13,1,1,1,0.23072177668106109,374,1,0.4491054904380012,0.01,1,lotte_technology_search_100k_q330,3,0.8713671606421556,3,linucb_primary,1,1,1,1621,fixed_cluster_primary
13,1,1,1,0.19888734353268428,143,1,0.7496522948539639,0.01,0,lotte_technology_search_100k_q381,1,0.5898329334711827,3,hybrid_lite,1,1,1,719,fixed_cluster_primary
13,1,0,1,nan,0,0,nan,nan,0,lotte_technology_search_100k_q157,0,0.27772693117886793,2,full_dense_fallback,0,0,0,901,fixed_cluster_primary
13,0,1,1,0.7908496732026143,605,7,0.34901960784313724,0.66,0,lotte_technology_search_100k_q130,1,0.9562347989553978,2,linucb_primary,1,1,1,765,fixed_cluster_primary
13,1,1,1,0.8036971830985915,913,8,0.6716549295774648,0.33,0,lotte_technology_search_100k_q54,1,0.6999293112784233,3,hybrid_lite,1,1,1,1136,fixed_cluster_primary
13,1,1,1,0.035634743875278395,64,1,0.7360801781737194,0.01,1,lotte_technology_search_100k_q541,4,0.770951117948012,3,linucb_primary,1,1,1,1796,fixed_cluster_primary
13,1,1,1,0.11560693641618497,220,1,0.5701523909616395,0.01,0,lotte_technology_search_100k_q488,1,0.9671452614904472,3,linucb_primary,1,1,1,1903,fixed_cluster_primary
13,1,1,1,0.2,241,2,0.6414937759336099,0.01,1,lotte_technology_search_100k_q352,2,0.919187034221632,3,linucb_primary,1,1,1,1205,fixed_cluster_primary
13,1,1,1,0.20593368237347295,118,1,0.5968586387434556,0.01,0,lotte_technology_search_100k_q85,1,0.3814434631069508,3,full_dense_fallback,1,1,1,573,fixed_cluster_primary
13,1,1,1,0.12476370510396975,198,1,0.720226843100189,0.01,0,lotte_technology_search_100k_q576,1,0.9059407571342338,3,linucb_primary,1,1,1,1587,fixed_cluster_primary
13,1,1,1,0.5369774919614148,835,6,0.5659163987138264,0.44,0,lotte_technology_search_100k_q389,1,0.5018623896898102,3,hybrid_lite,1,1,1,1555,fixed_cluster_primary
13,1,1,1,0.023554603854389723,66,1,0.5663811563169165,0.01,1,lotte_technology_search_100k_q394,4,0.9728621396469813,3,linucb_primary,1,1,1,2802,fixed_cluster_primary
13,1,1,1,0.3600493218249075,292,3,0.4500616522811344,0.01,0,lotte_technology_search_100k_q238,1,0.6833241923464554,3,hybrid_lite,1,1,1,811,fixed_cluster_primary
13,0,1,1,nan,0,0,nan,nan,0,lotte_technology_search_100k_q184,0,0.739559985985944,2,hybrid_lite,0,0,0,745,fixed_cluster_primary
13,1,1,1,0.10613207547169812,270,1,0.5058962264150944,0.01,1,lotte_technology_search_100k_q514,2,0.973029932220562,3,linucb_primary,1,1,1,2544,fixed_cluster_primary
13,1,1,1,0.030257186081694403,100,1,0.3071104387291982,0.01,1,lotte_technology_search_100k_q289,7,0.807824079219088,3,linucb_primary,1,1,1,3305,fixed_cluster_primary
13,1,1,1,0.07463823305407463,98,1,0.7029702970297029,0.01,1,lotte_technology_search_100k_q461,2,0.9448629071452022,3,linucb_primary,1,1,1,1313,fixed_cluster_primary
13,1,1,1,0.060408163265306125,74,1,0.27265306122448985,0.01,1,lotte_technology_search_100k_q274,2,0.9439846568099309,3,linucb_primary,1,1,1,1225,fixed_cluster_primary
13,1,1,1,0.347678369195923,307,2,0.5526613816534541,0.01,0,lotte_technology_search_100k_q521,1,0.8671190783898164,3,linucb_primary,1,1,1,883,fixed_cluster_primary
13,1,1,1,nan,0,0,nan,nan,0,lotte_technology_search_100k_q33,0,0.9476312860010829,3,linucb_primary,0,0,0,1111,fixed_cluster_primary
13,1,1,1,0.16560509554140126,104,1,0.49044585987261147,0.01,0,lotte_technology_search_100k_q451,1,0.9600070536994315,3,linucb_primary,1,1,1,628,fixed_cluster_primary
13,1,1,1,1.0,827,10,0.0,1.0,0,lotte_technology_search_100k_q181,1,0.7989581427487823,3,linucb_primary,0,0,1,827,fixed_cluster_primary
13,1,1,1,nan,0,0,nan,nan,0,lotte_technology_search_100k_q36,0,0.9689829454096958,3,linucb_primary,0,0,0,1456,fixed_cluster_primary
13,1,1,1,0.09428359317000742,254,1,0.5296956198960654,0.01,1,lotte_technology_search_100k_q471,5,0.8467092357631936,3,linucb_primary,1,1,1,2694,fixed_cluster_primary
13,1,1,1,0.17055393586005832,351,1,0.6938775510204082,0.01,0,lotte_technology_search_100k_q124,1,0.8253354799400933,3,linucb_primary,1,1,1,2058,fixed_cluster_primary
13,0,1,1,0.6663078579117331,1238,5,0.3928955866523143,0.61,1,lotte_technology_search_100k_q364,2,0.9334143215257709,2,linucb_primary,1,1,1,1858,fixed_cluster_primary
13,1,1,1,0.6567248171074845,1167,7,0.5768148564997186,0.43,1,lotte_technology_search_100k_q520,2,0.7624233684319187,3,linucb_primary,1,1,1,1777,fixed_cluster_primary
13,0,1,1,nan,0,0,nan,nan,0,lotte_technology_search_100k_q92,0,0.6973208038426383,2,hybrid_lite,0,0,0,1320,fixed_cluster_primary
13,1,1,1,0.39987445072190836,637,4,0.6001255492780917,0.01,1,lotte_technology_search_100k_q108,5,0.9079855215781713,3,linucb_primary,1,1,1,1593,fixed_cluster_primary
13,1,0,0,nan,0,0,nan,nan,0,lotte_technology_search_100k_q282,0,0.7459492945399248,1,linucb_primary,0,0,0,1578,fixed_cluster_primary
13,1,1,1,0.1125390760680792,324,1,0.66099340048628,0.01,0,lotte_technology_search_100k_q410,1,0.6703924064799845,3,hybrid_lite,1,1,1,2879,fixed_cluster_primary
13,1,0,1,nan,0,0,nan,nan,0,lotte_technology_search_100k_q401,0,0.7792911685847174,2,linucb_primary,0,0,0,1627,fixed_cluster_primary
13,1,1,1,nan,0,0,nan,nan,0,lotte_technology_search_100k_q505,0,0.5436518295499544,3,hybrid_lite,0,0,0,1351,fixed_cluster_primary
13,1,0,1,nan,0,0,nan,nan,0,lotte_technology_search_100k_q490,0,0.4248035213829224,2,full_dense_fallback,0,0,0,1595,fixed_cluster_primary
13,1,1,1,0.09047619047619047,95,1,0.7238095238095238,0.01,0,lotte_technology_search_100k_q224,1,0.5679614247987084,3,hybrid_lite,1,1,1,1050,fixed_cluster_primary
13,1,1,1,0.20594059405940593,312,1,0.5405940594059406,0.01,0,lotte_technology_search_100k_q61,1,0.9092819809635861,3,linucb_primary,1,1,1,1515,fixed_cluster_primary
13,1,1,1,nan,0,0,nan,nan,0,lotte_technology_search_100k_q169,0,0.9227186144558974,3,linucb_primary,0,0,0,1056,fixed_cluster_primary
13,0,0,0,nan,0,0,nan,nan,0,lotte_technology_search_100k_q137,0,0.38036832731202247,0,full_dense_fallback,0,0,0,737,fixed_cluster_primary
13,0,1,1,0.25601374570446733,298,2,0.5403780068728523,0.01,0,lotte_technology_search_100k_q144,1,0.5010802454937565,2,hybrid_lite,1,1,1,1164,fixed_cluster_primary
13,1,1,1,0.1685878962536023,234,1,0.717579250720461,0.01,0,lotte_technology_search_100k_q199,1,0.500196303321602,3,hybrid_lite,1,1,1,1388,fixed_cluster_primary
13,1,1,1,0.15655430711610488,209,1,0.553558052434457,0.01,1,lotte_technology_search_100k_q371,2,0.8441746689814265,3,linucb_primary,1,1,1,1335,fixed_cluster_primary
13,1,1,1,0.039147040101845956,123,1,0.6053469127943985,0.01,1,lotte_technology_search_100k_q153,3,0.8974614409527749,3,linucb_primary,1,1,1,3142,fixed_cluster_primary
13,1,1,1,0.5130228887134964,650,4,0.48697711128650356,0.01,0,lotte_technology_search_100k_q233,1,0.6293736600488496,3,hybrid_lite,1,1,1,1267,fixed_cluster_primary
13,1,1,1,0.17618586640851888,182,1,0.37560503388189737,0.01,1,lotte_technology_search_100k_q232,2,0.8159522377841858,3,linucb_primary,1,1,1,1033,fixed_cluster_primary
13,1,1,1,0.910873440285205,1022,9,0.5401069518716577,0.46,1,lotte_technology_search_100k_q563,2,0.886912220424533,3,linucb_primary,0,1,1,1122,fixed_cluster_primary
13,1,1,1,0.034467120181405894,76,1,0.49433106575963714,0.01,1,lotte_technology_search_100k_q408,6,0.8657992321550086,3,linucb_primary,1,1,1,2205,fixed_cluster_primary
13,0,0,0,nan,0,0,nan,nan,0,lotte_technology_search_100k_q74,0,0.3018835715949535,0,full_dense_fallback,0,0,0,563,fixed_cluster_primary
13,1,1,1,0.28725701943844495,532,1,0.5842332613390928,0.01,0,lotte_technology_search_100k_q201,1,0.7888588810087327,3,linucb_primary,1,1,1,1852,fixed_cluster_primary
13,1,1,1,0.29057187017001546,376,1,0.4775888717156105,0.01,0,lotte_technology_search_100k_q478,1,0.7558129494954615,3,linucb_primary,1,1,1,1294,fixed_cluster_primary
13,0,1,1,nan,0,0,nan,nan,0,lotte_technology_search_100k_q176,0,0.5697971187641246,2,hybrid_lite,0,0,0,671,fixed_cluster_primary
13,1,1,1,0.23983739837398374,295,1,0.5959349593495935,0.01,1,lotte_technology_search_100k_q297,2,0.8422149663956743,3,linucb_primary,1,1,1,1230,fixed_cluster_primary
13,1,1,1,0.1135593220338983,335,1,0.4735593220338983,0.01,0,lotte_technology_search_100k_q458,1,0.9460036388365116,3,linucb_primary,1,1,1,2950,fixed_cluster_primary
13,1,1,1,0.2050561797752809,292,3,0.7134831460674158,0.01,0,lotte_technology_search_100k_q241,1,0.6395359397920846,3,hybrid_lite,1,1,1,1424,fixed_cluster_primary
13,1,1,1,0.16957605985037408,136,1,0.7119700748129676,0.01,1,lotte_technology_search_100k_q272,2,0.45680724106633663,3,hybrid_lite,1,1,1,802,fixed_cluster_primary
13,1,1,1,0.34345794392523366,441,1,0.3247663551401869,0.01,1,lotte_technology_search_100k_q344,5,0.9497761011902192,3,linucb_primary,1,1,1,1284,fixed_cluster_primary
13,1,1,1,0.17202889034799737,262,1,0.5535128036769534,0.01,1,lotte_technology_search_100k_q94,3,0.8075131224666453,3,linucb_primary,1,1,1,1523,fixed_cluster_primary
13,1,1,1,0.2679769894534995,559,1,0.40508149568552254,0.01,0,lotte_technology_search_100k_q198,1,0.3629866273618229,3,full_dense_fallback,1,1,1,2086,fixed_cluster_primary
13,1,1,1,0.11752044769694361,273,1,0.6190271201033146,0.01,0,lotte_technology_search_100k_q564,1,1.0,3,linucb_primary,1,1,1,2323,fixed_cluster_primary
13,1,1,1,0.0375462718138551,142,1,0.7371760973030143,0.01,1,lotte_technology_search_100k_q464,5,0.8775195912818574,3,linucb_primary,1,1,1,3782,fixed_cluster_primary
13,1,1,1,0.06544293695131684,82,1,0.6695929768555466,0.01,1,lotte_technology_search_100k_q407,2,0.9614523747979062,3,linucb_primary,1,1,1,1253,fixed_cluster_primary
13,1,1,1,0.16019818331957061,194,1,0.5540875309661437,0.01,0,lotte_technology_search_100k_q399,1,0.9088369855798173,3,linucb_primary,1,1,1,1211,fixed_cluster_primary
13,1,1,1,0.09203980099502487,74,1,0.6654228855721394,0.01,0,lotte_technology_search_100k_q270,1,0.930040115297185,3,linucb_primary,1,1,1,804,fixed_cluster_primary
13,1,1,1,0.14473684210526316,209,4,0.8552631578947368,0.01,1,lotte_technology_search_100k_q310,2,0.8713720819463963,3,linucb_primary,1,1,1,1444,fixed_cluster_primary
13,1,1,1,0.25244393329499715,439,1,0.3686026451983899,0.01,1,lotte_technology_search_100k_q579,2,0.30397212323394596,3,full_dense_fallback,1,1,1,1739,fixed_cluster_primary
13,1,1,1,0.07371134020618557,143,1,0.39020618556701026,0.01,0,lotte_technology_search_100k_q472,1,0.7094001987958292,3,hybrid_lite,1,1,1,1940,fixed_cluster_primary
13,1,1,1,0.20226308345120225,429,1,0.32296086751532294,0.01,1,lotte_technology_search_100k_q387,3,0.9733280950672891,3,linucb_primary,1,1,1,2121,fixed_cluster_primary
13,1,1,1,0.03961267605633803,45,1,0.7561619718309859,0.01,0,lotte_technology_search_100k_q215,1,0.5494496387819124,3,hybrid_lite,1,1,1,1136,fixed_cluster_primary
13,1,1,1,0.594789356984479,1073,8,0.405210643015521,0.6,0,lotte_technology_search_100k_q104,1,0.7627790825569856,3,linucb_primary,1,1,1,1804,fixed_cluster_primary
13,1,1,1,0.14042553191489363,198,1,0.6042553191489362,0.01,1,lotte_technology_search_100k_q357,2,0.7533678153820086,3,linucb_primary,1,1,1,1410,fixed_cluster_primary
13,1,1,1,0.04064587973273942,73,1,0.7399777282850779,0.01,1,lotte_technology_search_100k_q414,7,0.9457176480264282,3,linucb_primary,1,1,1,1796,fixed_cluster_primary
13,1,1,1,0.376846117198666,791,1,0.35302525011910435,0.01,0,lotte_technology_search_100k_q279,1,0.46037940217165635,3,hybrid_lite,1,1,1,2099,fixed_cluster_primary
13,1,0,1,nan,0,0,nan,nan,0,lotte_technology_search_100k_q494,0,0.5012088497133221,2,hybrid_lite,0,0,0,1751,fixed_cluster_primary
13,1,1,1,0.1721189591078067,463,2,0.32081784386617096,0.01,0,lotte_technology_search_100k_q584,1,0.6063134482229593,3,hybrid_lite,1,1,1,2690,fixed_cluster_primary
13,1,1,1,0.09748892171344166,66,1,0.7282127031019202,0.01,1,lotte_technology_search_100k_q209,3,0.5025197912344389,3,hybrid_lite,1,1,1,677,fixed_cluster_primary
13,1,1,1,0.13474240422721268,102,1,0.5495376486129459,0.01,0,lotte_technology_search_100k_q24,1,0.6678656454847162,3,hybrid_lite,1,1,1,757,fixed_cluster_primary
13,1,1,1,0.1671677690920024,278,1,0.44858689116055317,0.01,0,lotte_technology_search_100k_q256,1,0.9735831461481002,3,linucb_primary,1,1,1,1663,fixed_cluster_primary
13,1,1,1,0.06070941336971351,89,1,0.7837653478854024,0.01,1,lotte_technology_search_100k_q553,4,0.8198469808464878,3,linucb_primary,1,1,1,1466,fixed_cluster_primary
13,1,1,1,0.05078720162519045,100,1,0.5043169121381412,0.01,1,lotte_technology_search_100k_q106,2,0.39078327243659705,3,full_dense_fallback,1,1,1,1969,fixed_cluster_primary
13,1,1,1,0.10488958990536278,133,1,0.2862776025236593,0.01,1,lotte_technology_search_100k_q543,2,0.8592248430374145,3,linucb_primary,1,1,1,1268,fixed_cluster_primary
13,1,1,1,0.08881578947368421,135,1,0.475,0.01,1,lotte_technology_search_100k_q556,2,0.8920521768639256,3,linucb_primary,1,1,1,1520,fixed_cluster_primary
13,1,1,1,0.10775427995971802,107,1,0.49446122860020136,0.01,0,lotte_technology_search_100k_q211,1,0.6013344322434765,3,hybrid_lite,1,1,1,993,fixed_cluster_primary
13,1,1,1,0.05082872928176796,46,1,0.616574585635359,0.01,1,lotte_technology_search_100k_q88,2,0.9364716807284391,3,linucb_primary,1,1,1,905,fixed_cluster_primary
13,1,1,1,0.040157998683344305,61,1,0.5339038841342989,0.01,1,lotte_technology_search_100k_q340,3,0.9612077774613734,3,linucb_primary,1,1,1,1519,fixed_cluster_primary
13,0,1,0,nan,0,0,nan,nan,0,lotte_technology_search_100k_q276,0,0.444536850660775,1,hybrid_lite,0,0,0,880,fixed_cluster_primary
13,1,1,1,0.41464928615766605,668,3,0.5499689633767846,0.01,1,lotte_technology_search_100k_q386,3,0.6960865172454196,3,hybrid_lite,1,1,1,1611,fixed_cluster_primary
13,0,0,1,nan,0,0,nan,nan,0,lotte_technology_search_100k_q27,0,0.4624763577818796,1,hybrid_lite,0,0,0,934,fixed_cluster_primary
13,1,1,1,0.1516497461928934,239,2,0.5818527918781726,0.01,1,lotte_technology_search_100k_q109,4,0.7953491731896307,3,linucb_primary,1,1,1,1576,fixed_cluster_primary
13,1,1,1,0.11870845204178537,250,1,0.43257359924026595,0.01,1,lotte_technology_search_100k_q504,3,0.7282549525847938,3,hybrid_lite,1,1,1,2106,fixed_cluster_primary
13,1,1,1,0.507081038552321,1289,2,0.3347757671125098,0.01,0,lotte_technology_search_100k_q305,1,0.9327789714846924,3,linucb_primary,1,1,1,2542,fixed_cluster_primary
13,1,1,1,0.3241525423728814,612,1,0.5005296610169492,0.01,0,lotte_technology_search_100k_q315,1,0.5942137992266724,3,hybrid_lite,1,1,1,1888,fixed_cluster_primary
13,1,0,1,nan,0,0,nan,nan,0,lotte_technology_search_100k_q435,0,0.6363674519476744,2,hybrid_lite,0,0,0,1402,fixed_cluster_primary
13,1,1,1,0.16857798165137614,147,1,0.6410550458715596,0.01,0,lotte_technology_search_100k_q135,1,0.7119061712303809,3,hybrid_lite,1,1,1,872,fixed_cluster_primary
13,1,1,1,0.08986615678776291,94,1,0.5678776290630976,0.01,1,lotte_technology_search_100k_q509,2,0.46814966183670503,3,hybrid_lite,1,1,1,1046,fixed_cluster_primary
13,1,1,1,0.2617765814266487,1167,1,0.5812023328847016,0.01,1,lotte_technology_search_100k_q288,8,0.8412224393794875,3,linucb_primary,1,1,1,4458,fixed_cluster_primary
13,1,1,1,0.23897058823529413,260,1,0.4834558823529411,0.01,1,lotte_technology_search_100k_q42,2,0.9592183782281922,3,linucb_primary,1,1,1,1088,fixed_cluster_primary
13,1,1,1,nan,0,0,nan,nan,0,lotte_technology_search_100k_q254,0,0.972595336235893,3,linucb_primary,0,0,0,1769,fixed_cluster_primary
13,1,1,1,0.14663143989431968,111,1,0.49669749009247033,0.01,1,lotte_technology_search_100k_q281,5,0.8247066285005936,3,linucb_primary,1,1,1,757,fixed_cluster_primary
13,1,1,1,0.09869281045751634,151,1,0.6483660130718953,0.01,1,lotte_technology_search_100k_q562,2,0.9613390089297503,3,linucb_primary,1,1,1,1530,fixed_cluster_primary
13,1,1,1,0.4132334581772784,331,1,0.28464419475655434,0.01,0,lotte_technology_search_100k_q534,1,0.5551054857376451,3,hybrid_lite,1,1,1,801,fixed_cluster_primary
13,1,1,1,0.19128113879003558,215,1,0.6494661921708185,0.01,0,lotte_technology_search_100k_q120,1,0.871256574835994,3,linucb_primary,1,1,1,1124,fixed_cluster_primary
13,1,1,1,0.24459016393442623,373,1,0.4727868852459016,0.01,1,lotte_technology_search_100k_q65,2,0.6875286355065804,3,hybrid_lite,1,1,1,1525,fixed_cluster_primary
13,1,0,1,nan,0,0,nan,nan,0,lotte_technology_search_100k_q302,0,0.2889815479607973,2,full_dense_fallback,0,0,0,828,fixed_cluster_primary
13,1,1,1,0.23938879456706283,141,2,0.47198641765704585,0.01,0,lotte_technology_search_100k_q222,1,0.4633957874015406,3,hybrid_lite,1,1,1,589,fixed_cluster_primary
13,1,1,1,0.11465271170313987,241,1,0.7136060894386298,0.01,1,lotte_technology_search_100k_q267,2,0.716156611668914,3,hybrid_lite,1,1,1,2102,fixed_cluster_primary
13,1,1,1,0.14154317833418498,277,1,0.2902401635155851,0.01,1,lotte_technology_search_100k_q82,2,0.6807437460005542,3,hybrid_lite,1,1,1,1957,fixed_cluster_primary
13,0,1,1,0.7314121037463976,1269,8,0.43342939481268017,0.57,0,lotte_technology_search_100k_q547,1,0.6841958772932991,2,hybrid_lite,1,1,1,1735,fixed_cluster_primary
13,1,1,1,0.1978021978021978,342,1,0.5182186234817814,0.01,1,lotte_technology_search_100k_q413,3,0.8538632658999297,3,linucb_primary,1,1,1,1729,fixed_cluster_primary
13,1,1,1,0.10662824207492795,111,1,0.425552353506244,0.01,0,lotte_technology_search_100k_q164,1,0.9656504233667347,3,linucb_primary,1,1,1,1041,fixed_cluster_primary
13,1,1,1,0.09603340292275574,46,1,0.5511482254697286,0.01,0,lotte_technology_search_100k_q240,1,0.9771215242682952,3,linucb_primary,1,1,1,479,fixed_cluster_primary
13,0,1,1,0.0683371298405467,30,1,0.6218678815489749,0.01,0,lotte_technology_search_100k_q66,1,0.3510734751684374,2,full_dense_fallback,1,1,1,439,fixed_cluster_primary
13,1,1,1,0.09097801364670205,240,1,0.24260803639120543,0.01,1,lotte_technology_search_100k_q434,5,0.5483110937148651,3,hybrid_lite,1,1,1,2638,fixed_cluster_primary
13,1,1,1,0.09760479041916167,163,1,0.5946107784431138,0.01,1,lotte_technology_search_100k_q403,2,0.8118576115448378,3,linucb_primary,1,1,1,1670,fixed_cluster_primary
13,1,1,1,0.3003533568904594,255,1,0.37220259128386335,0.01,0,lotte_technology_search_100k_q154,1,0.6816905340452079,3,hybrid_lite,1,1,1,849,fixed_cluster_primary
13,1,0,0,nan,0,0,nan,nan,0,lotte_technology_search_100k_q8,0,0.2117650471935941,1,full_dense_fallback,0,0,0,736,fixed_cluster_primary
13,1,1,1,0.37510729613733906,437,4,0.6248927038626609,0.01,0,lotte_technology_search_100k_q40,1,0.8475087277378023,3,linucb_primary,1,1,1,1165,fixed_cluster_primary
13,0,1,1,1.0,689,10,0.0,1.0,0,lotte_technology_search_100k_q22,1,0.8994083781371932,2,linucb_primary,0,0,1,689,fixed_cluster_primary
13,1,0,1,nan,0,0,nan,nan,0,lotte_technology_search_100k_q433,0,0.671375756144378,2,hybrid_lite,0,0,0,2454,fixed_cluster_primary
13,1,1,1,0.07784679089026915,188,1,0.5039337474120082,0.01,1,lotte_technology_search_100k_q585,2,0.9661903038311883,3,linucb_primary,1,1,1,2415,fixed_cluster_primary
13,1,0,1,nan,0,0,nan,nan,0,lotte_technology_search_100k_q526,0,0.36361380219840755,2,full_dense_fallback,0,0,0,1138,fixed_cluster_primary
13,1,1,1,0.4104803493449782,658,3,0.4747348721147848,0.01,1,lotte_technology_search_100k_q508,2,0.9595509109706365,3,linucb_primary,1,1,1,1603,fixed_cluster_primary
13,1,1,1,0.09078289838978346,327,1,0.6218767351471405,0.01,1,lotte_technology_search_100k_q575,2,0.8871151926587546,3,linucb_primary,1,1,1,3602,fixed_cluster_primary
13,1,1,1,nan,0,0,nan,nan,0,lotte_technology_search_100k_q172,0,0.5921711103722491,3,hybrid_lite,0,0,0,721,fixed_cluster_primary
13,1,1,1,0.4530141843971631,511,1,0.43262411347517726,0.01,0,lotte_technology_search_100k_q226,1,0.7307580817932171,3,hybrid_lite,1,1,1,1128,fixed_cluster_primary
13,1,1,1,0.1885424220449601,260,1,0.5902828136330674,0.01,1,lotte_technology_search_100k_q492,2,0.7054375011839751,3,hybrid_lite,1,1,1,1379,fixed_cluster_primary
13,1,1,1,0.23985239852398524,260,1,0.4566420664206642,0.01,1,lotte_technology_search_100k_q41,2,0.9776289476795776,3,linucb_primary,1,1,1,1084,fixed_cluster_primary
13,1,1,1,0.07036346691519105,151,1,0.8005591798695246,0.01,1,lotte_technology_search_100k_q502,5,0.620980243491785,3,hybrid_lite,1,1,1,2146,fixed_cluster_primary
13,0,1,1,0.3587570621468927,254,2,0.5296610169491525,0.01,0,lotte_technology_search_100k_q271,1,0.5332376903640242,2,hybrid_lite,1,1,1,708,fixed_cluster_primary
13,1,1,1,0.06221198156682028,108,1,0.3605990783410138,0.01,1,lotte_technology_search_100k_q566,2,0.657166504954481,3,hybrid_lite,1,1,1,1736,fixed_cluster_primary
13,1,1,1,0.04005722460658083,28,1,0.44778254649499283,0.01,1,lotte_technology_search_100k_q292,4,0.8580294416137226,3,linucb_primary,1,1,1,699,fixed_cluster_primary
13,1,1,1,0.030988786952089703,152,1,0.5747196738022426,0.01,1,lotte_technology_search_100k_q506,7,0.9455333952868991,3,linucb_primary,1,1,1,4905,fixed_cluster_primary
13,1,0,1,nan,0,0,nan,nan,0,lotte_technology_search_100k_q493,0,0.5204246515842808,2,hybrid_lite,0,0,0,2158,fixed_cluster_primary
13,1,1,1,0.09731696225557071,214,1,0.7089586175534334,0.01,1,lotte_technology_search_100k_q338,2,0.7830102561048241,3,linucb_primary,1,1,1,2199,fixed_cluster_primary
13,1,1,1,0.01149047931713723,35,1,0.7534471437951411,0.01,1,lotte_technology_search_100k_q431,4,0.5631271394795078,3,hybrid_lite,1,1,1,3046,fixed_cluster_primary
13,0,0,1,nan,0,0,nan,nan,0,lotte_technology_search_100k_q26,0,0.44922485335770174,1,hybrid_lite,0,0,0,1890,fixed_cluster_primary
13,1,1,1,0.29173764906303234,685,1,0.32708688245315165,0.01,0,lotte_technology_search_100k_q72,1,0.9553682200889585,3,linucb_primary,1,1,1,2348,fixed_cluster_primary
13,0,1,1,0.24163027656477437,166,1,0.5167394468704513,0.01,0,lotte_technology_search_100k_q121,1,0.42540328170013963,2,full_dense_fallback,1,1,1,687,fixed_cluster_primary
13,0,1,1,0.5100917431192661,278,3,0.3926605504587156,0.01,0,lotte_technology_search_100k_q225,1,0.9820475659910235,2,linucb_primary,1,1,1,545,fixed_cluster_primary
13,1,1,1,0.24898196625945318,428,1,0.372891215823153,0.01,1,lotte_technology_search_100k_q132,2,0.8813991314385916,3,linucb_primary,1,1,1,1719,fixed_cluster_primary
13,1,1,1,0.33121019108280253,312,1,0.5180467091295117,0.01,0,lotte_technology_search_100k_q63,1,0.9636326821798428,3,linucb_primary,1,1,1,942,fixed_cluster_primary
13,0,1,1,0.5170975813177648,620,5,0.48290241868223516,0.52,0,lotte_technology_search_100k_q203,1,0.5865540510427664,2,hybrid_lite,1,1,1,1199,fixed_cluster_primary
13,1,1,1,0.15147857573928786,251,1,0.24381412190706098,0.01,1,lotte_technology_search_100k_q392,3,0.8948934934089512,3,linucb_primary,1,1,1,1657,fixed_cluster_primary
13,1,1,1,0.19200887902330743,173,2,0.590455049944506,0.01,1,lotte_technology_search_100k_q173,2,0.5891006147848652,3,hybrid_lite,1,1,1,901,fixed_cluster_primary
13,1,1,1,0.09298245614035087,106,1,0.15263157894736845,0.01,1,lotte_technology_search_100k_q249,4,0.7008535078260154,3,hybrid_lite,1,1,1,1140,fixed_cluster_primary
13,1,1,1,0.08270676691729323,231,1,0.6953097028284998,0.01,1,lotte_technology_search_100k_q581,3,0.6460940698395581,3,hybrid_lite,1,1,1,2793,fixed_cluster_primary
13,1,1,1,0.043647977288857345,123,1,0.559971611071682,0.01,1,lotte_technology_search_100k_q152,3,0.8547492252531766,3,linucb_primary,1,1,1,2818,fixed_cluster_primary
13,1,1,1,0.23599828986746474,552,1,0.5083368961094485,0.01,0,lotte_technology_search_100k_q590,1,0.774973557578426,3,linucb_primary,1,1,1,2339,fixed_cluster_primary
13,1,1,1,0.07277452891487979,112,1,0.4970760233918129,0.01,1,lotte_technology_search_100k_q95,3,0.7420899259356145,3,linucb_primary,1,1,1,1539,fixed_cluster_primary
13,1,1,1,0.04468412942989214,58,1,0.7303543913713405,0.01,0,lotte_technology_search_100k_q522,1,0.9081365515471123,3,linucb_primary,1,1,1,1298,fixed_cluster_primary
13,1,1,1,0.1684848484848485,278,1,0.5315151515151515,0.01,1,lotte_technology_search_100k_q257,2,0.9585254299376998,3,linucb_primary,1,1,1,1650,fixed_cluster_primary
13,1,1,1,0.28514285714285714,499,1,0.48457142857142854,0.01,1,lotte_technology_search_100k_q316,3,0.963602381928026,3,linucb_primary,1,1,1,1750,fixed_cluster_primary
13,1,1,1,0.34183673469387754,402,3,0.4659863945578231,0.01,1,lotte_technology_search_100k_q188,3,0.8027055125205425,3,linucb_primary,1,1,1,1176,fixed_cluster_primary
13,1,0,1,nan,0,0,nan,nan,0,lotte_technology_search_100k_q529,0,0.4321668982696231,2,full_dense_fallback,0,0,0,1908,fixed_cluster_primary
13,1,1,1,0.6161745827984596,1440,4,0.3838254172015404,0.01,0,lotte_technology_search_100k_q70,1,0.968494461374493,3,linucb_primary,1,1,1,2337,fixed_cluster_primary
13,1,1,1,0.21071428571428572,295,1,0.6571428571428571,0.01,1,lotte_technology_search_100k_q298,2,0.7445203322399201,3,linucb_primary,1,1,1,1400,fixed_cluster_primary
13,1,0,1,nan,0,0,nan,nan,0,lotte_technology_search_100k_q528,0,0.3885915939195436,2,full_dense_fallback,0,0,0,1495,fixed_cluster_primary
13,1,1,1,0.2565084226646248,335,1,0.6952526799387442,0.01,0,lotte_technology_search_100k_q383,1,0.693408039283738,3,hybrid_lite,1,1,1,1306,fixed_cluster_primary
13,0,0,0,nan,0,0,nan,nan,0,lotte_technology_search_100k_q138,0,0.3979165865027844,0,full_dense_fallback,0,0,0,737,fixed_cluster_primary
13,1,1,1,0.025243578387953942,57,1,0.6868910540301152,0.01,1,lotte_technology_search_100k_q442,3,0.7165668023656945,3,hybrid_lite,1,1,1,2258,fixed_cluster_primary
13,0,1,1,0.08763693270735524,56,1,0.42879499217527384,0.01,0,lotte_technology_search_100k_q180,1,0.5549448227499366,2,hybrid_lite,1,1,1,639,fixed_cluster_primary
13,1,1,1,0.12368421052631579,94,1,0.6355263157894737,0.01,0,lotte_technology_search_100k_q29,1,0.6548464932261647,3,hybrid_lite,1,1,1,760,fixed_cluster_primary
13,1,1,1,0.04124748490945674,41,1,0.5181086519114688,0.01,1,lotte_technology_search_100k_q295,5,0.9466378547093255,3,linucb_primary,1,1,1,994,fixed_cluster_primary
13,1,1,1,0.019078947368421053,29,1,0.6394736842105263,0.01,1,lotte_technology_search_100k_q519,5,0.77662761995402,3,linucb_primary,1,1,1,1520,fixed_cluster_primary
13,1,0,1,nan,0,0,nan,nan,0,lotte_technology_search_100k_q242,0,0.3591732736276351,2,full_dense_fallback,0,0,0,1539,fixed_cluster_primary
13,1,1,1,0.3492063492063492,792,3,0.5304232804232805,0.01,1,lotte_technology_search_100k_q334,2,0.7249807578175669,3,hybrid_lite,1,1,1,2268,fixed_cluster_primary
17,1,1,1,0.04483430799220273,23,1,0.4600389863547758,0.01,1,lotte_technology_search_100k_q336,4,0.5780581408061358,3,hybrid_lite,1,1,1,513,fixed_cluster_primary
17,1,1,1,0.3675527039413382,401,2,0.4720439963336389,0.01,0,lotte_technology_search_100k_q76,1,0.4868564205407094,3,hybrid_lite,1,1,1,1091,fixed_cluster_primary
17,1,1,1,0.032279314888010543,49,1,0.8201581027667985,0.01,1,lotte_technology_search_100k_q426,8,0.8494732675721365,3,linucb_primary,1,1,1,1518,fixed_cluster_primary
17,1,1,1,0.638004246284501,601,7,0.638004246284501,0.37,0,lotte_technology_search_100k_q2,1,0.6106251195316386,3,hybrid_lite,1,1,1,942,fixed_cluster_primary
17,1,1,1,0.29581447963800905,523,1,0.5113122171945701,0.01,0,lotte_technology_search_100k_q447,1,0.8475916562781278,3,linucb_primary,1,1,1,1768,fixed_cluster_primary
17,1,1,1,0.4503271861986913,757,2,0.36109458655562165,0.01,0,lotte_technology_search_100k_q139,1,0.8873105999490059,3,linucb_primary,1,1,1,1681,fixed_cluster_primary
17,1,1,1,0.20324324324324325,564,1,0.6648648648648648,0.01,0,lotte_technology_search_100k_q507,1,0.4526635085432953,3,hybrid_lite,1,1,1,2775,fixed_cluster_primary
17,0,1,1,nan,0,0,nan,nan,0,lotte_technology_search_100k_q58,0,0.717467825756265,2,hybrid_lite,0,0,0,832,fixed_cluster_primary
17,1,1,1,0.14093959731543623,147,2,0.6893576222435283,0.01,1,lotte_technology_search_100k_q125,2,0.9336916783226213,3,linucb_primary,1,1,1,1043,fixed_cluster_primary
17,1,1,1,0.02408759124087591,66,1,0.5565693430656935,0.01,1,lotte_technology_search_100k_q462,4,0.9102952760923236,3,linucb_primary,1,1,1,2740,fixed_cluster_primary
17,0,1,1,0.35723431498079383,279,4,0.6427656850192062,0.01,0,lotte_technology_search_100k_q57,1,0.8173420469526403,2,linucb_primary,1,1,1,781,fixed_cluster_primary
17,1,1,1,0.10452961672473868,150,1,0.489198606271777,0.01,1,lotte_technology_search_100k_q503,4,0.7386761734598339,3,hybrid_lite,1,1,1,1435,fixed_cluster_primary
17,1,1,1,0.10014947683109118,67,1,0.4813153961136024,0.01,0,lotte_technology_search_100k_q264,1,0.8092717440635742,3,linucb_primary,1,1,1,669,fixed_cluster_primary
17,0,0,0,nan,0,0,nan,nan,0,lotte_technology_search_100k_q166,0,0.4490868109716533,0,hybrid_lite,0,0,0,1734,fixed_cluster_primary
17,1,0,1,nan,0,0,nan,nan,0,lotte_technology_search_100k_q213,0,0.3857990753687183,2,full_dense_fallback,0,0,0,705,fixed_cluster_primary
17,1,1,1,0.08274984086569065,130,1,0.599618077657543,0.01,1,lotte_technology_search_100k_q578,5,0.7001447828824183,3,hybrid_lite,1,1,1,1571,fixed_cluster_primary
17,1,1,1,0.02804878048780488,46,1,0.6329268292682927,0.01,1,lotte_technology_search_100k_q244,3,0.5536347981790337,3,hybrid_lite,1,1,1,1640,fixed_cluster_primary
17,1,1,1,0.36386138613861385,294,3,0.5891089108910892,0.01,0,lotte_technology_search_100k_q117,1,0.607926896608801,3,hybrid_lite,1,1,1,808,fixed_cluster_primary
17,0,1,1,0.8103448275862069,1598,7,0.18965517241379315,0.82,0,lotte_technology_search_100k_q280,1,0.7781083357302379,2,linucb_primary,1,1,1,1972,fixed_cluster_primary
17,1,1,1,0.07752956636005257,118,1,0.5124835742444153,0.01,1,lotte_technology_search_100k_q378,4,0.3036045542567671,3,full_dense_fallback,1,1,1,1522,fixed_cluster_primary
17,1,1,1,0.20141969831410825,227,1,0.6610470275066549,0.01,0,lotte_technology_search_100k_q11,1,0.8337026594275913,3,linucb_primary,1,1,1,1127,fixed_cluster_primary
17,1,1,1,0.8170028818443804,3402,5,0.1829971181556196,0.82,0,lotte_technology_search_100k_q102,1,0.7222775822190715,3,hybrid_lite,1,1,1,4164,fixed_cluster_primary
17,1,0,1,nan,0,0,nan,nan,0,lotte_technology_search_100k_q363,0,0.3774949298049934,2,full_dense_fallback,0,0,0,878,fixed_cluster_primary
17,1,1,1,0.11712214166201897,210,1,0.297824874511991,0.01,1,lotte_technology_search_100k_q446,7,0.7275785871811709,3,hybrid_lite,1,1,1,1793,fixed_cluster_primary
17,1,0,1,nan,0,0,nan,nan,0,lotte_technology_search_100k_q499,0,0.27530202590427544,2,full_dense_fallback,0,0,0,2547,fixed_cluster_primary
17,1,1,1,0.15005727376861397,131,1,0.6128293241695304,0.01,0,lotte_technology_search_100k_q476,1,0.8605047526958206,3,linucb_primary,1,1,1,873,fixed_cluster_primary
17,1,1,1,0.09489916963226572,80,1,0.6927639383155397,0.01,1,lotte_technology_search_100k_q98,2,0.8317076378087633,3,linucb_primary,1,1,1,843,fixed_cluster_primary
17,1,0,0,nan,0,0,nan,nan,0,lotte_technology_search_100k_q284,0,0.24861195527055313,1,full_dense_fallback,0,0,0,718,fixed_cluster_primary
17,1,0,1,nan,0,0,nan,nan,0,lotte_technology_search_100k_q200,0,0.45943004119957076,2,hybrid_lite,0,0,0,1342,fixed_cluster_primary
17,1,1,1,0.31733333333333336,357,3,0.512,0.01,0,lotte_technology_search_100k_q170,1,0.9272758950939581,3,linucb_primary,1,1,1,1125,fixed_cluster_primary
17,0,1,1,0.37957446808510636,446,3,0.42723404255319153,0.01,1,lotte_technology_search_100k_q278,2,0.6452151219942021,2,hybrid_lite,1,1,1,1175,fixed_cluster_primary
17,1,1,1,0.3357787810383747,595,1,0.45033860045146723,0.01,0,lotte_technology_search_100k_q525,1,0.8508701240311101,3,linucb_primary,1,1,1,1772,fixed_cluster_primary
17,1,0,1,nan,0,0,nan,nan,0,lotte_technology_search_100k_q210,0,0.23906394306975443,2,full_dense_fallback,0,0,0,431,fixed_cluster_primary
17,1,1,1,0.2335181762168823,379,1,0.5446703635243376,0.01,1,lotte_technology_search_100k_q425,8,0.8449444297424566,3,linucb_primary,1,1,1,1623,fixed_cluster_primary
17,1,1,1,0.02752779248279513,52,1,0.7940709370037057,0.01,1,lotte_technology_search_100k_q0,2,0.8148320736363324,3,linucb_primary,1,1,1,1889,fixed_cluster_primary
17,1,1,1,0.11061946902654868,150,1,0.4594395280235988,0.01,1,lotte_technology_search_100k_q516,4,0.7769958392753131,3,linucb_primary,1,1,1,1356,fixed_cluster_primary
17,1,1,1,0.12507171543316123,218,1,0.38668961560527826,0.01,1,lotte_technology_search_100k_q436,2,0.9586808060151121,3,linucb_primary,1,1,1,1743,fixed_cluster_primary
17,1,0,1,nan,0,0,nan,nan,0,lotte_technology_search_100k_q419,0,0.5415337293999484,2,hybrid_lite,0,0,0,1870,fixed_cluster_primary
17,1,0,1,nan,0,0,nan,nan,0,lotte_technology_search_100k_q376,0,0.39342990981166737,2,full_dense_fallback,0,0,0,1015,fixed_cluster_primary
17,1,0,1,nan,0,0,nan,nan,0,lotte_technology_search_100k_q500,0,0.45606029605514414,2,hybrid_lite,0,0,0,717,fixed_cluster_primary
17,0,1,1,0.5087281795511222,612,3,0.4596841230257689,0.01,0,lotte_technology_search_100k_q445,1,0.9397368341715051,2,linucb_primary,1,1,1,1203,fixed_cluster_primary
17,1,1,0,nan,0,0,nan,nan,0,lotte_technology_search_100k_q115,0,0.8205651618979224,2,linucb_primary,0,0,0,1244,fixed_cluster_primary
17,1,1,1,0.6996309963099631,948,5,0.30036900369003694,0.7,0,lotte_technology_search_100k_q273,1,0.46836910527600034,3,hybrid_lite,1,1,1,1355,fixed_cluster_primary
17,1,0,1,nan,0,0,nan,nan,0,lotte_technology_search_100k_q535,0,0.3750673058301491,2,full_dense_fallback,0,0,0,585,fixed_cluster_primary
17,1,1,1,0.026936026936026935,48,1,0.43153759820426485,0.01,1,lotte_technology_search_100k_q329,5,0.7430007125811023,3,linucb_primary,1,1,1,1782,fixed_cluster_primary
17,1,1,1,0.048283261802575105,90,1,0.6099785407725322,0.01,1,lotte_technology_search_100k_q568,2,0.7150639708825045,3,hybrid_lite,1,1,1,1864,fixed_cluster_primary
17,1,1,1,0.02044907778668805,51,1,0.39735364875701684,0.01,1,lotte_technology_search_100k_q595,5,0.6992892796356753,3,hybrid_lite,1,1,1,2494,fixed_cluster_primary
17,1,1,1,0.2259203227433182,448,1,0.3988905698436712,0.01,0,lotte_technology_search_100k_q359,1,0.8226834630483645,3,linucb_primary,1,1,1,1983,fixed_cluster_primary
17,0,1,1,nan,0,0,nan,nan,0,lotte_technology_search_100k_q21,0,0.7725637257583905,2,linucb_primary,0,0,0,717,fixed_cluster_primary
17,1,0,1,nan,0,0,nan,nan,0,lotte_technology_search_100k_q560,0,0.3636486257912618,2,full_dense_fallback,0,0,0,1361,fixed_cluster_primary
17,1,1,1,0.09405940594059406,323,1,0.8139196272568433,0.01,0,lotte_technology_search_100k_q396,1,0.5322924920385412,3,hybrid_lite,1,1,1,3434,fixed_cluster_primary
17,1,0,1,nan,0,0,nan,nan,0,lotte_technology_search_100k_q163,0,0.5565070270857638,2,hybrid_lite,0,0,0,2253,fixed_cluster_primary
17,1,1,1,0.05719360568383659,161,1,0.4760213143872114,0.01,1,lotte_technology_search_100k_q527,7,0.4912730243801468,3,hybrid_lite,1,1,1,2815,fixed_cluster_primary
17,1,1,1,0.07392996108949416,133,1,0.46581434130072263,0.01,1,lotte_technology_search_100k_q423,9,0.9276197072089138,3,linucb_primary,1,1,1,1799,fixed_cluster_primary
17,1,0,0,nan,0,0,nan,nan,0,lotte_technology_search_100k_q283,0,0.27219489378111994,1,full_dense_fallback,0,0,0,924,fixed_cluster_primary
17,1,1,1,0.23646408839779007,214,1,0.6044198895027624,0.01,0,lotte_technology_search_100k_q339,1,0.708559781752262,3,hybrid_lite,1,1,1,905,fixed_cluster_primary
17,1,1,1,0.1746031746031746,242,1,0.6320346320346321,0.01,0,lotte_technology_search_100k_q474,1,0.8032809728716627,3,linucb_primary,1,1,1,1386,fixed_cluster_primary
17,1,1,1,0.0906408094435076,215,1,0.6564080944350759,0.01,1,lotte_technology_search_100k_q343,4,0.9495193425112382,3,linucb_primary,1,1,1,2372,fixed_cluster_primary
17,1,1,1,0.10592808551992225,327,2,0.2452218982831228,0.01,0,lotte_technology_search_100k_q312,1,0.6305784382319425,3,hybrid_lite,1,1,1,3087,fixed_cluster_primary
17,1,1,1,0.05355776587605203,70,1,0.540168324407039,0.01,1,lotte_technology_search_100k_q311,3,0.8642686965197381,3,linucb_primary,1,1,1,1307,fixed_cluster_primary
17,1,1,1,0.01365546218487395,13,1,0.569327731092437,0.01,1,lotte_technology_search_100k_q236,6,0.9549028520786773,3,linucb_primary,1,1,1,952,fixed_cluster_primary
17,0,0,0,nan,0,0,nan,nan,0,lotte_technology_search_100k_q382,0,0.37232457025163174,0,full_dense_fallback,0,0,0,2626,fixed_cluster_primary
17,1,1,1,0.11472697186982901,208,1,0.6514065085493657,0.01,1,lotte_technology_search_100k_q328,5,0.6519044545632078,3,hybrid_lite,1,1,1,1813,fixed_cluster_primary
17,1,1,1,0.05383480825958702,73,1,0.6556047197640118,0.01,1,lotte_technology_search_100k_q444,8,0.9260908664390427,3,linucb_primary,1,1,1,1356,fixed_cluster_primary
17,1,1,1,0.12293577981651377,134,1,0.5220183486238532,0.01,1,lotte_technology_search_100k_q356,2,0.415307456432635,3,full_dense_fallback,1,1,1,1090,fixed_cluster_primary
17,1,1,1,0.4297430289775834,786,1,0.32422088572990704,0.01,0,lotte_technology_search_100k_q517,1,0.24060572449219175,3,full_dense_fallback,1,1,1,1829,fixed_cluster_primary
17,1,1,1,0.43474264705882354,946,4,0.5652573529411764,0.01,1,lotte_technology_search_100k_q415,2,0.9003241975736608,3,linucb_primary,1,1,1,2176,fixed_cluster_primary
17,1,1,1,0.10885504794134236,193,1,0.49182177100958824,0.01,1,lotte_technology_search_100k_q416,5,0.8942088643841585,3,linucb_primary,1,1,1,1773,fixed_cluster_primary
17,1,1,1,0.0915538362346873,142,1,0.6466795615731786,0.01,1,lotte_technology_search_100k_q495,2,0.6697100832877211,3,hybrid_lite,1,1,1,1551,fixed_cluster_primary
17,1,1,1,0.12217194570135746,135,1,0.4914027149321267,0.01,0,lotte_technology_search_100k_q263,1,0.840006569429947,3,linucb_primary,1,1,1,1105,fixed_cluster_primary
17,1,1,1,0.017001180637544275,72,1,0.8288075560802833,0.01,1,lotte_technology_search_100k_q369,5,0.8198678606059128,3,linucb_primary,1,1,1,4235,fixed_cluster_primary
17,0,0,1,nan,0,0,nan,nan,0,lotte_technology_search_100k_q175,0,0.2841056749854306,1,full_dense_fallback,0,0,0,929,fixed_cluster_primary
17,1,1,1,0.2697201017811705,636,1,0.3901611535199322,0.01,1,lotte_technology_search_100k_q480,2,0.8562538559670334,3,linucb_primary,1,1,1,2358,fixed_cluster_primary
17,1,0,1,nan,0,0,nan,nan,0,lotte_technology_search_100k_q373,0,0.3884361956077082,2,full_dense_fallback,0,0,0,2656,fixed_cluster_primary
17,1,1,1,nan,0,0,nan,nan,0,lotte_technology_search_100k_q251,0,0.49049519042487144,3,hybrid_lite,0,0,0,984,fixed_cluster_primary
17,1,1,1,0.133428981348637,93,1,0.6111908177905309,0.01,1,lotte_technology_search_100k_q443,2,0.7932508822959076,3,linucb_primary,1,1,1,697,fixed_cluster_primary
17,1,1,1,1.0,1026,10,0.0,1.0,0,lotte_technology_search_100k_q197,1,0.6424002715325804,3,hybrid_lite,0,0,1,1026,fixed_cluster_primary
17,1,1,1,0.15739419876367094,331,2,0.4793152639087018,0.01,1,lotte_technology_search_100k_q538,2,0.9730721541435295,3,linucb_primary,1,1,1,2103,fixed_cluster_primary
17,1,1,1,0.23873873873873874,212,3,0.5405405405405406,0.01,0,lotte_technology_search_100k_q262,1,0.593216839171776,3,hybrid_lite,1,1,1,888,fixed_cluster_primary
17,1,1,1,0.047658175842235,58,1,0.7181594083812655,0.01,1,lotte_technology_search_100k_q466,2,0.597251288979978,3,hybrid_lite,1,1,1,1217,fixed_cluster_primary
17,1,1,1,0.04487534626038781,81,1,0.535180055401662,0.01,1,lotte_technology_search_100k_q588,4,0.8260380280853986,3,linucb_primary,1,1,1,1805,fixed_cluster_primary
17,1,1,1,0.11266783420899007,193,1,0.4740221833041448,0.01,1,lotte_technology_search_100k_q450,5,0.9426658720794189,3,linucb_primary,1,1,1,1713,fixed_cluster_primary
17,1,1,1,0.07599517490952955,63,1,0.6791314837153197,0.01,1,lotte_technology_search_100k_q113,3,0.6566763273352587,3,hybrid_lite,1,1,1,829,fixed_cluster_primary
17,1,1,1,nan,0,0,nan,nan,0,lotte_technology_search_100k_q511,0,0.6450997174791282,3,hybrid_lite,0,0,0,937,fixed_cluster_primary
17,1,1,1,1.0,2063,10,0.13136209403780896,0.87,0,lotte_technology_search_100k_q206,1,0.8633261600451614,3,linucb_primary,0,0,1,2063,fixed_cluster_primary
17,1,1,1,0.7547974413646056,1062,5,0.24520255863539442,0.76,0,lotte_technology_search_100k_q245,1,0.7916313038323094,3,linucb_primary,1,1,1,1407,fixed_cluster_primary
17,0,0,1,nan,0,0,nan,nan,0,lotte_technology_search_100k_q60,0,0.3548130369006955,1,full_dense_fallback,0,0,0,513,fixed_cluster_primary
17,1,1,1,0.06474820143884892,63,1,0.6639260020554985,0.01,0,lotte_technology_search_100k_q44,1,0.8085175679854457,3,linucb_primary,1,1,1,973,fixed_cluster_primary
17,1,1,1,0.1677917068466731,174,2,0.6335583413693346,0.01,1,lotte_technology_search_100k_q46,3,0.8246788851014835,3,linucb_primary,1,1,1,1037,fixed_cluster_primary
17,1,0,1,nan,0,0,nan,nan,0,lotte_technology_search_100k_q358,0,0.36570238731104193,2,full_dense_fallback,0,0,0,1284,fixed_cluster_primary
17,1,1,1,0.7044917257683215,894,6,0.29550827423167847,0.71,0,lotte_technology_search_100k_q81,1,0.78670938750312,3,linucb_primary,1,1,1,1269,fixed_cluster_primary
17,1,1,1,0.09814612868047982,90,1,0.6575790621592148,0.01,1,lotte_technology_search_100k_q193,2,0.5302697351497003,3,hybrid_lite,1,1,1,917,fixed_cluster_primary
17,1,1,1,0.5891415994130594,803,6,0.48349229640498903,0.52,0,lotte_technology_search_100k_q296,1,0.7589723891432565,3,linucb_primary,1,1,1,1363,fixed_cluster_primary
17,1,1,1,0.029946303180503925,145,1,0.6664601404378356,0.01,1,lotte_technology_search_100k_q542,2,0.9518560290438893,3,linucb_primary,1,1,1,4842,fixed_cluster_primary
17,0,0,1,nan,0,0,nan,nan,0,lotte_technology_search_100k_q77,0,0.2816271053153212,1,full_dense_fallback,0,0,0,1412,fixed_cluster_primary
17,0,1,1,nan,0,0,nan,nan,0,lotte_technology_search_100k_q114,0,0.5431383218366962,2,hybrid_lite,0,0,0,1593,fixed_cluster_primary
17,1,1,1,0.08297180043383948,153,2,0.7603036876355749,0.01,1,lotte_technology_search_100k_q346,2,0.9226453483474198,3,linucb_primary,1,1,1,1844,fixed_cluster_primary
17,1,1,1,0.3729181752353367,515,2,0.4301230992034757,0.01,1,lotte_technology_search_100k_q49,2,0.6413230511899574,3,hybrid_lite,1,1,1,1381,fixed_cluster_primary
17,1,1,1,0.308659217877095,442,3,0.5803072625698324,0.01,1,lotte_technology_search_100k_q110,4,0.5706289358037674,3,hybrid_lite,1,1,1,1432,fixed_cluster_primary
17,0,0,0,nan,0,0,nan,nan,0,lotte_technology_search_100k_q237,0,0.5099855417159033,0,hybrid_lite,0,0,0,834,fixed_cluster_primary
17,1,1,1,0.2150101419878296,106,1,0.4016227180527383,0.01,0,lotte_technology_search_100k_q307,1,0.7797625159638886,3,linucb_primary,1,1,1,493,fixed_cluster_primary
17,1,1,1,0.04714016341923319,75,1,0.4142049025769956,0.01,1,lotte_technology_search_100k_q491,5,0.6488980367629729,3,hybrid_lite,1,1,1,1591,fixed_cluster_primary
17,1,1,1,0.07102593010146561,63,1,0.5941375422773394,0.01,1,lotte_technology_search_100k_q43,3,0.8060484645948515,3,linucb_primary,1,1,1,887,fixed_cluster_primary
17,1,1,1,0.09296353364149974,181,1,0.74884437596302,0.01,1,lotte_technology_search_100k_q409,3,0.5471040997511945,3,hybrid_lite,1,1,1,1947,fixed_cluster_primary
17,1,1,0,nan,0,0,nan,nan,0,lotte_technology_search_100k_q317,0,0.27508096482216504,2,full_dense_fallback,0,0,0,1376,fixed_cluster_primary
17,1,1,1,0.8618533257532689,1516,8,0.297896532120523,0.71,0,lotte_technology_search_100k_q6,1,0.9066153602025177,3,linucb_primary,0,1,1,1759,fixed_cluster_primary
17,1,1,1,0.24181247196052041,539,1,0.5392552714221623,0.01,1,lotte_technology_search_100k_q308,4,0.7537800368343153,3,linucb_primary,1,1,1,2229,fixed_cluster_primary
17,1,1,1,nan,0,0,nan,nan,0,lotte_technology_search_100k_q28,0,0.9629206627337872,3,linucb_primary,0,0,0,1379,fixed_cluster_primary
17,1,1,1,0.0369702434625789,41,1,0.4824165915238954,0.01,1,lotte_technology_search_100k_q422,4,0.8317357730571531,3,linucb_primary,1,1,1,1109,fixed_cluster_primary
17,1,0,1,nan,0,0,nan,nan,0,lotte_technology_search_100k_q191,0,0.28685417722171774,2,full_dense_fallback,0,0,0,1246,fixed_cluster_primary
17,1,0,1,nan,0,0,nan,nan,0,lotte_technology_search_100k_q485,0,0.4683359382753826,2,hybrid_lite,0,0,0,1209,fixed_cluster_primary
17,1,1,1,0.1314083677077195,223,2,0.741308190925162,0.01,0,lotte_technology_search_100k_q146,1,0.7596219244157698,3,linucb_primary,1,1,1,1697,fixed_cluster_primary
17,1,1,1,0.020145495243424735,36,1,0.8203693340794628,0.01,1,lotte_technology_search_100k_q457,7,0.9730967670584515,3,linucb_primary,1,1,1,1787,fixed_cluster_primary
17,1,1,1,0.026399155227032733,25,1,0.5765575501583949,0.01,1,lotte_technology_search_100k_q324,6,0.6187400537923093,3,hybrid_lite,1,1,1,947,fixed_cluster_primary
17,1,1,1,0.2199074074074074,285,5,0.7800925925925926,0.22,1,lotte_technology_search_100k_q294,2,0.8952952935310371,3,linucb_primary,1,1,1,1296,fixed_cluster_primary
17,1,1,1,0.1622983870967742,161,1,0.5735887096774194,0.01,0,lotte_technology_search_100k_q303,1,0.7792544927716243,3,linucb_primary,1,1,1,992,fixed_cluster_primary
17,1,1,1,0.3474698795180723,721,1,0.3224096385542169,0.01,1,lotte_technology_search_100k_q452,3,0.5749705832901293,3,hybrid_lite,1,1,1,2075,fixed_cluster_primary
17,1,1,1,0.296,481,2,0.5458461538461539,0.01,1,lotte_technology_search_100k_q551,2,0.6866915006517192,3,hybrid_lite,1,1,1,1625,fixed_cluster_primary
17,1,0,1,nan,0,0,nan,nan,0,lotte_technology_search_100k_q360,0,0.36737064272165293,2,full_dense_fallback,0,0,0,1530,fixed_cluster_primary
17,1,1,1,0.13085234093637454,109,1,0.7178871548619448,0.01,0,lotte_technology_search_100k_q9,1,0.6017561850543798,3,hybrid_lite,1,1,1,833,fixed_cluster_primary
17,1,1,1,0.21929824561403508,250,1,0.4464912280701754,0.01,1,lotte_technology_search_100k_q309,3,0.9074980593552122,3,linucb_primary,1,1,1,1140,fixed_cluster_primary
17,1,1,1,0.06896551724137931,190,1,0.7096188747731398,0.01,0,lotte_technology_search_100k_q593,1,0.9841493355993739,3,linucb_primary,1,1,1,2755,fixed_cluster_primary
17,1,1,1,nan,0,0,nan,nan,0,lotte_technology_search_100k_q208,0,0.8657693641175523,3,linucb_primary,0,0,0,1719,fixed_cluster_primary
17,1,1,1,0.0998439937597504,64,1,0.5085803432137286,0.01,1,lotte_technology_search_100k_q489,3,0.8241313085662307,3,linucb_primary,1,1,1,641,fixed_cluster_primary
17,1,1,1,0.22641509433962265,312,1,0.579100145137881,0.01,0,lotte_technology_search_100k_q62,1,0.6282741919563958,3,hybrid_lite,1,1,1,1378,fixed_cluster_primary
17,1,1,1,0.05183585313174946,48,1,0.6771058315334773,0.01,1,lotte_technology_search_100k_q111,2,0.841931988805871,3,linucb_primary,1,1,1,926,fixed_cluster_primary
17,1,1,1,0.19653614457831325,261,2,0.5323795180722892,0.01,0,lotte_technology_search_100k_q214,1,0.7050066386387487,3,hybrid_lite,1,1,1,1328,fixed_cluster_primary
17,1,1,1,0.3,771,2,0.6159533073929961,0.01,0,lotte_technology_search_100k_q479,1,0.5042579242195353,3,hybrid_lite,1,1,1,2570,fixed_cluster_primary
17,1,1,1,0.06504494976203067,123,1,0.698572184029614,0.01,1,lotte_technology_search_100k_q332,3,0.8930875035121781,3,linucb_primary,1,1,1,1891,fixed_cluster_primary
17,1,1,1,0.1442411194833154,134,2,0.6232508073196986,0.01,1,lotte_technology_search_100k_q83,2,0.8042153511693427,3,linucb_primary,1,1,1,929,fixed_cluster_primary
17,1,0,1,nan,0,0,nan,nan,0,lotte_technology_search_100k_q87,0,0.4433455510895502,2,hybrid_lite,0,0,0,659,fixed_cluster_primary
17,1,1,1,0.13366157410759538,1846,2,0.48113822315545585,0.01,1,lotte_technology_search_100k_q558,4,0.9260191852517161,3,linucb_primary,1,1,1,13811,fixed_cluster_primary
17,1,1,1,0.9451901565995525,845,9,0.05480984340044748,0.95,0,lotte_technology_search_100k_q155,1,0.7792362835372306,3,linucb_primary,0,1,1,894,fixed_cluster_primary
17,1,1,1,0.13451327433628318,76,1,0.45663716814159294,0.01,1,lotte_technology_search_100k_q404,2,0.4632309627164787,3,hybrid_lite,1,1,1,565,fixed_cluster_primary
17,0,0,1,nan,0,0,nan,nan,0,lotte_technology_search_100k_q47,0,0.6041362314347941,1,hybrid_lite,0,0,0,849,fixed_cluster_primary
17,1,1,1,0.08857808857808858,76,1,0.548951048951049,0.01,0,lotte_technology_search_100k_q37,1,0.9410939851111001,3,linucb_primary,1,1,1,858,fixed_cluster_primary
17,1,1,1,0.2803315749811605,372,1,0.589299171062547,0.01,1,lotte_technology_search_100k_q335,2,0.45298982125394904,3,hybrid_lite,1,1,1,1327,fixed_cluster_primary
17,1,1,1,0.3039003250270856,561,1,0.38732394366197187,0.01,0,lotte_technology_search_100k_q411,1,0.6110425209891446,3,hybrid_lite,1,1,1,1846,fixed_cluster_primary
17,1,0,1,nan,0,0,nan,nan,0,lotte_technology_search_100k_q265,0,0.32252704814592903,2,full_dense_fallback,0,0,0,3858,fixed_cluster_primary
17,0,1,1,0.09642560266001662,116,2,0.6791354945968413,0.01,1,lotte_technology_search_100k_q510,6,0.9729653296080735,2,linucb_primary,1,1,1,1203,fixed_cluster_primary
17,1,1,1,0.21113831089351284,345,1,0.3800489596083231,0.01,1,lotte_technology_search_100k_q327,5,0.6680314215350025,3,hybrid_lite,1,1,1,1634,fixed_cluster_primary
17,1,0,1,nan,0,0,nan,nan,0,lotte_technology_search_100k_q229,0,0.2588528888272127,2,full_dense_fallback,0,0,0,1313,fixed_cluster_primary
17,1,1,1,0.0774869109947644,74,1,0.762303664921466,0.01,0,lotte_technology_search_100k_q168,1,0.5185255386253733,3,hybrid_lite,1,1,1,955,fixed_cluster_primary
17,1,0,1,nan,0,0,nan,nan,0,lotte_technology_search_100k_q326,0,0.5640332367494981,2,hybrid_lite,0,0,0,2831,fixed_cluster_primary
17,1,1,1,0.7256544502617801,693,6,0.5151832460732984,0.49,0,lotte_technology_search_100k_q205,1,0.723376474599651,3,hybrid_lite,1,1,1,955,fixed_cluster_primary
17,1,1,1,0.30179445350734097,185,3,0.533442088091354,0.01,0,lotte_technology_search_100k_q19,1,0.9042145472358809,3,linucb_primary,1,1,1,613,fixed_cluster_primary
17,1,1,1,0.11028315946348734,74,1,0.6423248882265276,0.01,0,lotte_technology_search_100k_q167,1,0.5684005762581943,3,hybrid_lite,1,1,1,671,fixed_cluster_primary
17,1,1,1,0.3713646532438479,332,1,0.5369127516778524,0.01,1,lotte_technology_search_100k_q52,2,0.7495735360771246,3,linucb_primary,1,1,1,894,fixed_cluster_primary
17,1,1,1,0.08436080467229072,130,1,0.18689162881245946,0.01,1,lotte_technology_search_100k_q331,2,0.9677073519584689,3,linucb_primary,1,1,1,1541,fixed_cluster_primary
17,0,1,1,0.4972375690607735,450,5,0.5027624309392265,0.5,0,lotte_technology_search_100k_q20,1,0.7743697628604284,2,linucb_primary,1,1,1,905,fixed_cluster_primary
17,1,1,1,0.2856280193236715,473,2,0.5942028985507246,0.01,0,lotte_technology_search_100k_q212,1,0.8159338012160707,3,linucb_primary,1,1,1,1656,fixed_cluster_primary
17,0,0,1,nan,0,0,nan,nan,0,lotte_technology_search_100k_q75,0,0.34801464703289486,1,full_dense_fallback,0,0,0,897,fixed_cluster_primary
17,1,1,1,0.22580645161290322,168,1,0.6075268817204301,0.01,0,lotte_technology_search_100k_q190,1,0.6239315100649963,3,hybrid_lite,1,1,1,744,fixed_cluster_primary
17,1,1,1,0.051893408134642355,74,1,0.7678821879382889,0.01,1,lotte_technology_search_100k_q437,10,0.9239223151330044,3,linucb_primary,1,1,1,1426,fixed_cluster_primary
17,1,1,1,0.12507171543316123,218,1,0.38668961560527826,0.01,1,lotte_technology_search_100k_q406,2,0.9607427544647917,3,linucb_primary,1,1,1,1743,fixed_cluster_primary
17,0,1,0,nan,0,0,nan,nan,0,lotte_technology_search_100k_q116,0,0.7049433419155237,1,hybrid_lite,0,0,0,1005,fixed_cluster_primary
17,0,1,1,0.8548883756735951,2221,8,0.36797536566589684,0.64,0,lotte_technology_search_100k_q374,1,0.7210167605367965,2,hybrid_lite,0,1,1,2598,fixed_cluster_primary
17,1,0,1,nan,0,0,nan,nan,0,lotte_technology_search_100k_q375,0,0.4276497805379231,2,full_dense_fallback,0,0,0,3009,fixed_cluster_primary
17,1,1,1,0.20418084589207583,420,1,0.529897909577054,0.01,0,lotte_technology_search_100k_q565,1,1.0,3,linucb_primary,1,1,1,2057,fixed_cluster_primary
17,1,1,1,0.2312180889861415,317,2,0.4004376367614879,0.01,1,lotte_technology_search_100k_q10,2,0.9724617684115446,3,linucb_primary,1,1,1,1371,fixed_cluster_primary
17,1,1,1,0.11606597434331094,190,1,0.5113011606597435,0.01,0,lotte_technology_search_100k_q589,1,0.9878802825264155,3,linucb_primary,1,1,1,1637,fixed_cluster_primary
17,1,0,1,nan,0,0,nan,nan,0,lotte_technology_search_100k_q300,0,0.2850098780541799,2,full_dense_fallback,0,0,0,881,fixed_cluster_primary
17,1,1,1,0.03436426116838488,50,1,0.8577319587628867,0.01,1,lotte_technology_search_100k_q430,2,0.6750161788627101,3,hybrid_lite,1,1,1,1455,fixed_cluster_primary
17,1,1,1,0.2138970280452072,511,1,0.20887400586019256,0.01,1,lotte_technology_search_100k_q418,3,0.9305283254594422,3,linucb_primary,1,1,1,2389,fixed_cluster_primary
17,1,1,1,0.1014964216005205,156,1,0.5842550422901757,0.01,0,lotte_technology_search_100k_q158,1,0.7826055026766575,3,linucb_primary,1,1,1,1537,fixed_cluster_primary
17,1,1,1,0.13652045342533267,277,1,0.31542631838344015,0.01,1,lotte_technology_search_100k_q80,2,0.7767976283961063,3,linucb_primary,1,1,1,2029,fixed_cluster_primary
17,1,1,1,0.0448943661971831,51,1,0.4806338028169014,0.01,0,lotte_technology_search_100k_q372,1,0.943006918750217,3,linucb_primary,1,1,1,1136,fixed_cluster_primary
17,1,1,1,0.12303664921465969,94,1,0.6740837696335078,0.01,0,lotte_technology_search_100k_q347,1,0.7526302194636537,3,linucb_primary,1,1,1,764,fixed_cluster_primary
17,1,1,1,0.11322549952426261,357,1,0.60069774817634,0.01,1,lotte_technology_search_100k_q204,2,0.9543324075672648,3,linucb_primary,1,1,1,3153,fixed_cluster_primary
17,1,1,1,0.057932263814616754,65,1,0.6746880570409982,0.01,1,lotte_technology_search_100k_q231,2,0.7388262678348828,3,hybrid_lite,1,1,1,1122,fixed_cluster_primary
17,0,1,1,nan,0,0,nan,nan,0,lotte_technology_search_100k_q119,0,0.6702697571438495,2,hybrid_lite,0,0,0,754,fixed_cluster_primary
17,1,1,1,0.0205799812909261,66,1,0.6064858122856251,0.01,1,lotte_technology_search_100k_q455,4,0.8973641350672851,3,linucb_primary,1,1,1,3207,fixed_cluster_primary
17,0,0,0,nan,0,0,nan,nan,0,lotte_technology_search_100k_q150,0,0.5206979939256124,0,hybrid_lite,0,0,0,993,fixed_cluster_primary
17,1,1,1,0.07916102841677942,234,1,0.7290257104194857,0.01,1,lotte_technology_search_100k_q569,2,0.6714271988905319,3,hybrid_lite,1,1,1,2956,fixed_cluster_primary
17,1,1,1,0.5206703910614525,466,4,0.4793296089385475,0.01,0,lotte_technology_search_100k_q221,1,0.6865223373617494,3,hybrid_lite,1,1,1,895,fixed_cluster_primary
17,1,1,1,0.06532066508313539,165,1,0.46199524940617576,0.01,1,lotte_technology_search_100k_q573,2,0.8884597859223694,3,linucb_primary,1,1,1,2526,fixed_cluster_primary
17,1,0,1,nan,0,0,nan,nan,0,lotte_technology_search_100k_q429,0,0.33169545316337445,2,full_dense_fallback,0,0,0,5915,fixed_cluster_primary
17,0,1,1,0.508578431372549,830,3,0.37683823529411764,0.01,0,lotte_technology_search_100k_q487,1,0.6006361998592221,2,hybrid_lite,1,1,1,1632,fixed_cluster_primary
17,1,0,1,nan,0,0,nan,nan,0,lotte_technology_search_100k_q243,0,0.26719182736517505,2,full_dense_fallback,0,0,0,1238,fixed_cluster_primary
17,1,1,1,0.5096322241681261,582,1,0.30122591943957966,0.01,0,lotte_technology_search_100k_q53,1,0.8123442934802897,3,linucb_primary,1,1,1,1142,fixed_cluster_primary
17,1,1,1,0.07917888563049853,135,1,0.8316715542521994,0.01,0,lotte_technology_search_100k_q323,1,0.6233851268141626,3,hybrid_lite,1,1,1,1705,fixed_cluster_primary
17,1,1,1,0.09772129710780017,223,1,0.43207712532865905,0.01,0,lotte_technology_search_100k_q391,1,0.6088152680429387,3,hybrid_lite,1,1,1,2282,fixed_cluster_primary
17,1,1,1,0.06279540850776502,93,1,0.5462525320729237,0.01,1,lotte_technology_search_100k_q348,5,0.9141621841795968,3,linucb_primary,1,1,1,1481,fixed_cluster_primary
17,1,1,1,0.26822157434402333,276,1,0.5403304178814383,0.01,0,lotte_technology_search_100k_q432,1,0.6874225319442472,3,hybrid_lite,1,1,1,1029,fixed_cluster_primary
17,1,1,1,0.7193426042983565,1707,5,0.2806573957016435,0.72,0,lotte_technology_search_100k_q71,1,0.9626765639855853,3,linucb_primary,1,1,1,2373,fixed_cluster_primary
17,1,1,1,0.22386058981233245,334,1,0.5542895442359249,0.01,1,lotte_technology_search_100k_q398,5,0.8807880471175574,3,linucb_primary,1,1,1,1492,fixed_cluster_primary
17,0,1,0,0.9656652360515021,675,9,0.2718168812589413,0.73,0,lotte_technology_search_100k_q319,1,0.46346501344970364,1,hybrid_lite,1,0,1,699,fixed_cluster_primary
17,1,1,1,1.0,1785,10,0.0,1.0,0,lotte_technology_search_100k_q182,1,0.9398250375419058,3,linucb_primary,0,0,1,1785,fixed_cluster_primary
17,1,0,1,nan,0,0,nan,nan,0,lotte_technology_search_100k_q25,0,0.38726386926360523,2,full_dense_fallback,0,0,0,3387,fixed_cluster_primary
17,1,1,1,0.21394910461828465,227,1,0.5523091423185673,0.01,0,lotte_technology_search_100k_q14,1,0.7164464442804379,3,hybrid_lite,1,1,1,1061,fixed_cluster_primary
17,1,1,1,0.2511961722488038,210,3,0.687799043062201,0.01,1,lotte_technology_search_100k_q370,3,0.8290822704871356,3,linucb_primary,1,1,1,836,fixed_cluster_primary
17,1,1,1,0.04839617332583005,86,1,0.6674169949352842,0.01,1,lotte_technology_search_100k_q449,5,0.86719006243061,3,linucb_primary,1,1,1,1777,fixed_cluster_primary
17,1,1,1,nan,0,0,nan,nan,0,lotte_technology_search_100k_q39,0,0.40873478883568976,3,full_dense_fallback,0,0,0,744,fixed_cluster_primary
17,1,0,1,nan,0,0,nan,nan,0,lotte_technology_search_100k_q165,0,0.26185496545086046,2,full_dense_fallback,0,0,0,1508,fixed_cluster_primary
17,1,1,1,0.11248930710008555,263,1,0.5868263473053892,0.01,1,lotte_technology_search_100k_q350,7,0.7443453016604012,3,linucb_primary,1,1,1,2338,fixed_cluster_primary
17,1,1,1,0.927437641723356,818,8,0.07256235827664403,0.93,0,lotte_technology_search_100k_q156,1,0.8601068946718029,3,linucb_primary,0,1,1,882,fixed_cluster_primary
17,1,0,1,nan,0,0,nan,nan,0,lotte_technology_search_100k_q567,0,0.5096568528379025,2,hybrid_lite,0,0,0,2735,fixed_cluster_primary
17,1,1,1,0.07484407484407485,180,1,0.6345114345114344,0.01,0,lotte_technology_search_100k_q468,1,0.5762004532522285,3,hybrid_lite,1,1,1,2405,fixed_cluster_primary
17,1,1,1,0.2938799076212471,509,1,0.33429561200923785,0.01,1,lotte_technology_search_100k_q524,2,0.6092088181829944,3,hybrid_lite,1,1,1,1732,fixed_cluster_primary
17,1,1,1,0.44,561,3,0.38431372549019605,0.01,1,lotte_technology_search_100k_q187,2,0.9051891347967115,3,linucb_primary,1,1,1,1275,fixed_cluster_primary
17,1,1,1,0.084328882642305,120,1,0.6416022487702038,0.01,0,lotte_technology_search_100k_q486,1,0.8060813999981707,3,linucb_primary,1,1,1,1423,fixed_cluster_primary
17,0,1,1,nan,0,0,nan,nan,0,lotte_technology_search_100k_q68,0,0.8398109924403417,2,linucb_primary,0,0,0,1380,fixed_cluster_primary
17,1,0,1,nan,0,0,nan,nan,0,lotte_technology_search_100k_q86,0,0.5468227522002922,2,hybrid_lite,0,0,0,649,fixed_cluster_primary
17,1,1,1,0.07657657657657657,51,1,0.7162162162162162,0.01,1,lotte_technology_search_100k_q118,2,0.57679297799527,3,hybrid_lite,1,1,1,666,fixed_cluster_primary
17,1,0,1,nan,0,0,nan,nan,0,lotte_technology_search_100k_q133,0,0.5341390067947899,2,hybrid_lite,0,0,0,805,fixed_cluster_primary
17,1,1,1,0.07938257993384785,144,1,0.5374862183020948,0.01,1,lotte_technology_search_100k_q587,2,0.48887172344621604,3,hybrid_lite,1,1,1,1814,fixed_cluster_primary
17,1,1,1,0.17159763313609466,406,1,0.7404902789518174,0.01,0,lotte_technology_search_100k_q550,1,0.6089976461067731,3,hybrid_lite,1,1,1,2366,fixed_cluster_primary
17,0,0,0,nan,0,0,nan,nan,0,lotte_technology_search_100k_q149,0,0.6078641950405878,0,hybrid_lite,0,0,0,1009,fixed_cluster_primary
17,1,1,1,0.05167394468704512,142,1,0.814410480349345,0.01,1,lotte_technology_search_100k_q571,2,0.8811133658602607,3,linucb_primary,1,1,1,2748,fixed_cluster_primary
17,0,0,1,nan,0,0,nan,nan,0,lotte_technology_search_100k_q481,0,0.2322301640804286,1,full_dense_fallback,0,0,0,933,fixed_cluster_primary
17,1,1,1,0.0528995756718529,187,1,0.73012729844413,0.01,1,lotte_technology_search_100k_q299,3,0.775870211306189,3,linucb_primary,1,1,1,3535,fixed_cluster_primary
17,1,1,1,0.20192307692307693,273,1,0.485207100591716,0.01,1,lotte_technology_search_100k_q255,2,0.6343618927469807,3,hybrid_lite,1,1,1,1352,fixed_cluster_primary
17,1,0,1,nan,0,0,nan,nan,0,lotte_technology_search_100k_q393,0,0.28658436051500724,2,full_dense_fallback,0,0,0,1895,fixed_cluster_primary
17,1,1,1,0.15198019801980198,307,1,0.5440594059405941,0.01,1,lotte_technology_search_100k_q530,3,0.5297945674443738,3,hybrid_lite,1,1,1,2020,fixed_cluster_primary
17,1,1,1,0.04584819154355578,90,1,0.6576668364747835,0.01,1,lotte_technology_search_100k_q349,2,0.9272354271071678,3,linucb_primary,1,1,1,1963,fixed_cluster_primary
17,0,1,1,nan,0,0,nan,nan,0,lotte_technology_search_100k_q56,0,0.7335950451158897,2,hybrid_lite,0,0,0,1046,fixed_cluster_primary
17,1,0,1,nan,0,0,nan,nan,0,lotte_technology_search_100k_q532,0,0.3341944099804711,2,full_dense_fallback,0,0,0,747,fixed_cluster_primary
17,1,1,1,0.09941207910208445,186,1,0.42009620523784075,0.01,1,lotte_technology_search_100k_q351,3,0.7651649688268706,3,linucb_primary,1,1,1,1871,fixed_cluster_primary
17,1,1,1,0.0614500442086649,139,1,0.801945181255526,0.01,1,lotte_technology_search_100k_q586,4,0.4575583267704376,3,hybrid_lite,1,1,1,2262,fixed_cluster_primary
17,1,1,1,0.1888856044930535,639,1,0.7046999704404375,0.01,1,lotte_technology_search_100k_q540,2,0.7102348351863357,3,hybrid_lite,1,1,1,3383,fixed_cluster_primary
17,1,1,1,0.2906852248394004,543,2,0.47965738758029974,0.01,0,lotte_technology_search_100k_q515,1,0.5684552230252007,3,hybrid_lite,1,1,1,1868,fixed_cluster_primary
17,0,1,1,0.28793774319066145,222,2,0.5680933852140078,0.01,0,lotte_technology_search_100k_q223,1,0.6026869263727352,2,hybrid_lite,1,1,1,771,fixed_cluster_primary
17,1,1,1,0.15845070422535212,90,1,0.42429577464788737,0.01,0,lotte_technology_search_100k_q228,1,0.5511126879294977,3,hybrid_lite,1,1,1,568,fixed_cluster_primary
17,0,1,1,0.40633245382585753,462,4,0.5936675461741425,0.01,0,lotte_technology_search_100k_q30,1,0.4902094073850623,2,hybrid_lite,1,1,1,1137,fixed_cluster_primary
17,1,1,1,0.0797872340425532,135,1,0.3416075650118203,0.01,1,lotte_technology_search_100k_q548,2,0.8935099292419428,3,linucb_primary,1,1,1,1692,fixed_cluster_primary
17,1,1,1,0.0710412147505423,131,1,0.4202819956616052,0.01,1,lotte_technology_search_100k_q365,3,0.7698994549590772,3,linucb_primary,1,1,1,1844,fixed_cluster_primary
17,1,1,1,0.024574669187145556,26,1,0.6181474480151229,0.01,1,lotte_technology_search_100k_q145,2,0.9691546093211342,3,linucb_primary,1,1,1,1058,fixed_cluster_primary
17,1,1,1,0.03290183387270766,61,1,0.6181229773462783,0.01,1,lotte_technology_search_100k_q341,3,0.9586949927246706,3,linucb_primary,1,1,1,1854,fixed_cluster_primary
17,1,0,1,nan,0,0,nan,nan,0,lotte_technology_search_100k_q248,0,0.27901060595672955,2,full_dense_fallback,0,0,0,1018,fixed_cluster_primary
17,1,0,1,nan,0,0,nan,nan,0,lotte_technology_search_100k_q484,0,0.3111972943233232,2,full_dense_fallback,0,0,0,1209,fixed_cluster_primary
17,1,1,1,0.13432835820895522,108,1,0.6592039800995024,0.01,1,lotte_technology_search_100k_q239,2,0.9672529990180074,3,linucb_primary,1,1,1,804,fixed_cluster_primary
17,1,1,1,0.9247830279652844,959,9,0.07521697203471556,0.93,0,lotte_technology_search_100k_q385,1,0.5378747258359906,3,hybrid_lite,0,1,1,1037,fixed_cluster_primary
17,1,1,1,0.056393963463065924,71,1,0.6513105639396346,0.01,1,lotte_technology_search_100k_q380,2,0.6134739769471587,3,hybrid_lite,1,1,1,1259,fixed_cluster_primary
17,1,0,1,nan,0,0,nan,nan,0,lotte_technology_search_100k_q518,0,0.3177232796570715,2,full_dense_fallback,0,0,0,632,fixed_cluster_primary
17,1,0,1,nan,0,0,nan,nan,0,lotte_technology_search_100k_q277,0,0.2551108384350972,2,full_dense_fallback,0,0,0,612,fixed_cluster_primary
17,1,0,0,nan,0,0,nan,nan,0,lotte_technology_search_100k_q134,0,0.6943684912267312,1,hybrid_lite,0,0,0,567,fixed_cluster_primary
17,1,0,1,nan,0,0,nan,nan,0,lotte_technology_search_100k_q59,0,0.5583992186451199,2,hybrid_lite,0,0,0,1814,fixed_cluster_primary
17,1,0,1,nan,0,0,nan,nan,0,lotte_technology_search_100k_q128,0,0.5686518607448849,2,hybrid_lite,0,0,0,669,fixed_cluster_primary
17,0,1,1,nan,0,0,nan,nan,0,lotte_technology_search_100k_q38,0,0.9637870181752031,2,linucb_primary,0,0,0,1881,fixed_cluster_primary
17,1,1,1,0.32047293092719353,515,4,0.6795270690728065,0.01,1,lotte_technology_search_100k_q388,2,0.7069714118005102,3,hybrid_lite,1,1,1,1607,fixed_cluster_primary
17,1,1,1,0.1675531914893617,378,2,0.43484042553191493,0.01,0,lotte_technology_search_100k_q123,1,0.9760508672361027,3,linucb_primary,1,1,1,2256,fixed_cluster_primary
17,1,1,1,0.6517036235803136,1205,5,0.34829637641968636,0.66,0,lotte_technology_search_100k_q67,1,0.824610769024914,3,linucb_primary,1,1,1,1849,fixed_cluster_primary
17,1,1,1,0.3415948275862069,317,2,0.5032327586206897,0.01,0,lotte_technology_search_100k_q15,1,0.883494321722503,3,linucb_primary,1,1,1,928,fixed_cluster_primary
17,1,1,1,0.1608187134502924,220,1,0.439327485380117,0.01,1,lotte_technology_search_100k_q531,3,0.9144171342567149,3,linucb_primary,1,1,1,1368,fixed_cluster_primary
17,1,1,1,0.14313919052319843,145,1,0.44916090819348475,0.01,0,lotte_technology_search_100k_q512,1,0.6687560386816548,3,hybrid_lite,1,1,1,1013,fixed_cluster_primary
17,1,1,1,0.043333333333333335,65,1,0.624,0.01,0,lotte_technology_search_100k_q192,1,0.5685512662878939,3,hybrid_lite,1,1,1,1500,fixed_cluster_primary
17,1,1,1,0.19167803547066847,281,3,0.4822646657571623,0.01,1,lotte_technology_search_100k_q549,5,0.9688109589292426,3,linucb_primary,1,1,1,1466,fixed_cluster_primary
17,1,1,1,0.07785467128027682,135,1,0.29296424452133796,0.01,1,lotte_technology_search_100k_q554,2,0.9654051733159685,3,linucb_primary,1,1,1,1734,fixed_cluster_primary
17,0,1,1,0.145478374836173,111,1,0.672346002621232,0.01,0,lotte_technology_search_100k_q217,1,0.6568998771628234,2,hybrid_lite,1,1,1,763,fixed_cluster_primary
17,1,1,1,nan,0,0,nan,nan,0,lotte_technology_search_100k_q195,0,0.9837913498460727,3,linucb_primary,0,0,0,854,fixed_cluster_primary
17,1,1,1,0.027929155313351498,41,1,0.6287465940054495,0.01,1,lotte_technology_search_100k_q438,10,0.9585171382087544,3,linucb_primary,1,1,1,1468,fixed_cluster_primary
17,1,1,1,0.053686200378071834,142,1,0.8223062381852552,0.01,1,lotte_technology_search_100k_q555,2,0.9077913036353885,3,linucb_primary,1,1,1,2645,fixed_cluster_primary
17,1,1,1,0.3907666941467436,474,1,0.2291838417147568,0.01,1,lotte_technology_search_100k_q247,3,0.7087891515946985,3,hybrid_lite,1,1,1,1213,fixed_cluster_primary
17,1,1,1,0.327720207253886,253,2,0.45725388601036265,0.01,0,lotte_technology_search_100k_q330,1,0.28255647707288156,3,full_dense_fallback,1,1,1,772,fixed_cluster_primary
17,1,0,1,nan,0,0,nan,nan,0,lotte_technology_search_100k_q381,0,0.364192856768672,2,full_dense_fallback,0,0,0,562,fixed_cluster_primary
17,1,0,1,nan,0,0,nan,nan,0,lotte_technology_search_100k_q157,0,0.21208689066157838,2,full_dense_fallback,0,0,0,720,fixed_cluster_primary
17,0,1,1,0.4292114695340502,479,6,0.5707885304659498,0.43,0,lotte_technology_search_100k_q130,1,0.6859493830345013,2,hybrid_lite,1,1,1,1116,fixed_cluster_primary
17,1,1,1,0.8484107579462102,1041,9,0.5916870415647921,0.41,0,lotte_technology_search_100k_q54,1,0.6113231959033483,3,hybrid_lite,1,1,1,1227,fixed_cluster_primary
17,1,1,1,0.035634743875278395,64,1,0.7360801781737194,0.01,1,lotte_technology_search_100k_q541,4,0.8937534107044762,3,linucb_primary,1,1,1,1796,fixed_cluster_primary
17,1,1,1,0.1685823754789272,220,1,0.5272030651340995,0.01,1,lotte_technology_search_100k_q488,2,0.9628964457406124,3,linucb_primary,1,1,1,1305,fixed_cluster_primary
17,1,1,1,0.17019543973941367,209,1,0.6001628664495113,0.01,1,lotte_technology_search_100k_q352,4,0.6670433326915073,3,hybrid_lite,1,1,1,1228,fixed_cluster_primary
17,1,0,1,nan,0,0,nan,nan,0,lotte_technology_search_100k_q85,0,0.339314229225738,2,full_dense_fallback,0,0,0,391,fixed_cluster_primary
17,1,1,1,0.15114503816793892,198,1,0.3847328244274809,0.01,0,lotte_technology_search_100k_q576,1,0.8425772161136353,3,linucb_primary,1,1,1,1310,fixed_cluster_primary
17,1,1,1,0.928448275862069,1077,9,0.39655172413793105,0.61,0,lotte_technology_search_100k_q389,1,0.642126584190989,3,hybrid_lite,1,1,1,1160,fixed_cluster_primary
17,1,1,1,0.038777908343125736,66,1,0.28613396004700353,0.01,1,lotte_technology_search_100k_q394,4,0.7920232885951108,3,linucb_primary,1,1,1,1702,fixed_cluster_primary
17,1,1,1,0.2570951585976628,154,2,0.4824707846410684,0.01,0,lotte_technology_search_100k_q238,1,0.7752233443397638,3,linucb_primary,1,1,1,599,fixed_cluster_primary
17,0,1,1,nan,0,0,nan,nan,0,lotte_technology_search_100k_q184,0,0.8129213148702208,2,linucb_primary,0,0,0,745,fixed_cluster_primary
17,1,1,1,0.15866741953698477,281,1,0.5234330886504799,0.01,0,lotte_technology_search_100k_q514,1,0.616509365285786,3,hybrid_lite,1,1,1,1771,fixed_cluster_primary
17,1,1,1,0.0333555703802535,100,1,0.2748498999332889,0.01,1,lotte_technology_search_100k_q289,6,0.9671603008296618,3,linucb_primary,1,1,1,2998,fixed_cluster_primary
17,1,1,1,0.03546099290780142,55,1,0.8239845261121856,0.01,1,lotte_technology_search_100k_q461,8,0.9085979940737937,3,linucb_primary,1,1,1,1551,fixed_cluster_primary
17,1,1,1,0.060408163265306125,74,1,0.27265306122448985,0.01,1,lotte_technology_search_100k_q274,2,0.7805020385862055,3,linucb_primary,1,1,1,1225,fixed_cluster_primary
17,1,0,1,nan,0,0,nan,nan,0,lotte_technology_search_100k_q521,0,0.45281642333386857,2,hybrid_lite,0,0,0,1017,fixed_cluster_primary
17,1,1,1,nan,0,0,nan,nan,0,lotte_technology_search_100k_q33,0,0.7499740821752028,3,linucb_primary,0,0,0,1111,fixed_cluster_primary
17,1,1,1,0.09656453110492108,104,1,0.72330547818013,0.01,0,lotte_technology_search_100k_q451,1,0.7188531115853266,3,hybrid_lite,1,1,1,1077,fixed_cluster_primary
17,1,1,1,1.0,827,10,0.0,1.0,0,lotte_technology_search_100k_q181,1,0.875526228430993,3,linucb_primary,0,0,1,827,fixed_cluster_primary
17,1,1,1,nan,0,0,nan,nan,0,lotte_technology_search_100k_q36,0,0.8681647139773955,3,linucb_primary,0,0,0,1456,fixed_cluster_primary
17,1,1,1,0.25329927628778204,595,1,0.4853128991060025,0.01,0,lotte_technology_search_100k_q471,1,0.8630667382839654,3,linucb_primary,1,1,1,2349,fixed_cluster_primary
17,1,1,1,0.15725806451612903,351,1,0.796594982078853,0.01,0,lotte_technology_search_100k_q124,1,0.9278650838215263,3,linucb_primary,1,1,1,2232,fixed_cluster_primary
17,0,1,1,0.7498485766202302,1238,5,0.3167777104784979,0.69,1,lotte_technology_search_100k_q364,2,0.9158732478031254,2,linucb_primary,1,1,1,1651,fixed_cluster_primary
17,1,1,1,0.5571625344352618,809,5,0.44283746556473824,0.56,1,lotte_technology_search_100k_q520,2,0.7740537231595404,3,linucb_primary,1,1,1,1452,fixed_cluster_primary
17,0,0,1,nan,0,0,nan,nan,0,lotte_technology_search_100k_q92,0,0.37090219323015716,1,full_dense_fallback,0,0,0,1141,fixed_cluster_primary
17,1,1,1,0.39987445072190836,637,4,0.6001255492780917,0.01,1,lotte_technology_search_100k_q108,5,0.6169780794014521,3,hybrid_lite,1,1,1,1593,fixed_cluster_primary
17,1,0,0,nan,0,0,nan,nan,0,lotte_technology_search_100k_q282,0,0.5980504197273985,1,hybrid_lite,0,0,0,1334,fixed_cluster_primary
17,1,1,1,0.13995680345572353,324,1,0.6591792656587473,0.01,0,lotte_technology_search_100k_q410,1,0.8404544237950817,3,linucb_primary,1,1,1,2315,fixed_cluster_primary
17,1,1,1,0.06706981858163827,122,1,0.8246289169873557,0.01,0,lotte_technology_search_100k_q401,1,0.8756872290225894,3,linucb_primary,1,1,1,1819,fixed_cluster_primary
17,1,1,1,nan,0,0,nan,nan,0,lotte_technology_search_100k_q505,0,0.5731535494906497,3,hybrid_lite,0,0,0,1246,fixed_cluster_primary
17,1,1,1,0.0856662933930571,153,1,0.6265397536394177,0.01,1,lotte_technology_search_100k_q490,3,0.7470634705028482,3,linucb_primary,1,1,1,1786,fixed_cluster_primary
17,1,0,1,nan,0,0,nan,nan,0,lotte_technology_search_100k_q224,0,0.3469783728343192,2,full_dense_fallback,0,0,0,1388,fixed_cluster_primary
17,1,1,1,0.19463505926388022,312,1,0.4741110417966313,0.01,0,lotte_technology_search_100k_q61,1,0.5790230770351342,3,hybrid_lite,1,1,1,1603,fixed_cluster_primary
17,1,1,1,nan,0,0,nan,nan,0,lotte_technology_search_100k_q169,0,0.8943683660766976,3,linucb_primary,0,0,0,1023,fixed_cluster_primary
17,0,0,0,nan,0,0,nan,nan,0,lotte_technology_search_100k_q137,0,0.2603695921586198,0,full_dense_fallback,0,0,0,1086,fixed_cluster_primary
17,0,1,1,0.2510530749789385,298,2,0.5492839090143218,0.01,0,lotte_technology_search_100k_q144,1,0.8718435354563576,2,linucb_primary,1,1,1,1187,fixed_cluster_primary
17,1,0,1,nan,0,0,nan,nan,0,lotte_technology_search_100k_q199,0,0.47425710291308787,2,hybrid_lite,0,0,0,1343,fixed_cluster_primary
17,1,1,1,0.19316081330868762,209,1,0.5785582255083179,0.01,1,lotte_technology_search_100k_q371,2,0.8742948419022758,3,linucb_primary,1,1,1,1082,fixed_cluster_primary
17,1,0,1,nan,0,0,nan,nan,0,lotte_technology_search_100k_q153,0,0.42099094429019984,2,full_dense_fallback,0,0,0,1403,fixed_cluster_primary
17,1,1,1,0.4451460142067877,564,3,0.48697711128650356,0.01,0,lotte_technology_search_100k_q233,1,0.9790900456202887,3,linucb_primary,1,1,1,1267,fixed_cluster_primary
17,1,1,1,0.17618586640851888,182,1,0.37560503388189737,0.01,1,lotte_technology_search_100k_q232,2,0.9805084965241825,3,linucb_primary,1,1,1,1033,fixed_cluster_primary
17,1,1,1,0.5333333333333333,624,6,0.558974358974359,0.45,1,lotte_technology_search_100k_q563,2,0.9524354475083892,3,linucb_primary,1,1,1,1170,fixed_cluster_primary
17,1,1,1,0.10884353741496598,256,1,0.7874149659863946,0.01,0,lotte_technology_search_100k_q408,1,0.7898769320375854,3,linucb_primary,1,1,1,2352,fixed_cluster_primary
17,0,0,0,nan,0,0,nan,nan,0,lotte_technology_search_100k_q74,0,0.19103881129202155,0,full_dense_fallback,0,0,0,754,fixed_cluster_primary
17,1,1,1,0.41209476309226933,661,3,0.5604738154613467,0.01,0,lotte_technology_search_100k_q201,1,0.6427212653251809,3,hybrid_lite,1,1,1,1604,fixed_cluster_primary
17,1,1,1,0.2958300550747443,376,1,0.46813532651455547,0.01,0,lotte_technology_search_100k_q478,1,0.6223906541496141,3,hybrid_lite,1,1,1,1271,fixed_cluster_primary
17,0,1,1,nan,0,0,nan,nan,0,lotte_technology_search_100k_q176,0,0.7463554769584477,2,linucb_primary,0,0,0,627,fixed_cluster_primary
17,1,1,1,0.10365425158116655,295,1,0.32431482782853127,0.01,1,lotte_technology_search_100k_q297,2,0.9617253089029423,3,linucb_primary,1,1,1,2846,fixed_cluster_primary
17,1,1,1,0.10894308943089431,335,1,0.40260162601626015,0.01,1,lotte_technology_search_100k_q458,3,0.9529685907957635,3,linucb_primary,1,1,1,3075,fixed_cluster_primary
17,1,1,1,0.21875,154,2,0.5596590909090908,0.01,0,lotte_technology_search_100k_q241,1,0.6788220781884129,3,hybrid_lite,1,1,1,704,fixed_cluster_primary
17,1,1,1,0.19373219373219372,136,1,0.670940170940171,0.01,1,lotte_technology_search_100k_q272,2,0.9134640011027698,3,linucb_primary,1,1,1,702,fixed_cluster_primary
17,1,1,1,0.030619345859429367,44,1,0.47599164926931103,0.01,1,lotte_technology_search_100k_q344,4,0.9320701179988412,3,linucb_primary,1,1,1,1437,fixed_cluster_primary
17,1,1,1,0.22241086587436332,262,1,0.4227504244482173,0.01,1,lotte_technology_search_100k_q94,3,0.8900130627990606,3,linucb_primary,1,1,1,1178,fixed_cluster_primary
17,1,1,1,0.28447837150127225,559,1,0.3684478371501272,0.01,0,lotte_technology_search_100k_q198,1,0.850439515187822,3,linucb_primary,1,1,1,1965,fixed_cluster_primary
17,1,1,1,0.11752044769694361,273,1,0.6190271201033146,0.01,0,lotte_technology_search_100k_q564,1,0.9977021409502285,3,linucb_primary,1,1,1,2323,fixed_cluster_primary
17,1,1,1,0.015767131594906003,26,1,0.676773802304427,0.01,1,lotte_technology_search_100k_q464,10,0.9293563859534164,3,linucb_primary,1,1,1,1649,fixed_cluster_primary
17,1,1,1,0.0692588092345079,114,1,0.3669501822600243,0.01,0,lotte_technology_search_100k_q407,1,0.5690905067513298,3,hybrid_lite,1,1,1,1646,fixed_cluster_primary
17,1,1,1,0.08497246262785209,108,1,0.6113296616837136,0.01,1,lotte_technology_search_100k_q399,7,0.8160955634002044,3,linucb_primary,1,1,1,1271,fixed_cluster_primary
17,1,1,1,0.11727416798732171,74,1,0.6117274167987321,0.01,0,lotte_technology_search_100k_q270,1,0.30802963990836346,3,full_dense_fallback,1,1,1,631,fixed_cluster_primary
17,1,1,1,0.14473684210526316,209,4,0.8552631578947368,0.01,1,lotte_technology_search_100k_q310,2,0.8313422507713963,3,linucb_primary,1,1,1,1444,fixed_cluster_primary
17,1,1,1,0.19828364950316169,439,1,0.4643179765130985,0.01,1,lotte_technology_search_100k_q579,2,0.5210179072871135,3,hybrid_lite,1,1,1,2214,fixed_cluster_primary
17,1,0,1,nan,0,0,nan,nan,0,lotte_technology_search_100k_q472,0,0.3738485193626509,2,full_dense_fallback,0,0,0,1760,fixed_cluster_primary
17,1,0,1,nan,0,0,nan,nan,0,lotte_technology_search_100k_q387,0,0.5315465936004415,2,hybrid_lite,0,0,0,681,fixed_cluster_primary
17,1,1,1,0.05084745762711865,45,1,0.6870056497175141,0.01,0,lotte_technology_search_100k_q215,1,0.7788728224654442,3,linucb_primary,1,1,1,885,fixed_cluster_primary
17,1,1,1,0.7604535790219702,1073,8,0.2395464209780298,0.77,0,lotte_technology_search_100k_q104,1,0.36583373082748716,3,full_dense_fallback,1,1,1,1411,fixed_cluster_primary
17,1,0,1,nan,0,0,nan,nan,0,lotte_technology_search_100k_q357,0,0.323578681566199,2,full_dense_fallback,0,0,0,1236,fixed_cluster_primary
17,1,1,1,0.052105638829407566,73,1,0.6666666666666667,0.01,1,lotte_technology_search_100k_q414,8,0.9250970569158153,3,linucb_primary,1,1,1,1401,fixed_cluster_primary
17,1,1,1,0.35954545454545456,791,1,0.51,0.01,0,lotte_technology_search_100k_q279,1,0.5862901405903568,3,hybrid_lite,1,1,1,2200,fixed_cluster_primary
17,1,1,1,0.4165968147527242,994,3,0.4362950544844929,0.01,0,lotte_technology_search_100k_q494,1,0.6613616226618156,3,hybrid_lite,1,1,1,2386,fixed_cluster_primary
17,1,1,1,0.4751883606131463,1829,4,0.5248116393868537,0.01,0,lotte_technology_search_100k_q584,1,0.6242403661211174,3,hybrid_lite,1,1,1,3849,fixed_cluster_primary
17,1,1,1,0.0694006309148265,66,1,0.7592008412197686,0.01,1,lotte_technology_search_100k_q209,3,0.716682093694643,3,hybrid_lite,1,1,1,951,fixed_cluster_primary
17,1,1,1,0.14782608695652175,102,1,0.47536231884057967,0.01,1,lotte_technology_search_100k_q24,2,0.5440152559385072,3,hybrid_lite,1,1,1,690,fixed_cluster_primary
17,1,1,1,0.18520986009327114,278,1,0.38907395069953365,0.01,0,lotte_technology_search_100k_q256,1,0.6407470233052787,3,hybrid_lite,1,1,1,1501,fixed_cluster_primary
17,1,1,1,0.06577974870657798,89,1,0.7657058388765706,0.01,1,lotte_technology_search_100k_q553,4,0.5292536873546391,3,hybrid_lite,1,1,1,1353,fixed_cluster_primary
17,1,1,1,0.07668711656441718,100,1,0.5544478527607362,0.01,1,lotte_technology_search_100k_q106,2,0.7506240788689952,3,linucb_primary,1,1,1,1304,fixed_cluster_primary
17,1,1,1,0.07604345340194396,133,1,0.3687821612349914,0.01,1,lotte_technology_search_100k_q543,2,0.9393760369045189,3,linucb_primary,1,1,1,1749,fixed_cluster_primary
17,1,1,1,0.08881578947368421,135,1,0.475,0.01,1,lotte_technology_search_100k_q556,2,0.9238639421984436,3,linucb_primary,1,1,1,1520,fixed_cluster_primary
17,1,1,1,0.1006585136406397,107,1,0.5277516462841016,0.01,0,lotte_technology_search_100k_q211,1,0.7795750759825331,3,linucb_primary,1,1,1,1063,fixed_cluster_primary
17,1,1,1,0.05174353205849269,46,1,0.6096737907761529,0.01,1,lotte_technology_search_100k_q88,3,0.9345160273313153,3,linucb_primary,1,1,1,889,fixed_cluster_primary
17,1,1,1,0.03344298245614035,61,1,0.611842105263158,0.01,1,lotte_technology_search_100k_q340,3,0.7233926294943785,3,hybrid_lite,1,1,1,1824,fixed_cluster_primary
17,0,0,0,nan,0,0,nan,nan,0,lotte_technology_search_100k_q276,0,0.3279994016025357,0,full_dense_fallback,0,0,0,515,fixed_cluster_primary
17,1,1,1,0.6865203761755486,1095,6,0.3134796238244514,0.69,0,lotte_technology_search_100k_q386,1,0.508595097003996,3,hybrid_lite,1,1,1,1595,fixed_cluster_primary
17,0,1,1,nan,0,0,nan,nan,0,lotte_technology_search_100k_q27,0,0.8107410411948842,2,linucb_primary,0,0,0,1413,fixed_cluster_primary
17,1,1,1,0.0965651328580687,149,1,0.5385612443292287,0.01,1,lotte_technology_search_100k_q109,5,0.5217289132075567,3,hybrid_lite,1,1,1,1543,fixed_cluster_primary
17,1,1,1,0.1273560876209883,250,1,0.391237901171676,0.01,1,lotte_technology_search_100k_q504,3,0.9225188111331034,3,linucb_primary,1,1,1,1963,fixed_cluster_primary
17,1,0,1,nan,0,0,nan,nan,0,lotte_technology_search_100k_q305,0,0.3309919728261843,2,full_dense_fallback,0,0,0,2100,fixed_cluster_primary
17,1,0,1,nan,0,0,nan,nan,0,lotte_technology_search_100k_q315,0,0.7244130837428554,2,hybrid_lite,0,0,0,1086,fixed_cluster_primary
17,1,1,1,0.1312410841654779,184,1,0.5263908701854494,0.01,0,lotte_technology_search_100k_q435,1,0.9599187791612016,3,linucb_primary,1,1,1,1402,fixed_cluster_primary
17,1,1,1,0.16857798165137614,147,1,0.6410550458715596,0.01,0,lotte_technology_search_100k_q135,1,0.8432784453089661,3,linucb_primary,1,1,1,872,fixed_cluster_primary
17,1,1,1,0.06176084099868594,94,1,0.411957950065703,0.01,0,lotte_technology_search_100k_q509,1,0.6353658579252911,3,hybrid_lite,1,1,1,1522,fixed_cluster_primary
17,1,1,1,0.29717341482047366,1167,1,0.5245734657499364,0.01,1,lotte_technology_search_100k_q288,7,0.9159021401736535,3,linucb_primary,1,1,1,3927,fixed_cluster_primary
17,1,1,1,0.22968197879858657,260,1,0.5035335689045937,0.01,1,lotte_technology_search_100k_q42,2,0.6406358461993161,3,hybrid_lite,1,1,1,1132,fixed_cluster_primary
17,1,1,1,nan,0,0,nan,nan,0,lotte_technology_search_100k_q254,0,0.720570732025724,3,hybrid_lite,0,0,0,1761,fixed_cluster_primary
17,1,1,1,0.19139966273187184,227,2,0.7192242833052276,0.01,1,lotte_technology_search_100k_q281,2,0.5152094599805898,3,hybrid_lite,1,1,1,1186,fixed_cluster_primary
17,1,1,1,0.10581639803784162,151,1,0.6229852838121934,0.01,1,lotte_technology_search_100k_q562,2,0.9532984196302859,3,linucb_primary,1,1,1,1427,fixed_cluster_primary
17,1,0,1,nan,0,0,nan,nan,0,lotte_technology_search_100k_q534,0,0.34092770511172554,2,full_dense_fallback,0,0,0,782,fixed_cluster_primary
17,1,0,1,nan,0,0,nan,nan,0,lotte_technology_search_100k_q120,0,0.45282120006676346,2,hybrid_lite,0,0,0,786,fixed_cluster_primary
17,1,1,1,0.24442988204456095,373,1,0.3722149410222805,0.01,1,lotte_technology_search_100k_q65,2,0.7430862229000976,3,linucb_primary,1,1,1,1526,fixed_cluster_primary
17,1,1,1,0.266384778012685,126,1,0.5306553911205074,0.01,0,lotte_technology_search_100k_q302,1,0.9634729716469326,3,linucb_primary,1,1,1,473,fixed_cluster_primary
17,1,1,1,0.23979591836734693,141,2,0.4897959183673469,0.01,0,lotte_technology_search_100k_q222,1,0.4889320269661609,3,hybrid_lite,1,1,1,588,fixed_cluster_primary
17,1,1,1,0.11465271170313987,241,1,0.7136060894386298,0.01,1,lotte_technology_search_100k_q267,2,0.8070274594050952,3,linucb_primary,1,1,1,2102,fixed_cluster_primary
17,1,1,1,0.13801694070752366,277,1,0.3079222720478326,0.01,1,lotte_technology_search_100k_q82,2,0.842957523687895,3,linucb_primary,1,1,1,2007,fixed_cluster_primary
17,0,1,1,0.6392512762336926,1127,7,0.5229722064662508,0.48,0,lotte_technology_search_100k_q547,1,0.610512592407109,2,hybrid_lite,1,1,1,1763,fixed_cluster_primary
17,1,1,1,0.068762278978389,70,1,0.5392927308447937,0.01,1,lotte_technology_search_100k_q413,4,0.5394608322623258,3,hybrid_lite,1,1,1,1018,fixed_cluster_primary
17,1,1,1,0.09814323607427056,111,1,0.6091954022988506,0.01,0,lotte_technology_search_100k_q164,1,0.8905310708463955,3,linucb_primary,1,1,1,1131,fixed_cluster_primary
17,1,1,1,0.059431524547803614,46,1,0.3695090439276486,0.01,0,lotte_technology_search_100k_q240,1,0.6499110794679646,3,hybrid_lite,1,1,1,774,fixed_cluster_primary
17,0,1,1,0.09505106048703849,121,2,0.7596229379418696,0.01,0,lotte_technology_search_100k_q66,1,0.6203940624265075,2,hybrid_lite,1,1,1,1273,fixed_cluster_primary
17,1,1,1,0.04051236222817992,136,1,0.3205242776288353,0.01,1,lotte_technology_search_100k_q434,8,0.7000447497560014,3,hybrid_lite,1,1,1,3357,fixed_cluster_primary
17,1,1,1,0.04208754208754209,50,1,0.8257575757575757,0.01,1,lotte_technology_search_100k_q403,2,0.800169638966967,3,linucb_primary,1,1,1,1188,fixed_cluster_primary
17,1,1,1,0.24709302325581395,255,1,0.4835271317829457,0.01,0,lotte_technology_search_100k_q154,1,0.9334657418652365,3,linucb_primary,1,1,1,1032,fixed_cluster_primary
17,1,1,0,nan,0,0,nan,nan,0,lotte_technology_search_100k_q8,0,0.3198287495838764,2,full_dense_fallback,0,0,0,489,fixed_cluster_primary
17,1,1,1,0.2895957587806494,437,4,0.7104042412193505,0.01,0,lotte_technology_search_100k_q40,1,0.6894882468021298,3,hybrid_lite,1,1,1,1509,fixed_cluster_primary
17,0,1,1,1.0,689,10,0.0,1.0,0,lotte_technology_search_100k_q22,1,0.7764914552610597,2,linucb_primary,0,0,1,689,fixed_cluster_primary
17,1,0,1,nan,0,0,nan,nan,0,lotte_technology_search_100k_q433,0,0.49725386518957987,2,hybrid_lite,0,0,0,1431,fixed_cluster_primary
17,1,1,1,0.10432852386237514,188,1,0.7103218645948945,0.01,0,lotte_technology_search_100k_q585,1,0.9917133350098846,3,linucb_primary,1,1,1,1802,fixed_cluster_primary
17,1,0,1,nan,0,0,nan,nan,0,lotte_technology_search_100k_q526,0,0.4494908703456529,2,hybrid_lite,0,0,0,1297,fixed_cluster_primary
17,1,1,1,0.4104803493449782,658,3,0.4747348721147848,0.01,1,lotte_technology_search_100k_q508,2,0.9807656809547491,3,linucb_primary,1,1,1,1603,fixed_cluster_primary
17,1,1,1,0.10264571314899543,516,1,0.6719713546847026,0.01,1,lotte_technology_search_100k_q575,3,0.8207695802405179,3,linucb_primary,1,1,1,5027,fixed_cluster_primary
17,1,1,1,nan,0,0,nan,nan,0,lotte_technology_search_100k_q172,0,0.8510179902515115,3,linucb_primary,0,0,0,721,fixed_cluster_primary
17,1,0,1,nan,0,0,nan,nan,0,lotte_technology_search_100k_q226,0,0.2605012078144662,2,full_dense_fallback,0,0,0,693,fixed_cluster_primary
17,1,1,1,0.10370961308336657,260,1,0.574790586358197,0.01,1,lotte_technology_search_100k_q492,2,0.7792972326192196,3,linucb_primary,1,1,1,2507,fixed_cluster_primary
17,1,1,1,0.2374429223744292,260,1,0.4621004566210045,0.01,1,lotte_technology_search_100k_q41,2,0.5896921243159579,3,hybrid_lite,1,1,1,1095,fixed_cluster_primary
17,1,0,1,nan,0,0,nan,nan,0,lotte_technology_search_100k_q502,0,0.311477943129828,2,full_dense_fallback,0,0,0,1160,fixed_cluster_primary
17,0,1,1,0.44020797227036396,254,2,0.415944540727903,0.01,0,lotte_technology_search_100k_q271,1,0.8281059242089956,2,linucb_primary,1,1,1,577,fixed_cluster_primary
17,1,1,1,0.06553398058252427,108,1,0.37803398058252424,0.01,1,lotte_technology_search_100k_q566,3,0.7190107043650361,3,hybrid_lite,1,1,1,1648,fixed_cluster_primary
17,1,1,1,0.0472972972972973,28,1,0.6689189189189189,0.01,1,lotte_technology_search_100k_q292,2,0.5251094724490925,3,hybrid_lite,1,1,1,592,fixed_cluster_primary
17,1,1,1,0.406858924395947,522,2,0.5385814497272019,0.01,0,lotte_technology_search_100k_q506,1,0.5474165097576104,3,hybrid_lite,1,1,1,1283,fixed_cluster_primary
17,1,1,1,0.1561100447856686,244,1,0.49328214971209217,0.01,1,lotte_technology_search_100k_q493,2,0.8907117989935175,3,linucb_primary,1,1,1,1563,fixed_cluster_primary
17,1,1,1,0.07634677131644667,214,1,0.4402425972172672,0.01,0,lotte_technology_search_100k_q338,1,0.9771285680884,3,linucb_primary,1,1,1,2803,fixed_cluster_primary
17,1,1,1,0.027333073018352205,70,1,0.6891839125341663,0.01,1,lotte_technology_search_100k_q431,5,0.545976353349048,3,hybrid_lite,1,1,1,2561,fixed_cluster_primary
17,0,1,1,nan,0,0,nan,nan,0,lotte_technology_search_100k_q26,0,0.9622296478159118,2,linucb_primary,0,0,0,1349,fixed_cluster_primary
17,1,1,1,0.2961521833117164,685,1,0.3169044530912235,0.01,0,lotte_technology_search_100k_q72,1,0.8499192634528755,3,linucb_primary,1,1,1,2313,fixed_cluster_primary
17,0,1,1,0.3877551020408163,285,3,0.5768707482993197,0.01,0,lotte_technology_search_100k_q121,1,0.7589525896460737,2,linucb_primary,1,1,1,735,fixed_cluster_primary
17,0,1,1,0.3002481389578164,121,2,0.5533498759305211,0.01,0,lotte_technology_search_100k_q225,1,0.5438153943415963,2,hybrid_lite,1,1,1,403,fixed_cluster_primary
17,1,1,1,0.2546103509815586,428,1,0.4134443783462225,0.01,1,lotte_technology_search_100k_q132,2,0.9706838079609494,3,linucb_primary,1,1,1,1681,fixed_cluster_primary
17,1,1,1,0.22641509433962265,312,1,0.5544267053701015,0.01,0,lotte_technology_search_100k_q63,1,0.5528706537468905,3,hybrid_lite,1,1,1,1378,fixed_cluster_primary
17,0,1,1,0.4696969696969697,620,5,0.5303030303030303,0.47,0,lotte_technology_search_100k_q203,1,0.7229482446050318,2,hybrid_lite,1,1,1,1320,fixed_cluster_primary
17,1,0,1,nan,0,0,nan,nan,0,lotte_technology_search_100k_q392,0,0.5143145696261436,2,hybrid_lite,0,0,0,670,fixed_cluster_primary
17,1,1,1,0.141321044546851,92,1,0.47772657450076805,0.01,1,lotte_technology_search_100k_q173,2,0.6820916301079556,3,hybrid_lite,1,1,1,651,fixed_cluster_primary
17,1,1,1,0.16996699669966997,206,1,0.5676567656765676,0.01,1,lotte_technology_search_100k_q249,2,0.7522220959829372,3,linucb_primary,1,1,1,1212,fixed_cluster_primary
17,1,1,1,0.07618250313938886,182,1,0.24863959815822523,0.01,1,lotte_technology_search_100k_q581,2,0.7314889462575503,3,hybrid_lite,1,1,1,2389,fixed_cluster_primary
17,1,0,1,nan,0,0,nan,nan,0,lotte_technology_search_100k_q152,0,0.43390356237706595,2,full_dense_fallback,0,0,0,2252,fixed_cluster_primary
17,1,1,1,0.06276939655172414,233,1,0.5902478448275862,0.01,1,lotte_technology_search_100k_q590,2,0.9901965345637719,3,linucb_primary,1,1,1,3712,fixed_cluster_primary
17,1,1,1,0.0665083135391924,112,1,0.5403800475059383,0.01,1,lotte_technology_search_100k_q95,3,0.9480287140472862,3,linucb_primary,1,1,1,1684,fixed_cluster_primary
17,1,1,1,0.07503234152652005,58,1,0.6067270375161707,0.01,0,lotte_technology_search_100k_q522,1,0.6327732852686178,3,hybrid_lite,1,1,1,773,fixed_cluster_primary
17,1,1,1,0.18727272727272729,309,1,0.436969696969697,0.01,1,lotte_technology_search_100k_q257,2,0.586013920788032,3,hybrid_lite,1,1,1,1650,fixed_cluster_primary
17,1,1,1,0.29284037558685444,499,1,0.47065727699530513,0.01,1,lotte_technology_search_100k_q316,3,0.9756105124323526,3,linucb_primary,1,1,1,1704,fixed_cluster_primary
17,1,1,1,0.28064066852367686,403,3,0.5626740947075208,0.01,1,lotte_technology_search_100k_q188,2,0.8777250587245953,3,linucb_primary,1,1,1,1436,fixed_cluster_primary
17,1,1,1,0.08333333333333333,215,1,0.5286821705426357,0.01,1,lotte_technology_search_100k_q529,6,0.7601397241745858,3,linucb_primary,1,1,1,2580,fixed_cluster_primary
17,1,1,1,0.622568093385214,1440,4,0.377431906614786,0.01,0,lotte_technology_search_100k_q70,1,0.8550645127197868,3,linucb_primary,1,1,1,2313,fixed_cluster_primary
17,1,1,1,0.24553571428571427,385,2,0.5446428571428572,0.01,1,lotte_technology_search_100k_q298,2,0.9462702405804092,3,linucb_primary,1,1,1,1568,fixed_cluster_primary
17,1,1,1,0.4203208556149733,786,1,0.453475935828877,0.01,0,lotte_technology_search_100k_q528,1,0.31575711893969516,3,full_dense_fallback,1,1,1,1870,fixed_cluster_primary
17,1,0,1,nan,0,0,nan,nan,0,lotte_technology_search_100k_q383,0,0.2108317402712364,2,full_dense_fallback,0,0,0,453,fixed_cluster_primary
17,0,0,0,nan,0,0,nan,nan,0,lotte_technology_search_100k_q138,0,0.27140619595673926,0,full_dense_fallback,0,0,0,976,fixed_cluster_primary
17,1,1,1,0.024245002126754574,57,1,0.6992769034453424,0.01,1,lotte_technology_search_100k_q442,3,0.7484029907363701,3,linucb_primary,1,1,1,2351,fixed_cluster_primary
17,0,1,1,0.08284023668639054,56,1,0.4600591715976331,0.01,0,lotte_technology_search_100k_q180,1,0.8224974566199245,2,linucb_primary,1,1,1,676,fixed_cluster_primary
17,1,1,1,0.12368421052631579,94,1,0.6355263157894737,0.01,0,lotte_technology_search_100k_q29,1,0.6439661641434412,3,hybrid_lite,1,1,1,760,fixed_cluster_primary
17,1,1,1,0.02510716472749541,41,1,0.6901408450704225,0.01,0,lotte_technology_search_100k_q295,1,0.8553787807166375,3,linucb_primary,1,1,1,1633,fixed_cluster_primary
17,1,1,1,0.6056260341974627,1098,5,0.39437396580253725,0.61,0,lotte_technology_search_100k_q519,1,0.5762632314525722,3,hybrid_lite,1,1,1,1813,fixed_cluster_primary
17,1,1,1,0.12087912087912088,110,1,0.5857142857142856,0.01,1,lotte_technology_search_100k_q242,3,0.472583216740289,3,hybrid_lite,1,1,1,910,fixed_cluster_primary
17,1,1,1,0.5027541311967952,1004,4,0.49724586880320476,0.01,1,lotte_technology_search_100k_q334,2,0.671829522833169,3,hybrid_lite,1,1,1,1997,fixed_cluster_primary
19,1,1,1,0.056511056511056514,23,1,0.47174447174447176,0.01,1,lotte_technology_search_100k_q336,2,0.6894729943714194,3,hybrid_lite,1,1,1,407,fixed_cluster_primary
19,1,1,1,0.41468459152016546,401,2,0.4963805584281282,0.01,0,lotte_technology_search_100k_q76,1,0.956709999067986,3,linucb_primary,1,1,1,967,fixed_cluster_primary
19,1,1,1,0.03281982585398526,49,1,0.7997320830542531,0.01,1,lotte_technology_search_100k_q426,8,0.7236217922516591,3,hybrid_lite,1,1,1,1493,fixed_cluster_primary
19,1,0,1,nan,0,0,nan,nan,0,lotte_technology_search_100k_q2,0,0.27007609641508057,2,full_dense_fallback,0,0,0,842,fixed_cluster_primary
19,1,1,1,0.30965068087625813,523,1,0.5038484310242748,0.01,1,lotte_technology_search_100k_q447,3,0.43017498578512287,3,full_dense_fallback,1,1,1,1689,fixed_cluster_primary
19,1,1,1,0.4503271861986913,757,2,0.36109458655562165,0.01,0,lotte_technology_search_100k_q139,1,0.9007613003028447,3,linucb_primary,1,1,1,1681,fixed_cluster_primary
19,1,1,1,0.20028476506881823,422,1,0.36165163739914574,0.01,1,lotte_technology_search_100k_q507,2,0.6932847217547207,3,hybrid_lite,1,1,1,2107,fixed_cluster_primary
19,0,1,1,nan,0,0,nan,nan,0,lotte_technology_search_100k_q58,0,0.8728400763481187,2,linucb_primary,0,0,0,1030,fixed_cluster_primary
19,1,1,1,0.15030674846625766,147,2,0.6912065439672801,0.01,0,lotte_technology_search_100k_q125,1,0.6843010497263747,3,hybrid_lite,1,1,1,978,fixed_cluster_primary
19,1,1,1,0.019080659150043366,66,1,0.6487424111014743,0.01,1,lotte_technology_search_100k_q462,4,0.9870750307648781,3,linucb_primary,1,1,1,3459,fixed_cluster_primary
19,0,1,1,0.336144578313253,279,4,0.6638554216867469,0.01,0,lotte_technology_search_100k_q57,1,0.9505952263742922,2,linucb_primary,1,1,1,830,fixed_cluster_primary
19,1,1,1,0.0982961992136304,150,1,0.5321100917431192,0.01,1,lotte_technology_search_100k_q503,5,0.7569289316484983,3,linucb_primary,1,1,1,1526,fixed_cluster_primary
19,1,1,1,0.12934362934362933,67,1,0.5386100386100385,0.01,0,lotte_technology_search_100k_q264,1,0.9164544998114013,3,linucb_primary,1,1,1,518,fixed_cluster_primary
19,0,0,0,nan,0,0,nan,nan,0,lotte_technology_search_100k_q166,0,0.6730687825883245,0,hybrid_lite,0,0,0,1734,fixed_cluster_primary
19,1,0,1,nan,0,0,nan,nan,0,lotte_technology_search_100k_q213,0,0.43151541800847015,2,full_dense_fallback,0,0,0,662,fixed_cluster_primary
19,1,1,1,0.0867244829886591,130,1,0.580386924616411,0.01,1,lotte_technology_search_100k_q578,5,0.5716576841783233,3,hybrid_lite,1,1,1,1499,fixed_cluster_primary
19,1,0,1,nan,0,0,nan,nan,0,lotte_technology_search_100k_q244,0,0.3830264501921574,2,full_dense_fallback,0,0,0,1366,fixed_cluster_primary
19,1,1,1,0.36386138613861385,294,3,0.5891089108910892,0.01,0,lotte_technology_search_100k_q117,1,0.9923306089691776,3,linucb_primary,1,1,1,808,fixed_cluster_primary
19,0,1,1,0.9311575726670066,1826,8,0.0688424273329934,0.94,0,lotte_technology_search_100k_q280,1,0.7582206708514654,2,linucb_primary,0,1,1,1961,fixed_cluster_primary
19,1,1,1,0.07306501547987616,118,1,0.5405572755417957,0.01,1,lotte_technology_search_100k_q378,4,0.9632044816583041,3,linucb_primary,1,1,1,1615,fixed_cluster_primary
19,1,1,1,0.20141969831410825,227,1,0.6610470275066549,0.01,0,lotte_technology_search_100k_q11,1,0.9409017239555615,3,linucb_primary,1,1,1,1127,fixed_cluster_primary
19,1,1,1,0.7713685193834656,3303,4,0.22863148061653438,0.01,0,lotte_technology_search_100k_q102,1,0.7782351377520202,3,linucb_primary,1,1,1,4282,fixed_cluster_primary
19,1,0,1,nan,0,0,nan,nan,0,lotte_technology_search_100k_q363,0,0.5177015263688486,2,hybrid_lite,0,0,0,886,fixed_cluster_primary
19,1,1,1,0.04842105263157895,46,1,0.5926315789473684,0.01,1,lotte_technology_search_100k_q446,2,0.7973319039584421,3,linucb_primary,1,1,1,950,fixed_cluster_primary
19,1,0,1,nan,0,0,nan,nan,0,lotte_technology_search_100k_q499,0,0.38936878842284145,2,full_dense_fallback,0,0,0,1064,fixed_cluster_primary
19,1,1,1,0.08051628764597418,131,1,0.4867854947756607,0.01,0,lotte_technology_search_100k_q476,1,0.5542473781574467,3,hybrid_lite,1,1,1,1627,fixed_cluster_primary
19,1,1,1,0.09489916963226572,80,1,0.6927639383155397,0.01,1,lotte_technology_search_100k_q98,2,0.9405582763131309,3,linucb_primary,1,1,1,843,fixed_cluster_primary
19,1,1,0,nan,0,0,nan,nan,0,lotte_technology_search_100k_q284,0,0.6677964758496643,2,hybrid_lite,0,0,0,1451,fixed_cluster_primary
19,1,1,1,0.18997361477572558,288,2,0.741424802110818,0.01,0,lotte_technology_search_100k_q200,1,0.7608885995341936,3,linucb_primary,1,1,1,1516,fixed_cluster_primary
19,1,1,1,0.625,690,5,0.375,0.63,0,lotte_technology_search_100k_q170,1,0.5936277293919656,3,hybrid_lite,1,1,1,1104,fixed_cluster_primary
19,0,1,1,0.3138634764250528,446,3,0.5263898662913441,0.01,1,lotte_technology_search_100k_q278,2,0.9651301472828805,2,linucb_primary,1,1,1,1421,fixed_cluster_primary
19,1,1,1,0.15264423076923078,254,1,0.4122596153846154,0.01,1,lotte_technology_search_100k_q525,4,0.7966055796503388,3,linucb_primary,1,1,1,1664,fixed_cluster_primary
19,1,1,1,0.08251996450754215,93,1,0.5110913930789707,0.01,1,lotte_technology_search_100k_q210,2,0.9658918002364357,3,linucb_primary,1,1,1,1127,fixed_cluster_primary
19,1,1,1,0.17979127134724857,379,1,0.5944022770398483,0.01,1,lotte_technology_search_100k_q425,9,1.0,3,linucb_primary,1,1,1,2108,fixed_cluster_primary
19,1,1,1,0.02962962962962963,52,1,0.8672364672364672,0.01,1,lotte_technology_search_100k_q0,2,0.9333932162837567,3,linucb_primary,1,1,1,1755,fixed_cluster_primary
19,1,1,1,0.10141987829614604,150,1,0.5172413793103448,0.01,1,lotte_technology_search_100k_q516,5,0.8008857003145011,3,linucb_primary,1,1,1,1479,fixed_cluster_primary
19,1,1,1,0.09788953749438707,218,1,0.5657835653345308,0.01,1,lotte_technology_search_100k_q436,2,0.7890327224554894,3,linucb_primary,1,1,1,2227,fixed_cluster_primary
19,1,0,1,nan,0,0,nan,nan,0,lotte_technology_search_100k_q419,0,0.460702049784118,2,hybrid_lite,0,0,0,1547,fixed_cluster_primary
19,1,1,1,0.36384976525821594,465,1,0.2597809076682316,0.01,0,lotte_technology_search_100k_q376,1,0.8125284828794619,3,linucb_primary,1,1,1,1278,fixed_cluster_primary
19,1,1,1,0.21803921568627452,278,1,0.5615686274509804,0.01,0,lotte_technology_search_100k_q500,1,0.5567912010734265,3,hybrid_lite,1,1,1,1275,fixed_cluster_primary
19,0,1,1,0.4450830140485313,697,4,0.5549169859514687,0.01,0,lotte_technology_search_100k_q445,1,0.9532937646139821,2,linucb_primary,1,1,1,1566,fixed_cluster_primary
19,1,1,0,nan,0,0,nan,nan,0,lotte_technology_search_100k_q115,0,0.7160926089374908,2,hybrid_lite,0,0,0,1518,fixed_cluster_primary
19,1,1,1,0.6786971830985915,771,4,0.3213028169014085,0.01,0,lotte_technology_search_100k_q273,1,0.5621684945156372,3,hybrid_lite,1,1,1,1136,fixed_cluster_primary
19,1,1,1,0.22189128816083395,298,1,0.18466120625465376,0.01,0,lotte_technology_search_100k_q535,1,0.5216085480598515,3,hybrid_lite,1,1,1,1343,fixed_cluster_primary
19,1,1,1,0.02096069868995633,48,1,0.5951965065502183,0.01,1,lotte_technology_search_100k_q329,4,0.971170748536506,3,linucb_primary,1,1,1,2290,fixed_cluster_primary
19,1,0,1,nan,0,0,nan,nan,0,lotte_technology_search_100k_q568,0,0.46813239185096567,2,hybrid_lite,0,0,0,2424,fixed_cluster_primary
19,1,1,1,0.02044907778668805,51,1,0.39735364875701684,0.01,1,lotte_technology_search_100k_q595,5,0.9798799567106083,3,linucb_primary,1,1,1,2494,fixed_cluster_primary
19,1,0,1,nan,0,0,nan,nan,0,lotte_technology_search_100k_q359,0,0.4445060373104282,2,hybrid_lite,0,0,0,3081,fixed_cluster_primary
19,0,1,1,nan,0,0,nan,nan,0,lotte_technology_search_100k_q21,0,0.7950418297138026,2,linucb_primary,0,0,0,816,fixed_cluster_primary
19,1,1,1,0.1870202372644801,268,1,0.32588974180041874,0.01,1,lotte_technology_search_100k_q560,3,0.7934799726057935,3,linucb_primary,1,1,1,1433,fixed_cluster_primary
19,1,1,1,0.17678100263852242,335,1,0.27862796833773085,0.01,1,lotte_technology_search_100k_q396,4,0.7523052145059981,3,linucb_primary,1,1,1,1895,fixed_cluster_primary
19,1,1,1,nan,0,0,nan,nan,0,lotte_technology_search_100k_q163,0,0.2659378726486032,3,full_dense_fallback,0,0,0,1307,fixed_cluster_primary
19,1,1,1,0.06257287213369607,161,1,0.42673921492421296,0.01,1,lotte_technology_search_100k_q527,7,0.5815789558216411,3,hybrid_lite,1,1,1,2573,fixed_cluster_primary
19,1,1,1,0.06007226738934056,133,1,0.5740740740740741,0.01,1,lotte_technology_search_100k_q423,6,0.9696553496850258,3,linucb_primary,1,1,1,2214,fixed_cluster_primary
19,1,1,0,nan,0,0,nan,nan,0,lotte_technology_search_100k_q283,0,0.9583057998688543,2,linucb_primary,0,0,0,843,fixed_cluster_primary
19,1,1,1,0.2435344827586207,565,4,0.7564655172413793,0.01,1,lotte_technology_search_100k_q339,2,0.659927738020288,3,hybrid_lite,1,1,1,2320,fixed_cluster_primary
19,1,1,1,0.21006944444444445,242,1,0.3585069444444444,0.01,0,lotte_technology_search_100k_q474,1,0.38933043190386385,3,full_dense_fallback,1,1,1,1152,fixed_cluster_primary
19,1,1,1,0.1634980988593156,215,1,0.4479087452471483,0.01,1,lotte_technology_search_100k_q343,6,0.9015509276572884,3,linucb_primary,1,1,1,1315,fixed_cluster_primary
19,1,1,1,0.11287538833275802,327,2,0.19571971004487398,0.01,0,lotte_technology_search_100k_q312,1,0.4672809116866079,3,hybrid_lite,1,1,1,2897,fixed_cluster_primary
19,1,1,1,0.05355776587605203,70,1,0.540168324407039,0.01,1,lotte_technology_search_100k_q311,3,0.8535696282387598,3,linucb_primary,1,1,1,1307,fixed_cluster_primary
19,1,1,1,0.1935881627620222,314,1,0.6504315659679408,0.01,1,lotte_technology_search_100k_q236,3,0.9319482406281268,3,linucb_primary,1,1,1,1622,fixed_cluster_primary
19,0,1,0,0.8696172248803827,727,9,0.4736842105263158,0.53,0,lotte_technology_search_100k_q382,1,0.4654064822185987,1,hybrid_lite,0,1,1,836,fixed_cluster_primary
19,1,1,1,0.15249266862170088,208,1,0.3203812316715543,0.01,1,lotte_technology_search_100k_q328,4,0.9772245694516078,3,linucb_primary,1,1,1,1364,fixed_cluster_primary
19,1,1,1,0.05144467935165609,73,1,0.6708949964763918,0.01,1,lotte_technology_search_100k_q444,8,0.9484226071106403,3,linucb_primary,1,1,1,1419,fixed_cluster_primary
19,1,1,1,0.06857451403887689,127,1,0.4136069114470843,0.01,0,lotte_technology_search_100k_q356,1,0.743907298532991,3,linucb_primary,1,1,1,1852,fixed_cluster_primary
19,1,1,1,0.6018376722817764,786,1,0.31393568147013784,0.01,0,lotte_technology_search_100k_q517,1,0.5496617678164448,3,hybrid_lite,1,1,1,1306,fixed_cluster_primary
19,1,1,1,0.38282208588957056,624,2,0.27361963190184047,0.01,0,lotte_technology_search_100k_q415,1,0.8203453334974391,3,linucb_primary,1,1,1,1630,fixed_cluster_primary
19,1,1,1,0.1327372764786795,193,1,0.46079779917469055,0.01,1,lotte_technology_search_100k_q416,3,0.7886745827177105,3,linucb_primary,1,1,1,1454,fixed_cluster_primary
19,1,1,1,0.08308952603861908,142,1,0.6746635459332944,0.01,1,lotte_technology_search_100k_q495,2,0.8412152324022136,3,linucb_primary,1,1,1,1709,fixed_cluster_primary
19,1,1,1,0.6454834316840672,1422,1,0.2192464820699047,0.01,1,lotte_technology_search_100k_q263,2,0.7859716911662539,3,linucb_primary,1,1,1,2203,fixed_cluster_primary
19,1,1,1,0.016540317022742935,72,1,0.7757868136917069,0.01,1,lotte_technology_search_100k_q369,4,0.6959785955806221,3,hybrid_lite,1,1,1,4353,fixed_cluster_primary
19,0,1,1,nan,0,0,nan,nan,0,lotte_technology_search_100k_q175,0,0.34563882030000437,2,full_dense_fallback,0,0,0,1160,fixed_cluster_primary
19,1,1,1,0.2710997442455243,636,1,0.33333333333333337,0.01,1,lotte_technology_search_100k_q480,2,0.6523660777979354,3,hybrid_lite,1,1,1,2346,fixed_cluster_primary
19,1,1,1,0.44522292993630574,699,1,0.47197452229299364,0.01,0,lotte_technology_search_100k_q373,1,0.5908262724299079,3,hybrid_lite,1,1,1,1570,fixed_cluster_primary
19,1,1,1,0.1495124593716143,138,1,0.6078006500541712,0.01,0,lotte_technology_search_100k_q251,1,0.618880633131027,3,hybrid_lite,1,1,1,923,fixed_cluster_primary
19,1,0,1,nan,0,0,nan,nan,0,lotte_technology_search_100k_q443,0,0.5196635737893994,2,hybrid_lite,0,0,0,947,fixed_cluster_primary
19,1,1,1,0.9303867403314917,842,8,0.06961325966850829,0.94,0,lotte_technology_search_100k_q197,1,0.4892860745680891,3,hybrid_lite,0,1,1,905,fixed_cluster_primary
19,1,1,1,0.18647887323943663,331,2,0.6709859154929578,0.01,0,lotte_technology_search_100k_q538,1,0.8402445848862764,3,linucb_primary,1,1,1,1775,fixed_cluster_primary
19,1,1,1,0.24048913043478262,177,2,0.46467391304347827,0.01,0,lotte_technology_search_100k_q262,1,0.8108857913754384,3,linucb_primary,1,1,1,736,fixed_cluster_primary
19,1,1,1,0.16109422492401215,159,1,0.5531914893617021,0.01,1,lotte_technology_search_100k_q466,9,0.7124523121483572,3,hybrid_lite,1,1,1,987,fixed_cluster_primary
19,1,1,1,0.050625,81,1,0.47562499999999996,0.01,1,lotte_technology_search_100k_q588,4,0.9445432990405863,3,linucb_primary,1,1,1,1600,fixed_cluster_primary
19,1,1,1,0.1327372764786795,193,1,0.46079779917469055,0.01,1,lotte_technology_search_100k_q450,3,0.8239036728520693,3,linucb_primary,1,1,1,1454,fixed_cluster_primary
19,1,1,1,0.08235294117647059,63,1,0.6522875816993464,0.01,1,lotte_technology_search_100k_q113,3,0.7055103326339477,3,hybrid_lite,1,1,1,765,fixed_cluster_primary
19,1,1,1,0.9041218637992832,1009,9,0.09587813620071683,0.91,0,lotte_technology_search_100k_q511,1,0.8095206341323383,3,linucb_primary,0,1,1,1116,fixed_cluster_primary
19,1,0,1,nan,0,0,nan,nan,0,lotte_technology_search_100k_q206,0,0.5950587216699083,2,hybrid_lite,0,0,0,2035,fixed_cluster_primary
19,1,0,1,nan,0,0,nan,nan,0,lotte_technology_search_100k_q245,0,0.4301754484220015,2,full_dense_fallback,0,0,0,1618,fixed_cluster_primary
19,0,1,1,nan,0,0,nan,nan,0,lotte_technology_search_100k_q60,0,0.5574072202376452,2,hybrid_lite,0,0,0,859,fixed_cluster_primary
19,1,1,1,0.06877729257641921,63,1,0.6430131004366813,0.01,0,lotte_technology_search_100k_q44,1,0.9697059654329594,3,linucb_primary,1,1,1,916,fixed_cluster_primary
19,1,1,1,0.1677917068466731,174,2,0.6335583413693346,0.01,1,lotte_technology_search_100k_q46,3,0.9574287445700175,3,linucb_primary,1,1,1,1037,fixed_cluster_primary
19,1,1,1,0.6298039215686274,803,6,0.3701960784313726,0.63,0,lotte_technology_search_100k_q358,1,0.6654267451379616,3,hybrid_lite,1,1,1,1275,fixed_cluster_primary
19,1,0,1,nan,0,0,nan,nan,0,lotte_technology_search_100k_q81,0,0.5076298375571181,2,hybrid_lite,0,0,0,1030,fixed_cluster_primary
19,1,1,1,0.3720038350910834,388,3,0.5091083413231065,0.01,1,lotte_technology_search_100k_q193,2,0.9572495909036008,3,linucb_primary,1,1,1,1043,fixed_cluster_primary
19,1,1,1,0.09135559921414538,93,1,0.5137524557956779,0.01,1,lotte_technology_search_100k_q296,5,0.9673178313879951,3,linucb_primary,1,1,1,1018,fixed_cluster_primary
19,1,1,1,0.5562150837988827,1593,3,0.3620810055865922,0.01,1,lotte_technology_search_100k_q542,2,0.41108519346589606,3,full_dense_fallback,1,1,1,2864,fixed_cluster_primary
19,0,0,1,nan,0,0,nan,nan,0,lotte_technology_search_100k_q77,0,0.281288302583985,1,full_dense_fallback,0,0,0,1922,fixed_cluster_primary
19,0,1,1,0.811078140454995,1640,7,0.18892185954500496,0.82,0,lotte_technology_search_100k_q114,1,0.9044773370722565,2,linucb_primary,1,1,1,2022,fixed_cluster_primary
19,1,1,1,0.014788169464428458,37,1,0.5067945643485212,0.01,1,lotte_technology_search_100k_q346,2,0.8916697413096056,3,linucb_primary,1,1,1,2502,fixed_cluster_primary
19,1,1,1,0.3649893692416726,515,2,0.4918497519489724,0.01,1,lotte_technology_search_100k_q49,2,0.7950611772627132,3,linucb_primary,1,1,1,1411,fixed_cluster_primary
19,1,1,1,0.308659217877095,442,3,0.5803072625698324,0.01,1,lotte_technology_search_100k_q110,4,0.9613357359382574,3,linucb_primary,1,1,1,1432,fixed_cluster_primary
19,0,0,0,nan,0,0,nan,nan,0,lotte_technology_search_100k_q237,0,0.5127941515697455,0,hybrid_lite,0,0,0,1005,fixed_cluster_primary
19,1,0,1,nan,0,0,nan,nan,0,lotte_technology_search_100k_q307,0,0.17089564278721808,2,full_dense_fallback,0,0,0,458,fixed_cluster_primary
19,1,1,1,0.08873720136518772,104,1,0.39419795221843,0.01,1,lotte_technology_search_100k_q491,3,0.7278301791497335,3,hybrid_lite,1,1,1,1172,fixed_cluster_primary
19,1,1,1,0.07102593010146561,63,1,0.5941375422773394,0.01,1,lotte_technology_search_100k_q43,3,0.9574782666284954,3,linucb_primary,1,1,1,887,fixed_cluster_primary
19,1,1,1,0.09627659574468085,181,1,0.6696808510638298,0.01,1,lotte_technology_search_100k_q409,3,0.7567624386622587,3,linucb_primary,1,1,1,1880,fixed_cluster_primary
19,1,1,0,nan,0,0,nan,nan,0,lotte_technology_search_100k_q317,0,0.7047960380396128,2,hybrid_lite,0,0,0,2708,fixed_cluster_primary
19,1,1,1,0.9260304912478825,1640,9,0.2326369282891022,0.77,0,lotte_technology_search_100k_q6,1,0.877138182050272,3,linucb_primary,0,1,1,1771,fixed_cluster_primary
19,1,1,1,0.24084003574620197,539,1,0.5411081322609472,0.01,1,lotte_technology_search_100k_q308,4,0.958337781458484,3,linucb_primary,1,1,1,2238,fixed_cluster_primary
19,1,1,1,nan,0,0,nan,nan,0,lotte_technology_search_100k_q28,0,0.7133759159553684,3,hybrid_lite,0,0,0,1469,fixed_cluster_primary
19,1,1,1,0.022727272727272728,41,1,0.6286031042128604,0.01,1,lotte_technology_search_100k_q422,6,0.9733297534736012,3,linucb_primary,1,1,1,1804,fixed_cluster_primary
19,1,0,1,nan,0,0,nan,nan,0,lotte_technology_search_100k_q191,0,0.428512706378471,2,full_dense_fallback,0,0,0,2248,fixed_cluster_primary
19,1,1,1,0.12375859434682965,162,1,0.7035905271199389,0.01,0,lotte_technology_search_100k_q485,1,0.7830382781278328,3,linucb_primary,1,1,1,1309,fixed_cluster_primary
19,1,0,1,nan,0,0,nan,nan,0,lotte_technology_search_100k_q146,0,0.5658402905702883,2,hybrid_lite,0,0,0,669,fixed_cluster_primary
19,1,1,1,0.021064950263311878,36,1,0.791691047396138,0.01,1,lotte_technology_search_100k_q457,5,0.883580770547982,3,linucb_primary,1,1,1,1709,fixed_cluster_primary
19,1,1,1,0.027870680044593088,25,1,0.3935340022296544,0.01,1,lotte_technology_search_100k_q324,7,0.6845891587179129,3,hybrid_lite,1,1,1,897,fixed_cluster_primary
19,1,1,1,0.2199074074074074,285,5,0.7800925925925926,0.22,1,lotte_technology_search_100k_q294,2,0.5391438371149618,3,hybrid_lite,1,1,1,1296,fixed_cluster_primary
19,1,1,1,0.1831626848691695,161,1,0.6234357224118316,0.01,0,lotte_technology_search_100k_q303,1,0.6359339033261366,3,hybrid_lite,1,1,1,879,fixed_cluster_primary
19,1,1,1,0.39206090266449156,721,1,0.23545405111473627,0.01,1,lotte_technology_search_100k_q452,3,0.703066167742047,3,hybrid_lite,1,1,1,1839,fixed_cluster_primary
19,1,1,1,0.296,481,2,0.5458461538461539,0.01,1,lotte_technology_search_100k_q551,2,0.5438874036407596,3,hybrid_lite,1,1,1,1625,fixed_cluster_primary
19,1,1,1,0.03840682788051209,54,1,0.44950213371266,0.01,0,lotte_technology_search_100k_q360,1,0.5801870136038486,3,hybrid_lite,1,1,1,1406,fixed_cluster_primary
19,1,0,1,nan,0,0,nan,nan,0,lotte_technology_search_100k_q9,0,0.45093023959694795,2,hybrid_lite,0,0,0,671,fixed_cluster_primary
19,1,1,1,0.1529051987767584,250,1,0.6140672782874618,0.01,1,lotte_technology_search_100k_q309,3,0.8585080652923004,3,linucb_primary,1,1,1,1635,fixed_cluster_primary
19,1,1,1,0.06981740064446831,195,1,0.682062298603652,0.01,1,lotte_technology_search_100k_q593,2,0.6988524860600476,3,hybrid_lite,1,1,1,2793,fixed_cluster_primary
19,1,1,1,nan,0,0,nan,nan,0,lotte_technology_search_100k_q208,0,0.9415445590912338,3,linucb_primary,0,0,0,1895,fixed_cluster_primary
19,1,0,1,nan,0,0,nan,nan,0,lotte_technology_search_100k_q489,0,0.49048062563708755,2,hybrid_lite,0,0,0,712,fixed_cluster_primary
19,1,1,1,0.23493975903614459,312,1,0.5376506024096386,0.01,0,lotte_technology_search_100k_q62,1,0.8747112586330151,3,linucb_primary,1,1,1,1328,fixed_cluster_primary
19,1,1,1,0.06751054852320675,64,1,0.44831223628691985,0.01,1,lotte_technology_search_100k_q111,5,0.7432061387205791,3,linucb_primary,1,1,1,948,fixed_cluster_primary
19,1,1,1,0.20567375886524822,261,2,0.5106382978723405,0.01,0,lotte_technology_search_100k_q214,1,0.9865895023017559,3,linucb_primary,1,1,1,1269,fixed_cluster_primary
19,1,1,1,0.2347034828992783,748,1,0.44336366488861,0.01,1,lotte_technology_search_100k_q479,2,0.567763596703437,3,hybrid_lite,1,1,1,3187,fixed_cluster_primary
19,1,1,1,0.04650283553875236,123,1,0.801890359168242,0.01,1,lotte_technology_search_100k_q332,3,0.9485388944501971,3,linucb_primary,1,1,1,2645,fixed_cluster_primary
19,1,1,1,0.14285714285714285,134,2,0.6268656716417911,0.01,1,lotte_technology_search_100k_q83,2,0.5881032217708767,3,hybrid_lite,1,1,1,938,fixed_cluster_primary
19,1,0,1,nan,0,0,nan,nan,0,lotte_technology_search_100k_q87,0,0.2954861187488452,2,full_dense_fallback,0,0,0,742,fixed_cluster_primary
19,1,1,1,0.10505782360317681,1508,1,0.4862756026194789,0.01,1,lotte_technology_search_100k_q558,5,0.8925439383331897,3,linucb_primary,1,1,1,14354,fixed_cluster_primary
19,1,1,1,0.9157127991675338,880,8,0.08428720083246621,0.92,0,lotte_technology_search_100k_q155,1,0.6478287503607004,3,hybrid_lite,0,1,1,961,fixed_cluster_primary
19,1,1,1,0.046137339055793994,43,1,0.5879828326180258,0.01,1,lotte_technology_search_100k_q404,2,0.581643786747063,3,hybrid_lite,1,1,1,932,fixed_cluster_primary
19,0,1,1,nan,0,0,nan,nan,0,lotte_technology_search_100k_q47,0,0.32059337532021515,2,full_dense_fallback,0,0,0,909,fixed_cluster_primary
19,1,1,1,0.08909730363423213,76,1,0.5463071512309496,0.01,0,lotte_technology_search_100k_q37,1,0.8863857607692999,3,linucb_primary,1,1,1,853,fixed_cluster_primary
19,1,0,1,nan,0,0,nan,nan,0,lotte_technology_search_100k_q335,0,0.7353084475726943,2,hybrid_lite,0,0,0,903,fixed_cluster_primary
19,1,1,1,0.29698253043938594,561,1,0.37744838538909475,0.01,0,lotte_technology_search_100k_q411,1,0.8946001455038419,3,linucb_primary,1,1,1,1889,fixed_cluster_primary
19,1,0,1,nan,0,0,nan,nan,0,lotte_technology_search_100k_q265,0,0.315522070588118,2,full_dense_fallback,0,0,0,862,fixed_cluster_primary
19,0,1,1,0.13986013986013987,180,2,0.5540015540015539,0.01,1,lotte_technology_search_100k_q510,4,0.8864560332237756,2,linucb_primary,1,1,1,1287,fixed_cluster_primary
19,1,1,1,0.11103958802703573,345,1,0.7016414547795301,0.01,1,lotte_technology_search_100k_q327,4,0.9702935809947688,3,linucb_primary,1,1,1,3107,fixed_cluster_primary
19,1,0,1,nan,0,0,nan,nan,0,lotte_technology_search_100k_q229,0,0.3428481441512612,2,full_dense_fallback,0,0,0,1040,fixed_cluster_primary
19,1,1,1,0.09296482412060302,74,1,0.7738693467336684,0.01,0,lotte_technology_search_100k_q168,1,0.7090769631281512,3,hybrid_lite,1,1,1,796,fixed_cluster_primary
19,1,1,1,0.11768754301445286,342,1,0.3489332415691673,0.01,1,lotte_technology_search_100k_q326,2,0.6004749677230686,3,hybrid_lite,1,1,1,2906,fixed_cluster_primary
19,1,1,1,0.7256544502617801,693,6,0.5151832460732984,0.49,0,lotte_technology_search_100k_q205,1,0.7856863339881722,3,linucb_primary,1,1,1,955,fixed_cluster_primary
19,1,1,1,0.2489905787348587,185,3,0.6150740242261103,0.01,0,lotte_technology_search_100k_q19,1,0.7947795974128651,3,linucb_primary,1,1,1,743,fixed_cluster_primary
19,1,1,1,0.11954765751211632,74,1,0.7092084006462036,0.01,0,lotte_technology_search_100k_q167,1,0.6325934731244507,3,hybrid_lite,1,1,1,619,fixed_cluster_primary
19,1,1,1,0.3713646532438479,332,1,0.5369127516778524,0.01,1,lotte_technology_search_100k_q52,2,0.5070146161409779,3,hybrid_lite,1,1,1,894,fixed_cluster_primary
19,1,1,1,0.06585612968591692,130,1,0.5932117527862208,0.01,1,lotte_technology_search_100k_q331,2,0.775076635087071,3,linucb_primary,1,1,1,1974,fixed_cluster_primary
19,0,1,1,nan,0,0,nan,nan,0,lotte_technology_search_100k_q20,0,0.8179680797831113,2,linucb_primary,0,0,0,883,fixed_cluster_primary
19,1,1,1,0.28982843137254904,473,2,0.508578431372549,0.01,0,lotte_technology_search_100k_q212,1,0.7905062670824614,3,linucb_primary,1,1,1,1632,fixed_cluster_primary
19,0,1,1,0.25811001410437234,183,2,0.3624823695345557,0.01,1,lotte_technology_search_100k_q75,2,0.7068605292626451,2,hybrid_lite,1,1,1,709,fixed_cluster_primary
19,1,1,1,0.2178988326848249,168,1,0.6212710765239948,0.01,0,lotte_technology_search_100k_q190,1,0.9401291016177902,3,linucb_primary,1,1,1,771,fixed_cluster_primary
19,1,1,1,0.044551475015051176,74,1,0.6947621914509332,0.01,1,lotte_technology_search_100k_q437,10,0.9341877353669277,3,linucb_primary,1,1,1,1661,fixed_cluster_primary
19,1,1,1,0.09788953749438707,218,1,0.5657835653345308,0.01,1,lotte_technology_search_100k_q406,2,0.8124401689529632,3,linucb_primary,1,1,1,2227,fixed_cluster_primary
19,0,0,0,nan,0,0,nan,nan,0,lotte_technology_search_100k_q116,0,0.39148209076307383,0,full_dense_fallback,0,0,0,1311,fixed_cluster_primary
19,0,1,1,0.6665424739195231,1789,8,0.33345752608047685,0.67,0,lotte_technology_search_100k_q374,1,0.9028392827401808,2,linucb_primary,1,1,1,2684,fixed_cluster_primary
19,1,1,1,0.03235053235053235,79,1,0.4238329238329238,0.01,0,lotte_technology_search_100k_q375,1,0.9522134169039489,3,linucb_primary,1,1,1,2442,fixed_cluster_primary
19,1,1,1,0.20418084589207583,420,1,0.529897909577054,0.01,0,lotte_technology_search_100k_q565,1,0.9453830543366674,3,linucb_primary,1,1,1,2057,fixed_cluster_primary
19,1,1,1,0.2312180889861415,317,2,0.4004376367614879,0.01,1,lotte_technology_search_100k_q10,2,0.8157701385271672,3,linucb_primary,1,1,1,1371,fixed_cluster_primary
19,1,1,1,0.11600237953599048,195,1,0.6085663295657346,0.01,1,lotte_technology_search_100k_q589,2,0.7363557996384459,3,hybrid_lite,1,1,1,1681,fixed_cluster_primary
19,1,0,1,nan,0,0,nan,nan,0,lotte_technology_search_100k_q300,0,0.31402734373480967,2,full_dense_fallback,0,0,0,1090,fixed_cluster_primary
19,1,1,1,0.10428662827895073,163,1,0.6353166986564299,0.01,1,lotte_technology_search_100k_q430,3,0.8497144207476192,3,linucb_primary,1,1,1,1563,fixed_cluster_primary
19,1,1,1,0.2272120942641174,511,1,0.27967985771453985,0.01,1,lotte_technology_search_100k_q418,3,0.47631411372946186,3,hybrid_lite,1,1,1,2249,fixed_cluster_primary
19,1,0,1,nan,0,0,nan,nan,0,lotte_technology_search_100k_q158,0,0.30042569792205626,2,full_dense_fallback,0,0,0,1118,fixed_cluster_primary
19,1,1,1,0.33499773036768044,738,2,0.4148887880163413,0.01,1,lotte_technology_search_100k_q80,2,0.9467610841569813,3,linucb_primary,1,1,1,2203,fixed_cluster_primary
19,1,1,1,0.037144938091769844,51,1,0.5702840495265842,0.01,0,lotte_technology_search_100k_q372,1,0.9597701460071417,3,linucb_primary,1,1,1,1373,fixed_cluster_primary
19,1,1,1,0.10320385596824497,728,1,0.6763538417918911,0.01,0,lotte_technology_search_100k_q347,1,0.751366305525375,3,linucb_primary,1,1,1,7054,fixed_cluster_primary
19,1,1,1,0.09821182943603851,357,1,0.6536451169188446,0.01,1,lotte_technology_search_100k_q204,2,0.8263738721083975,3,linucb_primary,1,1,1,3635,fixed_cluster_primary
19,1,1,1,0.8139825218476904,1304,6,0.28776529338327095,0.72,0,lotte_technology_search_100k_q231,1,0.8314911474075535,3,linucb_primary,1,1,1,1602,fixed_cluster_primary
19,0,1,1,nan,0,0,nan,nan,0,lotte_technology_search_100k_q119,0,0.5507565507413587,2,hybrid_lite,0,0,0,961,fixed_cluster_primary
19,1,1,1,0.03340080971659919,66,1,0.35323886639676116,0.01,1,lotte_technology_search_100k_q455,4,0.9773258255366072,3,linucb_primary,1,1,1,1976,fixed_cluster_primary
19,0,0,0,nan,0,0,nan,nan,0,lotte_technology_search_100k_q150,0,0.7690109618936304,0,linucb_primary,0,0,0,993,fixed_cluster_primary
19,1,1,1,0.08077321366931309,234,1,0.7487055574732482,0.01,0,lotte_technology_search_100k_q569,1,0.8550958321815629,3,linucb_primary,1,1,1,2897,fixed_cluster_primary
19,1,1,1,0.38549075391180654,271,4,0.6145092460881935,0.01,0,lotte_technology_search_100k_q221,1,0.6567239202231411,3,hybrid_lite,1,1,1,703,fixed_cluster_primary
19,1,1,1,0.07628294036061026,165,1,0.33148404993065184,0.01,1,lotte_technology_search_100k_q573,2,0.5945402905840589,3,hybrid_lite,1,1,1,2163,fixed_cluster_primary
19,1,1,1,0.05582137161084529,70,1,0.4840510366826156,0.01,1,lotte_technology_search_100k_q429,8,0.8863391175077473,3,linucb_primary,1,1,1,1254,fixed_cluster_primary
19,0,1,1,0.572429906542056,980,4,0.42757009345794394,0.01,0,lotte_technology_search_100k_q487,1,0.5391724732411097,2,hybrid_lite,1,1,1,1712,fixed_cluster_primary
19,1,1,1,0.07407407407407407,56,1,0.7751322751322751,0.01,0,lotte_technology_search_100k_q243,1,0.6743174053621751,3,hybrid_lite,1,1,1,756,fixed_cluster_primary
19,1,1,1,0.49914236706689535,582,1,0.32675814751286447,0.01,0,lotte_technology_search_100k_q53,1,0.4551832508135393,3,hybrid_lite,1,1,1,1166,fixed_cluster_primary
19,1,1,1,0.13752711496746203,317,1,0.7874186550976139,0.01,0,lotte_technology_search_100k_q323,1,0.896994135736111,3,linucb_primary,1,1,1,2305,fixed_cluster_primary
19,1,1,1,0.11256940938919738,223,1,0.29177183240787485,0.01,0,lotte_technology_search_100k_q391,1,0.960716938125977,3,linucb_primary,1,1,1,1981,fixed_cluster_primary
19,1,1,1,0.05931122448979592,93,1,0.5714285714285714,0.01,1,lotte_technology_search_100k_q348,5,1.0,3,linucb_primary,1,1,1,1568,fixed_cluster_primary
19,1,1,1,0.26822157434402333,276,1,0.5403304178814383,0.01,0,lotte_technology_search_100k_q432,1,0.8433897935090021,3,linucb_primary,1,1,1,1029,fixed_cluster_primary
19,1,1,1,0.6755045508508113,1707,5,0.3244954491491887,0.68,0,lotte_technology_search_100k_q71,1,0.9604549904185434,3,linucb_primary,1,1,1,2527,fixed_cluster_primary
19,1,1,1,0.1616650532429816,334,1,0.5890609874152952,0.01,1,lotte_technology_search_100k_q398,7,0.7555211237225802,3,linucb_primary,1,1,1,2066,fixed_cluster_primary
19,0,1,0,nan,0,0,nan,nan,0,lotte_technology_search_100k_q319,0,0.6502891699617172,1,hybrid_lite,0,0,0,946,fixed_cluster_primary
19,1,1,1,nan,0,0,nan,nan,0,lotte_technology_search_100k_q182,0,0.5646207788275751,3,hybrid_lite,0,0,0,1042,fixed_cluster_primary
19,1,1,1,0.18575851393188855,180,1,0.5675954592363261,0.01,0,lotte_technology_search_100k_q25,1,0.8107041347964751,3,linucb_primary,1,1,1,969,fixed_cluster_primary
19,1,1,1,0.2107706592386258,227,1,0.5478180129990715,0.01,0,lotte_technology_search_100k_q14,1,0.40831440049751133,3,full_dense_fallback,1,1,1,1077,fixed_cluster_primary
19,1,1,1,0.2845528455284553,210,3,0.6734417344173442,0.01,1,lotte_technology_search_100k_q370,2,0.4416476113688632,3,hybrid_lite,1,1,1,738,fixed_cluster_primary
19,1,1,1,0.05224787363304982,86,1,0.586269744835966,0.01,1,lotte_technology_search_100k_q449,3,0.9877088978415556,3,linucb_primary,1,1,1,1646,fixed_cluster_primary
19,1,1,1,0.4913254684247051,708,2,0.39278278972935465,0.01,1,lotte_technology_search_100k_q39,2,0.6217745018496359,3,hybrid_lite,1,1,1,1441,fixed_cluster_primary
19,1,1,1,0.4789402173913043,705,8,0.6243206521739131,0.38,0,lotte_technology_search_100k_q165,1,0.7463418461099288,3,linucb_primary,1,1,1,1472,fixed_cluster_primary
19,1,1,1,0.11101730688054032,263,1,0.5922330097087378,0.01,1,lotte_technology_search_100k_q350,7,0.9498671109335688,3,linucb_primary,1,1,1,2369,fixed_cluster_primary
19,1,1,1,nan,0,0,nan,nan,0,lotte_technology_search_100k_q156,0,0.6341475965825163,3,hybrid_lite,0,0,0,975,fixed_cluster_primary
19,1,1,1,0.50293542074364,771,3,0.406392694063927,0.01,0,lotte_technology_search_100k_q567,1,0.5810926973943318,3,hybrid_lite,1,1,1,1533,fixed_cluster_primary
19,1,1,1,0.08941877794336811,180,1,0.6696472925981123,0.01,0,lotte_technology_search_100k_q468,1,0.7094087556850551,3,hybrid_lite,1,1,1,2013,fixed_cluster_primary
19,1,0,1,nan,0,0,nan,nan,0,lotte_technology_search_100k_q524,0,0.6305468029672722,2,hybrid_lite,0,0,0,1360,fixed_cluster_primary
19,1,1,1,0.44,561,3,0.38431372549019605,0.01,1,lotte_technology_search_100k_q187,2,0.6517272330503695,3,hybrid_lite,1,1,1,1275,fixed_cluster_primary
19,1,1,1,0.07259528130671507,120,1,0.588021778584392,0.01,1,lotte_technology_search_100k_q486,2,0.8022054942540305,3,linucb_primary,1,1,1,1653,fixed_cluster_primary
19,0,1,1,1.0,1039,10,0.26756496631376325,0.74,0,lotte_technology_search_100k_q68,1,0.951076002923926,2,linucb_primary,1,1,1,1039,fixed_cluster_primary
19,1,0,1,nan,0,0,nan,nan,0,lotte_technology_search_100k_q86,0,0.36418647798034276,2,full_dense_fallback,0,0,0,930,fixed_cluster_primary
19,1,1,1,0.49592391304347827,365,5,0.5040760869565217,0.5,1,lotte_technology_search_100k_q118,2,0.45618496303848505,3,hybrid_lite,1,1,1,736,fixed_cluster_primary
19,1,1,1,0.1638163816381638,182,1,0.6147614761476148,0.01,0,lotte_technology_search_100k_q133,1,0.8278584835251249,3,linucb_primary,1,1,1,1111,fixed_cluster_primary
19,1,0,1,nan,0,0,nan,nan,0,lotte_technology_search_100k_q587,0,0.25796416401536226,2,full_dense_fallback,0,0,0,2343,fixed_cluster_primary
19,1,1,1,0.2078853046594982,406,1,0.5673323092677931,0.01,0,lotte_technology_search_100k_q550,1,0.7581152089409464,3,linucb_primary,1,1,1,1953,fixed_cluster_primary
19,0,0,0,nan,0,0,nan,nan,0,lotte_technology_search_100k_q149,0,0.6604437766391212,0,hybrid_lite,0,0,0,938,fixed_cluster_primary
19,1,1,1,0.04691113313511728,142,1,0.5222993062438057,0.01,1,lotte_technology_search_100k_q571,2,0.55123888018278,3,hybrid_lite,1,1,1,3027,fixed_cluster_primary
19,0,1,1,0.6227730441518203,804,6,0.37722695584817967,0.63,0,lotte_technology_search_100k_q481,1,0.31788093477386503,2,full_dense_fallback,1,1,1,1291,fixed_cluster_primary
19,1,1,1,0.09396984924623115,187,1,0.6834170854271358,0.01,0,lotte_technology_search_100k_q299,1,0.512818781938089,3,hybrid_lite,1,1,1,1990,fixed_cluster_primary
19,1,1,1,0.04923325262308313,61,1,0.29782082324455206,0.01,1,lotte_technology_search_100k_q255,3,0.9455807383800874,3,linucb_primary,1,1,1,1239,fixed_cluster_primary
19,1,1,1,0.0778727445394112,82,1,0.5574548907882242,0.01,0,lotte_technology_search_100k_q393,1,0.9401848835515231,3,linucb_primary,1,1,1,1053,fixed_cluster_primary
19,1,1,1,0.1463298379408961,307,1,0.449952335557674,0.01,1,lotte_technology_search_100k_q530,4,0.6943395584880393,3,hybrid_lite,1,1,1,2098,fixed_cluster_primary
19,1,1,1,0.04527162977867203,90,1,0.7062374245472838,0.01,1,lotte_technology_search_100k_q349,2,0.891000555545384,3,linucb_primary,1,1,1,1988,fixed_cluster_primary
19,0,1,1,nan,0,0,nan,nan,0,lotte_technology_search_100k_q56,0,0.927809612988107,2,linucb_primary,0,0,0,973,fixed_cluster_primary
19,1,1,1,0.4957682291666667,1523,1,0.31575520833333337,0.01,0,lotte_technology_search_100k_q532,1,0.3807411444014914,3,full_dense_fallback,1,1,1,3072,fixed_cluster_primary
19,1,1,1,0.1498371335504886,230,2,0.5563517915309446,0.01,1,lotte_technology_search_100k_q351,3,0.7478332422265348,3,linucb_primary,1,1,1,1535,fixed_cluster_primary
19,1,1,1,0.13002806361085126,139,1,0.3872778297474275,0.01,1,lotte_technology_search_100k_q586,5,0.8065742312923595,3,linucb_primary,1,1,1,1069,fixed_cluster_primary
19,1,1,1,0.08228530362917715,229,1,0.6018684872439813,0.01,1,lotte_technology_search_100k_q540,2,0.6007718890897461,3,hybrid_lite,1,1,1,2783,fixed_cluster_primary
19,1,1,1,0.020041465100207326,29,1,0.5577055977885279,0.01,1,lotte_technology_search_100k_q515,5,0.5101577608058564,3,hybrid_lite,1,1,1,1447,fixed_cluster_primary
19,0,0,1,nan,0,0,nan,nan,0,lotte_technology_search_100k_q223,0,0.3043108591227368,1,full_dense_fallback,0,0,0,325,fixed_cluster_primary
19,1,1,1,0.15025041736227046,90,1,0.5008347245409015,0.01,0,lotte_technology_search_100k_q228,1,0.6667560703998138,3,hybrid_lite,1,1,1,599,fixed_cluster_primary
19,0,1,1,0.18106508875739644,153,2,0.6461538461538461,0.01,0,lotte_technology_search_100k_q30,1,0.7570245201431667,2,linucb_primary,1,1,1,845,fixed_cluster_primary
19,1,1,1,0.08405977584059776,135,1,0.30635118306351183,0.01,1,lotte_technology_search_100k_q548,2,0.6959297641047758,3,hybrid_lite,1,1,1,1606,fixed_cluster_primary
19,1,1,1,0.0778371954842543,131,1,0.5799168152109329,0.01,1,lotte_technology_search_100k_q365,3,0.9690985404402972,3,linucb_primary,1,1,1,1683,fixed_cluster_primary
19,1,0,1,nan,0,0,nan,nan,0,lotte_technology_search_100k_q145,0,0.23904037021872904,2,full_dense_fallback,0,0,0,1222,fixed_cluster_primary
19,1,1,1,0.03290183387270766,61,1,0.6181229773462783,0.01,1,lotte_technology_search_100k_q341,3,0.9602075147245875,3,linucb_primary,1,1,1,1854,fixed_cluster_primary
19,1,1,1,0.40190249702734837,338,4,0.5980975029726516,0.01,0,lotte_technology_search_100k_q248,1,0.6819607086942293,3,hybrid_lite,1,1,1,841,fixed_cluster_primary
19,1,0,1,nan,0,0,nan,nan,0,lotte_technology_search_100k_q484,0,0.49743193211298753,2,hybrid_lite,0,0,0,2005,fixed_cluster_primary
19,1,1,1,0.13432835820895522,108,1,0.6592039800995024,0.01,1,lotte_technology_search_100k_q239,2,0.8728785558798708,3,linucb_primary,1,1,1,804,fixed_cluster_primary
19,1,1,1,0.1811764705882353,77,1,0.6447058823529412,0.01,0,lotte_technology_search_100k_q385,1,0.70004809608801,3,hybrid_lite,1,1,1,425,fixed_cluster_primary
19,1,0,1,nan,0,0,nan,nan,0,lotte_technology_search_100k_q380,0,0.3309488603929662,2,full_dense_fallback,0,0,0,2536,fixed_cluster_primary
19,1,1,1,0.08706647398843931,241,1,0.6231936416184971,0.01,0,lotte_technology_search_100k_q518,1,0.7919611590269308,3,linucb_primary,1,1,1,2768,fixed_cluster_primary
19,1,1,1,0.14302884615384615,119,1,0.6430288461538461,0.01,1,lotte_technology_search_100k_q277,2,0.6986314081004581,3,hybrid_lite,1,1,1,832,fixed_cluster_primary
19,1,1,0,nan,0,0,nan,nan,0,lotte_technology_search_100k_q134,0,0.8450445552209171,2,linucb_primary,0,0,0,735,fixed_cluster_primary
19,1,0,1,nan,0,0,nan,nan,0,lotte_technology_search_100k_q59,0,0.5195891370677274,2,hybrid_lite,0,0,0,1236,fixed_cluster_primary
19,1,1,1,0.32695252679938747,427,1,0.2802450229709035,0.01,1,lotte_technology_search_100k_q128,2,0.636811332971035,3,hybrid_lite,1,1,1,1306,fixed_cluster_primary
19,0,1,1,nan,0,0,nan,nan,0,lotte_technology_search_100k_q38,0,0.9672861465236431,2,linucb_primary,0,0,0,727,fixed_cluster_primary
19,1,1,1,0.4409820585457979,467,4,0.559017941454202,0.01,1,lotte_technology_search_100k_q388,3,0.7064212915249175,3,hybrid_lite,1,1,1,1059,fixed_cluster_primary
19,1,1,1,0.1806883365200765,378,2,0.39053537284894835,0.01,0,lotte_technology_search_100k_q123,1,0.8275997432430002,3,linucb_primary,1,1,1,2092,fixed_cluster_primary
19,1,1,1,0.6517036235803136,1205,5,0.34829637641968636,0.66,0,lotte_technology_search_100k_q67,1,0.9805043775273974,3,linucb_primary,1,1,1,1849,fixed_cluster_primary
19,1,1,1,0.26438698915763137,317,2,0.43452877397831524,0.01,0,lotte_technology_search_100k_q15,1,0.8082883430511997,3,linucb_primary,1,1,1,1199,fixed_cluster_primary
19,1,1,1,0.13690105787181084,220,1,0.5227131300560051,0.01,1,lotte_technology_search_100k_q531,3,0.9440716171703881,3,linucb_primary,1,1,1,1607,fixed_cluster_primary
19,1,1,1,0.06964809384164222,95,1,0.467741935483871,0.01,1,lotte_technology_search_100k_q512,2,0.605290872652664,3,hybrid_lite,1,1,1,1364,fixed_cluster_primary
19,1,0,1,nan,0,0,nan,nan,0,lotte_technology_search_100k_q192,0,0.48778356352599994,2,hybrid_lite,0,0,0,1731,fixed_cluster_primary
19,1,1,1,0.19167803547066847,281,3,0.4822646657571623,0.01,1,lotte_technology_search_100k_q549,5,0.7155685897704138,3,hybrid_lite,1,1,1,1466,fixed_cluster_primary
19,1,1,1,0.08226691042047532,135,1,0.36745886654478976,0.01,1,lotte_technology_search_100k_q554,2,0.7444644838662248,3,linucb_primary,1,1,1,1641,fixed_cluster_primary
19,0,0,1,nan,0,0,nan,nan,0,lotte_technology_search_100k_q217,0,0.22160751011655444,1,full_dense_fallback,0,0,0,342,fixed_cluster_primary
19,1,1,1,nan,0,0,nan,nan,0,lotte_technology_search_100k_q195,0,0.7890085232884321,3,linucb_primary,0,0,0,854,fixed_cluster_primary
19,1,1,1,0.10057471264367816,210,1,0.5962643678160919,0.01,1,lotte_technology_search_100k_q438,10,0.8445798469615319,3,linucb_primary,1,1,1,2088,fixed_cluster_primary
19,1,1,1,0.040781160252728314,142,1,0.5884549109707065,0.01,1,lotte_technology_search_100k_q555,2,0.6413713851780629,3,hybrid_lite,1,1,1,3482,fixed_cluster_primary
19,1,1,1,0.24572649572649571,230,1,0.5288461538461539,0.01,1,lotte_technology_search_100k_q247,2,0.7534229142621213,3,linucb_primary,1,1,1,936,fixed_cluster_primary
19,1,1,1,0.26676176890156916,374,1,0.4693295292439372,0.01,1,lotte_technology_search_100k_q330,3,0.7849007056933589,3,linucb_primary,1,1,1,1402,fixed_cluster_primary
19,1,0,1,nan,0,0,nan,nan,0,lotte_technology_search_100k_q381,0,0.3029902232265985,2,full_dense_fallback,0,0,0,518,fixed_cluster_primary
19,1,1,1,nan,0,0,nan,nan,0,lotte_technology_search_100k_q157,0,0.7205484632546829,3,hybrid_lite,0,0,0,929,fixed_cluster_primary
19,0,1,1,0.4979209979209979,479,6,0.502079002079002,0.5,0,lotte_technology_search_100k_q130,1,0.901581702176116,2,linucb_primary,1,1,1,962,fixed_cluster_primary
19,1,0,1,nan,0,0,nan,nan,0,lotte_technology_search_100k_q54,0,0.4227298380087094,2,full_dense_fallback,0,0,0,1675,fixed_cluster_primary
19,1,1,1,0.035634743875278395,64,1,0.7360801781737194,0.01,1,lotte_technology_search_100k_q541,4,0.7275213052655926,3,hybrid_lite,1,1,1,1796,fixed_cluster_primary
19,1,1,1,0.142949967511371,220,1,0.5990903183885641,0.01,1,lotte_technology_search_100k_q488,2,0.8707470569203506,3,linucb_primary,1,1,1,1539,fixed_cluster_primary
19,1,1,1,0.06754658385093168,87,1,0.6653726708074534,0.01,0,lotte_technology_search_100k_q352,1,0.9415390366863686,3,linucb_primary,1,1,1,1288,fixed_cluster_primary
19,1,0,1,nan,0,0,nan,nan,0,lotte_technology_search_100k_q85,0,0.2731749494780518,2,full_dense_fallback,0,0,0,752,fixed_cluster_primary
19,1,1,1,0.10020242914979757,198,1,0.6022267206477733,0.01,0,lotte_technology_search_100k_q576,1,0.38998873161084563,3,full_dense_fallback,1,1,1,1976,fixed_cluster_primary
19,1,1,1,0.6517935258092739,745,6,0.37445319335083116,0.63,1,lotte_technology_search_100k_q389,2,0.7495269265648836,3,linucb_primary,1,1,1,1143,fixed_cluster_primary
19,1,1,1,0.023504273504273504,66,1,0.5673076923076923,0.01,1,lotte_technology_search_100k_q394,4,0.9774456633060756,3,linucb_primary,1,1,1,2808,fixed_cluster_primary
19,1,1,1,0.20451527224435592,154,2,0.5537848605577689,0.01,0,lotte_technology_search_100k_q238,1,0.519213546574466,3,hybrid_lite,1,1,1,753,fixed_cluster_primary
19,0,1,1,0.6229235880398671,375,6,0.5448504983388704,0.46,0,lotte_technology_search_100k_q184,1,0.7419742746502581,2,linucb_primary,1,1,1,602,fixed_cluster_primary
19,1,1,1,0.11226611226611227,270,1,0.47733887733887737,0.01,1,lotte_technology_search_100k_q514,2,1.0,3,linucb_primary,1,1,1,2405,fixed_cluster_primary
19,1,1,1,0.030257186081694403,100,1,0.3071104387291982,0.01,1,lotte_technology_search_100k_q289,7,0.8564233308227688,3,linucb_primary,1,1,1,3305,fixed_cluster_primary
19,1,1,1,0.05782526712759271,92,1,0.8120678818353237,0.01,1,lotte_technology_search_100k_q461,8,0.7888149689339032,3,linucb_primary,1,1,1,1591,fixed_cluster_primary
19,1,1,1,0.06202849958088852,74,1,0.2531433361274099,0.01,1,lotte_technology_search_100k_q274,2,0.9647688546077016,3,linucb_primary,1,1,1,1193,fixed_cluster_primary
19,1,1,1,0.10904255319148937,164,1,0.7446808510638299,0.01,1,lotte_technology_search_100k_q521,2,0.811246659990249,3,linucb_primary,1,1,1,1504,fixed_cluster_primary
19,1,1,1,nan,0,0,nan,nan,0,lotte_technology_search_100k_q33,0,0.9330339882098656,3,linucb_primary,0,0,0,1111,fixed_cluster_primary
19,1,1,1,0.0963855421686747,104,1,0.7034291010194624,0.01,0,lotte_technology_search_100k_q451,1,0.8385156562627504,3,linucb_primary,1,1,1,1079,fixed_cluster_primary
19,1,1,1,0.9064261555806088,804,9,0.0935738444193912,0.91,0,lotte_technology_search_100k_q181,1,0.9362342046806011,3,linucb_primary,0,1,1,887,fixed_cluster_primary
19,1,1,1,nan,0,0,nan,nan,0,lotte_technology_search_100k_q36,0,0.8429478720135867,3,linucb_primary,0,0,0,1456,fixed_cluster_primary
19,1,1,1,0.1260545905707196,254,1,0.5146401985111663,0.01,1,lotte_technology_search_100k_q471,4,0.9463772082942166,3,linucb_primary,1,1,1,2015,fixed_cluster_primary
19,1,1,1,0.15725806451612903,351,1,0.796594982078853,0.01,0,lotte_technology_search_100k_q124,1,0.7674736903416451,3,linucb_primary,1,1,1,2232,fixed_cluster_primary
19,0,1,1,0.6019641825534373,1042,4,0.3980358174465627,0.01,1,lotte_technology_search_100k_q364,2,0.7450193875771643,2,linucb_primary,1,1,1,1731,fixed_cluster_primary
19,1,1,1,0.4417897480451781,1017,4,0.5582102519548219,0.01,1,lotte_technology_search_100k_q520,3,0.6956625545551924,3,hybrid_lite,1,1,1,2302,fixed_cluster_primary
19,0,1,1,0.5098625224148237,853,6,0.6306037059175135,0.37,0,lotte_technology_search_100k_q92,1,0.6871578902417361,2,hybrid_lite,1,1,1,1673,fixed_cluster_primary
19,1,1,1,0.39987445072190836,637,4,0.6001255492780917,0.01,1,lotte_technology_search_100k_q108,5,0.9427707125962991,3,linucb_primary,1,1,1,1593,fixed_cluster_primary
19,1,0,0,nan,0,0,nan,nan,0,lotte_technology_search_100k_q282,0,0.6056454056985706,1,hybrid_lite,0,0,0,1548,fixed_cluster_primary
19,1,0,1,nan,0,0,nan,nan,0,lotte_technology_search_100k_q410,0,0.7779895031825069,2,linucb_primary,0,0,0,1387,fixed_cluster_primary
19,1,0,1,nan,0,0,nan,nan,0,lotte_technology_search_100k_q401,0,0.48492790967729354,2,hybrid_lite,0,0,0,1306,fixed_cluster_primary
19,1,1,1,0.44687310261080754,736,4,0.5531268973891925,0.01,0,lotte_technology_search_100k_q505,1,0.5933188126966797,3,hybrid_lite,1,1,1,1647,fixed_cluster_primary
19,1,1,1,0.11652703731911652,153,1,0.3556740289413557,0.01,1,lotte_technology_search_100k_q490,2,0.7386234541788914,3,hybrid_lite,1,1,1,1313,fixed_cluster_primary
19,1,1,1,0.1207115628970775,95,1,0.5819567979669631,0.01,0,lotte_technology_search_100k_q224,1,0.7888375826390035,3,linucb_primary,1,1,1,787,fixed_cluster_primary
19,1,1,1,0.19117647058823528,312,1,0.4834558823529411,0.01,0,lotte_technology_search_100k_q61,1,0.9541975839044288,3,linucb_primary,1,1,1,1632,fixed_cluster_primary
19,1,1,1,nan,0,0,nan,nan,0,lotte_technology_search_100k_q169,0,0.5778016270991498,3,hybrid_lite,0,0,0,1056,fixed_cluster_primary
19,0,0,0,nan,0,0,nan,nan,0,lotte_technology_search_100k_q137,0,0.24999072996940147,0,full_dense_fallback,0,0,0,1006,fixed_cluster_primary
19,0,0,1,nan,0,0,nan,nan,0,lotte_technology_search_100k_q144,0,0.48446384528231756,1,hybrid_lite,0,0,0,988,fixed_cluster_primary
19,1,1,1,0.1685878962536023,234,1,0.717579250720461,0.01,0,lotte_technology_search_100k_q199,1,0.7387932023133774,3,hybrid_lite,1,1,1,1388,fixed_cluster_primary
19,1,1,1,0.11881750994883457,209,1,0.6463899943149517,0.01,1,lotte_technology_search_100k_q371,2,0.9917631665814397,3,linucb_primary,1,1,1,1759,fixed_cluster_primary
19,1,1,1,0.050347932869422844,123,1,0.5440032746623005,0.01,0,lotte_technology_search_100k_q153,1,0.6384528218961084,3,hybrid_lite,1,1,1,2443,fixed_cluster_primary
19,1,1,1,0.5130228887134964,650,4,0.48697711128650356,0.01,0,lotte_technology_search_100k_q233,1,0.9779702743356947,3,linucb_primary,1,1,1,1267,fixed_cluster_primary
19,1,1,1,0.17618586640851888,182,1,0.37560503388189737,0.01,1,lotte_technology_search_100k_q232,2,0.9663477064349978,3,linucb_primary,1,1,1,1033,fixed_cluster_primary
19,1,1,1,0.09668989547038327,111,1,0.6297909407665505,0.01,1,lotte_technology_search_100k_q563,3,0.5974979601770934,3,hybrid_lite,1,1,1,1148,fixed_cluster_primary
19,1,1,1,0.034050179211469536,76,1,0.5004480286738351,0.01,1,lotte_technology_search_100k_q408,7,0.7863078529004811,3,linucb_primary,1,1,1,2232,fixed_cluster_primary
19,0,0,0,nan,0,0,nan,nan,0,lotte_technology_search_100k_q74,0,0.5173497241662676,0,hybrid_lite,0,0,0,716,fixed_cluster_primary
19,1,1,1,0.40676923076923077,661,3,0.5661538461538462,0.01,0,lotte_technology_search_100k_q201,1,0.9217440482795555,3,linucb_primary,1,1,1,1625,fixed_cluster_primary
19,1,1,1,0.2776957163958641,376,1,0.5243722304283605,0.01,0,lotte_technology_search_100k_q478,1,0.775390030135279,3,linucb_primary,1,1,1,1354,fixed_cluster_primary
19,0,1,1,nan,0,0,nan,nan,0,lotte_technology_search_100k_q176,0,0.9496619944775766,2,linucb_primary,0,0,0,671,fixed_cluster_primary
19,1,1,1,0.10365425158116655,295,1,0.32431482782853127,0.01,1,lotte_technology_search_100k_q297,2,0.9798832321111443,3,linucb_primary,1,1,1,2846,fixed_cluster_primary
19,1,1,1,0.19117647058823528,533,2,0.6814921090387375,0.01,0,lotte_technology_search_100k_q458,1,0.5491106926314627,3,hybrid_lite,1,1,1,2788,fixed_cluster_primary
19,1,1,1,0.22188449848024316,292,3,0.7507598784194529,0.01,0,lotte_technology_search_100k_q241,1,0.5561195760347124,3,hybrid_lite,1,1,1,1316,fixed_cluster_primary
19,1,1,1,0.18681318681318682,136,1,0.6826923076923077,0.01,1,lotte_technology_search_100k_q272,2,0.7298203870158866,3,hybrid_lite,1,1,1,728,fixed_cluster_primary
19,1,1,1,0.033460076045627375,44,1,0.4273764258555133,0.01,1,lotte_technology_search_100k_q344,6,0.8386184449980452,3,linucb_primary,1,1,1,1315,fixed_cluster_primary
19,1,1,1,0.3870588235294118,329,5,0.6129411764705882,0.39,0,lotte_technology_search_100k_q94,1,0.6466503567543951,3,hybrid_lite,1,1,1,850,fixed_cluster_primary
19,1,1,1,0.26810551558753,559,1,0.38129496402877694,0.01,0,lotte_technology_search_100k_q198,1,0.3020837903022766,3,full_dense_fallback,1,1,1,2085,fixed_cluster_primary
19,1,1,1,0.11752044769694361,273,1,0.6190271201033146,0.01,0,lotte_technology_search_100k_q564,1,0.9621946298253199,3,linucb_primary,1,1,1,2323,fixed_cluster_primary
19,1,1,1,0.0446875,143,1,0.691875,0.01,1,lotte_technology_search_100k_q464,8,0.8337323315694537,3,linucb_primary,1,1,1,3200,fixed_cluster_primary
19,1,1,1,0.04410973641742873,82,1,0.5901022054868208,0.01,1,lotte_technology_search_100k_q407,2,0.8635805034696841,3,linucb_primary,1,1,1,1859,fixed_cluster_primary
19,1,1,1,0.05627931214174049,108,1,0.5205836373110995,0.01,1,lotte_technology_search_100k_q399,7,0.9799537379930763,3,linucb_primary,1,1,1,1919,fixed_cluster_primary
19,1,0,1,nan,0,0,nan,nan,0,lotte_technology_search_100k_q270,0,0.3735892411704851,2,full_dense_fallback,0,0,0,735,fixed_cluster_primary
19,1,1,1,0.14473684210526316,209,4,0.8552631578947368,0.01,1,lotte_technology_search_100k_q310,2,0.782032092556012,3,linucb_primary,1,1,1,1444,fixed_cluster_primary
19,1,1,1,0.2031466913465988,439,1,0.4919018972697825,0.01,1,lotte_technology_search_100k_q579,2,0.4087001365014882,3,full_dense_fallback,1,1,1,2161,fixed_cluster_primary
19,1,1,1,0.08671922377198302,143,1,0.6106731352334749,0.01,0,lotte_technology_search_100k_q472,1,0.4948802550803949,3,hybrid_lite,1,1,1,1649,fixed_cluster_primary
19,1,1,1,0.2266244057052298,429,1,0.1658742736397253,0.01,1,lotte_technology_search_100k_q387,3,0.8853894254827954,3,linucb_primary,1,1,1,1893,fixed_cluster_primary
19,1,0,1,nan,0,0,nan,nan,0,lotte_technology_search_100k_q215,0,0.31097464909549977,2,full_dense_fallback,0,0,0,883,fixed_cluster_primary
19,1,1,1,0.45291709314227224,885,6,0.5470829068577278,0.46,0,lotte_technology_search_100k_q104,1,0.8338461733329299,3,linucb_primary,1,1,1,1954,fixed_cluster_primary
19,1,1,1,nan,0,0,nan,nan,0,lotte_technology_search_100k_q357,0,0.6235302381318374,3,hybrid_lite,0,0,0,1248,fixed_cluster_primary
19,1,1,1,0.049863387978142076,73,1,0.6810109289617486,0.01,1,lotte_technology_search_100k_q414,8,0.9452114249207194,3,linucb_primary,1,1,1,1464,fixed_cluster_primary
19,1,0,1,nan,0,0,nan,nan,0,lotte_technology_search_100k_q279,0,0.8120952263535851,2,linucb_primary,0,0,0,1563,fixed_cluster_primary
19,1,1,1,0.12583767684288905,169,1,0.6314221891288161,0.01,0,lotte_technology_search_100k_q494,1,0.46640385276774166,3,hybrid_lite,1,1,1,1343,fixed_cluster_primary
19,1,1,1,0.16879329201604082,463,2,0.33394094057601165,0.01,0,lotte_technology_search_100k_q584,1,0.44755985298691153,3,hybrid_lite,1,1,1,2743,fixed_cluster_primary
19,1,1,1,0.0694006309148265,66,1,0.7592008412197686,0.01,1,lotte_technology_search_100k_q209,3,0.9485791807767442,3,linucb_primary,1,1,1,951,fixed_cluster_primary
19,1,1,1,0.15223880597014924,102,1,0.4597014925373134,0.01,1,lotte_technology_search_100k_q24,2,0.740793674979031,3,linucb_primary,1,1,1,670,fixed_cluster_primary
19,1,1,1,nan,0,0,nan,nan,0,lotte_technology_search_100k_q256,0,0.9621769335001373,3,linucb_primary,0,0,0,2044,fixed_cluster_primary
19,1,1,1,0.06070941336971351,89,1,0.7837653478854024,0.01,1,lotte_technology_search_100k_q553,4,0.7097985275936662,3,hybrid_lite,1,1,1,1466,fixed_cluster_primary
19,1,1,1,0.05078720162519045,100,1,0.5043169121381412,0.01,1,lotte_technology_search_100k_q106,2,0.9920351382690432,3,linucb_primary,1,1,1,1969,fixed_cluster_primary
19,1,1,1,0.10398749022673964,133,1,0.27443315089914,0.01,1,lotte_technology_search_100k_q543,2,0.8665678160695998,3,linucb_primary,1,1,1,1279,fixed_cluster_primary
19,1,1,1,0.11469838572642312,135,1,0.32200509770603225,0.01,1,lotte_technology_search_100k_q556,2,0.7978415181596116,3,linucb_primary,1,1,1,1177,fixed_cluster_primary
19,1,1,1,0.11099585062240663,107,1,0.5653526970954357,0.01,0,lotte_technology_search_100k_q211,1,0.4578757411623536,3,hybrid_lite,1,1,1,964,fixed_cluster_primary
19,1,1,1,0.05174353205849269,46,1,0.6096737907761529,0.01,1,lotte_technology_search_100k_q88,3,0.941968823890558,3,linucb_primary,1,1,1,889,fixed_cluster_primary
19,1,1,1,0.03344298245614035,61,1,0.611842105263158,0.01,1,lotte_technology_search_100k_q340,3,0.7989113044210268,3,linucb_primary,1,1,1,1824,fixed_cluster_primary
19,0,1,0,nan,0,0,nan,nan,0,lotte_technology_search_100k_q276,0,0.796992265639678,1,linucb_primary,0,0,0,1245,fixed_cluster_primary
19,1,1,1,0.551004016064257,686,3,0.40321285140562246,0.01,1,lotte_technology_search_100k_q386,2,0.6630336232668155,3,hybrid_lite,1,1,1,1245,fixed_cluster_primary
19,0,1,1,nan,0,0,nan,nan,0,lotte_technology_search_100k_q27,0,0.5511433259667972,2,hybrid_lite,0,0,0,1504,fixed_cluster_primary
19,1,1,1,0.0965651328580687,149,1,0.5385612443292287,0.01,1,lotte_technology_search_100k_q109,5,0.8945035029614725,3,linucb_primary,1,1,1,1543,fixed_cluster_primary
19,1,1,1,0.1220703125,250,1,0.41650390625,0.01,1,lotte_technology_search_100k_q504,3,0.5443773465566789,3,hybrid_lite,1,1,1,2048,fixed_cluster_primary
19,1,0,1,nan,0,0,nan,nan,0,lotte_technology_search_100k_q305,0,0.6783437360675951,2,hybrid_lite,0,0,0,1966,fixed_cluster_primary
19,1,1,1,0.3632047477744807,612,1,0.571513353115727,0.01,0,lotte_technology_search_100k_q315,1,0.7854213770227535,3,linucb_primary,1,1,1,1685,fixed_cluster_primary
19,1,1,1,0.1312410841654779,184,1,0.5263908701854494,0.01,0,lotte_technology_search_100k_q435,1,0.676321125189667,3,hybrid_lite,1,1,1,1402,fixed_cluster_primary
19,1,1,1,0.1513903192584964,147,1,0.7250257466529351,0.01,0,lotte_technology_search_100k_q135,1,0.9633166925013311,3,linucb_primary,1,1,1,971,fixed_cluster_primary
19,1,1,1,0.06568832983927324,94,1,0.6589797344514325,0.01,1,lotte_technology_search_100k_q509,3,0.5136469294268532,3,hybrid_lite,1,1,1,1431,fixed_cluster_primary
19,1,1,1,0.26101543278908523,1167,1,0.5824200402594497,0.01,1,lotte_technology_search_100k_q288,8,0.7456294018965536,3,linucb_primary,1,1,1,4471,fixed_cluster_primary
19,1,1,1,0.25440313111545987,260,1,0.4500978473581213,0.01,1,lotte_technology_search_100k_q42,2,0.9643419734652278,3,linucb_primary,1,1,1,1022,fixed_cluster_primary
19,1,1,1,0.1285892634207241,309,1,0.4253017062005826,0.01,0,lotte_technology_search_100k_q254,1,0.8724843900347704,3,linucb_primary,1,1,1,2403,fixed_cluster_primary
19,1,1,1,0.10306406685236769,111,1,0.6536675951717734,0.01,1,lotte_technology_search_100k_q281,4,0.8250752073011276,3,linucb_primary,1,1,1,1077,fixed_cluster_primary
19,1,1,1,0.09869281045751634,151,1,0.6483660130718953,0.01,1,lotte_technology_search_100k_q562,2,0.8775142964047992,3,linucb_primary,1,1,1,1530,fixed_cluster_primary
19,1,1,1,0.39735894357743096,331,1,0.312124849939976,0.01,0,lotte_technology_search_100k_q534,1,0.5476307754765298,3,hybrid_lite,1,1,1,833,fixed_cluster_primary
19,1,1,1,0.11491181186531267,215,1,0.5665419561731695,0.01,0,lotte_technology_search_100k_q120,1,0.543540465470663,3,hybrid_lite,1,1,1,1871,fixed_cluster_primary
19,1,1,1,0.23622545915136162,373,1,0.4585180493983534,0.01,1,lotte_technology_search_100k_q65,2,0.6670233783552808,3,hybrid_lite,1,1,1,1579,fixed_cluster_primary
19,1,1,1,0.2437137330754352,126,1,0.4526112185686654,0.01,0,lotte_technology_search_100k_q302,1,0.5483247268818275,3,hybrid_lite,1,1,1,517,fixed_cluster_primary
19,1,1,1,0.28313253012048195,141,2,0.3755020080321285,0.01,0,lotte_technology_search_100k_q222,1,0.6366923220830076,3,hybrid_lite,1,1,1,498,fixed_cluster_primary
19,1,1,1,0.14405260011954574,241,1,0.5893604303646145,0.01,0,lotte_technology_search_100k_q267,1,0.8603892760871995,3,linucb_primary,1,1,1,1673,fixed_cluster_primary
19,1,1,1,0.125,277,1,0.3731949458483754,0.01,1,lotte_technology_search_100k_q82,2,0.971093462723017,3,linucb_primary,1,1,1,2216,fixed_cluster_primary
19,0,1,1,0.5665706051873198,983,7,0.43342939481268017,0.57,0,lotte_technology_search_100k_q547,1,0.5389125411714749,2,hybrid_lite,1,1,1,1735,fixed_cluster_primary
19,1,1,1,0.23932820153953813,342,1,0.5241427571728481,0.01,1,lotte_technology_search_100k_q413,4,0.9575382637225315,3,linucb_primary,1,1,1,1429,fixed_cluster_primary
19,1,1,1,0.10296846011131726,111,1,0.5899814471243043,0.01,0,lotte_technology_search_100k_q164,1,0.9814377368905292,3,linucb_primary,1,1,1,1078,fixed_cluster_primary
19,1,1,1,0.5111317254174397,551,3,0.41929499072356213,0.01,0,lotte_technology_search_100k_q240,1,0.9355404457869402,3,linucb_primary,1,1,1,1078,fixed_cluster_primary
19,0,0,1,nan,0,0,nan,nan,0,lotte_technology_search_100k_q66,0,0.17505515813827513,1,full_dense_fallback,0,0,0,1036,fixed_cluster_primary
19,1,1,1,0.43752276867030965,1201,1,0.26375227686703095,0.01,1,lotte_technology_search_100k_q434,3,0.5109206207999704,3,hybrid_lite,1,1,1,2745,fixed_cluster_primary
19,1,1,1,0.11552090715804395,163,1,0.6520198440822111,0.01,1,lotte_technology_search_100k_q403,3,0.9459679773327954,3,linucb_primary,1,1,1,1411,fixed_cluster_primary
19,1,1,1,0.27185501066098083,255,1,0.4541577825159915,0.01,0,lotte_technology_search_100k_q154,1,0.6228367050312957,3,hybrid_lite,1,1,1,938,fixed_cluster_primary
19,1,1,0,nan,0,0,nan,nan,0,lotte_technology_search_100k_q8,0,0.4926832694399511,2,hybrid_lite,0,0,0,1066,fixed_cluster_primary
19,1,1,1,0.37510729613733906,437,4,0.6248927038626609,0.01,0,lotte_technology_search_100k_q40,1,0.6669404562901372,3,hybrid_lite,1,1,1,1165,fixed_cluster_primary
19,0,1,1,nan,0,0,nan,nan,0,lotte_technology_search_100k_q22,0,0.9126332912658488,2,linucb_primary,0,0,0,813,fixed_cluster_primary
19,1,0,1,nan,0,0,nan,nan,0,lotte_technology_search_100k_q433,0,0.7214332893024609,2,hybrid_lite,0,0,0,2641,fixed_cluster_primary
19,1,1,1,0.07592891760904685,188,1,0.5161550888529887,0.01,1,lotte_technology_search_100k_q585,2,0.8686968876005882,3,linucb_primary,1,1,1,2476,fixed_cluster_primary
19,1,1,1,0.12949640287769784,162,1,0.5683453237410072,0.01,0,lotte_technology_search_100k_q526,1,0.7366469877371388,3,hybrid_lite,1,1,1,1251,fixed_cluster_primary
19,1,1,1,0.4104803493449782,658,3,0.4747348721147848,0.01,1,lotte_technology_search_100k_q508,2,0.6441401175058716,3,hybrid_lite,1,1,1,1603,fixed_cluster_primary
19,1,1,1,0.11520428667113194,516,1,0.7738334449653941,0.01,1,lotte_technology_search_100k_q575,2,0.3367414077521889,3,full_dense_fallback,1,1,1,4479,fixed_cluster_primary
19,1,0,1,nan,0,0,nan,nan,0,lotte_technology_search_100k_q172,0,0.5584455080378528,2,hybrid_lite,0,0,0,690,fixed_cluster_primary
19,1,1,1,0.4825306893295562,511,1,0.3616619452313503,0.01,0,lotte_technology_search_100k_q226,1,0.8119798266135396,3,linucb_primary,1,1,1,1059,fixed_cluster_primary
19,1,1,1,0.13146067415730336,117,1,0.44719101123595506,0.01,0,lotte_technology_search_100k_q492,1,0.579935981739853,3,hybrid_lite,1,1,1,890,fixed_cluster_primary
19,1,1,1,0.2374429223744292,260,1,0.4621004566210045,0.01,1,lotte_technology_search_100k_q41,2,0.9646628371320525,3,linucb_primary,1,1,1,1095,fixed_cluster_primary
19,1,1,1,0.06197478991596639,118,1,0.5514705882352942,0.01,1,lotte_technology_search_100k_q502,4,0.5738081157538109,3,hybrid_lite,1,1,1,1904,fixed_cluster_primary
19,0,0,1,nan,0,0,nan,nan,0,lotte_technology_search_100k_q271,0,0.45011547677465386,1,hybrid_lite,0,0,0,1374,fixed_cluster_primary
19,1,1,1,0.09246575342465753,108,1,0.571917808219178,0.01,1,lotte_technology_search_100k_q566,2,0.38197396606031736,3,full_dense_fallback,1,1,1,1168,fixed_cluster_primary
19,1,1,1,0.040995607613469986,28,1,0.4348462664714495,0.01,1,lotte_technology_search_100k_q292,4,0.9486685634020078,3,linucb_primary,1,1,1,683,fixed_cluster_primary
19,1,1,1,0.03206074667791605,152,1,0.61569289179498,0.01,1,lotte_technology_search_100k_q506,7,0.6098666754162029,3,hybrid_lite,1,1,1,4741,fixed_cluster_primary
19,1,1,1,0.2436548223350254,432,1,0.6773829667230682,0.01,0,lotte_technology_search_100k_q493,1,0.9504293187010517,3,linucb_primary,1,1,1,1773,fixed_cluster_primary
19,1,1,1,0.08745402533714752,214,1,0.7364119329791581,0.01,1,lotte_technology_search_100k_q338,2,0.5821415636503423,3,hybrid_lite,1,1,1,2447,fixed_cluster_primary
19,1,1,1,0.023656640757012504,70,1,0.7309901993916863,0.01,1,lotte_technology_search_100k_q431,5,0.6978216717636373,3,hybrid_lite,1,1,1,2959,fixed_cluster_primary
19,0,1,1,nan,0,0,nan,nan,0,lotte_technology_search_100k_q26,0,0.6932631876573638,2,hybrid_lite,0,0,0,1578,fixed_cluster_primary
19,1,1,1,0.29538594221647263,685,1,0.31867184131090986,0.01,0,lotte_technology_search_100k_q72,1,0.7636414087143761,3,linucb_primary,1,1,1,2319,fixed_cluster_primary
19,0,1,1,nan,0,0,nan,nan,0,lotte_technology_search_100k_q121,0,0.9692465982305503,2,linucb_primary,0,0,0,617,fixed_cluster_primary
19,0,0,1,nan,0,0,nan,nan,0,lotte_technology_search_100k_q225,0,0.387026127140731,1,full_dense_fallback,0,0,0,296,fixed_cluster_primary
19,1,1,1,0.2755956213779781,428,1,0.36509980682549903,0.01,1,lotte_technology_search_100k_q132,2,0.5486416280851701,3,hybrid_lite,1,1,1,1553,fixed_cluster_primary
19,1,1,1,0.23600605143721634,312,1,0.5355521936459909,0.01,0,lotte_technology_search_100k_q63,1,0.8516470446398673,3,linucb_primary,1,1,1,1322,fixed_cluster_primary
19,0,1,1,0.5451688923802043,694,5,0.4548311076197957,0.55,0,lotte_technology_search_100k_q203,1,0.7557200231355664,2,linucb_primary,1,1,1,1273,fixed_cluster_primary
19,1,1,1,0.05024019215372298,251,1,0.0580464371497198,0.01,1,lotte_technology_search_100k_q392,4,0.991210031010509,3,linucb_primary,1,1,1,4996,fixed_cluster_primary
19,1,1,1,0.15834767641996558,92,1,0.41480206540447506,0.01,1,lotte_technology_search_100k_q173,2,0.5746813258409776,3,hybrid_lite,1,1,1,581,fixed_cluster_primary
19,1,0,1,nan,0,0,nan,nan,0,lotte_technology_search_100k_q249,0,0.3712027504310003,2,full_dense_fallback,0,0,0,962,fixed_cluster_primary
19,1,1,1,0.08203125,231,1,0.6977982954545454,0.01,1,lotte_technology_search_100k_q581,3,0.6397529112557774,3,hybrid_lite,1,1,1,2816,fixed_cluster_primary
19,1,1,1,0.05112219451371571,123,1,0.5216126350789693,0.01,0,lotte_technology_search_100k_q152,1,0.6870643833912209,3,hybrid_lite,1,1,1,2406,fixed_cluster_primary
19,1,1,1,0.13690476190476192,552,1,0.6237599206349207,0.01,0,lotte_technology_search_100k_q590,1,0.42422665352879374,3,full_dense_fallback,1,1,1,4032,fixed_cluster_primary
19,1,1,1,0.14641434262948208,147,2,0.6344621513944223,0.01,0,lotte_technology_search_100k_q95,1,0.719416015736626,3,hybrid_lite,1,1,1,1004,fixed_cluster_primary
19,1,1,1,0.04468412942989214,58,1,0.7303543913713405,0.01,0,lotte_technology_search_100k_q522,1,0.6512883144243714,3,hybrid_lite,1,1,1,1298,fixed_cluster_primary
19,1,1,1,0.4854838709677419,903,3,0.46075268817204296,0.01,0,lotte_technology_search_100k_q257,1,0.9733363385509456,3,linucb_primary,1,1,1,1860,fixed_cluster_primary
19,1,1,1,0.29284037558685444,499,1,0.47065727699530513,0.01,1,lotte_technology_search_100k_q316,3,0.860414720107211,3,linucb_primary,1,1,1,1704,fixed_cluster_primary
19,1,1,1,0.20356612184249628,274,2,0.4479940564635958,0.01,0,lotte_technology_search_100k_q188,1,0.6734489529282368,3,hybrid_lite,1,1,1,1346,fixed_cluster_primary
19,1,1,1,0.12848297213622292,249,1,0.43240454076367385,0.01,1,lotte_technology_search_100k_q529,2,0.7329544204969545,3,hybrid_lite,1,1,1,1938,fixed_cluster_primary
19,1,1,1,0.6343612334801763,1440,4,0.36563876651982374,0.01,0,lotte_technology_search_100k_q70,1,0.9046253159462385,3,linucb_primary,1,1,1,2270,fixed_cluster_primary
19,1,1,1,0.1345213137665968,385,2,0.750524109014675,0.01,1,lotte_technology_search_100k_q298,2,0.9674388895478844,3,linucb_primary,1,1,1,2862,fixed_cluster_primary
19,1,1,1,0.6164705882352941,786,1,0.2329411764705882,0.01,0,lotte_technology_search_100k_q528,1,0.7025651452684362,3,hybrid_lite,1,1,1,1275,fixed_cluster_primary
19,1,1,1,0.30649588289112534,335,1,0.453796889295517,0.01,0,lotte_technology_search_100k_q383,1,0.5339411516937198,3,hybrid_lite,1,1,1,1093,fixed_cluster_primary
19,0,0,0,nan,0,0,nan,nan,0,lotte_technology_search_100k_q138,0,0.21488421449939596,0,full_dense_fallback,0,0,0,804,fixed_cluster_primary
19,1,1,1,0.033787788974510964,57,1,0.3805572021339656,0.01,1,lotte_technology_search_100k_q442,3,0.7823333851050487,3,linucb_primary,1,1,1,1687,fixed_cluster_primary
19,0,1,1,0.08259587020648967,56,1,0.4616519174041298,0.01,0,lotte_technology_search_100k_q180,1,0.8652756514759192,2,linucb_primary,1,1,1,678,fixed_cluster_primary
19,1,1,1,0.12368421052631579,94,1,0.6355263157894737,0.01,0,lotte_technology_search_100k_q29,1,0.8082902454482404,3,linucb_primary,1,1,1,760,fixed_cluster_primary
19,1,1,1,0.04124748490945674,41,1,0.5181086519114688,0.01,1,lotte_technology_search_100k_q295,5,0.9797607438471043,3,linucb_primary,1,1,1,994,fixed_cluster_primary
19,1,1,1,0.021593447505584513,29,1,0.659717051377513,0.01,1,lotte_technology_search_100k_q519,4,0.6537548839192876,3,hybrid_lite,1,1,1,1343,fixed_cluster_primary
19,1,1,1,0.09540329575021683,110,1,0.7111882046834346,0.01,1,lotte_technology_search_100k_q242,3,0.8093886597030556,3,linucb_primary,1,1,1,1153,fixed_cluster_primary
19,1,1,1,0.1703425621773815,363,1,0.5171281088690756,0.01,1,lotte_technology_search_100k_q334,3,0.870750710701654,3,linucb_primary,1,1,1,2131,fixed_cluster_primary
13,1,1,1,0.052752293577981654,23,1,0.591743119266055,0.01,0,lotte_technology_search_100k_q336,1,0.7074692146311494,3,hybrid_lite,1,1,1,436,shuffled_tiers
13,1,1,1,0.36654478976234006,401,2,0.49177330895795246,0.01,0,lotte_technology_search_100k_q76,1,0.6677920435993405,3,hybrid_lite,1,1,1,1094,shuffled_tiers
13,1,1,1,0.08949416342412451,92,1,0.6770428015564203,0.01,1,lotte_technology_search_100k_q426,6,0.9578866074922813,3,linucb_primary,1,1,1,1028,shuffled_tiers
13,1,1,1,0.04669703872437358,41,1,0.7027334851936219,0.01,0,lotte_technology_search_100k_q2,1,0.6480050251082479,3,hybrid_lite,1,1,1,878,shuffled_tiers
13,1,1,1,0.37250712250712253,523,1,0.47435897435897434,0.01,1,lotte_technology_search_100k_q447,3,0.6659225634061318,3,hybrid_lite,1,1,1,1404,shuffled_tiers
13,1,1,1,0.4503271861986913,757,2,0.36109458655562165,0.01,0,lotte_technology_search_100k_q139,1,0.9519809630716493,3,linucb_primary,1,1,1,1681,shuffled_tiers
13,1,1,1,0.18590308370044054,422,1,0.4074889867841409,0.01,1,lotte_technology_search_100k_q507,2,0.8677700152657015,3,linucb_primary,1,1,1,2270,shuffled_tiers
13,0,1,1,nan,0,0,nan,nan,0,lotte_technology_search_100k_q58,0,0.9146506792364822,2,linucb_primary,0,0,0,909,shuffled_tiers
13,1,1,1,0.21987577639751552,177,2,0.5751552795031056,0.01,1,lotte_technology_search_100k_q125,2,0.5862926906679875,3,hybrid_lite,1,1,1,805,shuffled_tiers
13,1,1,1,0.023537803138373753,66,1,0.5666904422253922,0.01,1,lotte_technology_search_100k_q462,4,0.9096463032297845,3,linucb_primary,1,1,1,2804,shuffled_tiers
13,0,1,1,0.20192307692307693,189,3,0.7371794871794872,0.01,0,lotte_technology_search_100k_q57,1,0.9339844479989537,2,linucb_primary,1,1,1,936,shuffled_tiers
13,1,1,1,0.09253547193090685,150,1,0.5595311536088834,0.01,1,lotte_technology_search_100k_q503,5,0.7803907404718763,3,linucb_primary,1,1,1,1621,shuffled_tiers
13,1,1,1,0.10166919575113809,67,1,0.725341426403642,0.01,0,lotte_technology_search_100k_q264,1,0.3234550460467394,3,full_dense_fallback,1,1,1,659,shuffled_tiers
13,0,0,0,nan,0,0,nan,nan,0,lotte_technology_search_100k_q166,0,0.5367181049652912,0,hybrid_lite,0,0,0,1734,shuffled_tiers
13,1,0,1,nan,0,0,nan,nan,0,lotte_technology_search_100k_q213,0,0.25600817988294405,2,full_dense_fallback,0,0,0,688,shuffled_tiers
13,1,1,1,0.07507692307692308,122,1,0.7138461538461538,0.01,1,lotte_technology_search_100k_q578,7,0.6781253066453503,3,hybrid_lite,1,1,1,1625,shuffled_tiers
13,1,0,1,0.04259259259259259,46,1,0.6333333333333333,0.01,1,lotte_technology_search_100k_q244,2,0.49188656413154963,2,hybrid_lite,1,1,1,1080,shuffled_tiers
13,1,1,1,0.36386138613861385,294,3,0.5891089108910892,0.01,0,lotte_technology_search_100k_q117,1,0.9851393337673471,3,linucb_primary,1,1,1,808,shuffled_tiers
13,0,1,1,0.9311575726670066,1826,8,0.0688424273329934,0.94,0,lotte_technology_search_100k_q280,1,0.9796994899689562,2,linucb_primary,0,1,1,1961,shuffled_tiers
13,1,1,1,0.06155451225873761,118,1,0.596244131455399,0.01,1,lotte_technology_search_100k_q378,5,0.9368978968392278,3,linucb_primary,1,1,1,1917,shuffled_tiers
13,1,1,1,0.23510466988727857,292,3,0.7101449275362319,0.01,0,lotte_technology_search_100k_q11,1,0.7770478937869838,3,linucb_primary,1,1,1,1242,shuffled_tiers
13,1,1,1,0.8784286378428637,3779,7,0.12157136215713626,0.88,0,lotte_technology_search_100k_q102,1,0.9739025167784132,3,linucb_primary,0,1,1,4302,shuffled_tiers
13,1,1,1,nan,0,0,nan,nan,0,lotte_technology_search_100k_q363,0,0.5981646608251958,3,hybrid_lite,0,0,0,972,shuffled_tiers
13,1,1,1,0.02142857142857143,51,1,0.7050420168067226,0.01,1,lotte_technology_search_100k_q446,9,0.7293086670491006,3,hybrid_lite,1,1,1,2380,shuffled_tiers
13,1,0,1,0.2012012012012012,670,1,0.7417417417417418,0.01,0,lotte_technology_search_100k_q499,1,0.37302783428058517,2,full_dense_fallback,1,1,1,3330,shuffled_tiers
13,1,1,1,0.0734304932735426,131,1,0.5319506726457399,0.01,0,lotte_technology_search_100k_q476,1,0.5083473157166242,3,hybrid_lite,1,1,1,1784,shuffled_tiers
13,1,1,1,0.09090909090909091,80,1,0.7522727272727272,0.01,1,lotte_technology_search_100k_q98,2,0.7630399956778483,3,linucb_primary,1,1,1,880,shuffled_tiers
13,1,1,0,nan,0,0,nan,nan,0,lotte_technology_search_100k_q284,0,0.669087169462904,2,hybrid_lite,0,0,0,1451,shuffled_tiers
13,1,1,1,0.19123505976095617,288,2,0.7569721115537849,0.01,0,lotte_technology_search_100k_q200,1,0.4275574289966432,3,full_dense_fallback,1,1,1,1506,shuffled_tiers
13,1,1,1,0.625,690,5,0.375,0.63,0,lotte_technology_search_100k_q170,1,0.8956998844789693,3,linucb_primary,1,1,1,1104,shuffled_tiers
13,0,1,1,0.3588093322606597,446,3,0.3942075623491552,0.01,1,lotte_technology_search_100k_q278,2,0.9770947708708909,2,linucb_primary,1,1,1,1243,shuffled_tiers
13,1,1,1,0.10291734197730956,254,1,0.4870340356564019,0.01,1,lotte_technology_search_100k_q525,5,0.8680021789383379,3,linucb_primary,1,1,1,2468,shuffled_tiers
13,1,1,1,0.09841269841269841,93,1,0.5153439153439153,0.01,1,lotte_technology_search_100k_q210,2,0.9334892505044596,3,linucb_primary,1,1,1,945,shuffled_tiers
13,1,1,1,0.0562015503875969,116,1,0.5857558139534884,0.01,1,lotte_technology_search_100k_q425,9,0.9595462539326571,3,linucb_primary,1,1,1,2064,shuffled_tiers
13,1,1,1,0.022433132010353754,52,1,0.8278688524590164,0.01,1,lotte_technology_search_100k_q0,2,0.8800456395778483,3,linucb_primary,1,1,1,2318,shuffled_tiers
13,1,1,1,0.09282178217821782,150,1,0.5581683168316831,0.01,1,lotte_technology_search_100k_q516,5,0.7653606117926314,3,linucb_primary,1,1,1,1616,shuffled_tiers
13,1,1,1,0.11695278969957082,218,1,0.45493562231759654,0.01,1,lotte_technology_search_100k_q436,2,0.7682865157018154,3,linucb_primary,1,1,1,1864,shuffled_tiers
13,1,0,1,0.28060413354531,706,1,0.36367249602543716,0.01,0,lotte_technology_search_100k_q419,1,0.5064759145002857,2,hybrid_lite,1,1,1,2516,shuffled_tiers
13,1,1,1,0.3610248447204969,465,1,0.28027950310559,0.01,0,lotte_technology_search_100k_q376,1,0.5389548130684712,3,hybrid_lite,1,1,1,1288,shuffled_tiers
13,1,1,1,0.483921568627451,617,5,0.516078431372549,0.49,0,lotte_technology_search_100k_q500,1,0.8611402957223795,3,linucb_primary,1,1,1,1275,shuffled_tiers
13,0,1,1,nan,0,0,nan,nan,0,lotte_technology_search_100k_q445,0,0.6505582781829159,2,hybrid_lite,0,0,0,1146,shuffled_tiers
13,1,1,0,nan,0,0,nan,nan,0,lotte_technology_search_100k_q115,0,0.5533944003679042,2,hybrid_lite,0,0,0,1259,shuffled_tiers
13,1,0,1,0.09288389513108614,124,1,0.6771535580524344,0.01,0,lotte_technology_search_100k_q273,1,0.27825358522558247,2,full_dense_fallback,1,1,1,1335,shuffled_tiers
13,1,1,1,0.31735889243876464,298,1,0.4164004259850905,0.01,0,lotte_technology_search_100k_q535,1,0.4893657527906588,3,hybrid_lite,1,1,1,939,shuffled_tiers
13,1,0,1,nan,0,0,nan,nan,0,lotte_technology_search_100k_q329,0,0.40042973474977955,2,full_dense_fallback,0,0,0,2660,shuffled_tiers
13,1,1,1,0.04751847940865892,90,1,0.616156282998944,0.01,1,lotte_technology_search_100k_q568,2,0.9714501008838384,3,linucb_primary,1,1,1,1894,shuffled_tiers
13,1,1,1,0.02044907778668805,51,1,0.39735364875701684,0.01,1,lotte_technology_search_100k_q595,5,0.8549944916313571,3,linucb_primary,1,1,1,2494,shuffled_tiers
13,1,1,1,0.1857379767827529,448,1,0.4299336650082919,0.01,0,lotte_technology_search_100k_q359,1,0.819601501235923,3,linucb_primary,1,1,1,2412,shuffled_tiers
13,0,1,1,1.0,693,10,0.1515151515151515,0.85,0,lotte_technology_search_100k_q21,1,0.9107928693678458,2,linucb_primary,1,0,1,693,shuffled_tiers
13,1,1,1,0.10605461020973486,268,1,0.4990106846062524,0.01,1,lotte_technology_search_100k_q560,3,0.37481218419836676,3,full_dense_fallback,1,1,1,2527,shuffled_tiers
13,1,1,1,0.17678100263852242,335,1,0.27862796833773085,0.01,1,lotte_technology_search_100k_q396,4,0.780081258807793,3,linucb_primary,1,1,1,1895,shuffled_tiers
13,1,1,1,0.015364061456245824,23,1,0.7835671342685371,0.01,1,lotte_technology_search_100k_q163,2,0.6819564454683739,3,hybrid_lite,1,1,1,1497,shuffled_tiers
13,1,1,1,0.073827980804725,200,1,0.3207825765965301,0.01,1,lotte_technology_search_100k_q527,6,0.7187882267980482,3,hybrid_lite,1,1,1,2709,shuffled_tiers
13,1,1,1,0.03814713896457766,84,1,0.7606721162579473,0.01,1,lotte_technology_search_100k_q423,8,0.9687190871403304,3,linucb_primary,1,1,1,2202,shuffled_tiers
13,1,1,0,nan,0,0,nan,nan,0,lotte_technology_search_100k_q283,0,0.7130847666877264,2,hybrid_lite,0,0,0,735,shuffled_tiers
13,1,1,1,0.31139122315592904,667,5,0.7343604108309991,0.27,1,lotte_technology_search_100k_q339,2,0.9380018491311999,3,linucb_primary,1,1,1,2142,shuffled_tiers
13,1,1,1,0.22448979591836735,242,1,0.46474953617810766,0.01,0,lotte_technology_search_100k_q474,1,0.786172164038733,3,linucb_primary,1,1,1,1078,shuffled_tiers
13,1,1,1,0.030513176144244106,44,1,0.49653259361997226,0.01,1,lotte_technology_search_100k_q343,5,0.8227163378467888,3,linucb_primary,1,1,1,1442,shuffled_tiers
13,1,1,1,0.11783783783783784,327,2,0.23135135135135132,0.01,0,lotte_technology_search_100k_q312,1,0.4686087360068687,3,hybrid_lite,1,1,1,2775,shuffled_tiers
13,1,1,1,0.05105762217359591,70,1,0.5200583515681985,0.01,1,lotte_technology_search_100k_q311,3,0.7115110934275595,3,hybrid_lite,1,1,1,1371,shuffled_tiers
13,1,1,1,0.007965686274509803,13,1,0.7487745098039216,0.01,1,lotte_technology_search_100k_q236,7,0.7970182162217665,3,linucb_primary,1,1,1,1632,shuffled_tiers
13,0,0,0,nan,0,0,nan,nan,0,lotte_technology_search_100k_q382,0,0.42588580639425716,0,full_dense_fallback,0,0,0,969,shuffled_tiers
13,1,0,1,nan,0,0,nan,nan,0,lotte_technology_search_100k_q328,0,0.42896799297390764,2,full_dense_fallback,0,0,0,1428,shuffled_tiers
13,1,1,1,0.04676489429852659,73,1,0.700832799487508,0.01,1,lotte_technology_search_100k_q444,7,0.9278118239576828,3,linucb_primary,1,1,1,1561,shuffled_tiers
13,1,1,1,0.10395655546935609,134,1,0.46314972847168345,0.01,1,lotte_technology_search_100k_q356,3,0.47053694854946176,3,hybrid_lite,1,1,1,1289,shuffled_tiers
13,1,1,1,0.5465924895688457,786,1,0.239221140472879,0.01,0,lotte_technology_search_100k_q517,1,0.2434634119272232,3,full_dense_fallback,1,1,1,1438,shuffled_tiers
13,1,0,1,nan,0,0,nan,nan,0,lotte_technology_search_100k_q415,0,0.4168944542941396,2,full_dense_fallback,0,0,0,1678,shuffled_tiers
13,1,1,1,0.41284403669724773,495,1,0.36363636363636365,0.01,1,lotte_technology_search_100k_q416,4,0.7206073492886019,3,hybrid_lite,1,1,1,1199,shuffled_tiers
13,1,1,1,0.07597645799892991,142,1,0.6169074371321562,0.01,1,lotte_technology_search_100k_q495,2,0.8332526259363655,3,linucb_primary,1,1,1,1869,shuffled_tiers
13,1,1,1,0.5509492444788842,1422,1,0.3549012010848508,0.01,1,lotte_technology_search_100k_q263,2,0.7842217310751816,3,linucb_primary,1,1,1,2581,shuffled_tiers
13,1,1,1,0.016540317022742935,72,1,0.7757868136917069,0.01,1,lotte_technology_search_100k_q369,4,0.9361400234823176,3,linucb_primary,1,1,1,4353,shuffled_tiers
13,0,0,1,nan,0,0,nan,nan,0,lotte_technology_search_100k_q175,0,0.3060961072748501,1,full_dense_fallback,0,0,0,929,shuffled_tiers
13,1,1,1,0.2612982744453574,636,1,0.3574363188167625,0.01,1,lotte_technology_search_100k_q480,2,0.9611923253261527,3,linucb_primary,1,1,1,2434,shuffled_tiers
13,1,1,1,0.3805117038649973,699,1,0.477408818726184,0.01,0,lotte_technology_search_100k_q373,1,0.8091232332356083,3,linucb_primary,1,1,1,1837,shuffled_tiers
13,1,1,1,0.14665249734325186,138,1,0.5929861849096706,0.01,1,lotte_technology_search_100k_q251,2,0.8207984795774579,3,linucb_primary,1,1,1,941,shuffled_tiers
13,1,0,1,0.09099804305283757,93,1,0.7328767123287672,0.01,1,lotte_technology_search_100k_q443,2,0.29600747553915735,2,full_dense_fallback,1,1,1,1022,shuffled_tiers
13,1,1,1,nan,0,0,nan,nan,0,lotte_technology_search_100k_q197,0,0.6412276348907312,3,hybrid_lite,0,0,0,800,shuffled_tiers
13,1,0,1,nan,0,0,nan,nan,0,lotte_technology_search_100k_q538,0,0.5872998890380992,2,hybrid_lite,0,0,0,1335,shuffled_tiers
13,1,1,1,0.164804469273743,177,2,0.5316573556797021,0.01,0,lotte_technology_search_100k_q262,1,0.503720724260953,3,hybrid_lite,1,1,1,1074,shuffled_tiers
13,1,1,1,0.14520547945205478,159,1,0.5972602739726027,0.01,1,lotte_technology_search_100k_q466,9,0.907749192133758,3,linucb_primary,1,1,1,1095,shuffled_tiers
13,1,1,1,0.05081555834378921,81,1,0.47365119196988703,0.01,1,lotte_technology_search_100k_q588,4,0.6751839371105628,3,hybrid_lite,1,1,1,1594,shuffled_tiers
13,1,1,1,0.41284403669724773,495,1,0.36363636363636365,0.01,1,lotte_technology_search_100k_q450,4,0.7555431177663782,3,linucb_primary,1,1,1,1199,shuffled_tiers
13,1,0,1,0.13070539419087138,63,1,0.7489626556016598,0.01,1,lotte_technology_search_100k_q113,3,0.3723591196839732,2,full_dense_fallback,1,1,1,482,shuffled_tiers
13,1,1,1,0.687333923826395,776,7,0.312666076173605,0.69,0,lotte_technology_search_100k_q511,1,0.4943506179352366,3,hybrid_lite,1,1,1,1129,shuffled_tiers
13,1,0,1,0.16161087866108786,309,2,0.7238493723849373,0.01,0,lotte_technology_search_100k_q206,1,0.24180499125367533,2,full_dense_fallback,1,1,1,1912,shuffled_tiers
13,1,1,1,0.4390735146022155,436,3,0.4400805639476334,0.01,0,lotte_technology_search_100k_q245,1,0.42081965315780373,3,full_dense_fallback,1,1,1,993,shuffled_tiers
13,0,1,1,nan,0,0,nan,nan,0,lotte_technology_search_100k_q60,0,0.535654146505694,2,hybrid_lite,0,0,0,922,shuffled_tiers
13,1,1,1,0.08344370860927153,63,1,0.6357615894039735,0.01,1,lotte_technology_search_100k_q44,2,0.9605209189509067,3,linucb_primary,1,1,1,755,shuffled_tiers
13,1,1,1,0.16795366795366795,174,2,0.6544401544401545,0.01,1,lotte_technology_search_100k_q46,3,0.8747373112473988,3,linucb_primary,1,1,1,1036,shuffled_tiers
13,1,1,1,0.13043478260869565,198,1,0.5079051383399209,0.01,0,lotte_technology_search_100k_q358,1,0.5612596134713779,3,hybrid_lite,1,1,1,1518,shuffled_tiers
13,1,0,1,nan,0,0,nan,nan,0,lotte_technology_search_100k_q81,0,0.49662796606962145,2,hybrid_lite,0,0,0,1124,shuffled_tiers
13,1,1,1,0.5726495726495726,536,5,0.4700854700854701,0.53,1,lotte_technology_search_100k_q193,2,0.7010902482126383,3,hybrid_lite,1,1,1,936,shuffled_tiers
13,1,1,1,0.09327983951855567,93,1,0.5035105315947843,0.01,1,lotte_technology_search_100k_q296,5,0.9574530277349438,3,linucb_primary,1,1,1,997,shuffled_tiers
13,1,1,1,0.037948181104422926,145,1,0.6074326092645904,0.01,1,lotte_technology_search_100k_q542,3,0.7886289785916984,3,linucb_primary,1,1,1,3821,shuffled_tiers
13,0,1,1,nan,0,0,nan,nan,0,lotte_technology_search_100k_q77,0,0.687972475837995,2,hybrid_lite,0,0,0,755,shuffled_tiers
13,0,1,1,0.9178794178794178,1766,8,0.08212058212058215,0.92,0,lotte_technology_search_100k_q114,1,0.7741167130614823,2,linucb_primary,0,1,1,1924,shuffled_tiers
13,1,1,1,0.0274888558692422,37,1,0.6218424962852898,0.01,1,lotte_technology_search_100k_q346,2,0.914178006824856,3,linucb_primary,1,1,1,1346,shuffled_tiers
13,1,1,1,0.36191145467322555,515,2,0.49613492621222766,0.01,1,lotte_technology_search_100k_q49,2,0.7037525347208619,3,hybrid_lite,1,1,1,1423,shuffled_tiers
13,1,1,1,0.3110485573539761,442,3,0.6410978184377198,0.01,1,lotte_technology_search_100k_q110,4,0.9104112248453022,3,linucb_primary,1,1,1,1421,shuffled_tiers
13,0,0,0,nan,0,0,nan,nan,0,lotte_technology_search_100k_q237,0,0.3118766861597891,0,full_dense_fallback,0,0,0,871,shuffled_tiers
13,1,0,1,nan,0,0,nan,nan,0,lotte_technology_search_100k_q307,0,0.46456041294302586,2,hybrid_lite,0,0,0,512,shuffled_tiers
13,1,0,1,nan,0,0,nan,nan,0,lotte_technology_search_100k_q491,0,0.35090453661730614,2,full_dense_fallback,0,0,0,1424,shuffled_tiers
13,1,1,1,0.07508939213349225,63,1,0.5709177592371871,0.01,1,lotte_technology_search_100k_q43,4,0.9219770841097541,3,linucb_primary,1,1,1,839,shuffled_tiers
13,1,1,1,0.08701923076923077,181,1,0.3533653846153846,0.01,1,lotte_technology_search_100k_q409,2,0.7631361088495142,3,linucb_primary,1,1,1,2080,shuffled_tiers
13,1,1,0,nan,0,0,nan,nan,0,lotte_technology_search_100k_q317,0,0.5560262383413727,2,hybrid_lite,0,0,0,2258,shuffled_tiers
13,1,1,1,0.6049141965678627,1551,8,0.5046801872074883,0.5,0,lotte_technology_search_100k_q6,1,0.6657493732101363,3,hybrid_lite,1,1,1,2564,shuffled_tiers
13,1,1,1,0.08137629710540688,149,1,0.43910431458219557,0.01,1,lotte_technology_search_100k_q308,4,0.9070269714283247,3,linucb_primary,1,1,1,1831,shuffled_tiers
13,1,0,1,nan,0,0,nan,nan,0,lotte_technology_search_100k_q28,0,0.448712193337978,2,hybrid_lite,0,0,0,2204,shuffled_tiers
13,1,1,1,0.023563218390804597,41,1,0.5931034482758621,0.01,1,lotte_technology_search_100k_q422,5,0.8809222020749372,3,linucb_primary,1,1,1,1740,shuffled_tiers
13,1,0,1,nan,0,0,nan,nan,0,lotte_technology_search_100k_q191,0,0.45057124566818585,2,hybrid_lite,0,0,0,1422,shuffled_tiers
13,1,0,1,0.11842105263157894,162,1,0.5197368421052632,0.01,0,lotte_technology_search_100k_q485,1,0.37984444616193414,2,full_dense_fallback,1,1,1,1368,shuffled_tiers
13,1,0,1,0.23344191096634093,215,2,0.6264929424538546,0.01,0,lotte_technology_search_100k_q146,1,0.40206517861707963,2,full_dense_fallback,1,1,1,921,shuffled_tiers
13,1,1,1,0.021479713603818614,36,1,0.8239856801909308,0.01,1,lotte_technology_search_100k_q457,7,0.8246471811474988,3,linucb_primary,1,1,1,1676,shuffled_tiers
13,1,1,1,0.06366307541625857,65,1,0.5759059745347699,0.01,1,lotte_technology_search_100k_q324,8,0.4559077457157536,3,hybrid_lite,1,1,1,1021,shuffled_tiers
13,1,1,1,0.648995983935743,808,2,0.3076305220883534,0.01,1,lotte_technology_search_100k_q294,2,0.41634735792196864,3,full_dense_fallback,1,1,1,1245,shuffled_tiers
13,1,1,1,0.18295454545454545,161,1,0.5795454545454546,0.01,0,lotte_technology_search_100k_q303,1,0.8769842392419868,3,linucb_primary,1,1,1,880,shuffled_tiers
13,1,1,1,0.3347260909935005,721,1,0.24791086350974934,0.01,1,lotte_technology_search_100k_q452,3,0.6427564747029608,3,hybrid_lite,1,1,1,2154,shuffled_tiers
13,1,1,1,0.28529062870699884,481,2,0.5409252669039146,0.01,1,lotte_technology_search_100k_q551,2,0.622486108598789,3,hybrid_lite,1,1,1,1686,shuffled_tiers
13,1,1,1,0.03680981595092025,54,1,0.6025903203817314,0.01,0,lotte_technology_search_100k_q360,1,0.6486706504107086,3,hybrid_lite,1,1,1,1467,shuffled_tiers
13,1,1,1,0.16053019145802652,109,1,0.6539027982326951,0.01,0,lotte_technology_search_100k_q9,1,0.567053688205699,3,hybrid_lite,1,1,1,679,shuffled_tiers
13,1,1,1,0.1529051987767584,250,1,0.6140672782874618,0.01,1,lotte_technology_search_100k_q309,3,0.8725981898723443,3,linucb_primary,1,1,1,1635,shuffled_tiers
13,1,1,1,0.10985915492957747,195,1,0.4997183098591549,0.01,1,lotte_technology_search_100k_q593,2,0.9747181952836,3,linucb_primary,1,1,1,1775,shuffled_tiers
13,1,1,1,nan,0,0,nan,nan,0,lotte_technology_search_100k_q208,0,0.8565602143464014,3,linucb_primary,0,0,0,1688,shuffled_tiers
13,1,1,1,0.0998439937597504,64,1,0.4914196567862714,0.01,1,lotte_technology_search_100k_q489,3,0.683011975217335,3,hybrid_lite,1,1,1,641,shuffled_tiers
13,1,1,1,0.3029126213592233,312,1,0.5592233009708738,0.01,0,lotte_technology_search_100k_q62,1,0.9660994319227075,3,linucb_primary,1,1,1,1030,shuffled_tiers
13,1,1,1,0.06844919786096257,64,1,0.6053475935828877,0.01,1,lotte_technology_search_100k_q111,5,0.9565343611800969,3,linucb_primary,1,1,1,935,shuffled_tiers
13,1,1,1,nan,0,0,nan,nan,0,lotte_technology_search_100k_q214,0,0.9627793030428095,3,linucb_primary,0,0,0,1317,shuffled_tiers
13,1,1,1,0.3192488262910798,748,1,0.32735808792146825,0.01,1,lotte_technology_search_100k_q479,2,0.71348001856288,3,hybrid_lite,1,1,1,2343,shuffled_tiers
13,1,1,1,0.24367436743674367,443,2,0.5676567656765676,0.01,0,lotte_technology_search_100k_q332,1,0.9549337044762473,3,linucb_primary,1,1,1,1818,shuffled_tiers
13,1,1,1,0.10656620021528525,99,1,0.6135629709364909,0.01,1,lotte_technology_search_100k_q83,2,0.5574553595728505,3,hybrid_lite,1,1,1,929,shuffled_tiers
13,1,1,1,0.3105263157894737,118,1,0.3526315789473684,0.01,0,lotte_technology_search_100k_q87,1,0.5969088300715738,3,hybrid_lite,1,1,1,380,shuffled_tiers
13,1,1,1,0.4307233521945252,5633,2,0.525615537543967,0.01,1,lotte_technology_search_100k_q558,4,0.8581865712681085,3,linucb_primary,1,1,1,13078,shuffled_tiers
13,1,0,1,nan,0,0,nan,nan,0,lotte_technology_search_100k_q155,0,0.5684082730345728,2,hybrid_lite,0,0,0,606,shuffled_tiers
13,1,1,1,0.043922369765066395,43,1,0.5944841675178754,0.01,1,lotte_technology_search_100k_q404,4,0.474523008254095,3,hybrid_lite,1,1,1,979,shuffled_tiers
13,0,1,1,nan,0,0,nan,nan,0,lotte_technology_search_100k_q47,0,0.639361425612944,2,hybrid_lite,0,0,0,970,shuffled_tiers
13,1,1,1,0.09189842805320435,76,1,0.532043530834341,0.01,0,lotte_technology_search_100k_q37,1,0.9604440640705266,3,linucb_primary,1,1,1,827,shuffled_tiers
13,1,1,1,0.12563667232597622,148,1,0.7215619694397284,0.01,1,lotte_technology_search_100k_q335,2,0.6950911354759932,3,hybrid_lite,1,1,1,1178,shuffled_tiers
13,1,1,1,0.20724048762467676,561,1,0.33505725895825633,0.01,0,lotte_technology_search_100k_q411,1,0.9049128275168302,3,linucb_primary,1,1,1,2707,shuffled_tiers
13,1,1,1,0.14381270903010032,86,2,0.6705685618729097,0.01,0,lotte_technology_search_100k_q265,1,0.6007069104345769,3,hybrid_lite,1,1,1,598,shuffled_tiers
13,0,1,1,0.04135079255685734,60,1,0.7339765678842178,0.01,1,lotte_technology_search_100k_q510,5,0.6606646779346441,2,hybrid_lite,1,1,1,1451,shuffled_tiers
13,1,0,1,nan,0,0,nan,nan,0,lotte_technology_search_100k_q327,0,0.38385703853036035,2,full_dense_fallback,0,0,0,3285,shuffled_tiers
13,1,1,1,0.1734006734006734,206,1,0.5471380471380471,0.01,1,lotte_technology_search_100k_q229,4,0.6173396732980581,3,hybrid_lite,1,1,1,1188,shuffled_tiers
13,1,1,1,0.11764705882352941,74,1,0.5771065182829889,0.01,0,lotte_technology_search_100k_q168,1,0.6126152606434386,3,hybrid_lite,1,1,1,629,shuffled_tiers
13,1,1,1,0.12054987663024322,342,1,0.3330983433204089,0.01,1,lotte_technology_search_100k_q326,2,0.6488111828173829,3,hybrid_lite,1,1,1,2837,shuffled_tiers
13,1,1,1,0.19874213836477989,158,1,0.5672955974842767,0.01,0,lotte_technology_search_100k_q205,1,0.7848986072906714,3,linucb_primary,1,1,1,795,shuffled_tiers
13,1,1,1,0.3770949720670391,270,3,0.5223463687150838,0.01,0,lotte_technology_search_100k_q19,1,0.2880698981886918,3,full_dense_fallback,1,1,1,716,shuffled_tiers
13,1,1,1,0.21794871794871795,153,2,0.621082621082621,0.01,0,lotte_technology_search_100k_q167,1,0.7736048293304252,3,linucb_primary,1,1,1,702,shuffled_tiers
13,1,1,1,0.3713646532438479,332,1,0.5369127516778524,0.01,1,lotte_technology_search_100k_q52,2,0.7049642979591966,3,hybrid_lite,1,1,1,894,shuffled_tiers
13,1,1,1,0.06784968684759916,130,1,0.7682672233820459,0.01,1,lotte_technology_search_100k_q331,2,0.8517940744247984,3,linucb_primary,1,1,1,1916,shuffled_tiers
13,0,1,1,0.4972375690607735,450,5,0.5027624309392265,0.5,0,lotte_technology_search_100k_q20,1,0.8304480129275498,2,linucb_primary,1,1,1,905,shuffled_tiers
13,1,1,1,0.340251572327044,541,3,0.49559748427672956,0.01,0,lotte_technology_search_100k_q212,1,0.6469754191095731,3,hybrid_lite,1,1,1,1590,shuffled_tiers
13,0,0,1,0.24796747967479674,183,2,0.5230352303523036,0.01,1,lotte_technology_search_100k_q75,2,0.6809625520382507,1,hybrid_lite,1,1,1,738,shuffled_tiers
13,1,1,1,0.2159383033419023,168,1,0.5745501285347043,0.01,0,lotte_technology_search_100k_q190,1,0.8753140948441493,3,linucb_primary,1,1,1,778,shuffled_tiers
13,1,1,1,0.14554905782975958,224,1,0.7121507472384665,0.01,1,lotte_technology_search_100k_q437,9,0.9517426584454318,3,linucb_primary,1,1,1,1539,shuffled_tiers
13,1,1,1,0.1022993899577663,218,1,0.49835757860159546,0.01,1,lotte_technology_search_100k_q406,2,0.7659005735871538,3,linucb_primary,1,1,1,2131,shuffled_tiers
13,0,1,0,nan,0,0,nan,nan,0,lotte_technology_search_100k_q116,0,0.4019988561554955,1,full_dense_fallback,0,0,0,1245,shuffled_tiers
13,0,1,1,0.8822652757078987,2368,9,0.33345752608047685,0.67,0,lotte_technology_search_100k_q374,1,0.9597122046767199,2,linucb_primary,0,1,1,2684,shuffled_tiers
13,1,1,1,0.03571428571428571,79,1,0.3499095840867993,0.01,1,lotte_technology_search_100k_q375,2,0.9910371057474535,3,linucb_primary,1,1,1,2212,shuffled_tiers
13,1,1,1,0.5262154432793136,1104,5,0.4737845567206864,0.53,0,lotte_technology_search_100k_q565,1,0.7979055290208116,3,linucb_primary,1,1,1,2098,shuffled_tiers
13,1,1,1,0.4496753246753247,554,6,0.5503246753246753,0.45,0,lotte_technology_search_100k_q10,1,0.7569594560058704,3,linucb_primary,1,1,1,1232,shuffled_tiers
13,1,1,1,0.1330150068212824,195,1,0.5511596180081855,0.01,1,lotte_technology_search_100k_q589,2,0.9881422438036125,3,linucb_primary,1,1,1,1466,shuffled_tiers
13,1,1,1,0.08326967150496563,109,1,0.572192513368984,0.01,1,lotte_technology_search_100k_q300,4,0.6066966659835316,3,hybrid_lite,1,1,1,1309,shuffled_tiers
13,1,1,1,0.1284475965327029,163,1,0.6682427107959024,0.01,1,lotte_technology_search_100k_q430,4,0.8281911295280563,3,linucb_primary,1,1,1,1269,shuffled_tiers
13,1,1,1,nan,0,0,nan,nan,0,lotte_technology_search_100k_q418,0,0.583737804252919,3,hybrid_lite,0,0,0,2106,shuffled_tiers
13,1,0,1,nan,0,0,nan,nan,0,lotte_technology_search_100k_q158,0,0.16342728627196385,2,full_dense_fallback,0,0,0,915,shuffled_tiers
13,1,1,1,0.39865910263022175,773,3,0.335224342444559,0.01,1,lotte_technology_search_100k_q80,2,0.6249058774803345,3,hybrid_lite,1,1,1,1939,shuffled_tiers
13,1,1,1,0.03627311522048364,51,1,0.5803698435277382,0.01,0,lotte_technology_search_100k_q372,1,0.9508391317161572,3,linucb_primary,1,1,1,1406,shuffled_tiers
13,1,1,1,0.08211920529801324,248,1,0.6347682119205298,0.01,1,lotte_technology_search_100k_q347,6,0.7117788584844382,3,hybrid_lite,1,1,1,3020,shuffled_tiers
13,1,1,1,0.11059479553903345,357,1,0.6868029739776952,0.01,1,lotte_technology_search_100k_q204,2,0.8162999366402081,3,linucb_primary,1,1,1,3228,shuffled_tiers
13,1,1,1,0.3181818181818182,196,5,0.6818181818181819,0.32,0,lotte_technology_search_100k_q231,1,0.8926257683580615,3,linucb_primary,1,1,1,616,shuffled_tiers
13,0,1,1,nan,0,0,nan,nan,0,lotte_technology_search_100k_q119,0,0.7193026440445047,2,hybrid_lite,0,0,0,703,shuffled_tiers
13,1,1,1,0.031190926275992438,66,1,0.42580340264650285,0.01,1,lotte_technology_search_100k_q455,4,0.8124350520407644,3,linucb_primary,1,1,1,2116,shuffled_tiers
13,0,0,0,nan,0,0,nan,nan,0,lotte_technology_search_100k_q150,0,0.5523514016903903,0,hybrid_lite,0,0,0,997,shuffled_tiers
13,1,1,1,0.0809688581314879,234,1,0.7508650519031141,0.01,1,lotte_technology_search_100k_q569,3,0.7296302683743701,3,hybrid_lite,1,1,1,2890,shuffled_tiers
13,1,1,1,0.5923787528868361,513,6,0.40762124711316394,0.6,0,lotte_technology_search_100k_q221,1,0.394890634080757,3,full_dense_fallback,1,1,1,866,shuffled_tiers
13,1,1,1,0.06618531889290012,165,1,0.4199759326113117,0.01,1,lotte_technology_search_100k_q573,2,0.8886244341068541,3,linucb_primary,1,1,1,2493,shuffled_tiers
13,1,1,1,0.03619441571871768,70,1,0.7750775594622544,0.01,1,lotte_technology_search_100k_q429,7,0.9539738136628447,3,linucb_primary,1,1,1,1934,shuffled_tiers
13,0,1,1,0.35171568627450983,574,1,0.47610294117647056,0.01,0,lotte_technology_search_100k_q487,1,0.449677893432747,2,hybrid_lite,1,1,1,1632,shuffled_tiers
13,1,1,1,0.04093023255813953,44,1,0.44837209302325587,0.01,1,lotte_technology_search_100k_q243,2,0.6733616518765927,3,hybrid_lite,1,1,1,1075,shuffled_tiers
13,1,1,1,0.5017241379310344,582,1,0.31982758620689655,0.01,1,lotte_technology_search_100k_q53,2,0.8901957951103566,3,linucb_primary,1,1,1,1160,shuffled_tiers
13,1,1,1,0.09146341463414634,135,1,0.8028455284552846,0.01,1,lotte_technology_search_100k_q323,2,0.42459970505557715,3,full_dense_fallback,1,1,1,1476,shuffled_tiers
13,1,1,1,0.06886967263743052,223,1,0.5670166769610872,0.01,0,lotte_technology_search_100k_q391,1,0.9430363355275024,3,linucb_primary,1,1,1,3238,shuffled_tiers
13,1,1,1,0.06987227648384674,93,1,0.4951164537941397,0.01,1,lotte_technology_search_100k_q348,4,0.9904512718653322,3,linucb_primary,1,1,1,1331,shuffled_tiers
13,1,1,1,0.2866043613707165,276,1,0.49428868120456904,0.01,0,lotte_technology_search_100k_q432,1,0.27674924358725544,3,full_dense_fallback,1,1,1,963,shuffled_tiers
13,1,1,1,0.7416772018541931,1760,6,0.25832279814580694,0.75,0,lotte_technology_search_100k_q71,1,0.9707020611339402,3,linucb_primary,1,1,1,2373,shuffled_tiers
13,1,1,1,0.1903133903133903,334,1,0.5162393162393162,0.01,1,lotte_technology_search_100k_q398,7,0.9556089023926546,3,linucb_primary,1,1,1,1755,shuffled_tiers
13,0,0,0,nan,0,0,nan,nan,0,lotte_technology_search_100k_q319,0,0.235734306510436,0,full_dense_fallback,0,0,0,1620,shuffled_tiers
13,1,1,1,nan,0,0,nan,nan,0,lotte_technology_search_100k_q182,0,0.7048843221849641,3,hybrid_lite,0,0,0,1042,shuffled_tiers
13,1,1,1,0.559322033898305,627,6,0.44067796610169496,0.56,0,lotte_technology_search_100k_q25,1,0.5908398005153989,3,hybrid_lite,1,1,1,1121,shuffled_tiers
13,1,1,1,0.6965589155370178,668,6,0.30344108446298224,0.7,0,lotte_technology_search_100k_q14,1,0.6225708646462669,3,hybrid_lite,1,1,1,959,shuffled_tiers
13,1,1,1,0.37037037037037035,210,3,0.5820105820105821,0.01,1,lotte_technology_search_100k_q370,3,0.8259326828661083,3,linucb_primary,1,1,1,567,shuffled_tiers
13,1,1,1,0.04105011933174224,86,1,0.6186157517899762,0.01,1,lotte_technology_search_100k_q449,3,0.9473462655475271,3,linucb_primary,1,1,1,2095,shuffled_tiers
13,1,1,1,0.5093525179856115,708,2,0.3705035971223022,0.01,1,lotte_technology_search_100k_q39,2,0.7970893163758291,3,linucb_primary,1,1,1,1390,shuffled_tiers
13,1,1,1,0.3966398831263696,543,7,0.7100073046018992,0.29,0,lotte_technology_search_100k_q165,1,0.8679977094801857,3,linucb_primary,1,1,1,1369,shuffled_tiers
13,1,1,1,0.10338050314465409,263,1,0.6202830188679245,0.01,1,lotte_technology_search_100k_q350,6,0.8223630455206374,3,linucb_primary,1,1,1,2544,shuffled_tiers
13,1,0,1,nan,0,0,nan,nan,0,lotte_technology_search_100k_q156,0,0.444861784867541,2,hybrid_lite,0,0,0,962,shuffled_tiers
13,1,1,1,0.8032078963602715,1302,7,0.4355336212214682,0.57,0,lotte_technology_search_100k_q567,1,0.5120403230082322,3,hybrid_lite,1,1,1,1621,shuffled_tiers
13,1,0,1,0.0934094447327452,180,1,0.4452516865594188,0.01,1,lotte_technology_search_100k_q468,2,0.4898629993598227,2,hybrid_lite,1,1,1,1927,shuffled_tiers
13,1,1,1,0.6278481012658228,744,6,0.5130801687763713,0.49,1,lotte_technology_search_100k_q524,2,0.5168116659833479,3,hybrid_lite,1,1,1,1185,shuffled_tiers
13,1,1,1,0.38686131386861317,477,5,0.6131386861313868,0.39,1,lotte_technology_search_100k_q187,2,0.4806890108501839,3,hybrid_lite,1,1,1,1233,shuffled_tiers
13,1,1,1,0.13904982618771727,120,1,0.694090382387022,0.01,0,lotte_technology_search_100k_q486,1,0.4512974572850058,3,hybrid_lite,1,1,1,863,shuffled_tiers
13,0,1,1,nan,0,0,nan,nan,0,lotte_technology_search_100k_q68,0,0.8360217214558129,2,linucb_primary,0,0,0,1243,shuffled_tiers
13,1,1,1,0.2350597609561753,118,1,0.5717131474103585,0.01,0,lotte_technology_search_100k_q86,1,0.7128971886501004,3,hybrid_lite,1,1,1,502,shuffled_tiers
13,1,1,1,0.8,560,8,0.19999999999999996,0.8,0,lotte_technology_search_100k_q118,1,0.8511133389895534,3,linucb_primary,1,1,1,700,shuffled_tiers
13,1,1,1,0.16163410301953818,182,1,0.603019538188277,0.01,0,lotte_technology_search_100k_q133,1,0.5895648247723939,3,hybrid_lite,1,1,1,1126,shuffled_tiers
13,1,0,1,0.06993686255463817,144,1,0.4856726566294317,0.01,1,lotte_technology_search_100k_q587,3,0.22377106044673836,2,full_dense_fallback,1,1,1,2059,shuffled_tiers
13,1,1,1,0.25217391304347825,406,1,0.47515527950310554,0.01,0,lotte_technology_search_100k_q550,1,0.7261487517542374,3,hybrid_lite,1,1,1,1610,shuffled_tiers
13,0,0,0,nan,0,0,nan,nan,0,lotte_technology_search_100k_q149,0,0.5087308583106244,0,hybrid_lite,0,0,0,1009,shuffled_tiers
13,1,1,1,0.0611541774332472,142,1,0.8074935400516796,0.01,1,lotte_technology_search_100k_q571,2,0.828311777068755,3,linucb_primary,1,1,1,2322,shuffled_tiers
13,0,1,1,0.5334394904458599,670,4,0.4665605095541401,0.01,0,lotte_technology_search_100k_q481,1,0.9927162879848865,2,linucb_primary,1,1,1,1256,shuffled_tiers
13,1,0,1,nan,0,0,nan,nan,0,lotte_technology_search_100k_q299,0,0.3225183913758471,2,full_dense_fallback,0,0,0,2225,shuffled_tiers
13,1,1,1,0.050454921422663356,61,1,0.7344913151364765,0.01,0,lotte_technology_search_100k_q255,1,0.42184584756765053,3,full_dense_fallback,1,1,1,1209,shuffled_tiers
13,1,0,1,0.04924924924924925,82,1,0.5405405405405406,0.01,1,lotte_technology_search_100k_q393,3,0.6961232863849274,2,hybrid_lite,1,1,1,1665,shuffled_tiers
13,1,1,1,0.14542870677404074,307,1,0.45333964945523453,0.01,1,lotte_technology_search_100k_q530,4,0.7045719625435839,3,hybrid_lite,1,1,1,2111,shuffled_tiers
13,1,1,1,0.06787330316742081,90,1,0.49321266968325794,0.01,1,lotte_technology_search_100k_q349,2,0.9702449253302385,3,linucb_primary,1,1,1,1326,shuffled_tiers
13,0,1,1,nan,0,0,nan,nan,0,lotte_technology_search_100k_q56,0,0.8400612504173447,2,linucb_primary,0,0,0,1046,shuffled_tiers
13,1,1,1,0.13138925294888598,401,1,0.19200524246395811,0.01,1,lotte_technology_search_100k_q532,2,0.8018928045786885,3,linucb_primary,1,1,1,3052,shuffled_tiers
13,1,1,1,0.0959257349149046,186,1,0.44043321299638993,0.01,1,lotte_technology_search_100k_q351,3,0.8876831746311804,3,linucb_primary,1,1,1,1939,shuffled_tiers
13,1,1,1,0.0637907296925195,139,1,0.6994033960532354,0.01,1,lotte_technology_search_100k_q586,5,0.824027221870939,3,linucb_primary,1,1,1,2179,shuffled_tiers
13,1,1,1,0.09674693705111956,229,1,0.5217574989438107,0.01,1,lotte_technology_search_100k_q540,3,0.9528357497960024,3,linucb_primary,1,1,1,2367,shuffled_tiers
13,1,1,1,0.016467915956842702,29,1,0.740488358886996,0.01,1,lotte_technology_search_100k_q515,6,0.9730229451867286,3,linucb_primary,1,1,1,1761,shuffled_tiers
13,0,1,1,0.24611973392461198,111,1,0.3215077605321508,0.01,0,lotte_technology_search_100k_q223,1,0.9704802794155217,2,linucb_primary,1,1,1,451,shuffled_tiers
13,1,1,1,0.1618705035971223,90,1,0.46223021582733814,0.01,0,lotte_technology_search_100k_q228,1,0.31243297188769686,3,full_dense_fallback,1,1,1,556,shuffled_tiers
13,0,1,1,0.21689259645464026,208,2,0.5182481751824817,0.01,0,lotte_technology_search_100k_q30,1,0.4782688620836425,2,hybrid_lite,1,1,1,959,shuffled_tiers
13,1,1,1,0.07740825688073394,135,1,0.6055045871559632,0.01,1,lotte_technology_search_100k_q548,2,0.9654732110957772,3,linucb_primary,1,1,1,1744,shuffled_tiers
13,1,1,1,0.08899456521739131,131,1,0.3525815217391305,0.01,1,lotte_technology_search_100k_q365,3,0.933712179475078,3,linucb_primary,1,1,1,1472,shuffled_tiers
13,1,1,1,0.028384279475982533,26,1,0.7139737991266375,0.01,0,lotte_technology_search_100k_q145,1,0.4910357961562446,3,hybrid_lite,1,1,1,916,shuffled_tiers
13,1,1,1,0.03517877739331027,61,1,0.5916955017301038,0.01,1,lotte_technology_search_100k_q341,3,0.9786502772045262,3,linucb_primary,1,1,1,1734,shuffled_tiers
13,1,0,1,nan,0,0,nan,nan,0,lotte_technology_search_100k_q248,0,0.3600652207651884,2,full_dense_fallback,0,0,0,928,shuffled_tiers
13,1,1,1,0.13897280966767372,230,2,0.615105740181269,0.01,0,lotte_technology_search_100k_q484,1,0.9675817633905903,3,linucb_primary,1,1,1,1655,shuffled_tiers
13,1,1,1,0.18484500574052812,161,2,0.5097588978185993,0.01,0,lotte_technology_search_100k_q239,1,0.9011592828034836,3,linucb_primary,1,1,1,871,shuffled_tiers
13,1,1,1,0.17660550458715596,77,1,0.6536697247706422,0.01,0,lotte_technology_search_100k_q385,1,0.4866753382811222,3,hybrid_lite,1,1,1,436,shuffled_tiers
13,1,1,1,0.03255387436955525,71,1,0.6281522237505731,0.01,1,lotte_technology_search_100k_q380,3,0.6808638243841404,3,hybrid_lite,1,1,1,2181,shuffled_tiers
13,1,0,1,nan,0,0,nan,nan,0,lotte_technology_search_100k_q518,0,0.5221462350919688,2,hybrid_lite,0,0,0,1058,shuffled_tiers
13,1,1,1,0.16527777777777777,119,1,0.6402777777777777,0.01,1,lotte_technology_search_100k_q277,2,0.4768483021977464,3,hybrid_lite,1,1,1,720,shuffled_tiers
13,1,0,0,nan,0,0,nan,nan,0,lotte_technology_search_100k_q134,0,0.7247926601231769,1,hybrid_lite,0,0,0,567,shuffled_tiers
13,1,0,1,nan,0,0,nan,nan,0,lotte_technology_search_100k_q59,0,0.2872669189534081,2,full_dense_fallback,0,0,0,652,shuffled_tiers
13,1,1,1,0.31145149525893506,427,1,0.3143690736688548,0.01,1,lotte_technology_search_100k_q128,2,0.684630763862264,3,hybrid_lite,1,1,1,1371,shuffled_tiers
13,0,1,1,nan,0,0,nan,nan,0,lotte_technology_search_100k_q38,0,0.8272826960292207,2,linucb_primary,0,0,0,1881,shuffled_tiers
13,1,1,1,0.059490084985835696,63,1,0.5618508026440038,0.01,1,lotte_technology_search_100k_q388,3,0.7077724550009987,3,hybrid_lite,1,1,1,1059,shuffled_tiers
13,1,1,1,0.24497731691510044,378,2,0.49254698639014904,0.01,0,lotte_technology_search_100k_q123,1,0.8475730534568716,3,linucb_primary,1,1,1,1543,shuffled_tiers
13,1,1,1,0.854122621564482,1616,7,0.14587737843551796,0.86,0,lotte_technology_search_100k_q67,1,0.8993706925338362,3,linucb_primary,0,1,1,1892,shuffled_tiers
13,1,1,1,0.9412265758091993,1105,9,0.338160136286201,0.67,0,lotte_technology_search_100k_q15,1,0.6506887409496895,3,hybrid_lite,0,1,1,1174,shuffled_tiers
13,1,1,1,0.217152281473337,395,2,0.7317207256734469,0.01,1,lotte_technology_search_100k_q531,3,0.9454406001561504,3,linucb_primary,1,1,1,1819,shuffled_tiers
13,1,1,1,0.06274768824306473,95,1,0.41677675033025097,0.01,1,lotte_technology_search_100k_q512,3,0.6222974257459849,3,hybrid_lite,1,1,1,1514,shuffled_tiers
13,1,1,1,0.05271695052716951,65,1,0.5904298459042985,0.01,0,lotte_technology_search_100k_q192,1,0.8060757885036918,3,linucb_primary,1,1,1,1233,shuffled_tiers
13,1,1,1,0.19167803547066847,281,3,0.4822646657571623,0.01,1,lotte_technology_search_100k_q549,5,0.9809068203034239,3,linucb_primary,1,1,1,1466,shuffled_tiers
13,1,1,1,0.07785467128027682,135,1,0.29296424452133796,0.01,1,lotte_technology_search_100k_q554,2,0.9689962500533881,3,linucb_primary,1,1,1,1734,shuffled_tiers
13,0,1,1,0.4581196581196581,268,2,0.46153846153846156,0.01,0,lotte_technology_search_100k_q217,1,0.974981999844743,2,linucb_primary,1,1,1,585,shuffled_tiers
13,1,1,1,nan,0,0,nan,nan,0,lotte_technology_search_100k_q195,0,0.564987132182033,3,hybrid_lite,0,0,0,854,shuffled_tiers
13,1,1,1,0.08090258668134287,147,1,0.554210236653825,0.01,1,lotte_technology_search_100k_q438,10,0.9594027724409564,3,linucb_primary,1,1,1,1817,shuffled_tiers
13,1,1,1,0.05440613026819923,142,1,0.8199233716475096,0.01,1,lotte_technology_search_100k_q555,2,0.7805912731164716,3,linucb_primary,1,1,1,2610,shuffled_tiers
13,1,0,1,nan,0,0,nan,nan,0,lotte_technology_search_100k_q247,0,0.3582947342884274,2,full_dense_fallback,0,0,0,744,shuffled_tiers
13,1,1,1,0.23072177668106109,374,1,0.4491054904380012,0.01,1,lotte_technology_search_100k_q330,3,0.8713671606421556,3,linucb_primary,1,1,1,1621,shuffled_tiers
13,1,1,1,0.19888734353268428,143,1,0.7496522948539639,0.01,0,lotte_technology_search_100k_q381,1,0.5898329334711827,3,hybrid_lite,1,1,1,719,shuffled_tiers
13,1,0,1,nan,0,0,nan,nan,0,lotte_technology_search_100k_q157,0,0.27772693117886793,2,full_dense_fallback,0,0,0,901,shuffled_tiers
13,0,1,1,0.7908496732026143,605,7,0.34901960784313724,0.66,0,lotte_technology_search_100k_q130,1,0.9562347989553978,2,linucb_primary,1,1,1,765,shuffled_tiers
13,1,1,1,0.22266881028938906,277,5,0.777331189710611,0.23,1,lotte_technology_search_100k_q54,2,0.6999293112784233,3,hybrid_lite,1,1,1,1244,shuffled_tiers
13,1,1,1,0.035634743875278395,64,1,0.7360801781737194,0.01,1,lotte_technology_search_100k_q541,4,0.770951117948012,3,linucb_primary,1,1,1,1796,shuffled_tiers
13,1,1,1,0.16335303600214937,304,2,0.6518001074691027,0.01,1,lotte_technology_search_100k_q488,2,0.9671452614904472,3,linucb_primary,1,1,1,1861,shuffled_tiers
13,1,1,1,0.2,241,2,0.6414937759336099,0.01,1,lotte_technology_search_100k_q352,2,0.919187034221632,3,linucb_primary,1,1,1,1205,shuffled_tiers
13,1,1,1,0.2277992277992278,118,1,0.6621621621621622,0.01,0,lotte_technology_search_100k_q85,1,0.3814434631069508,3,full_dense_fallback,1,1,1,518,shuffled_tiers
13,1,1,1,0.1116751269035533,198,1,0.4754653130287648,0.01,0,lotte_technology_search_100k_q576,1,0.9059407571342338,3,linucb_primary,1,1,1,1773,shuffled_tiers
13,1,1,1,0.5369774919614148,835,6,0.5659163987138264,0.44,0,lotte_technology_search_100k_q389,1,0.5018623896898102,3,hybrid_lite,1,1,1,1555,shuffled_tiers
13,1,1,1,0.023554603854389723,66,1,0.5663811563169165,0.01,1,lotte_technology_search_100k_q394,4,0.9728621396469813,3,linucb_primary,1,1,1,2802,shuffled_tiers
13,1,1,1,0.33031674208144796,292,3,0.6176470588235294,0.01,0,lotte_technology_search_100k_q238,1,0.6833241923464554,3,hybrid_lite,1,1,1,884,shuffled_tiers
13,0,1,1,nan,0,0,nan,nan,0,lotte_technology_search_100k_q184,0,0.739559985985944,2,hybrid_lite,0,0,0,745,shuffled_tiers
13,1,1,1,0.10613207547169812,270,1,0.5058962264150944,0.01,1,lotte_technology_search_100k_q514,2,0.973029932220562,3,linucb_primary,1,1,1,2544,shuffled_tiers
13,1,1,1,0.09773071104387292,323,1,0.43509833585476554,0.01,1,lotte_technology_search_100k_q289,7,0.807824079219088,3,linucb_primary,1,1,1,3305,shuffled_tiers
13,1,1,1,0.08949416342412451,92,1,0.6770428015564203,0.01,1,lotte_technology_search_100k_q461,6,0.9448629071452022,3,linucb_primary,1,1,1,1028,shuffled_tiers
13,1,1,1,0.060408163265306125,74,1,0.723265306122449,0.01,1,lotte_technology_search_100k_q274,2,0.9439846568099309,3,linucb_primary,1,1,1,1225,shuffled_tiers
13,1,1,1,0.347678369195923,307,2,0.5526613816534541,0.01,0,lotte_technology_search_100k_q521,1,0.8671190783898164,3,linucb_primary,1,1,1,883,shuffled_tiers
13,1,1,1,nan,0,0,nan,nan,0,lotte_technology_search_100k_q33,0,0.9476312860010829,3,linucb_primary,0,0,0,1111,shuffled_tiers
13,1,1,1,0.15226939970717424,104,1,0.39092240117130306,0.01,0,lotte_technology_search_100k_q451,1,0.9600070536994315,3,linucb_primary,1,1,1,683,shuffled_tiers
13,1,1,1,1.0,827,10,0.0,1.0,0,lotte_technology_search_100k_q181,1,0.7989581427487823,3,linucb_primary,0,0,1,827,shuffled_tiers
13,1,1,1,nan,0,0,nan,nan,0,lotte_technology_search_100k_q36,0,0.9689829454096958,3,linucb_primary,0,0,0,1456,shuffled_tiers
13,1,1,1,0.09428359317000742,254,1,0.5296956198960654,0.01,1,lotte_technology_search_100k_q471,5,0.8467092357631936,3,linucb_primary,1,1,1,2694,shuffled_tiers
13,1,1,1,0.175,378,2,0.7949074074074074,0.01,0,lotte_technology_search_100k_q124,1,0.8253354799400933,3,linucb_primary,1,1,1,2160,shuffled_tiers
13,0,1,1,0.3860759493670886,732,2,0.5163502109704641,0.01,1,lotte_technology_search_100k_q364,2,0.9334143215257709,2,linucb_primary,1,1,1,1896,shuffled_tiers
13,1,1,1,0.6567248171074845,1167,7,0.5768148564997186,0.43,1,lotte_technology_search_100k_q520,2,0.7624233684319187,3,linucb_primary,1,1,1,1777,shuffled_tiers
13,0,1,1,nan,0,0,nan,nan,0,lotte_technology_search_100k_q92,0,0.6973208038426383,2,hybrid_lite,0,0,0,1320,shuffled_tiers
13,1,1,1,0.39987445072190836,637,4,0.6001255492780917,0.01,1,lotte_technology_search_100k_q108,5,0.9079855215781713,3,linucb_primary,1,1,1,1593,shuffled_tiers
13,1,0,0,nan,0,0,nan,nan,0,lotte_technology_search_100k_q282,0,0.7459492945399248,1,linucb_primary,0,0,0,1581,shuffled_tiers
13,1,1,1,0.15290231241151486,324,1,0.5620575743275129,0.01,0,lotte_technology_search_100k_q410,1,0.6703924064799845,3,hybrid_lite,1,1,1,2119,shuffled_tiers
13,1,0,1,0.0751694393099199,122,1,0.8139248305606901,0.01,0,lotte_technology_search_100k_q401,1,0.7792911685847174,2,linucb_primary,1,1,1,1623,shuffled_tiers
13,1,1,1,nan,0,0,nan,nan,0,lotte_technology_search_100k_q505,0,0.5436518295499544,3,hybrid_lite,0,0,0,1351,shuffled_tiers
13,1,0,1,0.091017251635931,153,1,0.5562165377751338,0.01,1,lotte_technology_search_100k_q490,3,0.4248035213829224,2,full_dense_fallback,1,1,1,1681,shuffled_tiers
13,1,1,1,0.13219424460431656,147,2,0.6789568345323741,0.01,0,lotte_technology_search_100k_q224,1,0.5679614247987084,3,hybrid_lite,1,1,1,1112,shuffled_tiers
13,1,1,1,0.2215909090909091,312,1,0.5553977272727273,0.01,0,lotte_technology_search_100k_q61,1,0.9092819809635861,3,linucb_primary,1,1,1,1408,shuffled_tiers
13,1,1,1,nan,0,0,nan,nan,0,lotte_technology_search_100k_q169,0,0.9227186144558974,3,linucb_primary,0,0,0,1056,shuffled_tiers
13,0,0,0,nan,0,0,nan,nan,0,lotte_technology_search_100k_q137,0,0.38036832731202247,0,full_dense_fallback,0,0,0,737,shuffled_tiers
13,0,1,1,0.14605067064083457,196,1,0.5953800298062593,0.01,0,lotte_technology_search_100k_q144,1,0.5010802454937565,2,hybrid_lite,1,1,1,1342,shuffled_tiers
13,1,1,1,0.1685878962536023,234,1,0.717579250720461,0.01,0,lotte_technology_search_100k_q199,1,0.500196303321602,3,hybrid_lite,1,1,1,1388,shuffled_tiers
13,1,1,1,0.1409305461901551,209,1,0.7161159811193527,0.01,1,lotte_technology_search_100k_q371,2,0.8441746689814265,3,linucb_primary,1,1,1,1483,shuffled_tiers
13,1,1,1,0.039147040101845956,123,1,0.6053469127943985,0.01,1,lotte_technology_search_100k_q153,3,0.8974614409527749,3,linucb_primary,1,1,1,3142,shuffled_tiers
13,1,1,1,0.8310970797158642,1053,7,0.16890292028413578,0.84,0,lotte_technology_search_100k_q233,1,0.6293736600488496,3,hybrid_lite,1,1,1,1267,shuffled_tiers
13,1,1,1,0.17618586640851888,182,1,0.37560503388189737,0.01,1,lotte_technology_search_100k_q232,2,0.8159522377841858,3,linucb_primary,1,1,1,1033,shuffled_tiers
13,1,1,1,0.06976744186046512,72,1,0.6531007751937985,0.01,1,lotte_technology_search_100k_q563,3,0.886912220424533,3,linucb_primary,1,1,1,1032,shuffled_tiers
13,1,1,1,0.034467120181405894,76,1,0.49433106575963714,0.01,1,lotte_technology_search_100k_q408,6,0.8657992321550086,3,linucb_primary,1,1,1,2205,shuffled_tiers
13,0,0,0,nan,0,0,nan,nan,0,lotte_technology_search_100k_q74,0,0.3018835715949535,0,full_dense_fallback,0,0,0,563,shuffled_tiers
13,1,1,1,0.6540136901057871,1051,8,0.34598630989421286,0.66,0,lotte_technology_search_100k_q201,1,0.7888588810087327,3,linucb_primary,1,1,1,1607,shuffled_tiers
13,1,1,1,0.29057187017001546,376,1,0.4775888717156105,0.01,0,lotte_technology_search_100k_q478,1,0.7558129494954615,3,linucb_primary,1,1,1,1294,shuffled_tiers
13,0,1,1,nan,0,0,nan,nan,0,lotte_technology_search_100k_q176,0,0.5697971187641246,2,hybrid_lite,0,0,0,671,shuffled_tiers
13,1,1,1,0.2497883149872989,295,1,0.42591024555461476,0.01,1,lotte_technology_search_100k_q297,2,0.8422149663956743,3,linucb_primary,1,1,1,1181,shuffled_tiers
13,1,1,1,0.1135593220338983,335,1,0.4735593220338983,0.01,0,lotte_technology_search_100k_q458,1,0.9460036388365116,3,linucb_primary,1,1,1,2950,shuffled_tiers
13,1,1,1,0.35784313725490197,292,3,0.5857843137254901,0.01,0,lotte_technology_search_100k_q241,1,0.6395359397920846,3,hybrid_lite,1,1,1,816,shuffled_tiers
13,1,1,1,0.16957605985037408,136,1,0.5947630922693267,0.01,1,lotte_technology_search_100k_q272,2,0.45680724106633663,3,hybrid_lite,1,1,1,802,shuffled_tiers
13,1,1,1,0.033460076045627375,44,1,0.5711026615969581,0.01,1,lotte_technology_search_100k_q344,6,0.9497761011902192,3,linucb_primary,1,1,1,1315,shuffled_tiers
13,1,1,1,0.17202889034799737,262,1,0.6375574523965857,0.01,1,lotte_technology_search_100k_q94,3,0.8075131224666453,3,linucb_primary,1,1,1,1523,shuffled_tiers
13,1,1,1,0.2679769894534995,559,1,0.40508149568552254,0.01,0,lotte_technology_search_100k_q198,1,0.3629866273618229,3,full_dense_fallback,1,1,1,2086,shuffled_tiers
13,1,1,1,0.11752044769694361,273,1,0.6190271201033146,0.01,0,lotte_technology_search_100k_q564,1,1.0,3,linucb_primary,1,1,1,2323,shuffled_tiers
13,1,1,1,0.0375462718138551,142,1,0.7371760973030143,0.01,1,lotte_technology_search_100k_q464,5,0.8775195912818574,3,linucb_primary,1,1,1,3782,shuffled_tiers
13,1,1,1,0.06544293695131684,82,1,0.6695929768555466,0.01,1,lotte_technology_search_100k_q407,2,0.9614523747979062,3,linucb_primary,1,1,1,1253,shuffled_tiers
13,1,1,1,0.0625,108,1,0.46759259259259256,0.01,1,lotte_technology_search_100k_q399,5,0.9088369855798173,3,linucb_primary,1,1,1,1728,shuffled_tiers
13,1,1,1,0.09203980099502487,74,1,0.6654228855721394,0.01,0,lotte_technology_search_100k_q270,1,0.930040115297185,3,linucb_primary,1,1,1,804,shuffled_tiers
13,1,1,1,0.14473684210526316,209,4,0.8552631578947368,0.01,1,lotte_technology_search_100k_q310,2,0.8713720819463963,3,linucb_primary,1,1,1,1444,shuffled_tiers
13,1,1,1,0.25244393329499715,439,1,0.29442208165612416,0.01,1,lotte_technology_search_100k_q579,2,0.30397212323394596,3,full_dense_fallback,1,1,1,1739,shuffled_tiers
13,1,1,1,0.07371134020618557,143,1,0.39020618556701026,0.01,0,lotte_technology_search_100k_q472,1,0.7094001987958292,3,hybrid_lite,1,1,1,1940,shuffled_tiers
13,1,1,1,0.1944696282864914,429,1,0.5675430643699002,0.01,1,lotte_technology_search_100k_q387,3,0.9733280950672891,3,linucb_primary,1,1,1,2206,shuffled_tiers
13,1,1,1,0.03961267605633803,45,1,0.7561619718309859,0.01,0,lotte_technology_search_100k_q215,1,0.5494496387819124,3,hybrid_lite,1,1,1,1136,shuffled_tiers
13,1,1,1,0.594789356984479,1073,8,0.405210643015521,0.6,0,lotte_technology_search_100k_q104,1,0.7627790825569856,3,linucb_primary,1,1,1,1804,shuffled_tiers
13,1,1,1,0.14042553191489363,198,1,0.6042553191489362,0.01,1,lotte_technology_search_100k_q357,2,0.7533678153820086,3,linucb_primary,1,1,1,1410,shuffled_tiers
13,1,1,1,0.04882943143812709,73,1,0.7016722408026757,0.01,1,lotte_technology_search_100k_q414,7,0.9457176480264282,3,linucb_primary,1,1,1,1495,shuffled_tiers
13,1,1,1,0.3137643792145974,791,1,0.5815152717175724,0.01,0,lotte_technology_search_100k_q279,1,0.46037940217165635,3,hybrid_lite,1,1,1,2521,shuffled_tiers
13,1,0,1,0.4715127701375246,720,2,0.43352979698755734,0.01,1,lotte_technology_search_100k_q494,2,0.5012088497133221,2,hybrid_lite,1,1,1,1527,shuffled_tiers
13,1,1,1,0.1721189591078067,463,2,0.32081784386617096,0.01,0,lotte_technology_search_100k_q584,1,0.6063134482229593,3,hybrid_lite,1,1,1,2690,shuffled_tiers
13,1,1,1,0.1358936484490399,92,2,0.620384047267356,0.01,1,lotte_technology_search_100k_q209,3,0.5025197912344389,3,hybrid_lite,1,1,1,677,shuffled_tiers
13,1,1,1,0.12623762376237624,102,1,0.4641089108910891,0.01,1,lotte_technology_search_100k_q24,2,0.6678656454847162,3,hybrid_lite,1,1,1,808,shuffled_tiers
13,1,1,1,0.1671677690920024,278,1,0.44858689116055317,0.01,0,lotte_technology_search_100k_q256,1,0.9735831461481002,3,linucb_primary,1,1,1,1663,shuffled_tiers
13,1,1,1,0.06070941336971351,89,1,0.7626193724420192,0.01,1,lotte_technology_search_100k_q553,4,0.8198469808464878,3,linucb_primary,1,1,1,1466,shuffled_tiers
13,1,1,1,0.05078720162519045,100,1,0.5043169121381412,0.01,1,lotte_technology_search_100k_q106,2,0.39078327243659705,3,full_dense_fallback,1,1,1,1969,shuffled_tiers
13,1,1,1,0.1064,133,1,0.25760000000000005,0.01,1,lotte_technology_search_100k_q543,2,0.8592248430374145,3,linucb_primary,1,1,1,1250,shuffled_tiers
13,1,1,1,0.08881578947368421,135,1,0.475,0.01,1,lotte_technology_search_100k_q556,2,0.8920521768639256,3,linucb_primary,1,1,1,1520,shuffled_tiers
13,1,1,1,0.10775427995971802,107,1,0.49446122860020136,0.01,0,lotte_technology_search_100k_q211,1,0.6013344322434765,3,hybrid_lite,1,1,1,993,shuffled_tiers
13,1,1,1,0.05082872928176796,46,1,0.616574585635359,0.01,1,lotte_technology_search_100k_q88,2,0.9364716807284391,3,linucb_primary,1,1,1,905,shuffled_tiers
13,1,1,1,0.040157998683344305,61,1,0.5339038841342989,0.01,1,lotte_technology_search_100k_q340,3,0.9612077774613734,3,linucb_primary,1,1,1,1519,shuffled_tiers
13,0,1,0,nan,0,0,nan,nan,0,lotte_technology_search_100k_q276,0,0.444536850660775,1,hybrid_lite,0,0,0,880,shuffled_tiers
13,1,1,1,0.0783517121300058,135,1,0.5414973882762624,0.01,1,lotte_technology_search_100k_q386,2,0.6960865172454196,3,hybrid_lite,1,1,1,1723,shuffled_tiers
13,0,0,1,nan,0,0,nan,nan,0,lotte_technology_search_100k_q27,0,0.4624763577818796,1,hybrid_lite,0,0,0,1393,shuffled_tiers
13,1,1,1,0.1516497461928934,239,2,0.5818527918781726,0.01,1,lotte_technology_search_100k_q109,4,0.7953491731896307,3,linucb_primary,1,1,1,1576,shuffled_tiers
13,1,1,1,0.11870845204178537,250,1,0.43257359924026595,0.01,1,lotte_technology_search_100k_q504,3,0.7282549525847938,3,hybrid_lite,1,1,1,2106,shuffled_tiers
13,1,1,1,0.507081038552321,1289,2,0.3347757671125098,0.01,0,lotte_technology_search_100k_q305,1,0.9327789714846924,3,linucb_primary,1,1,1,2542,shuffled_tiers
13,1,1,1,0.3424734191382205,612,1,0.5842193620593172,0.01,0,lotte_technology_search_100k_q315,1,0.5942137992266724,3,hybrid_lite,1,1,1,1787,shuffled_tiers
13,1,0,1,0.1284019539427774,184,1,0.45359385903698535,0.01,0,lotte_technology_search_100k_q435,1,0.6363674519476744,2,hybrid_lite,1,1,1,1433,shuffled_tiers
13,1,1,1,0.18943298969072164,147,1,0.5631443298969072,0.01,0,lotte_technology_search_100k_q135,1,0.7119061712303809,3,hybrid_lite,1,1,1,776,shuffled_tiers
13,1,1,1,0.10742857142857143,94,1,0.544,0.01,1,lotte_technology_search_100k_q509,3,0.46814966183670503,3,hybrid_lite,1,1,1,875,shuffled_tiers
13,1,1,1,0.2617765814266487,1167,1,0.5812023328847016,0.01,1,lotte_technology_search_100k_q288,8,0.8412224393794875,3,linucb_primary,1,1,1,4458,shuffled_tiers
13,1,1,1,0.06060606060606061,68,1,0.5463458110516934,0.01,1,lotte_technology_search_100k_q42,2,0.9592183782281922,3,linucb_primary,1,1,1,1122,shuffled_tiers
13,1,1,1,nan,0,0,nan,nan,0,lotte_technology_search_100k_q254,0,0.972595336235893,3,linucb_primary,0,0,0,1931,shuffled_tiers
13,1,1,1,0.14663143989431968,111,1,0.49669749009247033,0.01,1,lotte_technology_search_100k_q281,5,0.8247066285005936,3,linucb_primary,1,1,1,757,shuffled_tiers
13,1,1,1,0.09869281045751634,151,1,0.6483660130718953,0.01,1,lotte_technology_search_100k_q562,2,0.9613390089297503,3,linucb_primary,1,1,1,1530,shuffled_tiers
13,1,1,1,0.43610013175230566,331,1,0.44400527009222657,0.01,0,lotte_technology_search_100k_q534,1,0.5551054857376451,3,hybrid_lite,1,1,1,759,shuffled_tiers
13,1,1,1,0.19128113879003558,215,1,0.6494661921708185,0.01,0,lotte_technology_search_100k_q120,1,0.871256574835994,3,linucb_primary,1,1,1,1124,shuffled_tiers
13,1,1,1,0.22189173111243307,373,1,0.5580011897679953,0.01,1,lotte_technology_search_100k_q65,2,0.6875286355065804,3,hybrid_lite,1,1,1,1681,shuffled_tiers
13,1,0,1,0.22580645161290322,126,1,0.6021505376344086,0.01,0,lotte_technology_search_100k_q302,1,0.2889815479607973,2,full_dense_fallback,1,1,1,558,shuffled_tiers
13,1,1,1,0.23938879456706283,141,2,0.47198641765704585,0.01,0,lotte_technology_search_100k_q222,1,0.4633957874015406,3,hybrid_lite,1,1,1,589,shuffled_tiers
13,1,1,1,0.11465271170313987,241,1,0.7136060894386298,0.01,1,lotte_technology_search_100k_q267,2,0.716156611668914,3,hybrid_lite,1,1,1,2102,shuffled_tiers
13,1,1,1,0.3867924528301887,738,2,0.32442348008385746,0.01,1,lotte_technology_search_100k_q82,2,0.6807437460005542,3,hybrid_lite,1,1,1,1908,shuffled_tiers
13,0,1,1,0.7314121037463976,1269,8,0.43342939481268017,0.57,0,lotte_technology_search_100k_q547,1,0.6841958772932991,2,hybrid_lite,1,1,1,1735,shuffled_tiers
13,1,1,1,0.1978021978021978,342,1,0.5182186234817814,0.01,1,lotte_technology_search_100k_q413,3,0.8538632658999297,3,linucb_primary,1,1,1,1729,shuffled_tiers
13,1,1,1,0.10662824207492795,111,1,0.425552353506244,0.01,0,lotte_technology_search_100k_q164,1,0.9656504233667347,3,linucb_primary,1,1,1,1041,shuffled_tiers
13,1,1,1,0.37438423645320196,228,2,0.4203612479474549,0.01,0,lotte_technology_search_100k_q240,1,0.9771215242682952,3,linucb_primary,1,1,1,609,shuffled_tiers
13,0,1,1,0.0683371298405467,30,1,0.6218678815489749,0.01,0,lotte_technology_search_100k_q66,1,0.3510734751684374,2,full_dense_fallback,1,1,1,439,shuffled_tiers
13,1,1,1,0.04300686664257319,119,1,0.3870617997831587,0.01,1,lotte_technology_search_100k_q434,7,0.5483110937148651,3,hybrid_lite,1,1,1,2767,shuffled_tiers
13,1,1,1,0.09760479041916167,163,1,0.5946107784431138,0.01,1,lotte_technology_search_100k_q403,2,0.8118576115448378,3,linucb_primary,1,1,1,1670,shuffled_tiers
13,1,1,1,0.2602040816326531,255,1,0.5816326530612245,0.01,0,lotte_technology_search_100k_q154,1,0.6816905340452079,3,hybrid_lite,1,1,1,980,shuffled_tiers
13,1,0,0,nan,0,0,nan,nan,0,lotte_technology_search_100k_q8,0,0.2117650471935941,1,full_dense_fallback,0,0,0,553,shuffled_tiers
13,1,1,1,0.37510729613733906,437,4,0.6248927038626609,0.01,0,lotte_technology_search_100k_q40,1,0.8475087277378023,3,linucb_primary,1,1,1,1165,shuffled_tiers
13,0,1,1,1.0,689,10,0.0,1.0,0,lotte_technology_search_100k_q22,1,0.8994083781371932,2,linucb_primary,0,0,1,689,shuffled_tiers
13,1,0,1,nan,0,0,nan,nan,0,lotte_technology_search_100k_q433,0,0.671375756144378,2,hybrid_lite,0,0,0,2454,shuffled_tiers
13,1,1,1,0.07589826402906742,188,1,0.3362939039160274,0.01,1,lotte_technology_search_100k_q585,2,0.9661903038311883,3,linucb_primary,1,1,1,2477,shuffled_tiers
13,1,0,1,0.11376404494382023,162,1,0.538623595505618,0.01,0,lotte_technology_search_100k_q526,1,0.36361380219840755,2,full_dense_fallback,1,1,1,1424,shuffled_tiers
13,1,1,1,0.12034009156311315,184,1,0.4493132766514062,0.01,1,lotte_technology_search_100k_q508,2,0.9595509109706365,3,linucb_primary,1,1,1,1529,shuffled_tiers
13,1,1,1,0.09078289838978346,327,1,0.6218767351471405,0.01,1,lotte_technology_search_100k_q575,2,0.8871151926587546,3,linucb_primary,1,1,1,3602,shuffled_tiers
13,1,1,1,nan,0,0,nan,nan,0,lotte_technology_search_100k_q172,0,0.5921711103722491,3,hybrid_lite,0,0,0,721,shuffled_tiers
13,1,1,1,0.4530141843971631,511,1,0.43262411347517726,0.01,0,lotte_technology_search_100k_q226,1,0.7307580817932171,3,hybrid_lite,1,1,1,1128,shuffled_tiers
13,1,1,1,0.1885424220449601,260,1,0.5902828136330674,0.01,1,lotte_technology_search_100k_q492,2,0.7054375011839751,3,hybrid_lite,1,1,1,1379,shuffled_tiers
13,1,1,1,0.23985239852398524,260,1,0.4566420664206642,0.01,1,lotte_technology_search_100k_q41,2,0.9776289476795776,3,linucb_primary,1,1,1,1084,shuffled_tiers
13,1,1,1,0.07036346691519105,151,1,0.8005591798695246,0.01,1,lotte_technology_search_100k_q502,5,0.620980243491785,3,hybrid_lite,1,1,1,2146,shuffled_tiers
13,0,1,1,0.3587570621468927,254,2,0.5296610169491525,0.01,0,lotte_technology_search_100k_q271,1,0.5332376903640242,2,hybrid_lite,1,1,1,708,shuffled_tiers
13,1,1,1,0.06221198156682028,108,1,0.3605990783410138,0.01,1,lotte_technology_search_100k_q566,2,0.657166504954481,3,hybrid_lite,1,1,1,1736,shuffled_tiers
13,1,1,1,0.04005722460658083,28,1,0.44778254649499283,0.01,1,lotte_technology_search_100k_q292,4,0.8580294416137226,3,linucb_primary,1,1,1,699,shuffled_tiers
13,1,1,1,0.19945697577276525,955,1,0.4536340852130326,0.01,1,lotte_technology_search_100k_q506,7,0.9455333952868991,3,linucb_primary,1,1,1,4788,shuffled_tiers
13,1,0,1,nan,0,0,nan,nan,0,lotte_technology_search_100k_q493,0,0.5204246515842808,2,hybrid_lite,0,0,0,2158,shuffled_tiers
13,1,1,1,0.09431467606875275,214,1,0.6086381665932128,0.01,1,lotte_technology_search_100k_q338,2,0.7830102561048241,3,linucb_primary,1,1,1,2269,shuffled_tiers
13,1,1,1,0.01149047931713723,35,1,0.7534471437951411,0.01,1,lotte_technology_search_100k_q431,4,0.5631271394795078,3,hybrid_lite,1,1,1,3046,shuffled_tiers
13,0,0,1,nan,0,0,nan,nan,0,lotte_technology_search_100k_q26,0,0.44922485335770174,1,hybrid_lite,0,0,0,1890,shuffled_tiers
13,1,1,1,0.29173764906303234,685,1,0.32708688245315165,0.01,0,lotte_technology_search_100k_q72,1,0.9553682200889585,3,linucb_primary,1,1,1,2348,shuffled_tiers
13,0,1,1,0.4172767203513909,285,3,0.5446559297218155,0.01,0,lotte_technology_search_100k_q121,1,0.42540328170013963,2,full_dense_fallback,1,1,1,683,shuffled_tiers
13,0,1,1,0.5100917431192661,278,3,0.3926605504587156,0.01,0,lotte_technology_search_100k_q225,1,0.9820475659910235,2,linucb_primary,1,1,1,545,shuffled_tiers
13,1,1,1,0.24898196625945318,428,1,0.372891215823153,0.01,1,lotte_technology_search_100k_q132,2,0.8813991314385916,3,linucb_primary,1,1,1,1719,shuffled_tiers
13,1,1,1,0.2664389410760034,312,1,0.4756618274978651,0.01,0,lotte_technology_search_100k_q63,1,0.9636326821798428,3,linucb_primary,1,1,1,1171,shuffled_tiers
13,0,1,1,0.21815154038301415,262,3,0.6977518734388011,0.01,0,lotte_technology_search_100k_q203,1,0.5865540510427664,2,hybrid_lite,1,1,1,1201,shuffled_tiers
13,1,1,1,0.04932206720377284,251,1,0.7677343289447829,0.01,1,lotte_technology_search_100k_q392,4,0.8948934934089512,3,linucb_primary,1,1,1,5089,shuffled_tiers
13,1,1,1,0.6268568033273916,1055,3,0.34224598930481287,0.01,1,lotte_technology_search_100k_q173,2,0.5891006147848652,3,hybrid_lite,1,1,1,1683,shuffled_tiers
13,1,1,1,0.09298245614035087,106,1,0.15263157894736845,0.01,1,lotte_technology_search_100k_q249,4,0.7008535078260154,3,hybrid_lite,1,1,1,1140,shuffled_tiers
13,1,1,1,0.08270676691729323,231,1,0.6953097028284998,0.01,1,lotte_technology_search_100k_q581,3,0.6460940698395581,3,hybrid_lite,1,1,1,2793,shuffled_tiers
13,1,1,1,0.043647977288857345,123,1,0.559971611071682,0.01,1,lotte_technology_search_100k_q152,3,0.8547492252531766,3,linucb_primary,1,1,1,2818,shuffled_tiers
13,1,1,1,0.23599828986746474,552,1,0.5083368961094485,0.01,0,lotte_technology_search_100k_q590,1,0.774973557578426,3,linucb_primary,1,1,1,2339,shuffled_tiers
13,1,1,1,0.07277452891487979,112,1,0.4970760233918129,0.01,1,lotte_technology_search_100k_q95,3,0.7420899259356145,3,linucb_primary,1,1,1,1539,shuffled_tiers
13,1,1,1,0.04468412942989214,58,1,0.7303543913713405,0.01,0,lotte_technology_search_100k_q522,1,0.9081365515471123,3,linucb_primary,1,1,1,1298,shuffled_tiers
13,1,1,1,0.1684848484848485,278,1,0.5315151515151515,0.01,1,lotte_technology_search_100k_q257,2,0.9585254299376998,3,linucb_primary,1,1,1,1650,shuffled_tiers
13,1,1,1,0.28514285714285714,499,1,0.48457142857142854,0.01,1,lotte_technology_search_100k_q316,3,0.963602381928026,3,linucb_primary,1,1,1,1750,shuffled_tiers
13,1,1,1,0.34183673469387754,402,3,0.4659863945578231,0.01,1,lotte_technology_search_100k_q188,3,0.8027055125205425,3,linucb_primary,1,1,1,1176,shuffled_tiers
13,1,0,1,0.08624147613317289,215,1,0.5122342559165665,0.01,1,lotte_technology_search_100k_q529,4,0.4321668982696231,2,full_dense_fallback,1,1,1,2493,shuffled_tiers
13,1,1,1,0.7661947661947662,1786,6,0.23380523380523377,0.77,0,lotte_technology_search_100k_q70,1,0.968494461374493,3,linucb_primary,1,1,1,2331,shuffled_tiers
13,1,1,1,0.21071428571428572,295,1,0.6571428571428571,0.01,1,lotte_technology_search_100k_q298,2,0.7445203322399201,3,linucb_primary,1,1,1,1400,shuffled_tiers
13,1,0,1,0.3961693548387097,786,1,0.4032258064516129,0.01,0,lotte_technology_search_100k_q528,1,0.3885915939195436,2,full_dense_fallback,1,1,1,1984,shuffled_tiers
13,1,1,1,0.26049766718507,335,1,0.6905132192846034,0.01,0,lotte_technology_search_100k_q383,1,0.693408039283738,3,hybrid_lite,1,1,1,1286,shuffled_tiers
13,0,0,0,nan,0,0,nan,nan,0,lotte_technology_search_100k_q138,0,0.3979165865027844,0,full_dense_fallback,0,0,0,737,shuffled_tiers
13,1,1,1,0.025243578387953942,57,1,0.6868910540301152,0.01,1,lotte_technology_search_100k_q442,3,0.7165668023656945,3,hybrid_lite,1,1,1,2258,shuffled_tiers
13,0,1,1,0.08763693270735524,56,1,0.42879499217527384,0.01,0,lotte_technology_search_100k_q180,1,0.5549448227499366,2,hybrid_lite,1,1,1,639,shuffled_tiers
13,1,1,1,0.12368421052631579,94,1,0.6355263157894737,0.01,0,lotte_technology_search_100k_q29,1,0.6548464932261647,3,hybrid_lite,1,1,1,760,shuffled_tiers
13,1,1,1,0.04124748490945674,41,1,0.5181086519114688,0.01,1,lotte_technology_search_100k_q295,5,0.9466378547093255,3,linucb_primary,1,1,1,994,shuffled_tiers
13,1,1,1,0.019359145527369826,29,1,0.6949265687583445,0.01,1,lotte_technology_search_100k_q519,6,0.77662761995402,3,linucb_primary,1,1,1,1498,shuffled_tiers
13,1,0,1,0.10526315789473684,110,1,0.5913875598086125,0.01,1,lotte_technology_search_100k_q242,3,0.3591732736276351,2,full_dense_fallback,1,1,1,1045,shuffled_tiers
13,1,1,1,0.05608412618928393,112,1,0.7085628442663996,0.01,1,lotte_technology_search_100k_q334,2,0.7249807578175669,3,hybrid_lite,1,1,1,1997,shuffled_tiers
17,1,1,1,0.04483430799220273,23,1,0.4600389863547758,0.01,1,lotte_technology_search_100k_q336,4,0.5780581408061358,3,hybrid_lite,1,1,1,513,shuffled_tiers
17,1,1,1,0.3675527039413382,401,2,0.4720439963336389,0.01,0,lotte_technology_search_100k_q76,1,0.4868564205407094,3,hybrid_lite,1,1,1,1091,shuffled_tiers
17,1,1,1,0.032279314888010543,49,1,0.8201581027667985,0.01,1,lotte_technology_search_100k_q426,8,0.8494732675721365,3,linucb_primary,1,1,1,1518,shuffled_tiers
17,1,1,1,0.05163727959697733,41,1,0.6712846347607053,0.01,0,lotte_technology_search_100k_q2,1,0.6106251195316386,3,hybrid_lite,1,1,1,794,shuffled_tiers
17,1,1,1,0.29581447963800905,523,1,0.5113122171945701,0.01,0,lotte_technology_search_100k_q447,1,0.8475916562781278,3,linucb_primary,1,1,1,1768,shuffled_tiers
17,1,1,1,0.784651992861392,1319,6,0.4741225461035098,0.53,0,lotte_technology_search_100k_q139,1,0.8873105999490059,3,linucb_primary,1,1,1,1681,shuffled_tiers
17,1,1,1,0.1432937181663837,422,1,0.46893039049235996,0.01,1,lotte_technology_search_100k_q507,3,0.4526635085432953,3,hybrid_lite,1,1,1,2945,shuffled_tiers
17,0,1,1,nan,0,0,nan,nan,0,lotte_technology_search_100k_q58,0,0.717467825756265,2,hybrid_lite,0,0,0,832,shuffled_tiers
17,1,1,1,0.21987577639751552,177,2,0.5751552795031056,0.01,1,lotte_technology_search_100k_q125,2,0.9336916783226213,3,linucb_primary,1,1,1,805,shuffled_tiers
17,1,1,1,0.02408759124087591,66,1,0.5565693430656935,0.01,1,lotte_technology_search_100k_q462,4,0.9102952760923236,3,linucb_primary,1,1,1,2740,shuffled_tiers
17,0,1,1,0.35723431498079383,279,4,0.6427656850192062,0.01,0,lotte_technology_search_100k_q57,1,0.8173420469526403,2,linucb_primary,1,1,1,781,shuffled_tiers
17,1,1,1,0.09671179883945841,150,1,0.5396518375241779,0.01,1,lotte_technology_search_100k_q503,5,0.7386761734598339,3,hybrid_lite,1,1,1,1551,shuffled_tiers
17,1,1,1,0.10014947683109118,67,1,0.4813153961136024,0.01,0,lotte_technology_search_100k_q264,1,0.8092717440635742,3,linucb_primary,1,1,1,669,shuffled_tiers
17,0,0,0,nan,0,0,nan,nan,0,lotte_technology_search_100k_q166,0,0.4490868109716533,0,hybrid_lite,0,0,0,1734,shuffled_tiers
17,1,0,1,nan,0,0,nan,nan,0,lotte_technology_search_100k_q213,0,0.3857990753687183,2,full_dense_fallback,0,0,0,705,shuffled_tiers
17,1,1,1,0.07507692307692308,122,1,0.7138461538461538,0.01,1,lotte_technology_search_100k_q578,7,0.7001447828824183,3,hybrid_lite,1,1,1,1625,shuffled_tiers
17,1,1,1,0.02804878048780488,46,1,0.6329268292682927,0.01,1,lotte_technology_search_100k_q244,3,0.5536347981790337,3,hybrid_lite,1,1,1,1640,shuffled_tiers
17,1,1,1,0.36386138613861385,294,3,0.5891089108910892,0.01,0,lotte_technology_search_100k_q117,1,0.607926896608801,3,hybrid_lite,1,1,1,808,shuffled_tiers
17,0,1,1,0.8103448275862069,1598,7,0.18965517241379315,0.82,0,lotte_technology_search_100k_q280,1,0.7781083357302379,2,linucb_primary,1,1,1,1972,shuffled_tiers
17,1,1,1,0.07752956636005257,118,1,0.5124835742444153,0.01,1,lotte_technology_search_100k_q378,4,0.3036045542567671,3,full_dense_fallback,1,1,1,1522,shuffled_tiers
17,1,1,1,0.20141969831410825,227,1,0.6610470275066549,0.01,0,lotte_technology_search_100k_q11,1,0.8337026594275913,3,linucb_primary,1,1,1,1127,shuffled_tiers
17,1,1,1,0.8902237926972909,3779,7,0.1097762073027091,0.9,0,lotte_technology_search_100k_q102,1,0.7222775822190715,3,hybrid_lite,0,1,1,4245,shuffled_tiers
17,1,0,1,nan,0,0,nan,nan,0,lotte_technology_search_100k_q363,0,0.3774949298049934,2,full_dense_fallback,0,0,0,878,shuffled_tiers
17,1,1,1,0.028052805280528052,51,1,0.6138613861386139,0.01,1,lotte_technology_search_100k_q446,8,0.7275785871811709,3,hybrid_lite,1,1,1,1818,shuffled_tiers
17,1,0,1,0.22528581035642234,670,1,0.710827168796234,0.01,0,lotte_technology_search_100k_q499,1,0.27530202590427544,2,full_dense_fallback,1,1,1,2974,shuffled_tiers
17,1,1,1,0.15005727376861397,131,1,0.6128293241695304,0.01,0,lotte_technology_search_100k_q476,1,0.8605047526958206,3,linucb_primary,1,1,1,873,shuffled_tiers
17,1,1,1,0.10269576379974327,80,1,0.7201540436456997,0.01,1,lotte_technology_search_100k_q98,2,0.8317076378087633,3,linucb_primary,1,1,1,779,shuffled_tiers
17,1,0,0,nan,0,0,nan,nan,0,lotte_technology_search_100k_q284,0,0.24861195527055313,1,full_dense_fallback,0,0,0,718,shuffled_tiers
17,1,0,1,0.1908548707753479,288,2,0.757455268389662,0.01,0,lotte_technology_search_100k_q200,1,0.45943004119957076,2,hybrid_lite,1,1,1,1509,shuffled_tiers
17,1,1,1,0.7871376811594203,869,8,0.2128623188405797,0.79,0,lotte_technology_search_100k_q170,1,0.9272758950939581,3,linucb_primary,1,1,1,1104,shuffled_tiers
17,0,1,1,0.4087530966143683,495,4,0.5912469033856317,0.01,1,lotte_technology_search_100k_q278,2,0.6452151219942021,2,hybrid_lite,1,1,1,1211,shuffled_tiers
17,1,1,1,0.0990253411306043,254,1,0.6187134502923977,0.01,1,lotte_technology_search_100k_q525,5,0.8508701240311101,3,linucb_primary,1,1,1,2565,shuffled_tiers
17,1,0,1,0.13636363636363635,93,1,0.32844574780058655,0.01,1,lotte_technology_search_100k_q210,2,0.23906394306975443,2,full_dense_fallback,1,1,1,682,shuffled_tiers
17,1,1,1,0.0659090909090909,116,1,0.5142045454545454,0.01,1,lotte_technology_search_100k_q425,10,0.8449444297424566,3,linucb_primary,1,1,1,1760,shuffled_tiers
17,1,1,1,0.2222222222222222,390,4,0.7777777777777778,0.01,1,lotte_technology_search_100k_q0,2,0.8148320736363324,3,linucb_primary,1,1,1,1755,shuffled_tiers
17,1,1,1,0.10526315789473684,150,1,0.4989473684210526,0.01,1,lotte_technology_search_100k_q516,5,0.7769958392753131,3,linucb_primary,1,1,1,1425,shuffled_tiers
17,1,1,1,0.12507171543316123,218,1,0.38668961560527826,0.01,1,lotte_technology_search_100k_q436,2,0.9586808060151121,3,linucb_primary,1,1,1,1743,shuffled_tiers
17,1,0,1,0.24929378531073446,706,1,0.4346751412429378,0.01,0,lotte_technology_search_100k_q419,1,0.5415337293999484,2,hybrid_lite,1,1,1,2832,shuffled_tiers
17,1,0,1,0.6804020100502512,1354,4,0.31959798994974875,0.01,0,lotte_technology_search_100k_q376,1,0.39342990981166737,2,full_dense_fallback,1,1,1,1990,shuffled_tiers
17,1,0,1,0.7241784037558685,617,5,0.2758215962441315,0.73,0,lotte_technology_search_100k_q500,1,0.45606029605514414,2,hybrid_lite,1,1,1,852,shuffled_tiers
17,0,1,1,0.3893129770992366,612,3,0.55470737913486,0.01,0,lotte_technology_search_100k_q445,1,0.9397368341715051,2,linucb_primary,1,1,1,1572,shuffled_tiers
17,1,1,0,nan,0,0,nan,nan,0,lotte_technology_search_100k_q115,0,0.8205651618979224,2,linucb_primary,0,0,0,1398,shuffled_tiers
17,1,1,1,0.08310991957104558,124,1,0.7111260053619303,0.01,0,lotte_technology_search_100k_q273,1,0.46836910527600034,3,hybrid_lite,1,1,1,1492,shuffled_tiers
17,1,0,1,nan,0,0,nan,nan,0,lotte_technology_search_100k_q535,0,0.3750673058301491,2,full_dense_fallback,0,0,0,585,shuffled_tiers
17,1,1,1,0.026936026936026935,48,1,0.43153759820426485,0.01,1,lotte_technology_search_100k_q329,5,0.7430007125811023,3,linucb_primary,1,1,1,1782,shuffled_tiers
17,1,1,1,0.047293746715712036,90,1,0.6179716237519706,0.01,1,lotte_technology_search_100k_q568,2,0.7150639708825045,3,hybrid_lite,1,1,1,1903,shuffled_tiers
17,1,1,1,0.02044907778668805,51,1,0.39735364875701684,0.01,1,lotte_technology_search_100k_q595,5,0.6992892796356753,3,hybrid_lite,1,1,1,2494,shuffled_tiers
17,1,1,1,0.17834394904458598,448,1,0.3407643312101911,0.01,0,lotte_technology_search_100k_q359,1,0.8226834630483645,3,linucb_primary,1,1,1,2512,shuffled_tiers
17,0,1,1,nan,0,0,nan,nan,0,lotte_technology_search_100k_q21,0,0.7725637257583905,2,linucb_primary,0,0,0,717,shuffled_tiers
17,1,0,1,0.1289701636188643,268,1,0.39076034648700675,0.01,1,lotte_technology_search_100k_q560,3,0.3636486257912618,2,full_dense_fallback,1,1,1,2078,shuffled_tiers
17,1,1,1,0.08360369353631146,335,1,0.6588470177189918,0.01,1,lotte_technology_search_100k_q396,4,0.5322924920385412,3,hybrid_lite,1,1,1,4007,shuffled_tiers
17,1,0,1,nan,0,0,nan,nan,0,lotte_technology_search_100k_q163,0,0.5565070270857638,2,hybrid_lite,0,0,0,2253,shuffled_tiers
17,1,1,1,0.05719360568383659,161,1,0.4760213143872114,0.01,1,lotte_technology_search_100k_q527,7,0.4912730243801468,3,hybrid_lite,1,1,1,2815,shuffled_tiers
17,1,1,1,0.07392996108949416,133,1,0.46581434130072263,0.01,1,lotte_technology_search_100k_q423,9,0.9276197072089138,3,linucb_primary,1,1,1,1799,shuffled_tiers
17,1,0,0,nan,0,0,nan,nan,0,lotte_technology_search_100k_q283,0,0.27219489378111994,1,full_dense_fallback,0,0,0,916,shuffled_tiers
17,1,1,1,0.7450826121164438,947,6,0.2549173878835562,0.75,0,lotte_technology_search_100k_q339,1,0.708559781752262,3,hybrid_lite,1,1,1,1271,shuffled_tiers
17,1,1,1,0.1746031746031746,242,1,0.6320346320346321,0.01,0,lotte_technology_search_100k_q474,1,0.8032809728716627,3,linucb_primary,1,1,1,1386,shuffled_tiers
17,1,1,1,0.0906408094435076,215,1,0.6564080944350759,0.01,1,lotte_technology_search_100k_q343,4,0.9495193425112382,3,linucb_primary,1,1,1,2372,shuffled_tiers
17,1,1,1,0.10592808551992225,327,2,0.2452218982831228,0.01,0,lotte_technology_search_100k_q312,1,0.6305784382319425,3,hybrid_lite,1,1,1,3087,shuffled_tiers
17,1,1,1,0.05355776587605203,70,1,0.4965570007651109,0.01,1,lotte_technology_search_100k_q311,3,0.8642686965197381,3,linucb_primary,1,1,1,1307,shuffled_tiers
17,1,1,1,0.01365546218487395,13,1,0.569327731092437,0.01,1,lotte_technology_search_100k_q236,6,0.9549028520786773,3,linucb_primary,1,1,1,952,shuffled_tiers
17,0,0,0,nan,0,0,nan,nan,0,lotte_technology_search_100k_q382,0,0.37232457025163174,0,full_dense_fallback,0,0,0,1104,shuffled_tiers
17,1,1,1,0.11472697186982901,208,1,0.44125758411472693,0.01,1,lotte_technology_search_100k_q328,5,0.6519044545632078,3,hybrid_lite,1,1,1,1813,shuffled_tiers
17,1,1,1,0.05383480825958702,73,1,0.6556047197640118,0.01,1,lotte_technology_search_100k_q444,8,0.9260908664390427,3,linucb_primary,1,1,1,1356,shuffled_tiers
17,1,1,1,0.10029940119760479,134,1,0.48203592814371254,0.01,1,lotte_technology_search_100k_q356,3,0.415307456432635,3,full_dense_fallback,1,1,1,1336,shuffled_tiers
17,1,1,1,0.4763636363636364,786,1,0.18242424242424238,0.01,0,lotte_technology_search_100k_q517,1,0.24060572449219175,3,full_dense_fallback,1,1,1,1650,shuffled_tiers
17,1,1,1,0.25388127853881276,556,1,0.3159817351598173,0.01,1,lotte_technology_search_100k_q415,3,0.9003241975736608,3,linucb_primary,1,1,1,2190,shuffled_tiers
17,1,1,1,0.10885504794134236,193,1,0.3795826283135928,0.01,1,lotte_technology_search_100k_q416,5,0.8942088643841585,3,linucb_primary,1,1,1,1773,shuffled_tiers
17,1,1,1,0.0915538362346873,142,1,0.6466795615731786,0.01,1,lotte_technology_search_100k_q495,2,0.6697100832877211,3,hybrid_lite,1,1,1,1551,shuffled_tiers
17,1,1,1,0.5515903801396431,1422,1,0.35415050426687356,0.01,1,lotte_technology_search_100k_q263,2,0.840006569429947,3,linucb_primary,1,1,1,2578,shuffled_tiers
17,1,1,1,0.017001180637544275,72,1,0.8288075560802833,0.01,1,lotte_technology_search_100k_q369,5,0.8198678606059128,3,linucb_primary,1,1,1,4235,shuffled_tiers
17,0,0,1,nan,0,0,nan,nan,0,lotte_technology_search_100k_q175,0,0.2841056749854306,1,full_dense_fallback,0,0,0,929,shuffled_tiers
17,1,1,1,0.2722602739726027,636,1,0.4143835616438356,0.01,1,lotte_technology_search_100k_q480,2,0.8562538559670334,3,linucb_primary,1,1,1,2336,shuffled_tiers
17,1,0,1,nan,0,0,nan,nan,0,lotte_technology_search_100k_q373,0,0.3884361956077082,2,full_dense_fallback,0,0,0,2656,shuffled_tiers
17,1,1,1,0.12115891132572432,138,1,0.6637401229148376,0.01,1,lotte_technology_search_100k_q251,2,0.49049519042487144,3,hybrid_lite,1,1,1,1139,shuffled_tiers
17,1,1,1,0.133428981348637,93,1,0.6111908177905309,0.01,1,lotte_technology_search_100k_q443,2,0.7932508822959076,3,linucb_primary,1,1,1,697,shuffled_tiers
17,1,1,1,1.0,1026,10,0.0,1.0,0,lotte_technology_search_100k_q197,1,0.6424002715325804,3,hybrid_lite,0,0,1,1026,shuffled_tiers
17,1,1,1,0.17329842931937173,331,2,0.48481675392670154,0.01,1,lotte_technology_search_100k_q538,3,0.9730721541435295,3,linucb_primary,1,1,1,1910,shuffled_tiers
17,1,1,1,0.23873873873873874,212,3,0.5405405405405406,0.01,0,lotte_technology_search_100k_q262,1,0.593216839171776,3,hybrid_lite,1,1,1,888,shuffled_tiers
17,1,1,1,0.047658175842235,58,1,0.7181594083812655,0.01,1,lotte_technology_search_100k_q466,2,0.597251288979978,3,hybrid_lite,1,1,1,1217,shuffled_tiers
17,1,1,1,0.04487534626038781,81,1,0.535180055401662,0.01,1,lotte_technology_search_100k_q588,4,0.8260380280853986,3,linucb_primary,1,1,1,1805,shuffled_tiers
17,1,1,1,0.11319648093841642,193,1,0.3548387096774194,0.01,1,lotte_technology_search_100k_q450,5,0.9426658720794189,3,linucb_primary,1,1,1,1705,shuffled_tiers
17,1,1,1,0.07599517490952955,63,1,0.6791314837153197,0.01,1,lotte_technology_search_100k_q113,3,0.6566763273352587,3,hybrid_lite,1,1,1,829,shuffled_tiers
17,1,1,1,nan,0,0,nan,nan,0,lotte_technology_search_100k_q511,0,0.6450997174791282,3,hybrid_lite,0,0,0,937,shuffled_tiers
17,1,1,1,1.0,2063,10,0.13136209403780896,0.87,0,lotte_technology_search_100k_q206,1,0.8633261600451614,3,linucb_primary,0,0,1,2063,shuffled_tiers
17,1,1,1,0.14965123652504755,236,1,0.5928979074191503,0.01,0,lotte_technology_search_100k_q245,1,0.7916313038323094,3,linucb_primary,1,1,1,1577,shuffled_tiers
17,0,0,1,nan,0,0,nan,nan,0,lotte_technology_search_100k_q60,0,0.3548130369006955,1,full_dense_fallback,0,0,0,696,shuffled_tiers
17,1,1,1,0.06474820143884892,63,1,0.6639260020554985,0.01,0,lotte_technology_search_100k_q44,1,0.8085175679854457,3,linucb_primary,1,1,1,973,shuffled_tiers
17,1,1,1,0.25975473801560756,233,3,0.6499442586399108,0.01,1,lotte_technology_search_100k_q46,3,0.8246788851014835,3,linucb_primary,1,1,1,897,shuffled_tiers
17,1,0,1,0.205761316872428,300,1,0.43552812071330593,0.01,1,lotte_technology_search_100k_q358,3,0.36570238731104193,2,full_dense_fallback,1,1,1,1458,shuffled_tiers
17,1,1,1,0.8694158075601375,1012,8,0.13058419243986252,0.87,0,lotte_technology_search_100k_q81,1,0.78670938750312,3,linucb_primary,0,1,1,1164,shuffled_tiers
17,1,1,1,0.4953789279112754,536,5,0.6109057301293901,0.39,1,lotte_technology_search_100k_q193,2,0.5302697351497003,3,hybrid_lite,1,1,1,1082,shuffled_tiers
17,1,1,1,0.5891415994130594,803,6,0.48349229640498903,0.52,0,lotte_technology_search_100k_q296,1,0.7589723891432565,3,linucb_primary,1,1,1,1363,shuffled_tiers
17,1,1,1,0.03407755581668625,145,1,0.6474735605170387,0.01,1,lotte_technology_search_100k_q542,2,0.9518560290438893,3,linucb_primary,1,1,1,4255,shuffled_tiers
17,0,0,1,nan,0,0,nan,nan,0,lotte_technology_search_100k_q77,0,0.2816271053153212,1,full_dense_fallback,0,0,0,1023,shuffled_tiers
17,0,1,1,nan,0,0,nan,nan,0,lotte_technology_search_100k_q114,0,0.5431383218366962,2,hybrid_lite,0,0,0,1593,shuffled_tiers
17,1,1,1,0.08297180043383948,153,2,0.7603036876355749,0.01,1,lotte_technology_search_100k_q346,2,0.9226453483474198,3,linucb_primary,1,1,1,1844,shuffled_tiers
17,1,1,1,0.3729181752353367,515,2,0.4301230992034757,0.01,1,lotte_technology_search_100k_q49,2,0.6413230511899574,3,hybrid_lite,1,1,1,1381,shuffled_tiers
17,1,1,1,0.3110485573539761,442,3,0.6410978184377198,0.01,1,lotte_technology_search_100k_q110,4,0.5706289358037674,3,hybrid_lite,1,1,1,1421,shuffled_tiers
17,0,0,0,nan,0,0,nan,nan,0,lotte_technology_search_100k_q237,0,0.5099855417159033,0,hybrid_lite,0,0,0,880,shuffled_tiers
17,1,1,1,0.2150101419878296,106,1,0.4016227180527383,0.01,0,lotte_technology_search_100k_q307,1,0.7797625159638886,3,linucb_primary,1,1,1,493,shuffled_tiers
17,1,1,1,0.04714016341923319,75,1,0.4142049025769956,0.01,1,lotte_technology_search_100k_q491,5,0.6488980367629729,3,hybrid_lite,1,1,1,1591,shuffled_tiers
17,1,1,1,0.07102593010146561,63,1,0.5941375422773394,0.01,1,lotte_technology_search_100k_q43,3,0.8060484645948515,3,linucb_primary,1,1,1,887,shuffled_tiers
17,1,1,1,0.09296353364149974,181,1,0.74884437596302,0.01,1,lotte_technology_search_100k_q409,3,0.5471040997511945,3,hybrid_lite,1,1,1,1947,shuffled_tiers
17,1,1,0,nan,0,0,nan,nan,0,lotte_technology_search_100k_q317,0,0.27508096482216504,2,full_dense_fallback,0,0,0,1376,shuffled_tiers
17,1,1,1,0.7937349397590362,1647,9,0.34168674698795176,0.66,0,lotte_technology_search_100k_q6,1,0.9066153602025177,3,linucb_primary,1,1,1,2075,shuffled_tiers
17,1,1,1,0.06684611933602512,149,1,0.5392552714221623,0.01,1,lotte_technology_search_100k_q308,4,0.7537800368343153,3,linucb_primary,1,1,1,2229,shuffled_tiers
17,1,1,1,nan,0,0,nan,nan,0,lotte_technology_search_100k_q28,0,0.9629206627337872,3,linucb_primary,0,0,0,1379,shuffled_tiers
17,1,1,1,0.0407149950347567,41,1,0.2969215491559086,0.01,1,lotte_technology_search_100k_q422,6,0.8317357730571531,3,linucb_primary,1,1,1,1007,shuffled_tiers
17,1,0,1,nan,0,0,nan,nan,0,lotte_technology_search_100k_q191,0,0.28685417722171774,2,full_dense_fallback,0,0,0,1246,shuffled_tiers
17,1,0,1,0.09375,162,1,0.6197916666666667,0.01,0,lotte_technology_search_100k_q485,1,0.4683359382753826,2,hybrid_lite,1,1,1,1728,shuffled_tiers
17,1,1,1,0.1314083677077195,223,2,0.741308190925162,0.01,0,lotte_technology_search_100k_q146,1,0.7596219244157698,3,linucb_primary,1,1,1,1697,shuffled_tiers
17,1,1,1,0.0384204909284952,36,1,0.6851654215581644,0.01,1,lotte_technology_search_100k_q457,7,0.9730967670584515,3,linucb_primary,1,1,1,937,shuffled_tiers
17,1,1,1,0.08452535760728218,65,1,0.43693107932379716,0.01,1,lotte_technology_search_100k_q324,7,0.6187400537923093,3,hybrid_lite,1,1,1,769,shuffled_tiers
17,1,1,1,0.648995983935743,808,2,0.3076305220883534,0.01,1,lotte_technology_search_100k_q294,2,0.8952952935310371,3,linucb_primary,1,1,1,1245,shuffled_tiers
17,1,1,1,0.1302588996763754,161,1,0.7006472491909386,0.01,0,lotte_technology_search_100k_q303,1,0.7792544927716243,3,linucb_primary,1,1,1,1236,shuffled_tiers
17,1,1,1,0.3474698795180723,721,1,0.3224096385542169,0.01,1,lotte_technology_search_100k_q452,3,0.5749705832901293,3,hybrid_lite,1,1,1,2075,shuffled_tiers
17,1,1,1,0.296,481,2,0.5236923076923077,0.01,1,lotte_technology_search_100k_q551,2,0.6866915006517192,3,hybrid_lite,1,1,1,1625,shuffled_tiers
17,1,0,1,nan,0,0,nan,nan,0,lotte_technology_search_100k_q360,0,0.36737064272165293,2,full_dense_fallback,0,0,0,1530,shuffled_tiers
17,1,1,1,0.13085234093637454,109,1,0.7178871548619448,0.01,0,lotte_technology_search_100k_q9,1,0.6017561850543798,3,hybrid_lite,1,1,1,833,shuffled_tiers
17,1,1,1,0.21929824561403508,250,1,0.4464912280701754,0.01,1,lotte_technology_search_100k_q309,3,0.9074980593552122,3,linucb_primary,1,1,1,1140,shuffled_tiers
17,1,1,1,0.06719503790489317,195,1,0.43246037215713307,0.01,1,lotte_technology_search_100k_q593,2,0.9841493355993739,3,linucb_primary,1,1,1,2902,shuffled_tiers
17,1,1,1,nan,0,0,nan,nan,0,lotte_technology_search_100k_q208,0,0.8657693641175523,3,linucb_primary,0,0,0,1829,shuffled_tiers
17,1,1,1,0.08205128205128205,64,1,0.582051282051282,0.01,1,lotte_technology_search_100k_q489,3,0.8241313085662307,3,linucb_primary,1,1,1,780,shuffled_tiers
17,1,1,1,0.22641509433962265,312,1,0.579100145137881,0.01,0,lotte_technology_search_100k_q62,1,0.6282741919563958,3,hybrid_lite,1,1,1,1378,shuffled_tiers
17,1,1,1,0.05183585313174946,48,1,0.6771058315334773,0.01,1,lotte_technology_search_100k_q111,2,0.841931988805871,3,linucb_primary,1,1,1,926,shuffled_tiers
17,1,1,1,0.4088855421686747,543,5,0.5911144578313253,0.41,0,lotte_technology_search_100k_q214,1,0.7050066386387487,3,hybrid_lite,1,1,1,1328,shuffled_tiers
17,1,1,1,0.2907112320248737,748,1,0.47493198600855036,0.01,1,lotte_technology_search_100k_q479,2,0.5042579242195353,3,hybrid_lite,1,1,1,2573,shuffled_tiers
17,1,1,1,0.06294779938587512,123,1,0.6560900716479017,0.01,1,lotte_technology_search_100k_q332,3,0.8930875035121781,3,linucb_primary,1,1,1,1954,shuffled_tiers
17,1,1,1,0.10656620021528525,99,1,0.6135629709364909,0.01,1,lotte_technology_search_100k_q83,2,0.8042153511693427,3,linucb_primary,1,1,1,929,shuffled_tiers
17,1,0,1,nan,0,0,nan,nan,0,lotte_technology_search_100k_q87,0,0.4433455510895502,2,hybrid_lite,0,0,0,659,shuffled_tiers
17,1,1,1,0.03902139000888403,571,2,0.9055559352149252,0.01,1,lotte_technology_search_100k_q558,5,0.9260191852517161,3,linucb_primary,1,1,1,14633,shuffled_tiers
17,1,1,1,0.643305439330544,615,7,0.35669456066945604,0.65,0,lotte_technology_search_100k_q155,1,0.7792362835372306,3,linucb_primary,1,1,1,956,shuffled_tiers
17,1,1,1,0.13451327433628318,76,1,0.45663716814159294,0.01,1,lotte_technology_search_100k_q404,2,0.4632309627164787,3,hybrid_lite,1,1,1,565,shuffled_tiers
17,0,0,1,nan,0,0,nan,nan,0,lotte_technology_search_100k_q47,0,0.6041362314347941,1,hybrid_lite,0,0,0,750,shuffled_tiers
17,1,1,1,0.10555555555555556,76,1,0.7291666666666667,0.01,0,lotte_technology_search_100k_q37,1,0.9410939851111001,3,linucb_primary,1,1,1,720,shuffled_tiers
17,1,1,1,0.10601719197707736,148,1,0.7650429799426934,0.01,1,lotte_technology_search_100k_q335,3,0.45298982125394904,3,hybrid_lite,1,1,1,1396,shuffled_tiers
17,1,1,1,0.3039003250270856,561,1,0.38732394366197187,0.01,0,lotte_technology_search_100k_q411,1,0.6110425209891446,3,hybrid_lite,1,1,1,1846,shuffled_tiers
17,1,0,1,0.11684782608695653,86,2,0.7323369565217391,0.01,0,lotte_technology_search_100k_q265,1,0.32252704814592903,2,full_dense_fallback,1,1,1,736,shuffled_tiers
17,0,1,1,0.054694621695533276,60,1,0.6481312670920694,0.01,1,lotte_technology_search_100k_q510,6,0.9729653296080735,2,linucb_primary,1,1,1,1097,shuffled_tiers
17,1,1,1,0.21113831089351284,345,1,0.3800489596083231,0.01,1,lotte_technology_search_100k_q327,5,0.6680314215350025,3,hybrid_lite,1,1,1,1634,shuffled_tiers
17,1,0,1,0.1653290529695024,206,1,0.5682182985553772,0.01,1,lotte_technology_search_100k_q229,4,0.2588528888272127,2,full_dense_fallback,1,1,1,1246,shuffled_tiers
17,1,1,1,0.0774869109947644,74,1,0.762303664921466,0.01,0,lotte_technology_search_100k_q168,1,0.5185255386253733,3,hybrid_lite,1,1,1,955,shuffled_tiers
17,1,0,1,nan,0,0,nan,nan,0,lotte_technology_search_100k_q326,0,0.5640332367494981,2,hybrid_lite,0,0,0,2831,shuffled_tiers
17,1,1,1,0.16755037115588547,158,1,0.6352067868504772,0.01,0,lotte_technology_search_100k_q205,1,0.723376474599651,3,hybrid_lite,1,1,1,943,shuffled_tiers
17,1,1,1,0.30179445350734097,185,3,0.533442088091354,0.01,0,lotte_technology_search_100k_q19,1,0.9042145472358809,3,linucb_primary,1,1,1,613,shuffled_tiers
17,1,1,1,0.1049645390070922,74,1,0.6226950354609929,0.01,0,lotte_technology_search_100k_q167,1,0.5684005762581943,3,hybrid_lite,1,1,1,705,shuffled_tiers
17,1,1,1,0.3713646532438479,332,1,0.5369127516778524,0.01,1,lotte_technology_search_100k_q52,2,0.7495735360771246,3,linucb_primary,1,1,1,894,shuffled_tiers
17,1,1,1,0.07492795389048991,130,1,0.7440922190201729,0.01,1,lotte_technology_search_100k_q331,2,0.9677073519584689,3,linucb_primary,1,1,1,1735,shuffled_tiers
17,0,1,1,0.4972375690607735,450,5,0.5027624309392265,0.5,0,lotte_technology_search_100k_q20,1,0.7743697628604284,2,linucb_primary,1,1,1,905,shuffled_tiers
17,1,1,1,0.3385481852315394,541,3,0.49812265331664585,0.01,0,lotte_technology_search_100k_q212,1,0.8159338012160707,3,linucb_primary,1,1,1,1598,shuffled_tiers
17,0,0,1,nan,0,0,nan,nan,0,lotte_technology_search_100k_q75,0,0.34801464703289486,1,full_dense_fallback,0,0,0,897,shuffled_tiers
17,1,1,1,0.2159383033419023,168,1,0.5745501285347043,0.01,0,lotte_technology_search_100k_q190,1,0.6239315100649963,3,hybrid_lite,1,1,1,778,shuffled_tiers
17,1,1,1,0.06613047363717604,74,1,0.5719392314566577,0.01,1,lotte_technology_search_100k_q437,10,0.9239223151330044,3,linucb_primary,1,1,1,1119,shuffled_tiers
17,1,1,1,0.12507171543316123,218,1,0.38668961560527826,0.01,1,lotte_technology_search_100k_q406,2,0.9607427544647917,3,linucb_primary,1,1,1,1743,shuffled_tiers
17,0,1,0,nan,0,0,nan,nan,0,lotte_technology_search_100k_q116,0,0.7049433419155237,1,hybrid_lite,0,0,0,1246,shuffled_tiers
17,0,1,1,0.7399729607931501,1642,7,0.5497972059486256,0.46,0,lotte_technology_search_100k_q374,1,0.7210167605367965,2,hybrid_lite,1,1,1,2219,shuffled_tiers
17,1,0,1,0.035860190649114845,79,1,0.3472537448933273,0.01,1,lotte_technology_search_100k_q375,2,0.4276497805379231,2,full_dense_fallback,1,1,1,2203,shuffled_tiers
17,1,1,1,0.5262154432793136,1104,5,0.4737845567206864,0.53,0,lotte_technology_search_100k_q565,1,1.0,3,linucb_primary,1,1,1,2098,shuffled_tiers
17,1,1,1,0.4496753246753247,554,6,0.5503246753246753,0.45,0,lotte_technology_search_100k_q10,1,0.9724617684115446,3,linucb_primary,1,1,1,1232,shuffled_tiers
17,1,1,1,0.14317180616740088,195,1,0.6035242290748899,0.01,1,lotte_technology_search_100k_q589,2,0.9878802825264155,3,linucb_primary,1,1,1,1362,shuffled_tiers
17,1,0,1,nan,0,0,nan,nan,0,lotte_technology_search_100k_q300,0,0.2850098780541799,2,full_dense_fallback,0,0,0,881,shuffled_tiers
17,1,1,1,0.03436426116838488,50,1,0.8577319587628867,0.01,1,lotte_technology_search_100k_q430,2,0.6750161788627101,3,hybrid_lite,1,1,1,1455,shuffled_tiers
17,1,1,1,0.2138970280452072,511,1,0.20887400586019256,0.01,1,lotte_technology_search_100k_q418,3,0.9305283254594422,3,linucb_primary,1,1,1,2389,shuffled_tiers
17,1,1,1,0.15960264900662252,241,2,0.7536423841059603,0.01,0,lotte_technology_search_100k_q158,1,0.7826055026766575,3,linucb_primary,1,1,1,1510,shuffled_tiers
17,1,1,1,0.3821057834898665,773,3,0.3628274839347504,0.01,1,lotte_technology_search_100k_q80,2,0.7767976283961063,3,linucb_primary,1,1,1,2023,shuffled_tiers
17,1,1,1,0.037144938091769844,51,1,0.538965768390386,0.01,0,lotte_technology_search_100k_q372,1,0.943006918750217,3,linucb_primary,1,1,1,1373,shuffled_tiers
17,1,1,1,0.17330538085255065,248,1,0.6925227113906359,0.01,1,lotte_technology_search_100k_q347,5,0.7526302194636537,3,linucb_primary,1,1,1,1431,shuffled_tiers
17,1,1,1,0.11322549952426261,357,1,0.6793529971455756,0.01,1,lotte_technology_search_100k_q204,2,0.9543324075672648,3,linucb_primary,1,1,1,3153,shuffled_tiers
17,1,1,1,0.327212020033389,196,5,0.672787979966611,0.33,1,lotte_technology_search_100k_q231,2,0.7388262678348828,3,hybrid_lite,1,1,1,599,shuffled_tiers
17,0,1,1,nan,0,0,nan,nan,0,lotte_technology_search_100k_q119,0,0.6702697571438495,2,hybrid_lite,0,0,0,754,shuffled_tiers
17,1,1,1,0.0205799812909261,66,1,0.6064858122856251,0.01,1,lotte_technology_search_100k_q455,4,0.8973641350672851,3,linucb_primary,1,1,1,3207,shuffled_tiers
17,0,0,0,nan,0,0,nan,nan,0,lotte_technology_search_100k_q150,0,0.5206979939256124,0,hybrid_lite,0,0,0,997,shuffled_tiers
17,1,1,1,0.06507230255839822,234,1,0.5383759733036708,0.01,1,lotte_technology_search_100k_q569,3,0.6714271988905319,3,hybrid_lite,1,1,1,3596,shuffled_tiers
17,1,1,1,0.5206703910614525,466,4,0.4793296089385475,0.01,0,lotte_technology_search_100k_q221,1,0.6865223373617494,3,hybrid_lite,1,1,1,895,shuffled_tiers
17,1,1,1,0.06532066508313539,165,1,0.46199524940617576,0.01,1,lotte_technology_search_100k_q573,2,0.8884597859223694,3,linucb_primary,1,1,1,2526,shuffled_tiers
17,1,0,1,0.011380263371809462,70,1,0.9292797919037554,0.01,1,lotte_technology_search_100k_q429,5,0.33169545316337445,2,full_dense_fallback,1,1,1,6151,shuffled_tiers
17,0,1,1,0.3801324503311258,574,1,0.4337748344370861,0.01,0,lotte_technology_search_100k_q487,1,0.6006361998592221,2,hybrid_lite,1,1,1,1510,shuffled_tiers
17,1,0,1,0.03514376996805112,44,1,0.5263578274760383,0.01,1,lotte_technology_search_100k_q243,2,0.26719182736517505,2,full_dense_fallback,1,1,1,1252,shuffled_tiers
17,1,1,1,0.5017241379310344,582,1,0.31982758620689655,0.01,1,lotte_technology_search_100k_q53,2,0.8123442934802897,3,linucb_primary,1,1,1,1160,shuffled_tiers
17,1,1,1,0.07666098807495741,135,1,0.8347529812606473,0.01,1,lotte_technology_search_100k_q323,2,0.6233851268141626,3,hybrid_lite,1,1,1,1761,shuffled_tiers
17,1,1,1,0.09772129710780017,223,1,0.43207712532865905,0.01,0,lotte_technology_search_100k_q391,1,0.6088152680429387,3,hybrid_lite,1,1,1,2282,shuffled_tiers
17,1,1,1,0.06279540850776502,93,1,0.5462525320729237,0.01,1,lotte_technology_search_100k_q348,5,0.9141621841795968,3,linucb_primary,1,1,1,1481,shuffled_tiers
17,1,1,1,0.26822157434402333,276,1,0.5403304178814383,0.01,0,lotte_technology_search_100k_q432,1,0.6874225319442472,3,hybrid_lite,1,1,1,1029,shuffled_tiers
17,1,1,1,0.7193426042983565,1707,5,0.2806573957016435,0.72,0,lotte_technology_search_100k_q71,1,0.9626765639855853,3,linucb_primary,1,1,1,2373,shuffled_tiers
17,1,1,1,0.044444444444444446,68,1,0.5633986928104575,0.01,1,lotte_technology_search_100k_q398,6,0.8807880471175574,3,linucb_primary,1,1,1,1530,shuffled_tiers
17,0,1,0,0.9656652360515021,675,9,0.2718168812589413,0.73,0,lotte_technology_search_100k_q319,1,0.46346501344970364,1,hybrid_lite,1,0,1,699,shuffled_tiers
17,1,1,1,1.0,1785,10,0.0,1.0,0,lotte_technology_search_100k_q182,1,0.9398250375419058,3,linucb_primary,0,0,1,1785,shuffled_tiers
17,1,0,1,nan,0,0,nan,nan,0,lotte_technology_search_100k_q25,0,0.38726386926360523,2,full_dense_fallback,0,0,0,849,shuffled_tiers
17,1,1,1,0.21394910461828465,227,1,0.5523091423185673,0.01,0,lotte_technology_search_100k_q14,1,0.7164464442804379,3,hybrid_lite,1,1,1,1061,shuffled_tiers
17,1,1,1,0.25149700598802394,210,3,0.7161676646706587,0.01,1,lotte_technology_search_100k_q370,3,0.8290822704871356,3,linucb_primary,1,1,1,835,shuffled_tiers
17,1,1,1,0.04839617332583005,86,1,0.6674169949352842,0.01,1,lotte_technology_search_100k_q449,5,0.86719006243061,3,linucb_primary,1,1,1,1777,shuffled_tiers
17,1,1,1,nan,0,0,nan,nan,0,lotte_technology_search_100k_q39,0,0.40873478883568976,3,full_dense_fallback,0,0,0,744,shuffled_tiers
17,1,0,1,nan,0,0,nan,nan,0,lotte_technology_search_100k_q165,0,0.26185496545086046,2,full_dense_fallback,0,0,0,1168,shuffled_tiers
17,1,1,1,0.11248930710008555,263,1,0.5868263473053892,0.01,1,lotte_technology_search_100k_q350,7,0.7443453016604012,3,linucb_primary,1,1,1,2338,shuffled_tiers
17,1,1,1,0.927437641723356,818,8,0.07256235827664403,0.93,0,lotte_technology_search_100k_q156,1,0.8601068946718029,3,linucb_primary,0,1,1,882,shuffled_tiers
17,1,0,1,nan,0,0,nan,nan,0,lotte_technology_search_100k_q567,0,0.5096568528379025,2,hybrid_lite,0,0,0,2735,shuffled_tiers
17,1,1,1,0.07484407484407485,180,1,0.6345114345114344,0.01,0,lotte_technology_search_100k_q468,1,0.5762004532522285,3,hybrid_lite,1,1,1,2405,shuffled_tiers
17,1,1,1,0.5102880658436214,744,6,0.668724279835391,0.34,1,lotte_technology_search_100k_q524,2,0.6092088181829944,3,hybrid_lite,1,1,1,1458,shuffled_tiers
17,1,1,1,0.38686131386861317,477,5,0.6131386861313868,0.39,1,lotte_technology_search_100k_q187,2,0.9051891347967115,3,linucb_primary,1,1,1,1233,shuffled_tiers
17,1,1,1,0.084328882642305,120,1,0.6416022487702038,0.01,0,lotte_technology_search_100k_q486,1,0.8060813999981707,3,linucb_primary,1,1,1,1423,shuffled_tiers
17,0,1,1,nan,0,0,nan,nan,0,lotte_technology_search_100k_q68,0,0.8398109924403417,2,linucb_primary,0,0,0,1380,shuffled_tiers
17,1,0,1,0.24634655532359082,118,1,0.5281837160751566,0.01,0,lotte_technology_search_100k_q86,1,0.5468227522002922,2,hybrid_lite,1,1,1,479,shuffled_tiers
17,1,1,1,0.45098039215686275,345,6,0.6928104575163399,0.31,1,lotte_technology_search_100k_q118,2,0.57679297799527,3,hybrid_lite,1,1,1,765,shuffled_tiers
17,1,0,1,nan,0,0,nan,nan,0,lotte_technology_search_100k_q133,0,0.5341390067947899,2,hybrid_lite,0,0,0,805,shuffled_tiers
17,1,1,1,0.08163265306122448,144,1,0.3996598639455783,0.01,1,lotte_technology_search_100k_q587,3,0.48887172344621604,3,hybrid_lite,1,1,1,1764,shuffled_tiers
17,1,1,1,0.16404040404040404,406,1,0.6585858585858586,0.01,0,lotte_technology_search_100k_q550,1,0.6089976461067731,3,hybrid_lite,1,1,1,2475,shuffled_tiers
17,0,0,0,nan,0,0,nan,nan,0,lotte_technology_search_100k_q149,0,0.6078641950405878,0,hybrid_lite,0,0,0,1009,shuffled_tiers
17,1,1,1,0.05167394468704512,142,1,0.814410480349345,0.01,1,lotte_technology_search_100k_q571,2,0.8811133658602607,3,linucb_primary,1,1,1,2748,shuffled_tiers
17,0,0,1,nan,0,0,nan,nan,0,lotte_technology_search_100k_q481,0,0.2322301640804286,1,full_dense_fallback,0,0,0,933,shuffled_tiers
17,1,1,1,0.07313257723895189,187,1,0.6699256941728589,0.01,1,lotte_technology_search_100k_q299,3,0.775870211306189,3,linucb_primary,1,1,1,2557,shuffled_tiers
17,1,1,1,0.20192307692307693,273,1,0.485207100591716,0.01,1,lotte_technology_search_100k_q255,2,0.6343618927469807,3,hybrid_lite,1,1,1,1352,shuffled_tiers
17,1,0,1,0.04061416542842992,82,1,0.6210995542347697,0.01,1,lotte_technology_search_100k_q393,3,0.28658436051500724,2,full_dense_fallback,1,1,1,2019,shuffled_tiers
17,1,1,1,0.13910285455369278,307,1,0.47711826008155866,0.01,1,lotte_technology_search_100k_q530,4,0.5297945674443738,3,hybrid_lite,1,1,1,2207,shuffled_tiers
17,1,1,1,0.04584819154355578,90,1,0.6576668364747835,0.01,1,lotte_technology_search_100k_q349,2,0.9272354271071678,3,linucb_primary,1,1,1,1963,shuffled_tiers
17,0,1,1,nan,0,0,nan,nan,0,lotte_technology_search_100k_q56,0,0.7335950451158897,2,hybrid_lite,0,0,0,1046,shuffled_tiers
17,1,0,1,0.11916790490341754,401,1,0.2671619613670134,0.01,1,lotte_technology_search_100k_q532,2,0.3341944099804711,2,full_dense_fallback,1,1,1,3365,shuffled_tiers
17,1,1,1,0.4486887115165336,787,4,0.5513112884834663,0.01,1,lotte_technology_search_100k_q351,3,0.7651649688268706,3,linucb_primary,1,1,1,1754,shuffled_tiers
17,1,1,1,0.0614500442086649,139,1,0.801945181255526,0.01,1,lotte_technology_search_100k_q586,4,0.4575583267704376,3,hybrid_lite,1,1,1,2262,shuffled_tiers
17,1,1,1,0.1888856044930535,639,1,0.7046999704404375,0.01,1,lotte_technology_search_100k_q540,2,0.7102348351863357,3,hybrid_lite,1,1,1,3383,shuffled_tiers
17,1,1,1,0.016467915956842702,29,1,0.740488358886996,0.01,1,lotte_technology_search_100k_q515,6,0.5684552230252007,3,hybrid_lite,1,1,1,1761,shuffled_tiers
17,0,1,1,0.1734375,111,1,0.521875,0.01,0,lotte_technology_search_100k_q223,1,0.6026869263727352,2,hybrid_lite,1,1,1,640,shuffled_tiers
17,1,1,1,0.15384615384615385,90,1,0.48888888888888893,0.01,0,lotte_technology_search_100k_q228,1,0.5511126879294977,3,hybrid_lite,1,1,1,585,shuffled_tiers
17,0,1,1,0.40633245382585753,462,4,0.5936675461741425,0.01,0,lotte_technology_search_100k_q30,1,0.4902094073850623,2,hybrid_lite,1,1,1,1137,shuffled_tiers
17,1,1,1,0.07740825688073394,135,1,0.6055045871559632,0.01,1,lotte_technology_search_100k_q548,2,0.8935099292419428,3,linucb_primary,1,1,1,1744,shuffled_tiers
17,1,1,1,0.07896323086196504,131,1,0.42555756479807116,0.01,1,lotte_technology_search_100k_q365,3,0.7698994549590772,3,linucb_primary,1,1,1,1659,shuffled_tiers
17,1,1,1,0.024574669187145556,26,1,0.6181474480151229,0.01,1,lotte_technology_search_100k_q145,2,0.9691546093211342,3,linucb_primary,1,1,1,1058,shuffled_tiers
17,1,1,1,0.03290183387270766,61,1,0.6181229773462783,0.01,1,lotte_technology_search_100k_q341,3,0.9586949927246706,3,linucb_primary,1,1,1,1854,shuffled_tiers
17,1,0,1,0.0574468085106383,54,1,0.6787234042553192,0.01,1,lotte_technology_search_100k_q248,2,0.27901060595672955,2,full_dense_fallback,1,1,1,940,shuffled_tiers
17,1,0,1,nan,0,0,nan,nan,0,lotte_technology_search_100k_q484,0,0.3111972943233232,2,full_dense_fallback,0,0,0,1209,shuffled_tiers
17,1,1,1,0.13432835820895522,108,1,0.6592039800995024,0.01,1,lotte_technology_search_100k_q239,2,0.9672529990180074,3,linucb_primary,1,1,1,804,shuffled_tiers
17,1,1,1,0.19948186528497408,77,1,0.6709844559585492,0.01,0,lotte_technology_search_100k_q385,1,0.5378747258359906,3,hybrid_lite,1,1,1,386,shuffled_tiers
17,1,1,1,0.056393963463065924,71,1,0.6513105639396346,0.01,1,lotte_technology_search_100k_q380,2,0.6134739769471587,3,hybrid_lite,1,1,1,1259,shuffled_tiers
17,1,0,1,nan,0,0,nan,nan,0,lotte_technology_search_100k_q518,0,0.3177232796570715,2,full_dense_fallback,0,0,0,632,shuffled_tiers
17,1,0,1,0.21745562130177515,147,2,0.5784023668639053,0.01,0,lotte_technology_search_100k_q277,1,0.2551108384350972,2,full_dense_fallback,1,1,1,676,shuffled_tiers
17,1,0,0,nan,0,0,nan,nan,0,lotte_technology_search_100k_q134,0,0.6943684912267312,1,hybrid_lite,0,0,0,567,shuffled_tiers
17,1,0,1,0.1179596174282678,222,3,0.822529224229543,0.01,0,lotte_technology_search_100k_q59,1,0.5583992186451199,2,hybrid_lite,1,1,1,1882,shuffled_tiers
17,1,0,1,0.3517298187808896,427,1,0.22570016474464583,0.01,1,lotte_technology_search_100k_q128,2,0.5686518607448849,2,hybrid_lite,1,1,1,1214,shuffled_tiers
17,0,1,1,nan,0,0,nan,nan,0,lotte_technology_search_100k_q38,0,0.9637870181752031,2,linucb_primary,0,0,0,1881,shuffled_tiers
17,1,1,1,0.038181818181818185,63,1,0.7187878787878788,0.01,1,lotte_technology_search_100k_q388,4,0.7069714118005102,3,hybrid_lite,1,1,1,1650,shuffled_tiers
17,1,1,1,0.1675531914893617,378,2,0.43484042553191493,0.01,0,lotte_technology_search_100k_q123,1,0.9760508672361027,3,linucb_primary,1,1,1,2256,shuffled_tiers
17,1,1,1,0.6517036235803136,1205,5,0.34829637641968636,0.66,0,lotte_technology_search_100k_q67,1,0.824610769024914,3,linucb_primary,1,1,1,1849,shuffled_tiers
17,1,1,1,0.3415948275862069,317,2,0.5032327586206897,0.01,0,lotte_technology_search_100k_q15,1,0.883494321722503,3,linucb_primary,1,1,1,928,shuffled_tiers
17,1,1,1,0.24564676616915423,395,2,0.6965174129353233,0.01,1,lotte_technology_search_100k_q531,3,0.9144171342567149,3,linucb_primary,1,1,1,1608,shuffled_tiers
17,1,1,1,0.06039415130324221,95,1,0.44119516846789575,0.01,1,lotte_technology_search_100k_q512,3,0.6687560386816548,3,hybrid_lite,1,1,1,1573,shuffled_tiers
17,1,1,1,0.05647263249348393,65,1,0.5612510860121633,0.01,0,lotte_technology_search_100k_q192,1,0.5685512662878939,3,hybrid_lite,1,1,1,1151,shuffled_tiers
17,1,1,1,0.225531914893617,318,4,0.774468085106383,0.01,1,lotte_technology_search_100k_q549,5,0.9688109589292426,3,linucb_primary,1,1,1,1410,shuffled_tiers
17,1,1,1,0.07785467128027682,135,1,0.29296424452133796,0.01,1,lotte_technology_search_100k_q554,2,0.9654051733159685,3,linucb_primary,1,1,1,1734,shuffled_tiers
17,0,1,1,0.15524475524475526,111,1,0.6741258741258741,0.01,0,lotte_technology_search_100k_q217,1,0.6568998771628234,2,hybrid_lite,1,1,1,715,shuffled_tiers
17,1,1,1,nan,0,0,nan,nan,0,lotte_technology_search_100k_q195,0,0.9837913498460727,3,linucb_primary,0,0,0,854,shuffled_tiers
17,1,1,1,0.048031496062992125,61,1,0.6566929133858268,0.01,1,lotte_technology_search_100k_q438,10,0.9585171382087544,3,linucb_primary,1,1,1,1270,shuffled_tiers
17,1,1,1,0.053686200378071834,142,1,0.8223062381852552,0.01,1,lotte_technology_search_100k_q555,2,0.9077913036353885,3,linucb_primary,1,1,1,2645,shuffled_tiers
17,1,1,1,0.39368770764119604,474,1,0.292358803986711,0.01,1,lotte_technology_search_100k_q247,3,0.7087891515946985,3,hybrid_lite,1,1,1,1204,shuffled_tiers
17,1,1,1,0.327720207253886,253,2,0.45725388601036265,0.01,0,lotte_technology_search_100k_q330,1,0.28255647707288156,3,full_dense_fallback,1,1,1,772,shuffled_tiers
17,1,0,1,nan,0,0,nan,nan,0,lotte_technology_search_100k_q381,0,0.364192856768672,2,full_dense_fallback,0,0,0,562,shuffled_tiers
17,1,0,1,nan,0,0,nan,nan,0,lotte_technology_search_100k_q157,0,0.21208689066157838,2,full_dense_fallback,0,0,0,720,shuffled_tiers
17,0,1,1,0.4292114695340502,479,6,0.5707885304659498,0.43,0,lotte_technology_search_100k_q130,1,0.6859493830345013,2,hybrid_lite,1,1,1,1116,shuffled_tiers
17,1,1,1,0.2569573283858998,277,5,0.7430426716141002,0.26,0,lotte_technology_search_100k_q54,1,0.6113231959033483,3,hybrid_lite,1,1,1,1078,shuffled_tiers
17,1,1,1,0.035634743875278395,64,1,0.7360801781737194,0.01,1,lotte_technology_search_100k_q541,4,0.8937534107044762,3,linucb_primary,1,1,1,1796,shuffled_tiers
17,1,1,1,0.1685823754789272,220,1,0.5272030651340995,0.01,1,lotte_technology_search_100k_q488,2,0.9628964457406124,3,linucb_primary,1,1,1,1305,shuffled_tiers
17,1,1,1,0.17019543973941367,209,1,0.6001628664495113,0.01,1,lotte_technology_search_100k_q352,4,0.6670433326915073,3,hybrid_lite,1,1,1,1228,shuffled_tiers
17,1,0,1,nan,0,0,nan,nan,0,lotte_technology_search_100k_q85,0,0.339314229225738,2,full_dense_fallback,0,0,0,391,shuffled_tiers
17,1,1,1,0.15114503816793892,198,1,0.3847328244274809,0.01,0,lotte_technology_search_100k_q576,1,0.8425772161136353,3,linucb_primary,1,1,1,1310,shuffled_tiers
17,1,1,1,nan,0,0,nan,nan,0,lotte_technology_search_100k_q389,0,0.642126584190989,3,hybrid_lite,0,0,0,1170,shuffled_tiers
17,1,1,1,0.03699551569506727,66,1,0.3189461883408071,0.01,1,lotte_technology_search_100k_q394,4,0.7920232885951108,3,linucb_primary,1,1,1,1784,shuffled_tiers
17,1,1,1,0.2570951585976628,154,2,0.4824707846410684,0.01,0,lotte_technology_search_100k_q238,1,0.7752233443397638,3,linucb_primary,1,1,1,599,shuffled_tiers
17,0,1,1,nan,0,0,nan,nan,0,lotte_technology_search_100k_q184,0,0.8129213148702208,2,linucb_primary,0,0,0,745,shuffled_tiers
17,1,1,1,0.15866741953698477,281,1,0.5234330886504799,0.01,0,lotte_technology_search_100k_q514,1,0.616509365285786,3,hybrid_lite,1,1,1,1771,shuffled_tiers
17,1,1,1,0.0333555703802535,100,1,0.2748498999332889,0.01,1,lotte_technology_search_100k_q289,6,0.9671603008296618,3,linucb_primary,1,1,1,2998,shuffled_tiers
17,1,1,1,0.03546099290780142,55,1,0.8239845261121856,0.01,1,lotte_technology_search_100k_q461,8,0.9085979940737937,3,linucb_primary,1,1,1,1551,shuffled_tiers
17,1,1,1,0.060408163265306125,74,1,0.27265306122448985,0.01,1,lotte_technology_search_100k_q274,2,0.7805020385862055,3,linucb_primary,1,1,1,1225,shuffled_tiers
17,1,0,1,nan,0,0,nan,nan,0,lotte_technology_search_100k_q521,0,0.45281642333386857,2,hybrid_lite,0,0,0,1017,shuffled_tiers
17,1,1,1,nan,0,0,nan,nan,0,lotte_technology_search_100k_q33,0,0.7499740821752028,3,linucb_primary,0,0,0,1111,shuffled_tiers
17,1,1,1,0.11804767309875142,104,1,0.5278093076049943,0.01,0,lotte_technology_search_100k_q451,1,0.7188531115853266,3,hybrid_lite,1,1,1,881,shuffled_tiers
17,1,1,1,1.0,827,10,0.0,1.0,0,lotte_technology_search_100k_q181,1,0.875526228430993,3,linucb_primary,0,0,1,827,shuffled_tiers
17,1,1,1,nan,0,0,nan,nan,0,lotte_technology_search_100k_q36,0,0.8681647139773955,3,linucb_primary,0,0,0,1456,shuffled_tiers
17,1,1,1,0.25329927628778204,595,1,0.4853128991060025,0.01,0,lotte_technology_search_100k_q471,1,0.8630667382839654,3,linucb_primary,1,1,1,2349,shuffled_tiers
17,1,1,1,0.15725806451612903,351,1,0.796594982078853,0.01,0,lotte_technology_search_100k_q124,1,0.9278650838215263,3,linucb_primary,1,1,1,2232,shuffled_tiers
17,0,1,1,0.7498485766202302,1238,5,0.3167777104784979,0.69,1,lotte_technology_search_100k_q364,2,0.9158732478031254,2,linucb_primary,1,1,1,1651,shuffled_tiers
17,1,1,1,0.01794453507340946,33,1,0.8276237085372485,0.01,0,lotte_technology_search_100k_q520,1,0.7740537231595404,3,linucb_primary,1,1,1,1839,shuffled_tiers
17,0,0,1,nan,0,0,nan,nan,0,lotte_technology_search_100k_q92,0,0.37090219323015716,1,full_dense_fallback,0,0,0,1110,shuffled_tiers
17,1,1,1,0.39987445072190836,637,4,0.6001255492780917,0.01,1,lotte_technology_search_100k_q108,5,0.6169780794014521,3,hybrid_lite,1,1,1,1593,shuffled_tiers
17,1,0,0,nan,0,0,nan,nan,0,lotte_technology_search_100k_q282,0,0.5980504197273985,1,hybrid_lite,0,0,0,1609,shuffled_tiers
17,1,1,1,0.14044213263979194,324,1,0.5977459904638058,0.01,0,lotte_technology_search_100k_q410,1,0.8404544237950817,3,linucb_primary,1,1,1,2307,shuffled_tiers
17,1,1,1,0.06979405034324943,122,1,0.8272311212814645,0.01,0,lotte_technology_search_100k_q401,1,0.8756872290225894,3,linucb_primary,1,1,1,1748,shuffled_tiers
17,1,1,1,nan,0,0,nan,nan,0,lotte_technology_search_100k_q505,0,0.5731535494906497,3,hybrid_lite,0,0,0,1110,shuffled_tiers
17,1,1,1,0.0856662933930571,153,1,0.5823068309070549,0.01,1,lotte_technology_search_100k_q490,3,0.7470634705028482,3,linucb_primary,1,1,1,1786,shuffled_tiers
17,1,0,1,0.147,147,2,0.643,0.01,0,lotte_technology_search_100k_q224,1,0.3469783728343192,2,full_dense_fallback,1,1,1,1000,shuffled_tiers
17,1,1,1,0.19463505926388022,312,1,0.4741110417966313,0.01,0,lotte_technology_search_100k_q61,1,0.5790230770351342,3,hybrid_lite,1,1,1,1603,shuffled_tiers
17,1,1,1,nan,0,0,nan,nan,0,lotte_technology_search_100k_q169,0,0.8943683660766976,3,linucb_primary,0,0,0,1023,shuffled_tiers
17,0,0,0,nan,0,0,nan,nan,0,lotte_technology_search_100k_q137,0,0.2603695921586198,0,full_dense_fallback,0,0,0,1086,shuffled_tiers
17,0,1,1,0.2510530749789385,298,2,0.5492839090143218,0.01,0,lotte_technology_search_100k_q144,1,0.8718435354563576,2,linucb_primary,1,1,1,1187,shuffled_tiers
17,1,0,1,0.16202844774273345,262,2,0.7309833024118738,0.01,0,lotte_technology_search_100k_q199,1,0.47425710291308787,2,hybrid_lite,1,1,1,1617,shuffled_tiers
17,1,1,1,0.19316081330868762,209,1,0.5785582255083179,0.01,1,lotte_technology_search_100k_q371,2,0.8742948419022758,3,linucb_primary,1,1,1,1082,shuffled_tiers
17,1,0,1,nan,0,0,nan,nan,0,lotte_technology_search_100k_q153,0,0.42099094429019984,2,full_dense_fallback,0,0,0,1403,shuffled_tiers
17,1,1,1,0.8310970797158642,1053,7,0.16890292028413578,0.84,0,lotte_technology_search_100k_q233,1,0.9790900456202887,3,linucb_primary,1,1,1,1267,shuffled_tiers
17,1,1,1,0.1755062680810029,182,1,0.40887174541947924,0.01,1,lotte_technology_search_100k_q232,2,0.9805084965241825,3,linucb_primary,1,1,1,1037,shuffled_tiers
17,1,1,1,0.072,72,1,0.642,0.01,1,lotte_technology_search_100k_q563,3,0.9524354475083892,3,linucb_primary,1,1,1,1000,shuffled_tiers
17,1,1,1,0.10884353741496598,256,1,0.7874149659863946,0.01,0,lotte_technology_search_100k_q408,1,0.7898769320375854,3,linucb_primary,1,1,1,2352,shuffled_tiers
17,0,0,0,nan,0,0,nan,nan,0,lotte_technology_search_100k_q74,0,0.19103881129202155,0,full_dense_fallback,0,0,0,574,shuffled_tiers
17,1,1,1,0.6507739938080496,1051,8,0.34922600619195043,0.66,0,lotte_technology_search_100k_q201,1,0.6427212653251809,3,hybrid_lite,1,1,1,1615,shuffled_tiers
17,1,1,1,0.558955223880597,749,3,0.3820895522388059,0.01,0,lotte_technology_search_100k_q478,1,0.6223906541496141,3,hybrid_lite,1,1,1,1340,shuffled_tiers
17,0,1,1,nan,0,0,nan,nan,0,lotte_technology_search_100k_q176,0,0.7463554769584477,2,linucb_primary,0,0,0,568,shuffled_tiers
17,1,1,1,0.10365425158116655,295,1,0.7617709065354884,0.01,1,lotte_technology_search_100k_q297,2,0.9617253089029423,3,linucb_primary,1,1,1,2846,shuffled_tiers
17,1,1,1,0.11472602739726027,335,1,0.37089041095890407,0.01,1,lotte_technology_search_100k_q458,3,0.9529685907957635,3,linucb_primary,1,1,1,2920,shuffled_tiers
17,1,1,1,0.21875,154,2,0.5596590909090908,0.01,0,lotte_technology_search_100k_q241,1,0.6788220781884129,3,hybrid_lite,1,1,1,704,shuffled_tiers
17,1,1,1,0.19373219373219372,136,1,0.670940170940171,0.01,1,lotte_technology_search_100k_q272,2,0.9134640011027698,3,linucb_primary,1,1,1,702,shuffled_tiers
17,1,1,1,0.030619345859429367,44,1,0.47599164926931103,0.01,1,lotte_technology_search_100k_q344,4,0.9320701179988412,3,linucb_primary,1,1,1,1437,shuffled_tiers
17,1,1,1,0.22241086587436332,262,1,0.4227504244482173,0.01,1,lotte_technology_search_100k_q94,3,0.8900130627990606,3,linucb_primary,1,1,1,1178,shuffled_tiers
17,1,1,1,0.28447837150127225,559,1,0.3684478371501272,0.01,0,lotte_technology_search_100k_q198,1,0.850439515187822,3,linucb_primary,1,1,1,1965,shuffled_tiers
17,1,1,1,0.11752044769694361,273,1,0.6190271201033146,0.01,0,lotte_technology_search_100k_q564,1,0.9977021409502285,3,linucb_primary,1,1,1,2323,shuffled_tiers
17,1,1,1,0.015767131594906003,26,1,0.676773802304427,0.01,1,lotte_technology_search_100k_q464,10,0.9293563859534164,3,linucb_primary,1,1,1,1649,shuffled_tiers
17,1,1,1,0.0692588092345079,114,1,0.3669501822600243,0.01,0,lotte_technology_search_100k_q407,1,0.5690905067513298,3,hybrid_lite,1,1,1,1646,shuffled_tiers
17,1,1,1,0.08497246262785209,108,1,0.6113296616837136,0.01,1,lotte_technology_search_100k_q399,7,0.8160955634002044,3,linucb_primary,1,1,1,1271,shuffled_tiers
17,1,1,1,0.11297709923664122,74,1,0.683969465648855,0.01,0,lotte_technology_search_100k_q270,1,0.30802963990836346,3,full_dense_fallback,1,1,1,655,shuffled_tiers
17,1,1,1,0.08227374719521316,110,2,0.7195213163799552,0.01,1,lotte_technology_search_100k_q310,4,0.8313422507713963,3,linucb_primary,1,1,1,1337,shuffled_tiers
17,1,1,1,0.19828364950316169,439,1,0.4643179765130985,0.01,1,lotte_technology_search_100k_q579,2,0.5210179072871135,3,hybrid_lite,1,1,1,2214,shuffled_tiers
17,1,0,1,0.08180778032036613,143,1,0.3232265446224256,0.01,0,lotte_technology_search_100k_q472,1,0.3738485193626509,2,full_dense_fallback,1,1,1,1748,shuffled_tiers
17,1,0,1,nan,0,0,nan,nan,0,lotte_technology_search_100k_q387,0,0.5315465936004415,2,hybrid_lite,0,0,0,681,shuffled_tiers
17,1,1,1,0.061813186813186816,45,1,0.793956043956044,0.01,0,lotte_technology_search_100k_q215,1,0.7788728224654442,3,linucb_primary,1,1,1,728,shuffled_tiers
17,1,1,1,nan,0,0,nan,nan,0,lotte_technology_search_100k_q104,0,0.36583373082748716,3,full_dense_fallback,0,0,0,1549,shuffled_tiers
17,1,0,1,0.12305779987569919,198,1,0.4885021752641392,0.01,1,lotte_technology_search_100k_q357,3,0.323578681566199,2,full_dense_fallback,1,1,1,1609,shuffled_tiers
17,1,1,1,0.052105638829407566,73,1,0.681655960028551,0.01,1,lotte_technology_search_100k_q414,8,0.9250970569158153,3,linucb_primary,1,1,1,1401,shuffled_tiers
17,1,1,1,0.35954545454545456,791,1,0.51,0.01,0,lotte_technology_search_100k_q279,1,0.5862901405903568,3,hybrid_lite,1,1,1,2200,shuffled_tiers
17,1,1,1,0.3629032258064516,720,2,0.5640120967741935,0.01,1,lotte_technology_search_100k_q494,2,0.6613616226618156,3,hybrid_lite,1,1,1,1984,shuffled_tiers
17,1,1,1,0.4751883606131463,1829,4,0.5248116393868537,0.01,0,lotte_technology_search_100k_q584,1,0.6242403661211174,3,hybrid_lite,1,1,1,3849,shuffled_tiers
17,1,1,1,0.0694006309148265,66,1,0.7592008412197686,0.01,1,lotte_technology_search_100k_q209,3,0.716682093694643,3,hybrid_lite,1,1,1,951,shuffled_tiers
17,1,1,1,0.14345991561181434,102,1,0.39099859353023914,0.01,1,lotte_technology_search_100k_q24,2,0.5440152559385072,3,hybrid_lite,1,1,1,711,shuffled_tiers
17,1,1,1,0.1997126436781609,278,1,0.47916666666666663,0.01,0,lotte_technology_search_100k_q256,1,0.6407470233052787,3,hybrid_lite,1,1,1,1392,shuffled_tiers
17,1,1,1,0.06577974870657798,89,1,0.7427937915742794,0.01,1,lotte_technology_search_100k_q553,4,0.5292536873546391,3,hybrid_lite,1,1,1,1353,shuffled_tiers
17,1,1,1,0.07668711656441718,100,1,0.5544478527607362,0.01,1,lotte_technology_search_100k_q106,2,0.7506240788689952,3,linucb_primary,1,1,1,1304,shuffled_tiers
17,1,1,1,0.06810035842293907,133,1,0.5248335893497184,0.01,1,lotte_technology_search_100k_q543,2,0.9393760369045189,3,linucb_primary,1,1,1,1953,shuffled_tiers
17,1,1,1,0.08881578947368421,135,1,0.475,0.01,1,lotte_technology_search_100k_q556,2,0.9238639421984436,3,linucb_primary,1,1,1,1520,shuffled_tiers
17,1,1,1,0.1006585136406397,107,1,0.5277516462841016,0.01,0,lotte_technology_search_100k_q211,1,0.7795750759825331,3,linucb_primary,1,1,1,1063,shuffled_tiers
17,1,1,1,0.05174353205849269,46,1,0.6096737907761529,0.01,1,lotte_technology_search_100k_q88,3,0.9345160273313153,3,linucb_primary,1,1,1,889,shuffled_tiers
17,1,1,1,0.03344298245614035,61,1,0.611842105263158,0.01,1,lotte_technology_search_100k_q340,3,0.7233926294943785,3,hybrid_lite,1,1,1,1824,shuffled_tiers
17,0,0,0,nan,0,0,nan,nan,0,lotte_technology_search_100k_q276,0,0.3279994016025357,0,full_dense_fallback,0,0,0,515,shuffled_tiers
17,1,1,1,0.07913247362250879,135,1,0.536928487690504,0.01,1,lotte_technology_search_100k_q386,2,0.508595097003996,3,hybrid_lite,1,1,1,1706,shuffled_tiers
17,0,1,1,nan,0,0,nan,nan,0,lotte_technology_search_100k_q27,0,0.8107410411948842,2,linucb_primary,0,0,0,1413,shuffled_tiers
17,1,1,1,0.1566186107470511,239,2,0.6998689384010485,0.01,1,lotte_technology_search_100k_q109,4,0.5217289132075567,3,hybrid_lite,1,1,1,1526,shuffled_tiers
17,1,1,1,0.1273560876209883,250,1,0.391237901171676,0.01,1,lotte_technology_search_100k_q504,3,0.9225188111331034,3,linucb_primary,1,1,1,1963,shuffled_tiers
17,1,0,1,nan,0,0,nan,nan,0,lotte_technology_search_100k_q305,0,0.3309919728261843,2,full_dense_fallback,0,0,0,2100,shuffled_tiers
17,1,0,1,0.36255924170616116,612,1,0.5598341232227488,0.01,0,lotte_technology_search_100k_q315,1,0.7244130837428554,2,hybrid_lite,1,1,1,1688,shuffled_tiers
17,1,1,1,0.13049645390070921,184,1,0.4446808510638298,0.01,0,lotte_technology_search_100k_q435,1,0.9599187791612016,3,linucb_primary,1,1,1,1410,shuffled_tiers
17,1,1,1,0.16857798165137614,147,1,0.6410550458715596,0.01,0,lotte_technology_search_100k_q135,1,0.8432784453089661,3,linucb_primary,1,1,1,872,shuffled_tiers
17,1,1,1,0.08325952170062002,94,1,0.6465899025686448,0.01,1,lotte_technology_search_100k_q509,3,0.6353658579252911,3,hybrid_lite,1,1,1,1129,shuffled_tiers
17,1,1,1,0.29581749049429656,1167,1,0.5267427122940431,0.01,1,lotte_technology_search_100k_q288,8,0.9159021401736535,3,linucb_primary,1,1,1,3945,shuffled_tiers
17,1,1,1,0.057724957555178265,68,1,0.5679117147707979,0.01,1,lotte_technology_search_100k_q42,2,0.6406358461993161,3,hybrid_lite,1,1,1,1178,shuffled_tiers
17,1,1,1,nan,0,0,nan,nan,0,lotte_technology_search_100k_q254,0,0.720570732025724,3,hybrid_lite,0,0,0,1761,shuffled_tiers
17,1,1,1,0.18045112781954886,144,1,0.5877192982456141,0.01,1,lotte_technology_search_100k_q281,4,0.5152094599805898,3,hybrid_lite,1,1,1,798,shuffled_tiers
17,1,1,1,0.10581639803784162,151,1,0.6229852838121934,0.01,1,lotte_technology_search_100k_q562,2,0.9532984196302859,3,linucb_primary,1,1,1,1427,shuffled_tiers
17,1,0,1,0.3954599761051374,331,1,0.49581839904420555,0.01,0,lotte_technology_search_100k_q534,1,0.34092770511172554,2,full_dense_fallback,1,1,1,837,shuffled_tiers
17,1,0,1,nan,0,0,nan,nan,0,lotte_technology_search_100k_q120,0,0.45282120006676346,2,hybrid_lite,0,0,0,786,shuffled_tiers
17,1,1,1,0.24442988204456095,373,1,0.3722149410222805,0.01,1,lotte_technology_search_100k_q65,2,0.7430862229000976,3,linucb_primary,1,1,1,1526,shuffled_tiers
17,1,1,1,0.266384778012685,126,1,0.5306553911205074,0.01,0,lotte_technology_search_100k_q302,1,0.9634729716469326,3,linucb_primary,1,1,1,473,shuffled_tiers
17,1,1,1,0.23979591836734693,141,2,0.4897959183673469,0.01,0,lotte_technology_search_100k_q222,1,0.4889320269661609,3,hybrid_lite,1,1,1,588,shuffled_tiers
17,1,1,1,0.11465271170313987,241,1,0.7136060894386298,0.01,1,lotte_technology_search_100k_q267,2,0.8070274594050952,3,linucb_primary,1,1,1,2102,shuffled_tiers
17,1,1,1,0.13801694070752366,277,1,0.3079222720478326,0.01,1,lotte_technology_search_100k_q82,2,0.842957523687895,3,linucb_primary,1,1,1,2007,shuffled_tiers
17,0,1,1,0.12312312312312312,205,2,0.7447447447447447,0.01,0,lotte_technology_search_100k_q547,1,0.610512592407109,2,hybrid_lite,1,1,1,1665,shuffled_tiers
17,1,1,1,0.22769640479360853,342,1,0.5346205059920106,0.01,1,lotte_technology_search_100k_q413,5,0.5394608322623258,3,hybrid_lite,1,1,1,1502,shuffled_tiers
17,1,1,1,0.09814323607427056,111,1,0.6091954022988506,0.01,0,lotte_technology_search_100k_q164,1,0.8905310708463955,3,linucb_primary,1,1,1,1131,shuffled_tiers
17,1,1,1,0.059431524547803614,46,1,0.3695090439276486,0.01,0,lotte_technology_search_100k_q240,1,0.6499110794679646,3,hybrid_lite,1,1,1,774,shuffled_tiers
17,0,1,1,0.09505106048703849,121,2,0.7596229379418696,0.01,0,lotte_technology_search_100k_q66,1,0.6203940624265075,2,hybrid_lite,1,1,1,1273,shuffled_tiers
17,1,1,1,0.03353057199211045,119,1,0.5221189067342913,0.01,1,lotte_technology_search_100k_q434,8,0.7000447497560014,3,hybrid_lite,1,1,1,3549,shuffled_tiers
17,1,1,1,0.13123993558776167,163,1,0.6610305958132046,0.01,1,lotte_technology_search_100k_q403,4,0.800169638966967,3,linucb_primary,1,1,1,1242,shuffled_tiers
17,1,1,1,0.24709302325581395,255,1,0.4835271317829457,0.01,0,lotte_technology_search_100k_q154,1,0.9334657418652365,3,linucb_primary,1,1,1,1032,shuffled_tiers
17,1,1,0,nan,0,0,nan,nan,0,lotte_technology_search_100k_q8,0,0.3198287495838764,2,full_dense_fallback,0,0,0,489,shuffled_tiers
17,1,1,1,0.2895957587806494,437,4,0.7104042412193505,0.01,0,lotte_technology_search_100k_q40,1,0.6894882468021298,3,hybrid_lite,1,1,1,1509,shuffled_tiers
17,0,1,1,nan,0,0,nan,nan,0,lotte_technology_search_100k_q22,0,0.7764914552610597,2,linucb_primary,0,0,0,698,shuffled_tiers
17,1,0,1,0.08106796116504854,167,1,0.4131067961165048,0.01,0,lotte_technology_search_100k_q433,1,0.49725386518957987,2,hybrid_lite,1,1,1,2060,shuffled_tiers
17,1,1,1,0.07589826402906742,188,1,0.3362939039160274,0.01,1,lotte_technology_search_100k_q585,2,0.9917133350098846,3,linucb_primary,1,1,1,2477,shuffled_tiers
17,1,0,1,nan,0,0,nan,nan,0,lotte_technology_search_100k_q526,0,0.4494908703456529,2,hybrid_lite,0,0,0,1297,shuffled_tiers
17,1,1,1,0.4104803493449782,658,3,0.4747348721147848,0.01,1,lotte_technology_search_100k_q508,2,0.9807656809547491,3,linucb_primary,1,1,1,1603,shuffled_tiers
17,1,1,1,0.11323238973008558,516,1,0.7570770243581304,0.01,1,lotte_technology_search_100k_q575,3,0.8207695802405179,3,linucb_primary,1,1,1,4557,shuffled_tiers
17,1,1,1,nan,0,0,nan,nan,0,lotte_technology_search_100k_q172,0,0.8510179902515115,3,linucb_primary,0,0,0,721,shuffled_tiers
17,1,0,1,0.5172064777327935,511,1,0.34716599190283404,0.01,0,lotte_technology_search_100k_q226,1,0.2605012078144662,2,full_dense_fallback,1,1,1,988,shuffled_tiers
17,1,1,1,0.06310679611650485,117,1,0.522653721682848,0.01,1,lotte_technology_search_100k_q492,4,0.7792972326192196,3,linucb_primary,1,1,1,1854,shuffled_tiers
17,1,1,1,0.06576402321083172,68,1,0.44100580270793033,0.01,1,lotte_technology_search_100k_q41,2,0.5896921243159579,3,hybrid_lite,1,1,1,1034,shuffled_tiers
17,1,0,1,nan,0,0,nan,nan,0,lotte_technology_search_100k_q502,0,0.311477943129828,2,full_dense_fallback,0,0,0,1160,shuffled_tiers
17,0,1,1,0.09104704097116843,60,1,0.725341426403642,0.01,0,lotte_technology_search_100k_q271,1,0.8281059242089956,2,linucb_primary,1,1,1,659,shuffled_tiers
17,1,1,1,0.07563025210084033,108,1,0.7093837535014005,0.01,1,lotte_technology_search_100k_q566,3,0.7190107043650361,3,hybrid_lite,1,1,1,1428,shuffled_tiers
17,1,1,1,0.04148148148148148,28,1,0.42814814814814817,0.01,1,lotte_technology_search_100k_q292,3,0.5251094724490925,3,hybrid_lite,1,1,1,675,shuffled_tiers
17,1,1,1,0.27482014388489207,955,1,0.2471942446043165,0.01,1,lotte_technology_search_100k_q506,5,0.5474165097576104,3,hybrid_lite,1,1,1,3475,shuffled_tiers
17,1,1,1,0.1561100447856686,244,1,0.49328214971209217,0.01,1,lotte_technology_search_100k_q493,2,0.8907117989935175,3,linucb_primary,1,1,1,1563,shuffled_tiers
17,1,1,1,0.10951893551688843,214,1,0.5455475946775845,0.01,1,lotte_technology_search_100k_q338,2,0.9771285680884,3,linucb_primary,1,1,1,1954,shuffled_tiers
17,1,1,1,0.027333073018352205,70,1,0.6891839125341663,0.01,1,lotte_technology_search_100k_q431,5,0.545976353349048,3,hybrid_lite,1,1,1,2561,shuffled_tiers
17,0,1,1,nan,0,0,nan,nan,0,lotte_technology_search_100k_q26,0,0.9622296478159118,2,linucb_primary,0,0,0,1263,shuffled_tiers
17,1,1,1,0.2961521833117164,685,1,0.3169044530912235,0.01,0,lotte_technology_search_100k_q72,1,0.8499192634528755,3,linucb_primary,1,1,1,2313,shuffled_tiers
17,0,1,1,0.38565629228687415,285,3,0.5791610284167794,0.01,0,lotte_technology_search_100k_q121,1,0.7589525896460737,2,linucb_primary,1,1,1,739,shuffled_tiers
17,0,1,1,0.3002481389578164,121,2,0.5533498759305211,0.01,0,lotte_technology_search_100k_q225,1,0.5438153943415963,2,hybrid_lite,1,1,1,403,shuffled_tiers
17,1,1,1,0.26485148514851486,428,1,0.504950495049505,0.01,1,lotte_technology_search_100k_q132,2,0.9706838079609494,3,linucb_primary,1,1,1,1616,shuffled_tiers
17,1,1,1,0.22641509433962265,312,1,0.5544267053701015,0.01,0,lotte_technology_search_100k_q63,1,0.5528706537468905,3,hybrid_lite,1,1,1,1378,shuffled_tiers
17,0,1,1,0.4696969696969697,620,5,0.5303030303030303,0.47,0,lotte_technology_search_100k_q203,1,0.7229482446050318,2,hybrid_lite,1,1,1,1320,shuffled_tiers
17,1,0,1,0.048832684824902724,251,1,0.7700389105058366,0.01,1,lotte_technology_search_100k_q392,4,0.5143145696261436,2,hybrid_lite,1,1,1,5140,shuffled_tiers
17,1,1,1,0.141321044546851,92,1,0.47772657450076805,0.01,1,lotte_technology_search_100k_q173,2,0.6820916301079556,3,hybrid_lite,1,1,1,651,shuffled_tiers
17,1,1,1,0.11397295556986478,177,1,0.37797810688989053,0.01,1,lotte_technology_search_100k_q249,5,0.7522220959829372,3,linucb_primary,1,1,1,1553,shuffled_tiers
17,1,1,1,0.07618250313938886,182,1,0.24863959815822523,0.01,1,lotte_technology_search_100k_q581,2,0.7314889462575503,3,hybrid_lite,1,1,1,2389,shuffled_tiers
17,1,0,1,nan,0,0,nan,nan,0,lotte_technology_search_100k_q152,0,0.43390356237706595,2,full_dense_fallback,0,0,0,2252,shuffled_tiers
17,1,1,1,0.06276939655172414,233,1,0.5902478448275862,0.01,1,lotte_technology_search_100k_q590,2,0.9901965345637719,3,linucb_primary,1,1,1,3712,shuffled_tiers
17,1,1,1,0.0665083135391924,112,1,0.5403800475059383,0.01,1,lotte_technology_search_100k_q95,3,0.9480287140472862,3,linucb_primary,1,1,1,1684,shuffled_tiers
17,1,1,1,0.07723035952063914,58,1,0.5339547270306259,0.01,0,lotte_technology_search_100k_q522,1,0.6327732852686178,3,hybrid_lite,1,1,1,751,shuffled_tiers
17,1,1,1,0.13391136801541426,278,1,0.43111753371868977,0.01,1,lotte_technology_search_100k_q257,2,0.586013920788032,3,hybrid_lite,1,1,1,2076,shuffled_tiers
17,1,1,1,0.29284037558685444,499,1,0.47065727699530513,0.01,1,lotte_technology_search_100k_q316,3,0.9756105124323526,3,linucb_primary,1,1,1,1704,shuffled_tiers
17,1,1,1,0.16436363636363635,226,1,0.46472727272727277,0.01,1,lotte_technology_search_100k_q188,2,0.8777250587245953,3,linucb_primary,1,1,1,1375,shuffled_tiers
17,1,1,1,0.08333333333333333,215,1,0.5286821705426357,0.01,1,lotte_technology_search_100k_q529,6,0.7601397241745858,3,linucb_primary,1,1,1,2580,shuffled_tiers
17,1,1,1,0.7881729920564872,1786,6,0.21182700794351284,0.79,0,lotte_technology_search_100k_q70,1,0.8550645127197868,3,linucb_primary,1,1,1,2266,shuffled_tiers
17,1,1,1,0.04389965792474344,77,1,0.7223489167616876,0.01,1,lotte_technology_search_100k_q298,2,0.9462702405804092,3,linucb_primary,1,1,1,1754,shuffled_tiers
17,1,1,1,0.4203208556149733,786,1,0.453475935828877,0.01,0,lotte_technology_search_100k_q528,1,0.31575711893969516,3,full_dense_fallback,1,1,1,1870,shuffled_tiers
17,1,0,1,nan,0,0,nan,nan,0,lotte_technology_search_100k_q383,0,0.2108317402712364,2,full_dense_fallback,0,0,0,453,shuffled_tiers
17,0,0,0,nan,0,0,nan,nan,0,lotte_technology_search_100k_q138,0,0.27140619595673926,0,full_dense_fallback,0,0,0,976,shuffled_tiers
17,1,1,1,0.024245002126754574,57,1,0.6992769034453424,0.01,1,lotte_technology_search_100k_q442,3,0.7484029907363701,3,linucb_primary,1,1,1,2351,shuffled_tiers
17,0,1,1,0.08284023668639054,56,1,0.4600591715976331,0.01,0,lotte_technology_search_100k_q180,1,0.8224974566199245,2,linucb_primary,1,1,1,676,shuffled_tiers
17,1,1,1,0.12368421052631579,94,1,0.65,0.01,0,lotte_technology_search_100k_q29,1,0.6439661641434412,3,hybrid_lite,1,1,1,760,shuffled_tiers
17,1,1,1,0.02510716472749541,41,1,0.6901408450704225,0.01,0,lotte_technology_search_100k_q295,1,0.8553787807166375,3,linucb_primary,1,1,1,1633,shuffled_tiers
17,1,1,1,0.016467915956842702,29,1,0.740488358886996,0.01,1,lotte_technology_search_100k_q519,6,0.5762632314525722,3,hybrid_lite,1,1,1,1761,shuffled_tiers
17,1,1,1,0.10387157695939565,110,1,0.5967894239848914,0.01,1,lotte_technology_search_100k_q242,3,0.472583216740289,3,hybrid_lite,1,1,1,1059,shuffled_tiers
17,1,1,1,0.05608412618928393,112,1,0.7085628442663996,0.01,1,lotte_technology_search_100k_q334,2,0.671829522833169,3,hybrid_lite,1,1,1,1997,shuffled_tiers
19,1,1,1,0.045275590551181105,23,1,0.4940944881889764,0.01,1,lotte_technology_search_100k_q336,4,0.6894729943714194,3,hybrid_lite,1,1,1,508,shuffled_tiers
19,1,1,1,0.41468459152016546,401,2,0.4963805584281282,0.01,0,lotte_technology_search_100k_q76,1,0.956709999067986,3,linucb_primary,1,1,1,967,shuffled_tiers
19,1,1,1,0.03281982585398526,49,1,0.7997320830542531,0.01,1,lotte_technology_search_100k_q426,8,0.7236217922516591,3,hybrid_lite,1,1,1,1493,shuffled_tiers
19,1,0,1,0.04120603015075377,41,1,0.7376884422110552,0.01,0,lotte_technology_search_100k_q2,1,0.27007609641508057,2,full_dense_fallback,1,1,1,995,shuffled_tiers
19,1,1,1,0.30965068087625813,523,1,0.5038484310242748,0.01,1,lotte_technology_search_100k_q447,3,0.43017498578512287,3,full_dense_fallback,1,1,1,1689,shuffled_tiers
19,1,1,1,0.4503271861986913,757,2,0.36109458655562165,0.01,0,lotte_technology_search_100k_q139,1,0.9007613003028447,3,linucb_primary,1,1,1,1681,shuffled_tiers
19,1,1,1,0.20028476506881823,422,1,0.36165163739914574,0.01,1,lotte_technology_search_100k_q507,2,0.6932847217547207,3,hybrid_lite,1,1,1,2107,shuffled_tiers
19,0,1,1,nan,0,0,nan,nan,0,lotte_technology_search_100k_q58,0,0.8728400763481187,2,linucb_primary,0,0,0,813,shuffled_tiers
19,1,1,1,0.24313186813186813,177,2,0.5302197802197802,0.01,1,lotte_technology_search_100k_q125,2,0.6843010497263747,3,hybrid_lite,1,1,1,728,shuffled_tiers
19,1,1,1,0.01828761429758936,66,1,0.6633416458852868,0.01,1,lotte_technology_search_100k_q462,4,0.9870750307648781,3,linucb_primary,1,1,1,3609,shuffled_tiers
19,0,1,1,0.336144578313253,279,4,0.6638554216867469,0.01,0,lotte_technology_search_100k_q57,1,0.9505952263742922,2,linucb_primary,1,1,1,830,shuffled_tiers
19,1,1,1,0.09966777408637874,150,1,0.5255813953488372,0.01,1,lotte_technology_search_100k_q503,5,0.7569289316484983,3,linucb_primary,1,1,1,1505,shuffled_tiers
19,1,1,1,0.12934362934362933,67,1,0.5386100386100385,0.01,0,lotte_technology_search_100k_q264,1,0.9164544998114013,3,linucb_primary,1,1,1,518,shuffled_tiers
19,0,0,0,nan,0,0,nan,nan,0,lotte_technology_search_100k_q166,0,0.6730687825883245,0,hybrid_lite,0,0,0,1734,shuffled_tiers
19,1,0,1,nan,0,0,nan,nan,0,lotte_technology_search_100k_q213,0,0.43151541800847015,2,full_dense_fallback,0,0,0,662,shuffled_tiers
19,1,1,1,0.07507692307692308,122,1,0.7138461538461538,0.01,1,lotte_technology_search_100k_q578,7,0.5716576841783233,3,hybrid_lite,1,1,1,1625,shuffled_tiers
19,1,0,1,0.047471620227038186,46,1,0.5913312693498451,0.01,1,lotte_technology_search_100k_q244,2,0.3830264501921574,2,full_dense_fallback,1,1,1,969,shuffled_tiers
19,1,1,1,0.2967798085291558,341,4,0.7032201914708442,0.01,0,lotte_technology_search_100k_q117,1,0.9923306089691776,3,linucb_primary,1,1,1,1149,shuffled_tiers
19,0,1,1,0.9311575726670066,1826,8,0.0688424273329934,0.94,0,lotte_technology_search_100k_q280,1,0.7582206708514654,2,linucb_primary,0,1,1,1961,shuffled_tiers
19,1,1,1,0.07306501547987616,118,1,0.5405572755417957,0.01,1,lotte_technology_search_100k_q378,4,0.9632044816583041,3,linucb_primary,1,1,1,1615,shuffled_tiers
19,1,1,1,0.20141969831410825,227,1,0.6610470275066549,0.01,0,lotte_technology_search_100k_q11,1,0.9409017239555615,3,linucb_primary,1,1,1,1127,shuffled_tiers
19,1,1,1,0.7713685193834656,3303,4,0.22863148061653438,0.01,0,lotte_technology_search_100k_q102,1,0.7782351377520202,3,linucb_primary,1,1,1,4282,shuffled_tiers
19,1,0,1,nan,0,0,nan,nan,0,lotte_technology_search_100k_q363,0,0.5177015263688486,2,hybrid_lite,0,0,0,886,shuffled_tiers
19,1,1,1,0.0209531635168447,51,1,0.7115858668857847,0.01,1,lotte_technology_search_100k_q446,10,0.7973319039584421,3,linucb_primary,1,1,1,2434,shuffled_tiers
19,1,0,1,0.26534653465346536,670,1,0.6594059405940593,0.01,0,lotte_technology_search_100k_q499,1,0.38936878842284145,2,full_dense_fallback,1,1,1,2525,shuffled_tiers
19,1,1,1,0.07245575221238938,131,1,0.6476769911504425,0.01,0,lotte_technology_search_100k_q476,1,0.5542473781574467,3,hybrid_lite,1,1,1,1808,shuffled_tiers
19,1,1,1,0.09489916963226572,80,1,0.6927639383155397,0.01,1,lotte_technology_search_100k_q98,2,0.9405582763131309,3,linucb_primary,1,1,1,843,shuffled_tiers
19,1,1,0,nan,0,0,nan,nan,0,lotte_technology_search_100k_q284,0,0.6677964758496643,2,hybrid_lite,0,0,0,1451,shuffled_tiers
19,1,1,1,0.18997361477572558,288,2,0.741424802110818,0.01,0,lotte_technology_search_100k_q200,1,0.7608885995341936,3,linucb_primary,1,1,1,1516,shuffled_tiers
19,1,1,1,0.7871376811594203,869,8,0.2128623188405797,0.79,0,lotte_technology_search_100k_q170,1,0.5936277293919656,3,hybrid_lite,1,1,1,1104,shuffled_tiers
19,0,1,1,0.3138634764250528,446,3,0.5263898662913441,0.01,1,lotte_technology_search_100k_q278,2,0.9651301472828805,2,linucb_primary,1,1,1,1421,shuffled_tiers
19,1,1,1,0.15264423076923078,254,1,0.4122596153846154,0.01,1,lotte_technology_search_100k_q525,4,0.7966055796503388,3,linucb_primary,1,1,1,1664,shuffled_tiers
19,1,1,1,0.0981012658227848,93,1,0.5168776371308017,0.01,1,lotte_technology_search_100k_q210,2,0.9658918002364357,3,linucb_primary,1,1,1,948,shuffled_tiers
19,1,1,1,0.0562015503875969,116,1,0.5857558139534884,0.01,1,lotte_technology_search_100k_q425,9,1.0,3,linucb_primary,1,1,1,2064,shuffled_tiers
19,1,1,1,0.02962962962962963,52,1,0.8672364672364672,0.01,1,lotte_technology_search_100k_q0,2,0.9333932162837567,3,linucb_primary,1,1,1,1755,shuffled_tiers
19,1,1,1,0.10141987829614604,150,1,0.5172413793103448,0.01,1,lotte_technology_search_100k_q516,5,0.8008857003145011,3,linucb_primary,1,1,1,1479,shuffled_tiers
19,1,1,1,0.09788953749438707,218,1,0.5657835653345308,0.01,1,lotte_technology_search_100k_q436,2,0.7890327224554894,3,linucb_primary,1,1,1,2227,shuffled_tiers
19,1,0,1,0.31225121627598407,706,1,0.29190623617868194,0.01,0,lotte_technology_search_100k_q419,1,0.460702049784118,2,hybrid_lite,1,1,1,2261,shuffled_tiers
19,1,1,1,0.36384976525821594,465,1,0.2597809076682316,0.01,0,lotte_technology_search_100k_q376,1,0.8125284828794619,3,linucb_primary,1,1,1,1278,shuffled_tiers
19,1,1,1,0.21803921568627452,278,1,0.5615686274509804,0.01,0,lotte_technology_search_100k_q500,1,0.5567912010734265,3,hybrid_lite,1,1,1,1275,shuffled_tiers
19,0,1,1,0.4437998549673677,612,3,0.4923857868020305,0.01,0,lotte_technology_search_100k_q445,1,0.9532937646139821,2,linucb_primary,1,1,1,1379,shuffled_tiers
19,1,1,0,nan,0,0,nan,nan,0,lotte_technology_search_100k_q115,0,0.7160926089374908,2,hybrid_lite,0,0,0,1518,shuffled_tiers
19,1,1,1,0.6786971830985915,771,4,0.3213028169014085,0.01,0,lotte_technology_search_100k_q273,1,0.5621684945156372,3,hybrid_lite,1,1,1,1136,shuffled_tiers
19,1,1,1,0.22189128816083395,298,1,0.18466120625465376,0.01,0,lotte_technology_search_100k_q535,1,0.5216085480598515,3,hybrid_lite,1,1,1,1343,shuffled_tiers
19,1,1,1,0.02096069868995633,48,1,0.5951965065502183,0.01,1,lotte_technology_search_100k_q329,4,0.971170748536506,3,linucb_primary,1,1,1,2290,shuffled_tiers
19,1,0,1,0.0334696913350688,90,1,0.7296392711044999,0.01,1,lotte_technology_search_100k_q568,2,0.46813239185096567,2,hybrid_lite,1,1,1,2689,shuffled_tiers
19,1,1,1,0.02027027027027027,51,1,0.44077901430842603,0.01,1,lotte_technology_search_100k_q595,5,0.9798799567106083,3,linucb_primary,1,1,1,2516,shuffled_tiers
19,1,0,1,nan,0,0,nan,nan,0,lotte_technology_search_100k_q359,0,0.4445060373104282,2,hybrid_lite,0,0,0,3081,shuffled_tiers
19,0,1,1,nan,0,0,nan,nan,0,lotte_technology_search_100k_q21,0,0.7950418297138026,2,linucb_primary,0,0,0,816,shuffled_tiers
19,1,1,1,0.14439655172413793,268,1,0.31788793103448276,0.01,1,lotte_technology_search_100k_q560,3,0.7934799726057935,3,linucb_primary,1,1,1,1856,shuffled_tiers
19,1,1,1,0.17678100263852242,335,1,0.27862796833773085,0.01,1,lotte_technology_search_100k_q396,4,0.7523052145059981,3,linucb_primary,1,1,1,1895,shuffled_tiers
19,1,1,1,nan,0,0,nan,nan,0,lotte_technology_search_100k_q163,0,0.2659378726486032,3,full_dense_fallback,0,0,0,1307,shuffled_tiers
19,1,1,1,0.06257287213369607,161,1,0.42673921492421296,0.01,1,lotte_technology_search_100k_q527,7,0.5815789558216411,3,hybrid_lite,1,1,1,2573,shuffled_tiers
19,1,1,1,0.04565217391304348,84,1,0.7135869565217392,0.01,1,lotte_technology_search_100k_q423,8,0.9696553496850258,3,linucb_primary,1,1,1,1840,shuffled_tiers
19,1,1,0,nan,0,0,nan,nan,0,lotte_technology_search_100k_q283,0,0.9583057998688543,2,linucb_primary,0,0,0,843,shuffled_tiers
19,1,1,1,0.2435344827586207,565,4,0.7564655172413793,0.01,1,lotte_technology_search_100k_q339,2,0.659927738020288,3,hybrid_lite,1,1,1,2320,shuffled_tiers
19,1,1,1,0.21006944444444445,242,1,0.3585069444444444,0.01,0,lotte_technology_search_100k_q474,1,0.38933043190386385,3,full_dense_fallback,1,1,1,1152,shuffled_tiers
19,1,1,1,0.033460076045627375,44,1,0.4479087452471483,0.01,1,lotte_technology_search_100k_q343,6,0.9015509276572884,3,linucb_primary,1,1,1,1315,shuffled_tiers
19,1,1,1,0.11287538833275802,327,2,0.19571971004487398,0.01,0,lotte_technology_search_100k_q312,1,0.4672809116866079,3,hybrid_lite,1,1,1,2897,shuffled_tiers
19,1,1,1,0.05355776587605203,70,1,0.540168324407039,0.01,1,lotte_technology_search_100k_q311,3,0.8535696282387598,3,linucb_primary,1,1,1,1307,shuffled_tiers
19,1,1,1,0.008034610630407911,13,1,0.7466007416563658,0.01,1,lotte_technology_search_100k_q236,6,0.9319482406281268,3,linucb_primary,1,1,1,1618,shuffled_tiers
19,0,1,0,0.8696172248803827,727,9,0.4736842105263158,0.53,0,lotte_technology_search_100k_q382,1,0.4654064822185987,1,hybrid_lite,0,1,1,836,shuffled_tiers
19,1,1,1,0.15249266862170088,208,1,0.3203812316715543,0.01,1,lotte_technology_search_100k_q328,4,0.9772245694516078,3,linucb_primary,1,1,1,1364,shuffled_tiers
19,1,1,1,0.05144467935165609,73,1,0.6708949964763918,0.01,1,lotte_technology_search_100k_q444,8,0.9484226071106403,3,linucb_primary,1,1,1,1419,shuffled_tiers
19,1,1,1,0.06857451403887689,127,1,0.4136069114470843,0.01,0,lotte_technology_search_100k_q356,1,0.743907298532991,3,linucb_primary,1,1,1,1852,shuffled_tiers
19,1,1,1,0.4645390070921986,786,1,0.20271867612293148,0.01,0,lotte_technology_search_100k_q517,1,0.5496617678164448,3,hybrid_lite,1,1,1,1692,shuffled_tiers
19,1,1,1,0.255162918770078,556,1,0.31252868288205604,0.01,1,lotte_technology_search_100k_q415,3,0.8203453334974391,3,linucb_primary,1,1,1,2179,shuffled_tiers
19,1,1,1,0.1327372764786795,193,1,0.46079779917469055,0.01,1,lotte_technology_search_100k_q416,3,0.7886745827177105,3,linucb_primary,1,1,1,1454,shuffled_tiers
19,1,1,1,0.06784188034188034,127,1,0.6175213675213675,0.01,1,lotte_technology_search_100k_q495,2,0.8412152324022136,3,linucb_primary,1,1,1,1872,shuffled_tiers
19,1,1,1,0.6038216560509554,1422,1,0.29299363057324845,0.01,1,lotte_technology_search_100k_q263,2,0.7859716911662539,3,linucb_primary,1,1,1,2355,shuffled_tiers
19,1,1,1,0.016540317022742935,72,1,0.7757868136917069,0.01,1,lotte_technology_search_100k_q369,4,0.6959785955806221,3,hybrid_lite,1,1,1,4353,shuffled_tiers
19,0,1,1,nan,0,0,nan,nan,0,lotte_technology_search_100k_q175,0,0.34563882030000437,2,full_dense_fallback,0,0,0,1160,shuffled_tiers
19,1,1,1,0.25562700964630225,636,1,0.4501607717041801,0.01,1,lotte_technology_search_100k_q480,2,0.6523660777979354,3,hybrid_lite,1,1,1,2488,shuffled_tiers
19,1,1,1,0.4758339006126617,699,1,0.3682777399591559,0.01,0,lotte_technology_search_100k_q373,1,0.5908262724299079,3,hybrid_lite,1,1,1,1469,shuffled_tiers
19,1,1,1,0.1495124593716143,138,1,0.6078006500541712,0.01,0,lotte_technology_search_100k_q251,1,0.618880633131027,3,hybrid_lite,1,1,1,923,shuffled_tiers
19,1,0,1,nan,0,0,nan,nan,0,lotte_technology_search_100k_q443,0,0.5196635737893994,2,hybrid_lite,0,0,0,947,shuffled_tiers
19,1,1,1,0.9303867403314917,842,8,0.06961325966850829,0.94,0,lotte_technology_search_100k_q197,1,0.4892860745680891,3,hybrid_lite,0,1,1,905,shuffled_tiers
19,1,1,1,0.18647887323943663,331,2,0.6709859154929578,0.01,0,lotte_technology_search_100k_q538,1,0.8402445848862764,3,linucb_primary,1,1,1,1775,shuffled_tiers
19,1,1,1,0.5532544378698225,374,6,0.44674556213017746,0.56,0,lotte_technology_search_100k_q262,1,0.8108857913754384,3,linucb_primary,1,1,1,676,shuffled_tiers
19,1,1,1,0.16109422492401215,159,1,0.5531914893617021,0.01,1,lotte_technology_search_100k_q466,9,0.7124523121483572,3,hybrid_lite,1,1,1,987,shuffled_tiers
19,1,1,1,0.050625,81,1,0.47562499999999996,0.01,1,lotte_technology_search_100k_q588,4,0.9445432990405863,3,linucb_primary,1,1,1,1600,shuffled_tiers
19,1,1,1,0.1327372764786795,193,1,0.46079779917469055,0.01,1,lotte_technology_search_100k_q450,3,0.8239036728520693,3,linucb_primary,1,1,1,1454,shuffled_tiers
19,1,1,1,0.1425339366515837,63,1,0.7262443438914027,0.01,1,lotte_technology_search_100k_q113,3,0.7055103326339477,3,hybrid_lite,1,1,1,442,shuffled_tiers
19,1,1,1,0.9041218637992832,1009,9,0.09587813620071683,0.91,0,lotte_technology_search_100k_q511,1,0.8095206341323383,3,linucb_primary,0,1,1,1116,shuffled_tiers
19,1,0,1,nan,0,0,nan,nan,0,lotte_technology_search_100k_q206,0,0.5950587216699083,2,hybrid_lite,0,0,0,2035,shuffled_tiers
19,1,0,1,nan,0,0,nan,nan,0,lotte_technology_search_100k_q245,0,0.4301754484220015,2,full_dense_fallback,0,0,0,1618,shuffled_tiers
19,0,1,1,nan,0,0,nan,nan,0,lotte_technology_search_100k_q60,0,0.5574072202376452,2,hybrid_lite,0,0,0,859,shuffled_tiers
19,1,1,1,0.08015267175572519,63,1,0.6501272264631044,0.01,0,lotte_technology_search_100k_q44,1,0.9697059654329594,3,linucb_primary,1,1,1,786,shuffled_tiers
19,1,1,1,0.29125,233,3,0.6074999999999999,0.01,1,lotte_technology_search_100k_q46,3,0.9574287445700175,3,linucb_primary,1,1,1,800,shuffled_tiers
19,1,1,1,0.19404915912031048,300,1,0.46765847347994827,0.01,1,lotte_technology_search_100k_q358,4,0.6654267451379616,3,hybrid_lite,1,1,1,1546,shuffled_tiers
19,1,0,1,nan,0,0,nan,nan,0,lotte_technology_search_100k_q81,0,0.5076298375571181,2,hybrid_lite,0,0,0,1072,shuffled_tiers
19,1,1,1,0.506137865911237,536,5,0.6024551463644948,0.4,1,lotte_technology_search_100k_q193,2,0.9572495909036008,3,linucb_primary,1,1,1,1059,shuffled_tiers
19,1,1,1,0.09135559921414538,93,1,0.5137524557956779,0.01,1,lotte_technology_search_100k_q296,5,0.9673178313879951,3,linucb_primary,1,1,1,1018,shuffled_tiers
19,1,1,1,0.5562150837988827,1593,3,0.3620810055865922,0.01,1,lotte_technology_search_100k_q542,2,0.41108519346589606,3,full_dense_fallback,1,1,1,2864,shuffled_tiers
19,0,0,1,nan,0,0,nan,nan,0,lotte_technology_search_100k_q77,0,0.281288302583985,1,full_dense_fallback,0,0,0,1786,shuffled_tiers
19,0,1,1,0.9178794178794178,1766,8,0.08212058212058215,0.92,0,lotte_technology_search_100k_q114,1,0.9044773370722565,2,linucb_primary,0,1,1,1924,shuffled_tiers
19,1,1,1,0.014788169464428458,37,1,0.5067945643485212,0.01,1,lotte_technology_search_100k_q346,2,0.8916697413096056,3,linucb_primary,1,1,1,2502,shuffled_tiers
19,1,1,1,0.05102763997165131,72,1,0.7632884479092842,0.01,1,lotte_technology_search_100k_q49,2,0.7950611772627132,3,linucb_primary,1,1,1,1411,shuffled_tiers
19,1,1,1,0.3110485573539761,442,3,0.6410978184377198,0.01,1,lotte_technology_search_100k_q110,4,0.9613357359382574,3,linucb_primary,1,1,1,1421,shuffled_tiers
19,0,0,0,nan,0,0,nan,nan,0,lotte_technology_search_100k_q237,0,0.5127941515697455,0,hybrid_lite,0,0,0,591,shuffled_tiers
19,1,0,1,nan,0,0,nan,nan,0,lotte_technology_search_100k_q307,0,0.17089564278721808,2,full_dense_fallback,0,0,0,458,shuffled_tiers
19,1,1,1,0.046296296296296294,75,1,0.4246913580246914,0.01,1,lotte_technology_search_100k_q491,5,0.7278301791497335,3,hybrid_lite,1,1,1,1620,shuffled_tiers
19,1,1,1,0.17256011315417255,122,2,0.611032531824611,0.01,1,lotte_technology_search_100k_q43,4,0.9574782666284954,3,linucb_primary,1,1,1,707,shuffled_tiers
19,1,1,1,0.09136799596163554,181,1,0.3069156991418476,0.01,1,lotte_technology_search_100k_q409,3,0.7567624386622587,3,linucb_primary,1,1,1,1981,shuffled_tiers
19,1,1,0,nan,0,0,nan,nan,0,lotte_technology_search_100k_q317,0,0.7047960380396128,2,hybrid_lite,0,0,0,2708,shuffled_tiers
19,1,1,1,0.9260304912478825,1640,9,0.2326369282891022,0.77,0,lotte_technology_search_100k_q6,1,0.877138182050272,3,linucb_primary,0,1,1,1771,shuffled_tiers
19,1,1,1,0.06684611933602512,149,1,0.5392552714221623,0.01,1,lotte_technology_search_100k_q308,4,0.958337781458484,3,linucb_primary,1,1,1,2229,shuffled_tiers
19,1,1,1,nan,0,0,nan,nan,0,lotte_technology_search_100k_q28,0,0.7133759159553684,3,hybrid_lite,0,0,0,1469,shuffled_tiers
19,1,1,1,0.022727272727272728,41,1,0.6286031042128604,0.01,1,lotte_technology_search_100k_q422,6,0.9733297534736012,3,linucb_primary,1,1,1,1804,shuffled_tiers
19,1,0,1,0.42178217821782177,639,4,0.5782178217821783,0.01,0,lotte_technology_search_100k_q191,1,0.428512706378471,2,full_dense_fallback,1,1,1,1515,shuffled_tiers
19,1,1,1,0.12375859434682965,162,1,0.7035905271199389,0.01,0,lotte_technology_search_100k_q485,1,0.7830382781278328,3,linucb_primary,1,1,1,1309,shuffled_tiers
19,1,0,1,0.278137128072445,215,2,0.554980595084088,0.01,0,lotte_technology_search_100k_q146,1,0.5658402905702883,2,hybrid_lite,1,1,1,773,shuffled_tiers
19,1,1,1,0.021064950263311878,36,1,0.791691047396138,0.01,1,lotte_technology_search_100k_q457,5,0.883580770547982,3,linucb_primary,1,1,1,1709,shuffled_tiers
19,1,1,1,0.06996770721205597,65,1,0.5339074273412272,0.01,1,lotte_technology_search_100k_q324,8,0.6845891587179129,3,hybrid_lite,1,1,1,929,shuffled_tiers
19,1,1,1,0.2199074074074074,285,5,0.7800925925925926,0.22,1,lotte_technology_search_100k_q294,2,0.5391438371149618,3,hybrid_lite,1,1,1,1296,shuffled_tiers
19,1,1,1,0.1831626848691695,161,1,0.6234357224118316,0.01,0,lotte_technology_search_100k_q303,1,0.6359339033261366,3,hybrid_lite,1,1,1,879,shuffled_tiers
19,1,1,1,0.34797297297297297,721,1,0.21814671814671815,0.01,1,lotte_technology_search_100k_q452,3,0.703066167742047,3,hybrid_lite,1,1,1,2072,shuffled_tiers
19,1,1,1,0.296,481,2,0.5236923076923077,0.01,1,lotte_technology_search_100k_q551,2,0.5438874036407596,3,hybrid_lite,1,1,1,1625,shuffled_tiers
19,1,1,1,0.03840682788051209,54,1,0.44950213371266,0.01,0,lotte_technology_search_100k_q360,1,0.5801870136038486,3,hybrid_lite,1,1,1,1406,shuffled_tiers
19,1,0,1,nan,0,0,nan,nan,0,lotte_technology_search_100k_q9,0,0.45093023959694795,2,hybrid_lite,0,0,0,671,shuffled_tiers
19,1,1,1,0.1529051987767584,250,1,0.6140672782874618,0.01,1,lotte_technology_search_100k_q309,3,0.8585080652923004,3,linucb_primary,1,1,1,1635,shuffled_tiers
19,1,1,1,0.06981740064446831,195,1,0.682062298603652,0.01,1,lotte_technology_search_100k_q593,2,0.6988524860600476,3,hybrid_lite,1,1,1,2793,shuffled_tiers
19,1,1,1,nan,0,0,nan,nan,0,lotte_technology_search_100k_q208,0,0.9415445590912338,3,linucb_primary,0,0,0,1782,shuffled_tiers
19,1,0,1,nan,0,0,nan,nan,0,lotte_technology_search_100k_q489,0,0.49048062563708755,2,hybrid_lite,0,0,0,712,shuffled_tiers
19,1,1,1,0.2381679389312977,312,1,0.6534351145038169,0.01,0,lotte_technology_search_100k_q62,1,0.8747112586330151,3,linucb_primary,1,1,1,1310,shuffled_tiers
19,1,1,1,0.06611570247933884,64,1,0.618801652892562,0.01,1,lotte_technology_search_100k_q111,6,0.7432061387205791,3,linucb_primary,1,1,1,968,shuffled_tiers
19,1,1,1,0.20567375886524822,261,2,0.5106382978723405,0.01,0,lotte_technology_search_100k_q214,1,0.9865895023017559,3,linucb_primary,1,1,1,1269,shuffled_tiers
19,1,1,1,0.2347034828992783,748,1,0.44336366488861,0.01,1,lotte_technology_search_100k_q479,2,0.567763596703437,3,hybrid_lite,1,1,1,3187,shuffled_tiers
19,1,1,1,0.04650283553875236,123,1,0.801890359168242,0.01,1,lotte_technology_search_100k_q332,3,0.9485388944501971,3,linucb_primary,1,1,1,2645,shuffled_tiers
19,1,1,1,0.14285714285714285,134,2,0.6268656716417911,0.01,1,lotte_technology_search_100k_q83,2,0.5881032217708767,3,hybrid_lite,1,1,1,938,shuffled_tiers
19,1,0,1,nan,0,0,nan,nan,0,lotte_technology_search_100k_q87,0,0.2954861187488452,2,full_dense_fallback,0,0,0,742,shuffled_tiers
19,1,1,1,0.03977985230597743,571,2,0.9037202173610144,0.01,1,lotte_technology_search_100k_q558,5,0.8925439383331897,3,linucb_primary,1,1,1,14354,shuffled_tiers
19,1,1,1,1.0,938,10,0.0,1.0,0,lotte_technology_search_100k_q155,1,0.6478287503607004,3,hybrid_lite,0,0,1,938,shuffled_tiers
19,1,1,1,0.043922369765066395,43,1,0.5944841675178754,0.01,1,lotte_technology_search_100k_q404,4,0.581643786747063,3,hybrid_lite,1,1,1,979,shuffled_tiers
19,0,1,1,nan,0,0,nan,nan,0,lotte_technology_search_100k_q47,0,0.32059337532021515,2,full_dense_fallback,0,0,0,909,shuffled_tiers
19,1,1,1,0.10555555555555556,76,1,0.7291666666666667,0.01,0,lotte_technology_search_100k_q37,1,0.8863857607692999,3,linucb_primary,1,1,1,720,shuffled_tiers
19,1,0,1,nan,0,0,nan,nan,0,lotte_technology_search_100k_q335,0,0.7353084475726943,2,hybrid_lite,0,0,0,903,shuffled_tiers
19,1,1,1,0.18357329842931938,561,1,0.4109947643979057,0.01,0,lotte_technology_search_100k_q411,1,0.8946001455038419,3,linucb_primary,1,1,1,3056,shuffled_tiers
19,1,0,1,nan,0,0,nan,nan,0,lotte_technology_search_100k_q265,0,0.315522070588118,2,full_dense_fallback,0,0,0,862,shuffled_tiers
19,0,1,1,0.060240963855421686,60,1,0.6124497991967872,0.01,1,lotte_technology_search_100k_q510,5,0.8864560332237756,2,linucb_primary,1,1,1,996,shuffled_tiers
19,1,1,1,0.11075441412520064,345,1,0.6747993579454253,0.01,1,lotte_technology_search_100k_q327,5,0.9702935809947688,3,linucb_primary,1,1,1,3115,shuffled_tiers
19,1,0,1,0.16220472440944883,206,1,0.5763779527559055,0.01,1,lotte_technology_search_100k_q229,4,0.3428481441512612,2,full_dense_fallback,1,1,1,1270,shuffled_tiers
19,1,1,1,0.11764705882352941,74,1,0.5771065182829889,0.01,0,lotte_technology_search_100k_q168,1,0.7090769631281512,3,hybrid_lite,1,1,1,629,shuffled_tiers
19,1,1,1,0.11768754301445286,342,1,0.7019958706125258,0.01,1,lotte_technology_search_100k_q326,2,0.6004749677230686,3,hybrid_lite,1,1,1,2906,shuffled_tiers
19,1,1,1,0.7256544502617801,693,6,0.5151832460732984,0.49,0,lotte_technology_search_100k_q205,1,0.7856863339881722,3,linucb_primary,1,1,1,955,shuffled_tiers
19,1,1,1,0.36271186440677966,214,3,0.5830508474576271,0.01,0,lotte_technology_search_100k_q19,1,0.7947795974128651,3,linucb_primary,1,1,1,590,shuffled_tiers
19,1,1,1,0.11954765751211632,74,1,0.7092084006462036,0.01,0,lotte_technology_search_100k_q167,1,0.6325934731244507,3,hybrid_lite,1,1,1,619,shuffled_tiers
19,1,1,1,0.48246674727932287,399,3,0.47642079806529625,0.01,1,lotte_technology_search_100k_q52,2,0.5070146161409779,3,hybrid_lite,1,1,1,827,shuffled_tiers
19,1,1,1,0.06914893617021277,130,1,0.7638297872340425,0.01,1,lotte_technology_search_100k_q331,2,0.775076635087071,3,linucb_primary,1,1,1,1880,shuffled_tiers
19,0,1,1,nan,0,0,nan,nan,0,lotte_technology_search_100k_q20,0,0.8179680797831113,2,linucb_primary,0,0,0,883,shuffled_tiers
19,1,1,1,0.3298780487804878,541,3,0.5109756097560976,0.01,0,lotte_technology_search_100k_q212,1,0.7905062670824614,3,linucb_primary,1,1,1,1640,shuffled_tiers
19,0,1,1,0.25811001410437234,183,2,0.3624823695345557,0.01,1,lotte_technology_search_100k_q75,2,0.7068605292626451,2,hybrid_lite,1,1,1,709,shuffled_tiers
19,1,1,1,0.2159383033419023,168,1,0.5745501285347043,0.01,0,lotte_technology_search_100k_q190,1,0.9401291016177902,3,linucb_primary,1,1,1,778,shuffled_tiers
19,1,1,1,0.044551475015051176,74,1,0.6947621914509332,0.01,1,lotte_technology_search_100k_q437,10,0.9341877353669277,3,linucb_primary,1,1,1,1661,shuffled_tiers
19,1,1,1,0.10546686018384131,218,1,0.4828253507498791,0.01,1,lotte_technology_search_100k_q406,2,0.8124401689529632,3,linucb_primary,1,1,1,2067,shuffled_tiers
19,0,0,0,nan,0,0,nan,nan,0,lotte_technology_search_100k_q116,0,0.39148209076307383,0,full_dense_fallback,0,0,0,1285,shuffled_tiers
19,0,1,1,0.6665424739195231,1789,8,0.33345752608047685,0.67,0,lotte_technology_search_100k_q374,1,0.9028392827401808,2,linucb_primary,1,1,1,2684,shuffled_tiers
19,1,1,1,0.038649706457925634,79,1,0.2964774951076321,0.01,1,lotte_technology_search_100k_q375,2,0.9522134169039489,3,linucb_primary,1,1,1,2044,shuffled_tiers
19,1,1,1,0.5262154432793136,1104,5,0.4737845567206864,0.53,0,lotte_technology_search_100k_q565,1,0.9453830543366674,3,linucb_primary,1,1,1,2098,shuffled_tiers
19,1,1,1,0.2312180889861415,317,2,0.4004376367614879,0.01,1,lotte_technology_search_100k_q10,2,0.8157701385271672,3,linucb_primary,1,1,1,1371,shuffled_tiers
19,1,1,1,0.1536643026004728,195,1,0.574468085106383,0.01,1,lotte_technology_search_100k_q589,2,0.7363557996384459,3,hybrid_lite,1,1,1,1269,shuffled_tiers
19,1,0,1,0.08489096573208722,109,1,0.5607476635514019,0.01,1,lotte_technology_search_100k_q300,3,0.31402734373480967,2,full_dense_fallback,1,1,1,1284,shuffled_tiers
19,1,1,1,0.10428662827895073,163,1,0.6353166986564299,0.01,1,lotte_technology_search_100k_q430,3,0.8497144207476192,3,linucb_primary,1,1,1,1563,shuffled_tiers
19,1,1,1,0.2272120942641174,511,1,0.27967985771453985,0.01,1,lotte_technology_search_100k_q418,3,0.47631411372946186,3,hybrid_lite,1,1,1,2249,shuffled_tiers
19,1,0,1,0.21289752650176677,241,2,0.6713780918727915,0.01,0,lotte_technology_search_100k_q158,1,0.30042569792205626,2,full_dense_fallback,1,1,1,1132,shuffled_tiers
19,1,1,1,0.35638543107422777,773,3,0.4057169202397418,0.01,1,lotte_technology_search_100k_q80,2,0.9467610841569813,3,linucb_primary,1,1,1,2169,shuffled_tiers
19,1,1,1,0.037144938091769844,51,1,0.5702840495265842,0.01,0,lotte_technology_search_100k_q372,1,0.9597701460071417,3,linucb_primary,1,1,1,1373,shuffled_tiers
19,1,1,1,0.03885929175806957,248,1,0.9310560952679411,0.01,1,lotte_technology_search_100k_q347,5,0.751366305525375,3,linucb_primary,1,1,1,6382,shuffled_tiers
19,1,1,1,0.11322549952426261,357,1,0.6793529971455756,0.01,1,lotte_technology_search_100k_q204,2,0.8263738721083975,3,linucb_primary,1,1,1,3153,shuffled_tiers
19,1,1,1,0.8139825218476904,1304,6,0.28776529338327095,0.72,0,lotte_technology_search_100k_q231,1,0.8314911474075535,3,linucb_primary,1,1,1,1602,shuffled_tiers
19,0,1,1,nan,0,0,nan,nan,0,lotte_technology_search_100k_q119,0,0.5507565507413587,2,hybrid_lite,0,0,0,961,shuffled_tiers
19,1,1,1,0.03340080971659919,66,1,0.35323886639676116,0.01,1,lotte_technology_search_100k_q455,4,0.9773258255366072,3,linucb_primary,1,1,1,1976,shuffled_tiers
19,0,0,0,nan,0,0,nan,nan,0,lotte_technology_search_100k_q150,0,0.7690109618936304,0,linucb_primary,0,0,0,993,shuffled_tiers
19,1,1,1,0.08077321366931309,234,1,0.7487055574732482,0.01,0,lotte_technology_search_100k_q569,1,0.8550958321815629,3,linucb_primary,1,1,1,2897,shuffled_tiers
19,1,1,1,0.38549075391180654,271,4,0.6145092460881935,0.01,0,lotte_technology_search_100k_q221,1,0.6567239202231411,3,hybrid_lite,1,1,1,703,shuffled_tiers
19,1,1,1,0.07628294036061026,165,1,0.33148404993065184,0.01,1,lotte_technology_search_100k_q573,2,0.5945402905840589,3,hybrid_lite,1,1,1,2163,shuffled_tiers
19,1,1,1,0.05582137161084529,70,1,0.4840510366826156,0.01,1,lotte_technology_search_100k_q429,8,0.8863391175077473,3,linucb_primary,1,1,1,1254,shuffled_tiers
19,0,1,1,0.572429906542056,980,4,0.42757009345794394,0.01,0,lotte_technology_search_100k_q487,1,0.5391724732411097,2,hybrid_lite,1,1,1,1712,shuffled_tiers
19,1,1,1,0.07407407407407407,56,1,0.7751322751322751,0.01,0,lotte_technology_search_100k_q243,1,0.6743174053621751,3,hybrid_lite,1,1,1,756,shuffled_tiers
19,1,1,1,0.49914236706689535,582,1,0.32675814751286447,0.01,0,lotte_technology_search_100k_q53,1,0.4551832508135393,3,hybrid_lite,1,1,1,1166,shuffled_tiers
19,1,1,1,0.13752711496746203,317,1,0.7874186550976139,0.01,0,lotte_technology_search_100k_q323,1,0.896994135736111,3,linucb_primary,1,1,1,2305,shuffled_tiers
19,1,1,1,0.11256940938919738,223,1,0.29177183240787485,0.01,0,lotte_technology_search_100k_q391,1,0.960716938125977,3,linucb_primary,1,1,1,1981,shuffled_tiers
19,1,1,1,0.06279540850776502,93,1,0.5462525320729237,0.01,1,lotte_technology_search_100k_q348,5,1.0,3,linucb_primary,1,1,1,1481,shuffled_tiers
19,1,1,1,0.2866043613707165,276,1,0.49428868120456904,0.01,0,lotte_technology_search_100k_q432,1,0.8433897935090021,3,linucb_primary,1,1,1,963,shuffled_tiers
19,1,1,1,0.8062299587723316,1760,6,0.1937700412276684,0.81,0,lotte_technology_search_100k_q71,1,0.9604549904185434,3,linucb_primary,1,1,1,2183,shuffled_tiers
19,1,1,1,0.1616650532429816,334,1,0.5890609874152952,0.01,1,lotte_technology_search_100k_q398,7,0.7555211237225802,3,linucb_primary,1,1,1,2066,shuffled_tiers
19,0,1,0,nan,0,0,nan,nan,0,lotte_technology_search_100k_q319,0,0.6502891699617172,1,hybrid_lite,0,0,0,956,shuffled_tiers
19,1,1,1,0.7724827056110684,1005,7,0.22751729438893165,0.78,0,lotte_technology_search_100k_q182,1,0.5646207788275751,3,hybrid_lite,1,1,1,1301,shuffled_tiers
19,1,1,1,0.5870786516853933,627,6,0.4129213483146067,0.59,0,lotte_technology_search_100k_q25,1,0.8107041347964751,3,linucb_primary,1,1,1,1068,shuffled_tiers
19,1,1,1,0.2107706592386258,227,1,0.5478180129990715,0.01,0,lotte_technology_search_100k_q14,1,0.40831440049751133,3,full_dense_fallback,1,1,1,1077,shuffled_tiers
19,1,1,1,0.2845528455284553,210,3,0.6734417344173442,0.01,1,lotte_technology_search_100k_q370,2,0.4416476113688632,3,hybrid_lite,1,1,1,738,shuffled_tiers
19,1,1,1,0.11330561330561331,218,2,0.6673596673596673,0.01,1,lotte_technology_search_100k_q449,4,0.9877088978415556,3,linucb_primary,1,1,1,1924,shuffled_tiers
19,1,1,1,0.5714285714285714,740,3,0.39768339768339767,0.01,1,lotte_technology_search_100k_q39,2,0.6217745018496359,3,hybrid_lite,1,1,1,1295,shuffled_tiers
19,1,1,1,0.4789402173913043,705,8,0.6243206521739131,0.38,0,lotte_technology_search_100k_q165,1,0.7463418461099288,3,linucb_primary,1,1,1,1472,shuffled_tiers
19,1,1,1,0.09075559307724779,215,1,0.7522161249472351,0.01,1,lotte_technology_search_100k_q350,7,0.9498671109335688,3,linucb_primary,1,1,1,2369,shuffled_tiers
19,1,1,1,1.0,969,10,0.0,1.0,0,lotte_technology_search_100k_q156,1,0.6341475965825163,3,hybrid_lite,0,0,1,969,shuffled_tiers
19,1,1,1,0.7876588021778584,1302,7,0.44646098003629764,0.56,0,lotte_technology_search_100k_q567,1,0.5810926973943318,3,hybrid_lite,1,1,1,1653,shuffled_tiers
19,1,1,1,0.08941877794336811,180,1,0.6696472925981123,0.01,0,lotte_technology_search_100k_q468,1,0.7094087556850551,3,hybrid_lite,1,1,1,2013,shuffled_tiers
19,1,0,1,nan,0,0,nan,nan,0,lotte_technology_search_100k_q524,0,0.6305468029672722,2,hybrid_lite,0,0,0,1360,shuffled_tiers
19,1,1,1,0.44,561,3,0.38431372549019605,0.01,1,lotte_technology_search_100k_q187,2,0.6517272330503695,3,hybrid_lite,1,1,1,1275,shuffled_tiers
19,1,1,1,0.07259528130671507,120,1,0.588021778584392,0.01,1,lotte_technology_search_100k_q486,2,0.8022054942540305,3,linucb_primary,1,1,1,1653,shuffled_tiers
19,0,1,1,1.0,1039,10,0.4870067372473532,0.52,0,lotte_technology_search_100k_q68,1,0.951076002923926,2,linucb_primary,1,1,1,1039,shuffled_tiers
19,1,0,1,0.1623108665749656,118,1,0.6891334250343879,0.01,0,lotte_technology_search_100k_q86,1,0.36418647798034276,2,full_dense_fallback,1,1,1,727,shuffled_tiers
19,1,1,1,0.49592391304347827,365,5,0.5040760869565217,0.5,1,lotte_technology_search_100k_q118,2,0.45618496303848505,3,hybrid_lite,1,1,1,736,shuffled_tiers
19,1,1,1,0.1638163816381638,182,1,0.6147614761476148,0.01,0,lotte_technology_search_100k_q133,1,0.8278584835251249,3,linucb_primary,1,1,1,1111,shuffled_tiers
19,1,0,1,nan,0,0,nan,nan,0,lotte_technology_search_100k_q587,0,0.25796416401536226,2,full_dense_fallback,0,0,0,2343,shuffled_tiers
19,1,1,1,0.2078853046594982,406,1,0.5673323092677931,0.01,0,lotte_technology_search_100k_q550,1,0.7581152089409464,3,linucb_primary,1,1,1,1953,shuffled_tiers
19,0,0,0,nan,0,0,nan,nan,0,lotte_technology_search_100k_q149,0,0.6604437766391212,0,hybrid_lite,0,0,0,898,shuffled_tiers
19,1,1,1,0.04691113313511728,142,1,0.5222993062438057,0.01,1,lotte_technology_search_100k_q571,2,0.55123888018278,3,hybrid_lite,1,1,1,3027,shuffled_tiers
19,0,1,1,0.6227730441518203,804,6,0.37722695584817967,0.63,0,lotte_technology_search_100k_q481,1,0.31788093477386503,2,full_dense_fallback,1,1,1,1291,shuffled_tiers
19,1,1,1,0.07947301317467063,187,1,0.6413089672758181,0.01,1,lotte_technology_search_100k_q299,3,0.512818781938089,3,hybrid_lite,1,1,1,2353,shuffled_tiers
19,1,1,1,0.04923325262308313,61,1,0.29782082324455206,0.01,1,lotte_technology_search_100k_q255,3,0.9455807383800874,3,linucb_primary,1,1,1,1239,shuffled_tiers
19,1,1,1,0.06371406371406371,82,1,0.4055944055944056,0.01,1,lotte_technology_search_100k_q393,3,0.9401848835515231,3,linucb_primary,1,1,1,1287,shuffled_tiers
19,1,1,1,0.1463298379408961,307,1,0.449952335557674,0.01,1,lotte_technology_search_100k_q530,4,0.6943395584880393,3,hybrid_lite,1,1,1,2098,shuffled_tiers
19,1,1,1,0.04527162977867203,90,1,0.7062374245472838,0.01,1,lotte_technology_search_100k_q349,2,0.891000555545384,3,linucb_primary,1,1,1,1988,shuffled_tiers
19,0,1,1,nan,0,0,nan,nan,0,lotte_technology_search_100k_q56,0,0.927809612988107,2,linucb_primary,0,0,0,973,shuffled_tiers
19,1,1,1,0.12096530920060332,401,1,0.25610859728506785,0.01,1,lotte_technology_search_100k_q532,2,0.3807411444014914,3,full_dense_fallback,1,1,1,3315,shuffled_tiers
19,1,1,1,0.5774027879677183,787,4,0.42259721203228173,0.01,1,lotte_technology_search_100k_q351,3,0.7478332422265348,3,linucb_primary,1,1,1,1363,shuffled_tiers
19,1,1,1,0.13002806361085126,139,1,0.3872778297474275,0.01,1,lotte_technology_search_100k_q586,5,0.8065742312923595,3,linucb_primary,1,1,1,1069,shuffled_tiers
19,1,1,1,0.0924132364810331,229,1,0.54317998385795,0.01,1,lotte_technology_search_100k_q540,3,0.6007718890897461,3,hybrid_lite,1,1,1,2478,shuffled_tiers
19,1,1,1,0.020041465100207326,29,1,0.6841741534208707,0.01,1,lotte_technology_search_100k_q515,5,0.5101577608058564,3,hybrid_lite,1,1,1,1447,shuffled_tiers
19,0,0,1,nan,0,0,nan,nan,0,lotte_technology_search_100k_q223,0,0.3043108591227368,1,full_dense_fallback,0,0,0,325,shuffled_tiers
19,1,1,1,0.15025041736227046,90,1,0.5008347245409015,0.01,0,lotte_technology_search_100k_q228,1,0.6667560703998138,3,hybrid_lite,1,1,1,599,shuffled_tiers
19,0,1,1,0.18106508875739644,153,2,0.6461538461538461,0.01,0,lotte_technology_search_100k_q30,1,0.7570245201431667,2,linucb_primary,1,1,1,845,shuffled_tiers
19,1,1,1,0.08479899497487438,135,1,0.5678391959798995,0.01,1,lotte_technology_search_100k_q548,2,0.6959297641047758,3,hybrid_lite,1,1,1,1592,shuffled_tiers
19,1,1,1,0.0778371954842543,131,1,0.5799168152109329,0.01,1,lotte_technology_search_100k_q365,3,0.9690985404402972,3,linucb_primary,1,1,1,1683,shuffled_tiers
19,1,0,1,0.023636363636363636,26,1,0.7909090909090909,0.01,1,lotte_technology_search_100k_q145,2,0.23904037021872904,2,full_dense_fallback,1,1,1,1100,shuffled_tiers
19,1,1,1,0.03517877739331027,61,1,0.5916955017301038,0.01,1,lotte_technology_search_100k_q341,3,0.9602075147245875,3,linucb_primary,1,1,1,1734,shuffled_tiers
19,1,1,1,0.40190249702734837,338,4,0.5980975029726516,0.01,0,lotte_technology_search_100k_q248,1,0.6819607086942293,3,hybrid_lite,1,1,1,841,shuffled_tiers
19,1,0,1,nan,0,0,nan,nan,0,lotte_technology_search_100k_q484,0,0.49743193211298753,2,hybrid_lite,0,0,0,2005,shuffled_tiers
19,1,1,1,0.13432835820895522,108,1,0.6592039800995024,0.01,1,lotte_technology_search_100k_q239,2,0.8728785558798708,3,linucb_primary,1,1,1,804,shuffled_tiers
19,1,1,1,0.3031496062992126,77,1,0.5,0.01,0,lotte_technology_search_100k_q385,1,0.70004809608801,3,hybrid_lite,1,1,1,254,shuffled_tiers
19,1,0,1,0.02706824247045368,71,1,0.6908120472741136,0.01,1,lotte_technology_search_100k_q380,3,0.3309488603929662,2,full_dense_fallback,1,1,1,2623,shuffled_tiers
19,1,1,1,0.09029599100786811,241,1,0.5028100412139378,0.01,0,lotte_technology_search_100k_q518,1,0.7919611590269308,3,linucb_primary,1,1,1,2669,shuffled_tiers
19,1,1,1,0.14302884615384615,119,1,0.6430288461538461,0.01,1,lotte_technology_search_100k_q277,2,0.6986314081004581,3,hybrid_lite,1,1,1,832,shuffled_tiers
19,1,1,0,nan,0,0,nan,nan,0,lotte_technology_search_100k_q134,0,0.8450445552209171,2,linucb_primary,0,0,0,735,shuffled_tiers
19,1,0,1,nan,0,0,nan,nan,0,lotte_technology_search_100k_q59,0,0.5195891370677274,2,hybrid_lite,0,0,0,1236,shuffled_tiers
19,1,1,1,0.32695252679938747,427,1,0.2802450229709035,0.01,1,lotte_technology_search_100k_q128,2,0.636811332971035,3,hybrid_lite,1,1,1,1306,shuffled_tiers
19,0,1,1,nan,0,0,nan,nan,0,lotte_technology_search_100k_q38,0,0.9672861465236431,2,linucb_primary,0,0,0,727,shuffled_tiers
19,1,1,1,0.4409820585457979,467,4,0.559017941454202,0.01,1,lotte_technology_search_100k_q388,3,0.7064212915249175,3,hybrid_lite,1,1,1,1059,shuffled_tiers
19,1,1,1,0.1806883365200765,378,2,0.39053537284894835,0.01,0,lotte_technology_search_100k_q123,1,0.8275997432430002,3,linucb_primary,1,1,1,2092,shuffled_tiers
19,1,1,1,0.6517036235803136,1205,5,0.34829637641968636,0.66,0,lotte_technology_search_100k_q67,1,0.9805043775273974,3,linucb_primary,1,1,1,1849,shuffled_tiers
19,1,1,1,0.26438698915763137,317,2,0.43452877397831524,0.01,0,lotte_technology_search_100k_q15,1,0.8082883430511997,3,linucb_primary,1,1,1,1199,shuffled_tiers
19,1,1,1,0.13690105787181084,220,1,0.5227131300560051,0.01,1,lotte_technology_search_100k_q531,3,0.9440716171703881,3,linucb_primary,1,1,1,1607,shuffled_tiers
19,1,1,1,0.06367292225201072,95,1,0.410857908847185,0.01,1,lotte_technology_search_100k_q512,2,0.605290872652664,3,hybrid_lite,1,1,1,1492,shuffled_tiers
19,1,0,1,nan,0,0,nan,nan,0,lotte_technology_search_100k_q192,0,0.48778356352599994,2,hybrid_lite,0,0,0,1731,shuffled_tiers
19,1,1,1,0.19167803547066847,281,3,0.4822646657571623,0.01,1,lotte_technology_search_100k_q549,5,0.7155685897704138,3,hybrid_lite,1,1,1,1466,shuffled_tiers
19,1,1,1,0.08226691042047532,135,1,0.36745886654478976,0.01,1,lotte_technology_search_100k_q554,2,0.7444644838662248,3,linucb_primary,1,1,1,1641,shuffled_tiers
19,0,0,1,0.22023809523809523,111,1,0.5376984126984127,0.01,0,lotte_technology_search_100k_q217,1,0.22160751011655444,1,full_dense_fallback,1,1,1,504,shuffled_tiers
19,1,1,1,nan,0,0,nan,nan,0,lotte_technology_search_100k_q195,0,0.7890085232884321,3,linucb_primary,0,0,0,854,shuffled_tiers
19,1,1,1,0.0341545352743561,61,1,0.7558790593505039,0.01,1,lotte_technology_search_100k_q438,10,0.8445798469615319,3,linucb_primary,1,1,1,1786,shuffled_tiers
19,1,1,1,0.040781160252728314,142,1,0.5884549109707065,0.01,1,lotte_technology_search_100k_q555,2,0.6413713851780629,3,hybrid_lite,1,1,1,3482,shuffled_tiers
19,1,1,1,0.24572649572649571,230,1,0.5288461538461539,0.01,1,lotte_technology_search_100k_q247,2,0.7534229142621213,3,linucb_primary,1,1,1,936,shuffled_tiers
19,1,1,1,0.268970189701897,397,2,0.4952574525745257,0.01,1,lotte_technology_search_100k_q330,3,0.7849007056933589,3,linucb_primary,1,1,1,1476,shuffled_tiers
19,1,0,1,nan,0,0,nan,nan,0,lotte_technology_search_100k_q381,0,0.3029902232265985,2,full_dense_fallback,0,0,0,443,shuffled_tiers
19,1,1,1,nan,0,0,nan,nan,0,lotte_technology_search_100k_q157,0,0.7205484632546829,3,hybrid_lite,0,0,0,929,shuffled_tiers
19,0,1,1,0.262993762993763,253,4,0.737006237006237,0.01,0,lotte_technology_search_100k_q130,1,0.901581702176116,2,linucb_primary,1,1,1,962,shuffled_tiers
19,1,0,1,0.38687150837988826,277,5,0.6131284916201117,0.39,0,lotte_technology_search_100k_q54,1,0.4227298380087094,2,full_dense_fallback,1,1,1,716,shuffled_tiers
19,1,1,1,0.035634743875278395,64,1,0.7360801781737194,0.01,1,lotte_technology_search_100k_q541,4,0.7275213052655926,3,hybrid_lite,1,1,1,1796,shuffled_tiers
19,1,1,1,0.142949967511371,220,1,0.5990903183885641,0.01,1,lotte_technology_search_100k_q488,2,0.8707470569203506,3,linucb_primary,1,1,1,1539,shuffled_tiers
19,1,1,1,0.10509803921568628,134,1,0.6149019607843138,0.01,1,lotte_technology_search_100k_q352,4,0.9415390366863686,3,linucb_primary,1,1,1,1275,shuffled_tiers
19,1,0,1,0.15733333333333333,118,1,0.7666666666666666,0.01,0,lotte_technology_search_100k_q85,1,0.2731749494780518,2,full_dense_fallback,1,1,1,750,shuffled_tiers
19,1,1,1,0.10760869565217392,198,1,0.4945652173913043,0.01,0,lotte_technology_search_100k_q576,1,0.38998873161084563,3,full_dense_fallback,1,1,1,1840,shuffled_tiers
19,1,1,1,0.7472826086956522,825,7,0.605072463768116,0.4,1,lotte_technology_search_100k_q389,2,0.7495269265648836,3,linucb_primary,1,1,1,1104,shuffled_tiers
19,1,1,1,0.023387668320340185,66,1,0.569454287739192,0.01,1,lotte_technology_search_100k_q394,4,0.9774456633060756,3,linucb_primary,1,1,1,2822,shuffled_tiers
19,1,1,1,0.20451527224435592,154,2,0.5537848605577689,0.01,0,lotte_technology_search_100k_q238,1,0.519213546574466,3,hybrid_lite,1,1,1,753,shuffled_tiers
19,0,1,1,0.6229235880398671,375,6,0.5448504983388704,0.46,0,lotte_technology_search_100k_q184,1,0.7419742746502581,2,linucb_primary,1,1,1,602,shuffled_tiers
19,1,1,1,0.23152903990517582,586,3,0.705254839984196,0.01,1,lotte_technology_search_100k_q514,2,1.0,3,linucb_primary,1,1,1,2531,shuffled_tiers
19,1,1,1,0.030257186081694403,100,1,0.3071104387291982,0.01,1,lotte_technology_search_100k_q289,7,0.8564233308227688,3,linucb_primary,1,1,1,3305,shuffled_tiers
19,1,1,1,0.05782526712759271,92,1,0.8120678818353237,0.01,1,lotte_technology_search_100k_q461,8,0.7888149689339032,3,linucb_primary,1,1,1,1591,shuffled_tiers
19,1,1,1,0.06202849958088852,74,1,0.7158424140821458,0.01,1,lotte_technology_search_100k_q274,2,0.9647688546077016,3,linucb_primary,1,1,1,1193,shuffled_tiers
19,1,1,1,0.14909090909090908,164,1,0.5227272727272727,0.01,1,lotte_technology_search_100k_q521,2,0.811246659990249,3,linucb_primary,1,1,1,1100,shuffled_tiers
19,1,1,1,nan,0,0,nan,nan,0,lotte_technology_search_100k_q33,0,0.9330339882098656,3,linucb_primary,0,0,0,1111,shuffled_tiers
19,1,1,1,0.09154929577464789,104,1,0.6338028169014085,0.01,0,lotte_technology_search_100k_q451,1,0.8385156562627504,3,linucb_primary,1,1,1,1136,shuffled_tiers
19,1,1,1,0.9064261555806088,804,9,0.0935738444193912,0.91,0,lotte_technology_search_100k_q181,1,0.9362342046806011,3,linucb_primary,0,1,1,887,shuffled_tiers
19,1,1,1,nan,0,0,nan,nan,0,lotte_technology_search_100k_q36,0,0.8429478720135867,3,linucb_primary,0,0,0,1456,shuffled_tiers
19,1,1,1,0.1260545905707196,254,1,0.5146401985111663,0.01,1,lotte_technology_search_100k_q471,4,0.9463772082942166,3,linucb_primary,1,1,1,2015,shuffled_tiers
19,1,1,1,0.1875,378,2,0.7802579365079365,0.01,0,lotte_technology_search_100k_q124,1,0.7674736903416451,3,linucb_primary,1,1,1,2016,shuffled_tiers
19,0,1,1,0.6019641825534373,1042,4,0.3980358174465627,0.01,1,lotte_technology_search_100k_q364,2,0.7450193875771643,2,linucb_primary,1,1,1,1731,shuffled_tiers
19,1,1,1,0.01716961498439126,33,1,0.8350676378772113,0.01,1,lotte_technology_search_100k_q520,2,0.6956625545551924,3,hybrid_lite,1,1,1,1922,shuffled_tiers
19,0,1,1,0.5098625224148237,853,6,0.6306037059175135,0.37,0,lotte_technology_search_100k_q92,1,0.6871578902417361,2,hybrid_lite,1,1,1,1673,shuffled_tiers
19,1,1,1,0.39987445072190836,637,4,0.6001255492780917,0.01,1,lotte_technology_search_100k_q108,5,0.9427707125962991,3,linucb_primary,1,1,1,1593,shuffled_tiers
19,1,0,0,nan,0,0,nan,nan,0,lotte_technology_search_100k_q282,0,0.6056454056985706,1,hybrid_lite,0,0,0,1609,shuffled_tiers
19,1,0,1,nan,0,0,nan,nan,0,lotte_technology_search_100k_q410,0,0.7779895031825069,2,linucb_primary,0,0,0,1387,shuffled_tiers
19,1,0,1,0.09744408945686901,122,1,0.7587859424920128,0.01,0,lotte_technology_search_100k_q401,1,0.48492790967729354,2,hybrid_lite,1,1,1,1252,shuffled_tiers
19,1,1,1,0.44687310261080754,736,4,0.5531268973891925,0.01,0,lotte_technology_search_100k_q505,1,0.5933188126966797,3,hybrid_lite,1,1,1,1647,shuffled_tiers
19,1,1,1,0.11652703731911652,153,1,0.3556740289413557,0.01,1,lotte_technology_search_100k_q490,2,0.7386234541788914,3,hybrid_lite,1,1,1,1313,shuffled_tiers
19,1,1,1,0.16915995397008055,147,2,0.5891829689298044,0.01,0,lotte_technology_search_100k_q224,1,0.7888375826390035,3,linucb_primary,1,1,1,869,shuffled_tiers
19,1,1,1,0.19117647058823528,312,1,0.4834558823529411,0.01,0,lotte_technology_search_100k_q61,1,0.9541975839044288,3,linucb_primary,1,1,1,1632,shuffled_tiers
19,1,1,1,nan,0,0,nan,nan,0,lotte_technology_search_100k_q169,0,0.5778016270991498,3,hybrid_lite,0,0,0,1056,shuffled_tiers
19,0,0,0,nan,0,0,nan,nan,0,lotte_technology_search_100k_q137,0,0.24999072996940147,0,full_dense_fallback,0,0,0,1006,shuffled_tiers
19,0,0,1,0.15543219666931007,196,1,0.5693893735130848,0.01,0,lotte_technology_search_100k_q144,1,0.48446384528231756,1,hybrid_lite,1,1,1,1261,shuffled_tiers
19,1,1,1,0.1685878962536023,234,1,0.717579250720461,0.01,0,lotte_technology_search_100k_q199,1,0.7387932023133774,3,hybrid_lite,1,1,1,1388,shuffled_tiers
19,1,1,1,0.11881750994883457,209,1,0.6463899943149517,0.01,1,lotte_technology_search_100k_q371,2,0.9917631665814397,3,linucb_primary,1,1,1,1759,shuffled_tiers
19,1,1,1,0.05238500851788756,123,1,0.6814310051107325,0.01,1,lotte_technology_search_100k_q153,2,0.6384528218961084,3,hybrid_lite,1,1,1,2348,shuffled_tiers
19,1,1,1,0.5130228887134964,650,4,0.48697711128650356,0.01,0,lotte_technology_search_100k_q233,1,0.9779702743356947,3,linucb_primary,1,1,1,1267,shuffled_tiers
19,1,1,1,0.17618586640851888,182,1,0.37560503388189737,0.01,1,lotte_technology_search_100k_q232,2,0.9663477064349978,3,linucb_primary,1,1,1,1033,shuffled_tiers
19,1,1,1,0.07100591715976332,72,1,0.6469428007889546,0.01,1,lotte_technology_search_100k_q563,3,0.5974979601770934,3,hybrid_lite,1,1,1,1014,shuffled_tiers
19,1,1,1,0.0297339593114241,76,1,0.5637715179968701,0.01,1,lotte_technology_search_100k_q408,7,0.7863078529004811,3,linucb_primary,1,1,1,2556,shuffled_tiers
19,0,0,0,nan,0,0,nan,nan,0,lotte_technology_search_100k_q74,0,0.5173497241662676,0,hybrid_lite,0,0,0,587,shuffled_tiers
19,1,1,1,0.40676923076923077,661,3,0.5661538461538462,0.01,0,lotte_technology_search_100k_q201,1,0.9217440482795555,3,linucb_primary,1,1,1,1625,shuffled_tiers
19,1,1,1,0.2776957163958641,376,1,0.5243722304283605,0.01,0,lotte_technology_search_100k_q478,1,0.775390030135279,3,linucb_primary,1,1,1,1354,shuffled_tiers
19,0,1,1,nan,0,0,nan,nan,0,lotte_technology_search_100k_q176,0,0.9496619944775766,2,linucb_primary,0,0,0,568,shuffled_tiers
19,1,1,1,0.10365425158116655,295,1,0.7617709065354884,0.01,1,lotte_technology_search_100k_q297,2,0.9798832321111443,3,linucb_primary,1,1,1,2846,shuffled_tiers
19,1,1,1,0.19117647058823528,533,2,0.6814921090387375,0.01,0,lotte_technology_search_100k_q458,1,0.5491106926314627,3,hybrid_lite,1,1,1,2788,shuffled_tiers
19,1,1,1,0.22635658914728682,292,3,0.7379844961240309,0.01,0,lotte_technology_search_100k_q241,1,0.5561195760347124,3,hybrid_lite,1,1,1,1290,shuffled_tiers
19,1,1,1,0.18681318681318682,136,1,0.6826923076923077,0.01,1,lotte_technology_search_100k_q272,2,0.7298203870158866,3,hybrid_lite,1,1,1,728,shuffled_tiers
19,1,1,1,0.033460076045627375,44,1,0.5711026615969581,0.01,1,lotte_technology_search_100k_q344,6,0.8386184449980452,3,linucb_primary,1,1,1,1315,shuffled_tiers
19,1,1,1,0.2817204301075269,262,1,0.40645161290322585,0.01,1,lotte_technology_search_100k_q94,3,0.6466503567543951,3,hybrid_lite,1,1,1,930,shuffled_tiers
19,1,1,1,0.26810551558753,559,1,0.38129496402877694,0.01,0,lotte_technology_search_100k_q198,1,0.3020837903022766,3,full_dense_fallback,1,1,1,2085,shuffled_tiers
19,1,1,1,0.18758434547908232,417,2,0.32253711201079627,0.01,0,lotte_technology_search_100k_q564,1,0.9621946298253199,3,linucb_primary,1,1,1,2223,shuffled_tiers
19,1,1,1,0.008993427879626427,26,1,0.8156347284676583,0.01,1,lotte_technology_search_100k_q464,10,0.8337323315694537,3,linucb_primary,1,1,1,2891,shuffled_tiers
19,1,1,1,0.04726224783861672,82,1,0.7354466858789626,0.01,1,lotte_technology_search_100k_q407,3,0.8635805034696841,3,linucb_primary,1,1,1,1735,shuffled_tiers
19,1,1,1,0.05627931214174049,108,1,0.5205836373110995,0.01,1,lotte_technology_search_100k_q399,7,0.9799537379930763,3,linucb_primary,1,1,1,1919,shuffled_tiers
19,1,0,1,0.12071778140293637,74,1,0.6623164763458401,0.01,0,lotte_technology_search_100k_q270,1,0.3735892411704851,2,full_dense_fallback,1,1,1,613,shuffled_tiers
19,1,1,1,0.14473684210526316,209,4,0.8552631578947368,0.01,1,lotte_technology_search_100k_q310,2,0.782032092556012,3,linucb_primary,1,1,1,1444,shuffled_tiers
19,1,1,1,0.2031466913465988,439,1,0.4919018972697825,0.01,1,lotte_technology_search_100k_q579,2,0.4087001365014882,3,full_dense_fallback,1,1,1,2161,shuffled_tiers
19,1,1,1,0.06865098415746519,143,1,0.4320691310609698,0.01,0,lotte_technology_search_100k_q472,1,0.4948802550803949,3,hybrid_lite,1,1,1,2083,shuffled_tiers
19,1,1,1,0.19341749323715057,429,1,0.569882777276826,0.01,1,lotte_technology_search_100k_q387,3,0.8853894254827954,3,linucb_primary,1,1,1,2218,shuffled_tiers
19,1,0,1,nan,0,0,nan,nan,0,lotte_technology_search_100k_q215,0,0.31097464909549977,2,full_dense_fallback,0,0,0,883,shuffled_tiers
19,1,1,1,0.9798219584569733,1651,9,0.020178041543026715,0.98,0,lotte_technology_search_100k_q104,1,0.8338461733329299,3,linucb_primary,0,0,1,1685,shuffled_tiers
19,1,1,1,nan,0,0,nan,nan,0,lotte_technology_search_100k_q357,0,0.6235302381318374,3,hybrid_lite,0,0,0,1248,shuffled_tiers
19,1,1,1,0.049863387978142076,73,1,0.6953551912568305,0.01,1,lotte_technology_search_100k_q414,8,0.9452114249207194,3,linucb_primary,1,1,1,1464,shuffled_tiers
19,1,0,1,nan,0,0,nan,nan,0,lotte_technology_search_100k_q279,0,0.8120952263535851,2,linucb_primary,0,0,0,1563,shuffled_tiers
19,1,1,1,0.4215456674473068,720,2,0.4935597189695551,0.01,1,lotte_technology_search_100k_q494,2,0.46640385276774166,3,hybrid_lite,1,1,1,1708,shuffled_tiers
19,1,1,1,0.16879329201604082,463,2,0.33394094057601165,0.01,0,lotte_technology_search_100k_q584,1,0.44755985298691153,3,hybrid_lite,1,1,1,2743,shuffled_tiers
19,1,1,1,0.0694006309148265,66,1,0.7592008412197686,0.01,1,lotte_technology_search_100k_q209,3,0.9485791807767442,3,linucb_primary,1,1,1,951,shuffled_tiers
19,1,1,1,0.12454212454212454,102,1,0.4713064713064713,0.01,1,lotte_technology_search_100k_q24,2,0.740793674979031,3,linucb_primary,1,1,1,819,shuffled_tiers
19,1,1,1,0.1663674446439258,278,1,0.5661280670257332,0.01,0,lotte_technology_search_100k_q256,1,0.9621769335001373,3,linucb_primary,1,1,1,1671,shuffled_tiers
19,1,1,1,0.06070941336971351,89,1,0.7626193724420192,0.01,1,lotte_technology_search_100k_q553,4,0.7097985275936662,3,hybrid_lite,1,1,1,1466,shuffled_tiers
19,1,1,1,0.05078720162519045,100,1,0.6145251396648045,0.01,1,lotte_technology_search_100k_q106,2,0.9920351382690432,3,linucb_primary,1,1,1,1969,shuffled_tiers
19,1,1,1,0.10505529225908374,133,1,0.2669826224328594,0.01,1,lotte_technology_search_100k_q543,2,0.8665678160695998,3,linucb_primary,1,1,1,1266,shuffled_tiers
19,1,1,1,0.10135135135135136,135,1,0.3430930930930931,0.01,1,lotte_technology_search_100k_q556,2,0.7978415181596116,3,linucb_primary,1,1,1,1332,shuffled_tiers
19,1,1,1,0.11099585062240663,107,1,0.5653526970954357,0.01,0,lotte_technology_search_100k_q211,1,0.4578757411623536,3,hybrid_lite,1,1,1,964,shuffled_tiers
19,1,1,1,0.08603491271820449,69,1,0.726932668329177,0.01,1,lotte_technology_search_100k_q88,3,0.941968823890558,3,linucb_primary,1,1,1,802,shuffled_tiers
19,1,1,1,0.03423120089786756,61,1,0.6026936026936027,0.01,1,lotte_technology_search_100k_q340,3,0.7989113044210268,3,linucb_primary,1,1,1,1782,shuffled_tiers
19,0,1,0,nan,0,0,nan,nan,0,lotte_technology_search_100k_q276,0,0.796992265639678,1,linucb_primary,0,0,0,1245,shuffled_tiers
19,1,1,1,0.08395522388059702,135,1,0.5087064676616915,0.01,1,lotte_technology_search_100k_q386,2,0.6630336232668155,3,hybrid_lite,1,1,1,1608,shuffled_tiers
19,0,1,1,nan,0,0,nan,nan,0,lotte_technology_search_100k_q27,0,0.5511433259667972,2,hybrid_lite,0,0,0,1548,shuffled_tiers
19,1,1,1,0.0965651328580687,149,1,0.5385612443292287,0.01,1,lotte_technology_search_100k_q109,5,0.8945035029614725,3,linucb_primary,1,1,1,1543,shuffled_tiers
19,1,1,1,0.08819345661450925,186,1,0.43338074917022285,0.01,1,lotte_technology_search_100k_q504,3,0.5443773465566789,3,hybrid_lite,1,1,1,2109,shuffled_tiers
19,1,0,1,0.3190603627713351,1073,1,0.45197740112994356,0.01,0,lotte_technology_search_100k_q305,1,0.6783437360675951,2,hybrid_lite,1,1,1,3363,shuffled_tiers
19,1,1,1,0.3958602846054334,612,1,0.5194049159120311,0.01,0,lotte_technology_search_100k_q315,1,0.7854213770227535,3,linucb_primary,1,1,1,1546,shuffled_tiers
19,1,1,1,0.1312410841654779,184,1,0.4415121255349501,0.01,0,lotte_technology_search_100k_q435,1,0.676321125189667,3,hybrid_lite,1,1,1,1402,shuffled_tiers
19,1,1,1,0.17073170731707318,147,1,0.6062717770034843,0.01,0,lotte_technology_search_100k_q135,1,0.9633166925013311,3,linucb_primary,1,1,1,861,shuffled_tiers
19,1,1,1,0.06568832983927324,94,1,0.6589797344514325,0.01,1,lotte_technology_search_100k_q509,3,0.5136469294268532,3,hybrid_lite,1,1,1,1431,shuffled_tiers
19,1,1,1,0.26101543278908523,1167,1,0.5824200402594497,0.01,1,lotte_technology_search_100k_q288,8,0.7456294018965536,3,linucb_primary,1,1,1,4471,shuffled_tiers
19,1,1,1,0.06198723792160438,68,1,0.536007292616226,0.01,1,lotte_technology_search_100k_q42,2,0.9643419734652278,3,linucb_primary,1,1,1,1097,shuffled_tiers
19,1,1,1,0.48424467099165897,1045,6,0.515755329008341,0.49,0,lotte_technology_search_100k_q254,1,0.8724843900347704,3,linucb_primary,1,1,1,2158,shuffled_tiers
19,1,1,1,0.15483870967741936,144,1,0.646236559139785,0.01,1,lotte_technology_search_100k_q281,4,0.8250752073011276,3,linucb_primary,1,1,1,930,shuffled_tiers
19,1,1,1,0.09869281045751634,151,1,0.6483660130718953,0.01,1,lotte_technology_search_100k_q562,2,0.8775142964047992,3,linucb_primary,1,1,1,1530,shuffled_tiers
19,1,1,1,0.3884976525821596,331,1,0.5046948356807512,0.01,0,lotte_technology_search_100k_q534,1,0.5476307754765298,3,hybrid_lite,1,1,1,852,shuffled_tiers
19,1,1,1,0.1993103448275862,289,2,0.7517241379310344,0.01,0,lotte_technology_search_100k_q120,1,0.543540465470663,3,hybrid_lite,1,1,1,1450,shuffled_tiers
19,1,1,1,0.23682539682539683,373,1,0.5282539682539682,0.01,1,lotte_technology_search_100k_q65,2,0.6670233783552808,3,hybrid_lite,1,1,1,1575,shuffled_tiers
19,1,1,1,0.266384778012685,126,1,0.5306553911205074,0.01,0,lotte_technology_search_100k_q302,1,0.5483247268818275,3,hybrid_lite,1,1,1,473,shuffled_tiers
19,1,1,1,0.28313253012048195,141,2,0.3755020080321285,0.01,0,lotte_technology_search_100k_q222,1,0.6366923220830076,3,hybrid_lite,1,1,1,498,shuffled_tiers
19,1,1,1,0.11470728224654926,241,1,0.6049500237981913,0.01,1,lotte_technology_search_100k_q267,2,0.8603892760871995,3,linucb_primary,1,1,1,2101,shuffled_tiers
19,1,1,1,0.3542966874699952,738,2,0.38118098895823327,0.01,1,lotte_technology_search_100k_q82,2,0.971093462723017,3,linucb_primary,1,1,1,2083,shuffled_tiers
19,0,1,1,0.5665706051873198,983,7,0.43342939481268017,0.57,0,lotte_technology_search_100k_q547,1,0.5389125411714749,2,hybrid_lite,1,1,1,1735,shuffled_tiers
19,1,1,1,0.22265625,342,1,0.544921875,0.01,1,lotte_technology_search_100k_q413,4,0.9575382637225315,3,linucb_primary,1,1,1,1536,shuffled_tiers
19,1,1,1,0.2034715525554484,211,2,0.6383799421407907,0.01,0,lotte_technology_search_100k_q164,1,0.9814377368905292,3,linucb_primary,1,1,1,1037,shuffled_tiers
19,1,1,1,0.5111317254174397,551,3,0.41929499072356213,0.01,0,lotte_technology_search_100k_q240,1,0.9355404457869402,3,linucb_primary,1,1,1,1078,shuffled_tiers
19,0,0,1,0.03416856492027335,30,1,0.7266514806378133,0.01,0,lotte_technology_search_100k_q66,1,0.17505515813827513,1,full_dense_fallback,1,1,1,878,shuffled_tiers
19,1,1,1,0.033342673017652,119,1,0.524796861866069,0.01,1,lotte_technology_search_100k_q434,9,0.5109206207999704,3,hybrid_lite,1,1,1,3569,shuffled_tiers
19,1,1,1,0.12480857580398162,163,1,0.6776416539050536,0.01,1,lotte_technology_search_100k_q403,4,0.9459679773327954,3,linucb_primary,1,1,1,1306,shuffled_tiers
19,1,1,1,0.2618069815195072,255,1,0.5790554414784395,0.01,0,lotte_technology_search_100k_q154,1,0.6228367050312957,3,hybrid_lite,1,1,1,974,shuffled_tiers
19,1,1,0,nan,0,0,nan,nan,0,lotte_technology_search_100k_q8,0,0.4926832694399511,2,hybrid_lite,0,0,0,839,shuffled_tiers
19,1,1,1,0.3081805359661495,437,4,0.6918194640338504,0.01,0,lotte_technology_search_100k_q40,1,0.6669404562901372,3,hybrid_lite,1,1,1,1418,shuffled_tiers
19,0,1,1,nan,0,0,nan,nan,0,lotte_technology_search_100k_q22,0,0.9126332912658488,2,linucb_primary,0,0,0,813,shuffled_tiers
19,1,0,1,nan,0,0,nan,nan,0,lotte_technology_search_100k_q433,0,0.7214332893024609,2,hybrid_lite,0,0,0,2641,shuffled_tiers
19,1,1,1,0.07592891760904685,188,1,0.5161550888529887,0.01,1,lotte_technology_search_100k_q585,2,0.8686968876005882,3,linucb_primary,1,1,1,2476,shuffled_tiers
19,1,1,1,0.11218836565096953,162,1,0.5450138504155124,0.01,0,lotte_technology_search_100k_q526,1,0.7366469877371388,3,hybrid_lite,1,1,1,1444,shuffled_tiers
19,1,1,1,0.11017964071856287,184,1,0.49580838323353293,0.01,1,lotte_technology_search_100k_q508,2,0.6441401175058716,3,hybrid_lite,1,1,1,1670,shuffled_tiers
19,1,1,1,0.10725420910413636,516,1,0.7699023072126376,0.01,1,lotte_technology_search_100k_q575,3,0.3367414077521889,3,full_dense_fallback,1,1,1,4811,shuffled_tiers
19,1,0,1,nan,0,0,nan,nan,0,lotte_technology_search_100k_q172,0,0.5584455080378528,2,hybrid_lite,0,0,0,741,shuffled_tiers
19,1,1,1,0.5089641434262948,511,1,0.35756972111553786,0.01,0,lotte_technology_search_100k_q226,1,0.8119798266135396,3,linucb_primary,1,1,1,1004,shuffled_tiers
19,1,1,1,0.13146067415730336,117,1,0.44719101123595506,0.01,0,lotte_technology_search_100k_q492,1,0.579935981739853,3,hybrid_lite,1,1,1,890,shuffled_tiers
19,1,1,1,0.2374429223744292,260,1,0.4621004566210045,0.01,1,lotte_technology_search_100k_q41,2,0.9646628371320525,3,linucb_primary,1,1,1,1095,shuffled_tiers
19,1,1,1,0.06197478991596639,118,1,0.5514705882352942,0.01,1,lotte_technology_search_100k_q502,4,0.5738081157538109,3,hybrid_lite,1,1,1,1904,shuffled_tiers
19,0,0,1,0.07643312101910828,60,1,0.7694267515923567,0.01,0,lotte_technology_search_100k_q271,1,0.45011547677465386,1,hybrid_lite,1,1,1,785,shuffled_tiers
19,1,1,1,0.11392405063291139,108,1,0.5622362869198312,0.01,1,lotte_technology_search_100k_q566,3,0.38197396606031736,3,full_dense_fallback,1,1,1,948,shuffled_tiers
19,1,1,1,0.040995607613469986,28,1,0.4348462664714495,0.01,1,lotte_technology_search_100k_q292,4,0.9486685634020078,3,linucb_primary,1,1,1,683,shuffled_tiers
19,1,1,1,0.03206074667791605,152,1,0.61569289179498,0.01,1,lotte_technology_search_100k_q506,7,0.6098666754162029,3,hybrid_lite,1,1,1,4741,shuffled_tiers
19,1,1,1,0.2436548223350254,432,1,0.6773829667230682,0.01,0,lotte_technology_search_100k_q493,1,0.9504293187010517,3,linucb_primary,1,1,1,1773,shuffled_tiers
19,1,1,1,0.08745402533714752,214,1,0.7364119329791581,0.01,1,lotte_technology_search_100k_q338,2,0.5821415636503423,3,hybrid_lite,1,1,1,2447,shuffled_tiers
19,1,1,1,0.023656640757012504,70,1,0.7309901993916863,0.01,1,lotte_technology_search_100k_q431,5,0.6978216717636373,3,hybrid_lite,1,1,1,2959,shuffled_tiers
19,0,1,1,nan,0,0,nan,nan,0,lotte_technology_search_100k_q26,0,0.6932631876573638,2,hybrid_lite,0,0,0,1578,shuffled_tiers
19,1,1,1,0.29538594221647263,685,1,0.31867184131090986,0.01,0,lotte_technology_search_100k_q72,1,0.7636414087143761,3,linucb_primary,1,1,1,2319,shuffled_tiers
19,0,1,1,nan,0,0,nan,nan,0,lotte_technology_search_100k_q121,0,0.9692465982305503,2,linucb_primary,0,0,0,617,shuffled_tiers
19,0,0,1,0.7766599597585513,386,5,0.2233400402414487,0.78,0,lotte_technology_search_100k_q225,1,0.387026127140731,1,full_dense_fallback,1,1,1,497,shuffled_tiers
19,1,1,1,0.26485148514851486,428,1,0.504950495049505,0.01,1,lotte_technology_search_100k_q132,2,0.5486416280851701,3,hybrid_lite,1,1,1,1616,shuffled_tiers
19,1,1,1,0.23600605143721634,312,1,0.5355521936459909,0.01,0,lotte_technology_search_100k_q63,1,0.8516470446398673,3,linucb_primary,1,1,1,1322,shuffled_tiers
19,0,1,1,0.5451688923802043,694,5,0.4548311076197957,0.55,0,lotte_technology_search_100k_q203,1,0.7557200231355664,2,linucb_primary,1,1,1,1273,shuffled_tiers
19,1,1,1,0.05024019215372298,251,1,0.0580464371497198,0.01,1,lotte_technology_search_100k_q392,4,0.991210031010509,3,linucb_primary,1,1,1,4996,shuffled_tiers
19,1,1,1,0.7047428189712759,1055,3,0.2605210420841684,0.01,1,lotte_technology_search_100k_q173,2,0.5746813258409776,3,hybrid_lite,1,1,1,1497,shuffled_tiers
19,1,0,1,0.10805860805860806,177,1,0.41025641025641024,0.01,1,lotte_technology_search_100k_q249,4,0.3712027504310003,2,full_dense_fallback,1,1,1,1638,shuffled_tiers
19,1,1,1,0.09337105901374293,231,1,0.7477768795472919,0.01,1,lotte_technology_search_100k_q581,3,0.6397529112557774,3,hybrid_lite,1,1,1,2474,shuffled_tiers
19,1,1,1,0.05112219451371571,123,1,0.5216126350789693,0.01,0,lotte_technology_search_100k_q152,1,0.6870643833912209,3,hybrid_lite,1,1,1,2406,shuffled_tiers
19,1,1,1,0.054617909048288796,233,1,0.6434599156118144,0.01,1,lotte_technology_search_100k_q590,2,0.42422665352879374,3,full_dense_fallback,1,1,1,4266,shuffled_tiers
19,1,1,1,0.06462781304096941,112,1,0.5175995383727641,0.01,1,lotte_technology_search_100k_q95,4,0.719416015736626,3,hybrid_lite,1,1,1,1733,shuffled_tiers
19,1,1,1,0.04468412942989214,58,1,0.7303543913713405,0.01,0,lotte_technology_search_100k_q522,1,0.6512883144243714,3,hybrid_lite,1,1,1,1298,shuffled_tiers
19,1,1,1,0.4854838709677419,903,3,0.46075268817204296,0.01,0,lotte_technology_search_100k_q257,1,0.9733363385509456,3,linucb_primary,1,1,1,1860,shuffled_tiers
19,1,1,1,0.29284037558685444,499,1,0.47065727699530513,0.01,1,lotte_technology_search_100k_q316,3,0.860414720107211,3,linucb_primary,1,1,1,1704,shuffled_tiers
19,1,1,1,0.20356612184249628,274,2,0.4479940564635958,0.01,0,lotte_technology_search_100k_q188,1,0.6734489529282368,3,hybrid_lite,1,1,1,1346,shuffled_tiers
19,1,1,1,0.07084019769357495,215,1,0.599341021416804,0.01,1,lotte_technology_search_100k_q529,6,0.7329544204969545,3,hybrid_lite,1,1,1,3035,shuffled_tiers
19,1,1,1,0.7881729920564872,1786,6,0.21182700794351284,0.79,0,lotte_technology_search_100k_q70,1,0.9046253159462385,3,linucb_primary,1,1,1,2266,shuffled_tiers
19,1,1,1,0.1345213137665968,385,2,0.750524109014675,0.01,1,lotte_technology_search_100k_q298,2,0.9674388895478844,3,linucb_primary,1,1,1,2862,shuffled_tiers
19,1,1,1,0.6164705882352941,786,1,0.2329411764705882,0.01,0,lotte_technology_search_100k_q528,1,0.7025651452684362,3,hybrid_lite,1,1,1,1275,shuffled_tiers
19,1,1,1,0.30649588289112534,335,1,0.453796889295517,0.01,0,lotte_technology_search_100k_q383,1,0.5339411516937198,3,hybrid_lite,1,1,1,1093,shuffled_tiers
19,0,0,0,nan,0,0,nan,nan,0,lotte_technology_search_100k_q138,0,0.21488421449939596,0,full_dense_fallback,0,0,0,955,shuffled_tiers
19,1,1,1,0.02981171548117155,57,1,0.6485355648535565,0.01,1,lotte_technology_search_100k_q442,3,0.7823333851050487,3,linucb_primary,1,1,1,1912,shuffled_tiers
19,0,1,1,0.08259587020648967,56,1,0.4616519174041298,0.01,0,lotte_technology_search_100k_q180,1,0.8652756514759192,2,linucb_primary,1,1,1,678,shuffled_tiers
19,1,1,1,0.13428571428571429,94,1,0.62,0.01,0,lotte_technology_search_100k_q29,1,0.8082902454482404,3,linucb_primary,1,1,1,700,shuffled_tiers
19,1,1,1,0.04124748490945674,41,1,0.5181086519114688,0.01,1,lotte_technology_search_100k_q295,5,0.9797607438471043,3,linucb_primary,1,1,1,994,shuffled_tiers
19,1,1,1,0.019028871391076115,29,1,0.7001312335958005,0.01,1,lotte_technology_search_100k_q519,5,0.6537548839192876,3,hybrid_lite,1,1,1,1524,shuffled_tiers
19,1,1,1,0.09540329575021683,110,1,0.7111882046834346,0.01,1,lotte_technology_search_100k_q242,3,0.8093886597030556,3,linucb_primary,1,1,1,1153,shuffled_tiers
19,1,1,1,0.1703425621773815,363,1,0.5171281088690756,0.01,1,lotte_technology_search_100k_q334,3,0.870750710701654,3,linucb_primary,1,1,1,2131,shuffled_tiers
13,1,1,1,0.037337662337662336,23,1,0.5827922077922079,0.01,1,lotte_technology_search_100k_q336,4,0.7074692146311494,3,hybrid_lite,1,1,1,616,dense
13,1,1,1,0.3583556747095621,401,2,0.5031277926720286,0.01,0,lotte_technology_search_100k_q76,1,0.6677920435993405,3,hybrid_lite,1,1,1,1119,dense
13,1,1,1,0.13086770981507823,92,1,0.5277382645803699,0.01,1,lotte_technology_search_100k_q426,10,0.9578866074922813,3,linucb_primary,1,1,1,703,dense
13,1,1,1,0.04707233065442021,41,1,0.7003444316877152,0.01,0,lotte_technology_search_100k_q2,1,0.6480050251082479,3,hybrid_lite,1,1,1,871,dense
13,1,1,1,0.3781634128705712,523,1,0.4663774403470716,0.01,1,lotte_technology_search_100k_q447,3,0.6659225634061318,3,hybrid_lite,1,1,1,1383,dense
13,1,1,1,nan,0,0,nan,nan,0,lotte_technology_search_100k_q139,0,0.9519809630716493,3,linucb_primary,0,0,0,1599,dense
13,1,1,1,0.18284228769497402,422,1,0.32235701906412473,0.01,1,lotte_technology_search_100k_q507,3,0.8677700152657015,3,linucb_primary,1,1,1,2308,dense
13,0,1,1,nan,0,0,nan,nan,0,lotte_technology_search_100k_q58,0,0.9146506792364822,2,linucb_primary,0,0,0,803,dense
13,1,1,1,0.16905444126074498,177,2,0.673352435530086,0.01,1,lotte_technology_search_100k_q125,2,0.5862926906679875,3,hybrid_lite,1,1,1,1047,dense
13,1,1,1,0.01828761429758936,66,1,0.6633416458852868,0.01,1,lotte_technology_search_100k_q462,4,0.9096463032297845,3,linucb_primary,1,1,1,3609,dense
13,0,1,1,0.24199743918053776,189,3,0.6850192061459668,0.01,0,lotte_technology_search_100k_q57,1,0.9339844479989537,2,linucb_primary,1,1,1,781,dense
13,1,1,1,0.10541110330288124,150,1,0.4982431482782853,0.01,1,lotte_technology_search_100k_q503,5,0.7803907404718763,3,linucb_primary,1,1,1,1423,dense
13,1,1,1,0.10166919575113809,67,1,0.725341426403642,0.01,0,lotte_technology_search_100k_q264,1,0.3234550460467394,3,full_dense_fallback,1,1,1,659,dense
13,0,0,0,nan,0,0,nan,nan,0,lotte_technology_search_100k_q166,0,0.5367181049652912,0,hybrid_lite,0,0,0,1578,dense
13,1,0,1,0.171939477303989,125,2,0.7042640990371389,0.01,1,lotte_technology_search_100k_q213,2,0.25600817988294405,2,full_dense_fallback,1,1,1,727,dense
13,1,1,1,0.07577639751552795,122,1,0.7111801242236024,0.01,1,lotte_technology_search_100k_q578,8,0.6781253066453503,3,hybrid_lite,1,1,1,1610,dense
13,1,0,1,0.04448742746615087,46,1,0.6170212765957447,0.01,1,lotte_technology_search_100k_q244,3,0.49188656413154963,2,hybrid_lite,1,1,1,1034,dense
13,1,1,1,0.20830788026878436,341,4,0.7916921197312157,0.01,0,lotte_technology_search_100k_q117,1,0.9851393337673471,3,linucb_primary,1,1,1,1637,dense
13,0,1,1,0.7413984461709212,1336,6,0.2586015538290788,0.75,0,lotte_technology_search_100k_q280,1,0.9796994899689562,2,linucb_primary,1,1,1,1802,dense
13,1,1,1,0.06354334948842219,118,1,0.5831987075928917,0.01,1,lotte_technology_search_100k_q378,4,0.9368978968392278,3,linucb_primary,1,1,1,1857,dense
13,1,1,1,0.3051201671891327,292,3,0.6238244514106583,0.01,0,lotte_technology_search_100k_q11,1,0.7770478937869838,3,linucb_primary,1,1,1,957,dense
13,1,1,1,0.9560334528076464,4001,8,0.0439665471923536,0.96,0,lotte_technology_search_100k_q102,1,0.9739025167784132,3,linucb_primary,0,0,1,4185,dense
13,1,1,1,nan,0,0,nan,nan,0,lotte_technology_search_100k_q363,0,0.5981646608251958,3,hybrid_lite,0,0,0,871,dense
13,1,1,1,0.020174050632911392,51,1,0.7223101265822784,0.01,1,lotte_technology_search_100k_q446,10,0.7293086670491006,3,hybrid_lite,1,1,1,2528,dense
13,1,0,1,0.23215523215523215,670,1,0.702009702009702,0.01,0,lotte_technology_search_100k_q499,1,0.37302783428058517,2,full_dense_fallback,1,1,1,2886,dense
13,1,1,1,0.07973219720024345,131,1,0.6122945830797322,0.01,0,lotte_technology_search_100k_q476,1,0.5083473157166242,3,hybrid_lite,1,1,1,1643,dense
13,1,1,1,0.10484927916120576,80,1,0.7142857142857143,0.01,1,lotte_technology_search_100k_q98,2,0.7630399956778483,3,linucb_primary,1,1,1,763,dense
13,1,1,0,nan,0,0,nan,nan,0,lotte_technology_search_100k_q284,0,0.669087169462904,2,hybrid_lite,0,0,0,1563,dense
13,1,1,1,0.19123505976095617,288,2,0.7569721115537849,0.01,0,lotte_technology_search_100k_q200,1,0.4275574289966432,3,full_dense_fallback,1,1,1,1506,dense
13,1,1,1,nan,0,0,nan,nan,0,lotte_technology_search_100k_q170,0,0.8956998844789693,3,linucb_primary,0,0,0,1057,dense
13,0,1,1,0.42562338779019776,495,4,0.5743766122098022,0.01,1,lotte_technology_search_100k_q278,2,0.9770947708708909,2,linucb_primary,1,1,1,1163,dense
13,1,1,1,0.16666666666666666,254,1,0.3582677165354331,0.01,1,lotte_technology_search_100k_q525,4,0.8680021789383379,3,linucb_primary,1,1,1,1524,dense
13,1,1,1,0.10414333706606943,93,1,0.4871220604703248,0.01,1,lotte_technology_search_100k_q210,2,0.9334892505044596,3,linucb_primary,1,1,1,893,dense
13,1,1,1,0.08535688005886681,116,1,0.3708609271523179,0.01,1,lotte_technology_search_100k_q425,10,0.9595462539326571,3,linucb_primary,1,1,1,1359,dense
13,1,1,1,0.2222222222222222,390,4,0.7777777777777778,0.01,1,lotte_technology_search_100k_q0,2,0.8800456395778483,3,linucb_primary,1,1,1,1755,dense
13,1,1,1,0.10877447425670776,150,1,0.48223350253807107,0.01,1,lotte_technology_search_100k_q516,5,0.7653606117926314,3,linucb_primary,1,1,1,1379,dense
13,1,1,1,0.13317043372021992,218,1,0.34697617593158214,0.01,1,lotte_technology_search_100k_q436,2,0.7682865157018154,3,linucb_primary,1,1,1,1637,dense
13,1,0,1,0.28804569563443494,706,1,0.34679722562219506,0.01,0,lotte_technology_search_100k_q419,1,0.5064759145002857,2,hybrid_lite,1,1,1,2451,dense
13,1,1,1,0.662426614481409,1354,4,0.33757338551859095,0.01,0,lotte_technology_search_100k_q376,1,0.5389548130684712,3,hybrid_lite,1,1,1,2044,dense
13,1,1,1,0.483921568627451,617,5,0.516078431372549,0.49,0,lotte_technology_search_100k_q500,1,0.8611402957223795,3,linucb_primary,1,1,1,1275,dense
13,0,1,1,0.5177664974619289,612,3,0.40778341793570216,0.01,0,lotte_technology_search_100k_q445,1,0.6505582781829159,2,hybrid_lite,1,1,1,1182,dense
13,1,1,0,nan,0,0,nan,nan,0,lotte_technology_search_100k_q115,0,0.5533944003679042,2,hybrid_lite,0,0,0,1515,dense
13,1,0,1,0.13777777777777778,124,1,0.5211111111111111,0.01,0,lotte_technology_search_100k_q273,1,0.27825358522558247,2,full_dense_fallback,1,1,1,900,dense
13,1,1,1,0.3098712446351931,361,2,0.24206008583690986,0.01,0,lotte_technology_search_100k_q535,1,0.4893657527906588,3,hybrid_lite,1,1,1,1165,dense
13,1,0,1,0.020734341252699785,48,1,0.5624190064794816,0.01,1,lotte_technology_search_100k_q329,5,0.40042973474977955,2,full_dense_fallback,1,1,1,2315,dense
13,1,1,1,0.056461731493099125,90,1,0.5439146800501882,0.01,1,lotte_technology_search_100k_q568,2,0.9714501008838384,3,linucb_primary,1,1,1,1594,dense
13,1,1,1,0.02108309218685407,51,1,0.41835469202149644,0.01,1,lotte_technology_search_100k_q595,5,0.8549944916313571,3,linucb_primary,1,1,1,2419,dense
13,1,1,1,0.19461337966985232,448,1,0.28062554300608167,0.01,0,lotte_technology_search_100k_q359,1,0.819601501235923,3,linucb_primary,1,1,1,2302,dense
13,0,1,1,1.0,693,10,0.1515151515151515,0.85,0,lotte_technology_search_100k_q21,1,0.9107928693678458,2,linucb_primary,1,0,1,693,dense
13,1,1,1,0.11516974645466266,268,1,0.45595186935969056,0.01,1,lotte_technology_search_100k_q560,3,0.37481218419836676,3,full_dense_fallback,1,1,1,2327,dense
13,1,1,1,0.15124153498871332,335,1,0.38284424379232507,0.01,1,lotte_technology_search_100k_q396,4,0.780081258807793,3,linucb_primary,1,1,1,2215,dense
13,1,1,1,0.016358463726884778,23,1,0.7695590327169275,0.01,1,lotte_technology_search_100k_q163,2,0.6819564454683739,3,hybrid_lite,1,1,1,1406,dense
13,1,1,1,0.06622788975730153,161,1,0.3932538050185109,0.01,1,lotte_technology_search_100k_q527,6,0.7187882267980482,3,hybrid_lite,1,1,1,2431,dense
13,1,1,1,0.05185185185185185,84,1,0.6746913580246914,0.01,1,lotte_technology_search_100k_q423,10,0.9687190871403304,3,linucb_primary,1,1,1,1620,dense
13,1,1,0,nan,0,0,nan,nan,0,lotte_technology_search_100k_q283,0,0.7130847666877264,2,hybrid_lite,0,0,0,843,dense
13,1,1,1,0.439239332096475,947,6,0.6062152133580705,0.4,1,lotte_technology_search_100k_q339,2,0.9380018491311999,3,linucb_primary,1,1,1,2156,dense
13,1,1,1,0.21209465381244522,242,1,0.49430324276950044,0.01,0,lotte_technology_search_100k_q474,1,0.786172164038733,3,linucb_primary,1,1,1,1141,dense
13,1,1,1,0.030513176144244106,44,1,0.49653259361997226,0.01,1,lotte_technology_search_100k_q343,5,0.8227163378467888,3,linucb_primary,1,1,1,1442,dense
13,1,1,1,0.12270168855534709,327,2,0.30318949343339585,0.01,0,lotte_technology_search_100k_q312,1,0.4686087360068687,3,hybrid_lite,1,1,1,2665,dense
13,1,1,1,0.04926108374384237,70,1,0.5369458128078818,0.01,1,lotte_technology_search_100k_q311,3,0.7115110934275595,3,hybrid_lite,1,1,1,1421,dense
13,1,1,1,0.011504424778761062,13,1,0.6371681415929203,0.01,1,lotte_technology_search_100k_q236,7,0.7970182162217665,3,linucb_primary,1,1,1,1130,dense
13,0,0,0,nan,0,0,nan,nan,0,lotte_technology_search_100k_q382,0,0.42588580639425716,0,full_dense_fallback,0,0,0,1037,dense
13,1,0,1,0.0898488120950324,208,1,0.5624190064794816,0.01,1,lotte_technology_search_100k_q328,5,0.42896799297390764,2,full_dense_fallback,1,1,1,2315,dense
13,1,1,1,0.04658583280153159,73,1,0.7019783024888322,0.01,1,lotte_technology_search_100k_q444,8,0.9278118239576828,3,linucb_primary,1,1,1,1567,dense
13,1,1,1,0.10780370072405471,134,1,0.4432823813354787,0.01,1,lotte_technology_search_100k_q356,3,0.47053694854946176,3,hybrid_lite,1,1,1,1243,dense
13,1,1,1,0.4008159102498725,786,1,0.3120856705762366,0.01,0,lotte_technology_search_100k_q517,1,0.2434634119272232,3,full_dense_fallback,1,1,1,1961,dense
13,1,0,1,0.2467820683533067,556,1,0.33510874389702616,0.01,1,lotte_technology_search_100k_q415,3,0.4168944542941396,2,full_dense_fallback,1,1,1,2253,dense
13,1,1,1,0.11168981481481481,193,1,0.36342592592592593,0.01,1,lotte_technology_search_100k_q416,4,0.7206073492886019,3,hybrid_lite,1,1,1,1728,dense
13,1,1,1,0.06981858163826278,127,1,0.6063771302913689,0.01,1,lotte_technology_search_100k_q495,2,0.8332526259363655,3,linucb_primary,1,1,1,1819,dense
13,1,1,1,0.604849000425351,1422,1,0.29179072735006384,0.01,1,lotte_technology_search_100k_q263,2,0.7842217310751816,3,linucb_primary,1,1,1,2351,dense
13,1,1,1,0.10865290068829891,442,1,0.76007866273353,0.01,1,lotte_technology_search_100k_q369,5,0.9361400234823176,3,linucb_primary,1,1,1,4068,dense
13,0,0,1,nan,0,0,nan,nan,0,lotte_technology_search_100k_q175,0,0.3060961072748501,1,full_dense_fallback,0,0,0,929,dense
13,1,1,1,0.2532855436081243,636,1,0.4551971326164874,0.01,1,lotte_technology_search_100k_q480,2,0.9611923253261527,3,linucb_primary,1,1,1,2511,dense
13,1,1,1,0.5913705583756346,699,1,0.21489001692047383,0.01,0,lotte_technology_search_100k_q373,1,0.8091232332356083,3,linucb_primary,1,1,1,1182,dense
13,1,1,1,0.13609467455621302,138,1,0.6222879684418146,0.01,1,lotte_technology_search_100k_q251,2,0.8207984795774579,3,linucb_primary,1,1,1,1014,dense
13,1,0,1,0.13098591549295774,93,1,0.6154929577464789,0.01,1,lotte_technology_search_100k_q443,2,0.29600747553915735,2,full_dense_fallback,1,1,1,710,dense
13,1,1,1,nan,0,0,nan,nan,0,lotte_technology_search_100k_q197,0,0.6412276348907312,3,hybrid_lite,0,0,0,671,dense
13,1,0,1,0.15093479252165984,331,2,0.5512995896032832,0.01,1,lotte_technology_search_100k_q538,3,0.5872998890380992,2,hybrid_lite,1,1,1,2193,dense
13,1,1,1,1.0,498,10,0.0,1.0,0,lotte_technology_search_100k_q262,1,0.503720724260953,3,hybrid_lite,0,0,1,498,dense
13,1,1,1,0.15,159,1,0.5688679245283019,0.01,1,lotte_technology_search_100k_q466,10,0.907749192133758,3,linucb_primary,1,1,1,1060,dense
13,1,1,1,0.05617198335644938,81,1,0.4181692094313454,0.01,1,lotte_technology_search_100k_q588,4,0.6751839371105628,3,hybrid_lite,1,1,1,1442,dense
13,1,1,1,0.11168981481481481,193,1,0.36342592592592593,0.01,1,lotte_technology_search_100k_q450,4,0.7555431177663782,3,linucb_primary,1,1,1,1728,dense
13,1,0,1,0.20063694267515925,63,1,0.6146496815286624,0.01,1,lotte_technology_search_100k_q113,3,0.3723591196839732,2,full_dense_fallback,1,1,1,314,dense
13,1,1,1,0.553453947368421,673,6,0.6570723684210527,0.35,0,lotte_technology_search_100k_q511,1,0.4943506179352366,3,hybrid_lite,1,1,1,1216,dense
13,1,0,1,0.19909793814432988,309,2,0.6597938144329897,0.01,0,lotte_technology_search_100k_q206,1,0.24180499125367533,2,full_dense_fallback,1,1,1,1552,dense
13,1,1,1,0.2189239332096475,236,1,0.40445269016697594,0.01,1,lotte_technology_search_100k_q245,2,0.42081965315780373,3,full_dense_fallback,1,1,1,1078,dense
13,0,1,1,nan,0,0,nan,nan,0,lotte_technology_search_100k_q60,0,0.535654146505694,2,hybrid_lite,0,0,0,922,dense
13,1,1,1,0.08835904628330996,63,1,0.6143057503506311,0.01,1,lotte_technology_search_100k_q44,2,0.9605209189509067,3,linucb_primary,1,1,1,713,dense
13,1,1,1,0.2908863920099875,233,3,0.6079900124843944,0.01,1,lotte_technology_search_100k_q46,3,0.8747373112473988,3,linucb_primary,1,1,1,801,dense
13,1,1,1,0.21008403361344538,300,1,0.4236694677871149,0.01,1,lotte_technology_search_100k_q358,3,0.5612596134713779,3,hybrid_lite,1,1,1,1428,dense
13,1,0,1,0.8148148148148148,1012,8,0.18518518518518523,0.82,0,lotte_technology_search_100k_q81,1,0.49662796606962145,2,hybrid_lite,1,1,1,1242,dense
13,1,1,1,0.6536585365853659,536,5,0.375609756097561,0.63,1,lotte_technology_search_100k_q193,2,0.7010902482126383,3,hybrid_lite,1,1,1,820,dense
13,1,1,1,0.05481283422459893,41,1,0.6938502673796791,0.01,1,lotte_technology_search_100k_q296,5,0.9574530277349438,3,linucb_primary,1,1,1,748,dense
13,1,1,1,0.03407755581668625,145,1,0.6474735605170387,0.01,1,lotte_technology_search_100k_q542,2,0.7886289785916984,3,linucb_primary,1,1,1,4255,dense
13,0,1,1,nan,0,0,nan,nan,0,lotte_technology_search_100k_q77,0,0.687972475837995,2,hybrid_lite,0,0,0,746,dense
13,0,1,1,0.6589242053789731,1078,6,0.3410757946210269,0.66,0,lotte_technology_search_100k_q114,1,0.7741167130614823,2,linucb_primary,1,1,1,1636,dense
13,1,1,1,0.02010869565217391,37,1,0.7233695652173913,0.01,1,lotte_technology_search_100k_q346,2,0.914178006824856,3,linucb_primary,1,1,1,1840,dense
13,1,1,1,0.06020066889632107,72,1,0.7207357859531773,0.01,1,lotte_technology_search_100k_q49,2,0.7037525347208619,3,hybrid_lite,1,1,1,1196,dense
13,1,1,1,0.3363774733637747,442,3,0.6118721461187215,0.01,1,lotte_technology_search_100k_q110,3,0.9104112248453022,3,linucb_primary,1,1,1,1314,dense
13,0,0,0,nan,0,0,nan,nan,0,lotte_technology_search_100k_q237,0,0.3118766861597891,0,full_dense_fallback,0,0,0,788,dense
13,1,0,1,0.2623762376237624,106,1,0.5074257425742574,0.01,0,lotte_technology_search_100k_q307,1,0.46456041294302586,2,hybrid_lite,1,1,1,404,dense
13,1,0,1,0.03761283851554664,75,1,0.5325977933801405,0.01,1,lotte_technology_search_100k_q491,6,0.35090453661730614,2,full_dense_fallback,1,1,1,1994,dense
13,1,1,1,0.17994100294985252,122,2,0.5943952802359882,0.01,1,lotte_technology_search_100k_q43,4,0.9219770841097541,3,linucb_primary,1,1,1,678,dense
13,1,1,1,0.0832183908045977,181,1,0.36873563218390804,0.01,1,lotte_technology_search_100k_q409,2,0.7631361088495142,3,linucb_primary,1,1,1,2175,dense
13,1,1,0,nan,0,0,nan,nan,0,lotte_technology_search_100k_q317,0,0.5560262383413727,2,hybrid_lite,0,0,0,1521,dense
13,1,1,1,nan,0,0,nan,nan,0,lotte_technology_search_100k_q6,0,0.6657493732101363,3,hybrid_lite,0,0,0,2217,dense
13,1,1,1,0.06684611933602512,149,1,0.5392552714221623,0.01,1,lotte_technology_search_100k_q308,4,0.9070269714283247,3,linucb_primary,1,1,1,2229,dense
13,1,0,1,nan,0,0,nan,nan,0,lotte_technology_search_100k_q28,0,0.448712193337978,2,hybrid_lite,0,0,0,1240,dense
13,1,1,1,0.026814911706998037,41,1,0.5369522563767168,0.01,1,lotte_technology_search_100k_q422,6,0.8809222020749372,3,linucb_primary,1,1,1,1529,dense
13,1,0,1,0.43977976600137647,639,4,0.5602202339986235,0.01,0,lotte_technology_search_100k_q191,1,0.45057124566818585,2,hybrid_lite,1,1,1,1453,dense
13,1,0,1,0.11790393013100436,162,1,0.5218340611353711,0.01,0,lotte_technology_search_100k_q485,1,0.37984444616193414,2,full_dense_fallback,1,1,1,1374,dense
13,1,0,1,0.2244258872651357,215,2,0.6409185803757829,0.01,0,lotte_technology_search_100k_q146,1,0.40206517861707963,2,full_dense_fallback,1,1,1,958,dense
13,1,1,1,0.020442930153321975,36,1,0.8324815445769449,0.01,1,lotte_technology_search_100k_q457,8,0.8246471811474988,3,linucb_primary,1,1,1,1761,dense
13,1,1,1,0.08333333333333333,65,1,0.44487179487179485,0.01,1,lotte_technology_search_100k_q324,10,0.4559077457157536,3,hybrid_lite,1,1,1,780,dense
13,1,1,1,0.6153846153846154,808,2,0.3434881949733435,0.01,1,lotte_technology_search_100k_q294,2,0.41634735792196864,3,full_dense_fallback,1,1,1,1313,dense
13,1,1,1,0.19586374695863748,161,1,0.5498783454987834,0.01,0,lotte_technology_search_100k_q303,1,0.8769842392419868,3,linucb_primary,1,1,1,822,dense
13,1,1,1,0.3347260909935005,721,1,0.24791086350974934,0.01,1,lotte_technology_search_100k_q452,3,0.6427564747029608,3,hybrid_lite,1,1,1,2154,dense
13,1,1,1,0.296,481,2,0.5236923076923077,0.01,1,lotte_technology_search_100k_q551,2,0.622486108598789,3,hybrid_lite,1,1,1,1625,dense
13,1,1,1,0.04732690622261174,54,1,0.5477651183172656,0.01,0,lotte_technology_search_100k_q360,1,0.6486706504107086,3,hybrid_lite,1,1,1,1141,dense
13,1,1,1,0.17412140575079874,109,1,0.5623003194888179,0.01,0,lotte_technology_search_100k_q9,1,0.567053688205699,3,hybrid_lite,1,1,1,626,dense
13,1,1,1,0.15078407720144751,250,1,0.7225572979493365,0.01,1,lotte_technology_search_100k_q309,3,0.8725981898723443,3,linucb_primary,1,1,1,1658,dense
13,1,1,1,0.07894736842105263,195,1,0.3331983805668016,0.01,1,lotte_technology_search_100k_q593,2,0.9747181952836,3,linucb_primary,1,1,1,2470,dense
13,1,1,1,nan,0,0,nan,nan,0,lotte_technology_search_100k_q208,0,0.8565602143464014,3,linucb_primary,0,0,0,1657,dense
13,1,1,1,0.0998439937597504,64,1,0.4914196567862714,0.01,1,lotte_technology_search_100k_q489,3,0.683011975217335,3,hybrid_lite,1,1,1,641,dense
13,1,1,1,0.2783229259589652,312,1,0.5950044603033007,0.01,0,lotte_technology_search_100k_q62,1,0.9660994319227075,3,linucb_primary,1,1,1,1121,dense
13,1,1,1,0.06484295845997974,64,1,0.6261398176291793,0.01,1,lotte_technology_search_100k_q111,6,0.9565343611800969,3,linucb_primary,1,1,1,987,dense
13,1,1,1,0.318475073313783,543,5,0.681524926686217,0.32,1,lotte_technology_search_100k_q214,2,0.9627793030428095,3,linucb_primary,1,1,1,1705,dense
13,1,1,1,0.3158783783783784,748,1,0.4294763513513513,0.01,1,lotte_technology_search_100k_q479,2,0.71348001856288,3,hybrid_lite,1,1,1,2368,dense
13,1,1,1,0.0935361216730038,123,1,0.48897338403041823,0.01,1,lotte_technology_search_100k_q332,3,0.9549337044762473,3,linucb_primary,1,1,1,1315,dense
13,1,1,1,0.0989010989010989,99,1,0.6413586413586414,0.01,1,lotte_technology_search_100k_q83,2,0.5574553595728505,3,hybrid_lite,1,1,1,1001,dense
13,1,1,1,0.19504132231404958,118,1,0.5933884297520662,0.01,0,lotte_technology_search_100k_q87,1,0.5969088300715738,3,hybrid_lite,1,1,1,605,dense
13,1,1,1,0.07528015820698747,571,2,0.817798286090969,0.01,1,lotte_technology_search_100k_q558,3,0.8581865712681085,3,linucb_primary,1,1,1,7585,dense
13,1,0,1,0.7899045020463847,579,7,0.21009549795361526,0.79,0,lotte_technology_search_100k_q155,1,0.5684082730345728,2,hybrid_lite,1,1,1,733,dense
13,1,1,1,0.047045951859956234,43,1,0.5656455142231948,0.01,1,lotte_technology_search_100k_q404,4,0.474523008254095,3,hybrid_lite,1,1,1,914,dense
13,0,1,1,nan,0,0,nan,nan,0,lotte_technology_search_100k_q47,0,0.639361425612944,2,hybrid_lite,0,0,0,844,dense
13,1,1,1,0.13240418118466898,76,1,0.6602787456445993,0.01,0,lotte_technology_search_100k_q37,1,0.9604440640705266,3,linucb_primary,1,1,1,574,dense
13,1,1,1,0.13405797101449277,148,1,0.7028985507246377,0.01,1,lotte_technology_search_100k_q335,3,0.6950911354759932,3,hybrid_lite,1,1,1,1104,dense
13,1,1,1,0.20466982852973367,561,1,0.34330536300620207,0.01,0,lotte_technology_search_100k_q411,1,0.9049128275168302,3,linucb_primary,1,1,1,2741,dense
13,1,1,1,0.14333333333333334,86,2,0.6716666666666666,0.01,0,lotte_technology_search_100k_q265,1,0.6007069104345769,3,hybrid_lite,1,1,1,600,dense
13,0,1,1,0.054694621695533276,60,1,0.6481312670920694,0.01,1,lotte_technology_search_100k_q510,6,0.6606646779346441,2,hybrid_lite,1,1,1,1097,dense
13,1,0,1,0.13679619349722444,345,1,0.598334655035686,0.01,1,lotte_technology_search_100k_q327,5,0.38385703853036035,2,full_dense_fallback,1,1,1,2522,dense
13,1,1,1,0.2168421052631579,206,1,0.4336842105263158,0.01,1,lotte_technology_search_100k_q229,4,0.6173396732980581,3,hybrid_lite,1,1,1,950,dense
13,1,1,1,0.10511363636363637,74,1,0.6221590909090908,0.01,0,lotte_technology_search_100k_q168,1,0.6126152606434386,3,hybrid_lite,1,1,1,704,dense
13,1,1,1,0.11768754301445286,342,1,0.7019958706125258,0.01,1,lotte_technology_search_100k_q326,2,0.6488111828173829,3,hybrid_lite,1,1,1,2906,dense
13,1,1,1,0.19530284301606923,158,1,0.5747836835599506,0.01,0,lotte_technology_search_100k_q205,1,0.7848986072906714,3,linucb_primary,1,1,1,809,dense
13,1,1,1,0.3009845288326301,214,3,0.6540084388185654,0.01,0,lotte_technology_search_100k_q19,1,0.2880698981886918,3,full_dense_fallback,1,1,1,711,dense
13,1,1,1,0.11297709923664122,74,1,0.5938931297709924,0.01,0,lotte_technology_search_100k_q167,1,0.7736048293304252,3,linucb_primary,1,1,1,655,dense
13,1,1,1,0.48246674727932287,399,3,0.47642079806529625,0.01,1,lotte_technology_search_100k_q52,2,0.7049642979591966,3,hybrid_lite,1,1,1,827,dense
13,1,1,1,0.08360128617363344,130,1,0.7144694533762057,0.01,0,lotte_technology_search_100k_q331,1,0.8517940744247984,3,linucb_primary,1,1,1,1555,dense
13,0,1,1,0.11060433295324971,97,2,0.597491448118586,0.01,0,lotte_technology_search_100k_q20,1,0.8304480129275498,2,linucb_primary,1,1,1,877,dense
13,1,1,1,0.44526748971193414,541,3,0.339917695473251,0.01,0,lotte_technology_search_100k_q212,1,0.6469754191095731,3,hybrid_lite,1,1,1,1215,dense
13,0,0,1,0.27395209580838326,183,2,0.4730538922155688,0.01,1,lotte_technology_search_100k_q75,2,0.6809625520382507,1,hybrid_lite,1,1,1,668,dense
13,1,1,1,0.2518740629685157,168,1,0.5037481259370316,0.01,0,lotte_technology_search_100k_q190,1,0.8753140948441493,3,linucb_primary,1,1,1,667,dense
13,1,1,1,0.06542882404951371,74,1,0.5764809902740937,0.01,1,lotte_technology_search_100k_q437,10,0.9517426584454318,3,linucb_primary,1,1,1,1131,dense
13,1,1,1,0.13317043372021992,218,1,0.34697617593158214,0.01,1,lotte_technology_search_100k_q406,2,0.7659005735871538,3,linucb_primary,1,1,1,1637,dense
13,0,1,0,nan,0,0,nan,nan,0,lotte_technology_search_100k_q116,0,0.4019988561554955,1,full_dense_fallback,0,0,0,1288,dense
13,0,1,1,0.6143911439114391,999,6,0.3856088560885609,0.62,0,lotte_technology_search_100k_q374,1,0.9597122046767199,2,linucb_primary,1,1,1,1626,dense
13,1,1,1,0.03563373928732522,79,1,0.35137573297248537,0.01,1,lotte_technology_search_100k_q375,2,0.9910371057474535,3,linucb_primary,1,1,1,2217,dense
13,1,1,1,0.5525525525525525,1104,5,0.44744744744744747,0.56,0,lotte_technology_search_100k_q565,1,0.7979055290208116,3,linucb_primary,1,1,1,1998,dense
13,1,1,1,nan,0,0,nan,nan,0,lotte_technology_search_100k_q10,0,0.7569594560058704,3,linucb_primary,0,0,0,984,dense
13,1,1,1,0.21836506159014557,195,1,0.39529675251959684,0.01,1,lotte_technology_search_100k_q589,2,0.9881422438036125,3,linucb_primary,1,1,1,893,dense
13,1,1,1,0.08495713172252534,109,1,0.5604053000779423,0.01,1,lotte_technology_search_100k_q300,4,0.6066966659835316,3,hybrid_lite,1,1,1,1283,dense
13,1,1,1,0.12357846853677028,163,1,0.6808188021228203,0.01,1,lotte_technology_search_100k_q430,4,0.8281911295280563,3,linucb_primary,1,1,1,1319,dense
13,1,1,1,0.3882978723404255,511,1,0.44832826747720367,0.01,1,lotte_technology_search_100k_q418,2,0.583737804252919,3,hybrid_lite,1,1,1,1316,dense
13,1,0,1,0.20974760661444736,241,2,0.6762402088772845,0.01,0,lotte_technology_search_100k_q158,1,0.16342728627196385,2,full_dense_fallback,1,1,1,1149,dense
13,1,1,1,0.4369700395703787,773,3,0.2713397399660825,0.01,1,lotte_technology_search_100k_q80,2,0.6249058774803345,3,hybrid_lite,1,1,1,1769,dense
13,1,1,1,0.036170212765957444,51,1,0.5510638297872341,0.01,0,lotte_technology_search_100k_q372,1,0.9508391317161572,3,linucb_primary,1,1,1,1410,dense
13,1,1,1,0.03983295856087375,248,1,0.9293286219081272,0.01,1,lotte_technology_search_100k_q347,6,0.7117788584844382,3,hybrid_lite,1,1,1,6226,dense
13,1,1,1,0.14553607827150428,357,1,0.5878516102731349,0.01,0,lotte_technology_search_100k_q204,1,0.8162999366402081,3,linucb_primary,1,1,1,2453,dense
13,1,1,1,0.47572815533980584,196,5,0.5242718446601942,0.48,1,lotte_technology_search_100k_q231,2,0.8926257683580615,3,linucb_primary,1,1,1,412,dense
13,0,1,1,nan,0,0,nan,nan,0,lotte_technology_search_100k_q119,0,0.7193026440445047,2,hybrid_lite,0,0,0,704,dense
13,1,1,1,0.023206751054852322,66,1,0.5727848101265822,0.01,1,lotte_technology_search_100k_q455,4,0.8124350520407644,3,linucb_primary,1,1,1,2844,dense
13,0,0,0,nan,0,0,nan,nan,0,lotte_technology_search_100k_q150,0,0.5523514016903903,0,hybrid_lite,0,0,0,1080,dense
13,1,1,1,0.094316807738815,234,1,0.3309149536477227,0.01,1,lotte_technology_search_100k_q569,4,0.7296302683743701,3,hybrid_lite,1,1,1,2481,dense
13,1,1,1,0.6428571428571429,513,6,0.3571428571428571,0.65,0,lotte_technology_search_100k_q221,1,0.394890634080757,3,full_dense_fallback,1,1,1,798,dense
13,1,1,1,0.049930651872399444,108,1,0.7776236708275543,0.01,1,lotte_technology_search_100k_q573,2,0.8886244341068541,3,linucb_primary,1,1,1,2163,dense
13,1,1,1,0.0611353711790393,70,1,0.6200873362445415,0.01,1,lotte_technology_search_100k_q429,10,0.9539738136628447,3,linucb_primary,1,1,1,1145,dense
13,0,1,1,0.42205882352941176,574,1,0.3713235294117647,0.01,0,lotte_technology_search_100k_q487,1,0.449677893432747,2,hybrid_lite,1,1,1,1360,dense
13,1,1,1,0.04127579737335835,44,1,0.4437148217636022,0.01,1,lotte_technology_search_100k_q243,2,0.6733616518765927,3,hybrid_lite,1,1,1,1066,dense
13,1,1,1,0.542910447761194,582,1,0.26399253731343286,0.01,1,lotte_technology_search_100k_q53,2,0.8901957951103566,3,linucb_primary,1,1,1,1072,dense
13,1,1,1,0.06037567084078712,135,1,0.8698568872987478,0.01,1,lotte_technology_search_100k_q323,2,0.42459970505557715,3,full_dense_fallback,1,1,1,2236,dense
13,1,1,1,1.0,1822,10,0.19209659714599336,0.81,0,lotte_technology_search_100k_q391,1,0.9430363355275024,3,linucb_primary,1,0,1,1822,dense
13,1,1,1,0.0666189111747851,93,1,0.518624641833811,0.01,1,lotte_technology_search_100k_q348,5,0.9904512718653322,3,linucb_primary,1,1,1,1396,dense
13,1,1,1,0.24731182795698925,276,1,0.5636200716845878,0.01,0,lotte_technology_search_100k_q432,1,0.27674924358725544,3,full_dense_fallback,1,1,1,1116,dense
13,1,1,1,0.8651794374393792,1784,7,0.1348205625606208,0.87,0,lotte_technology_search_100k_q71,1,0.9707020611339402,3,linucb_primary,0,1,1,2062,dense
13,1,1,1,0.039627039627039624,68,1,0.6107226107226107,0.01,1,lotte_technology_search_100k_q398,7,0.9556089023926546,3,linucb_primary,1,1,1,1716,dense
13,0,0,0,nan,0,0,nan,nan,0,lotte_technology_search_100k_q319,0,0.235734306510436,0,full_dense_fallback,0,0,0,809,dense
13,1,1,1,nan,0,0,nan,nan,0,lotte_technology_search_100k_q182,0,0.7048843221849641,3,hybrid_lite,0,0,0,1074,dense
13,1,1,1,0.7536988685813751,866,7,0.4543080939947781,0.55,0,lotte_technology_search_100k_q25,1,0.5908398005153989,3,hybrid_lite,1,1,1,1149,dense
13,1,1,1,0.31649189704480457,332,3,0.5977121067683508,0.01,0,lotte_technology_search_100k_q14,1,0.6225708646462669,3,hybrid_lite,1,1,1,1049,dense
13,1,1,1,0.5223880597014925,210,3,0.4104477611940298,0.01,0,lotte_technology_search_100k_q370,1,0.8259326828661083,3,linucb_primary,1,1,1,402,dense
13,1,1,1,0.11651523249599145,218,2,0.65793693212186,0.01,1,lotte_technology_search_100k_q449,4,0.9473462655475271,3,linucb_primary,1,1,1,1871,dense
13,1,1,1,0.5233380480905233,740,3,0.4483734087694484,0.01,1,lotte_technology_search_100k_q39,2,0.7970893163758291,3,linucb_primary,1,1,1,1414,dense
13,1,1,1,0.48440748440748443,699,8,0.724878724878725,0.28,0,lotte_technology_search_100k_q165,1,0.8679977094801857,3,linucb_primary,1,1,1,1443,dense
13,1,1,1,0.10151085930122758,215,1,0.722851746931067,0.01,1,lotte_technology_search_100k_q350,6,0.8223630455206374,3,linucb_primary,1,1,1,2118,dense
13,1,0,1,0.920935412026726,827,9,0.07906458797327398,0.93,0,lotte_technology_search_100k_q156,1,0.444861784867541,2,hybrid_lite,0,1,1,898,dense
13,1,1,1,nan,0,0,nan,nan,0,lotte_technology_search_100k_q567,0,0.5120403230082322,3,hybrid_lite,0,0,0,1242,dense
13,1,0,1,0.07208650380456548,180,1,0.5718862635162194,0.01,1,lotte_technology_search_100k_q468,2,0.4898629993598227,2,hybrid_lite,1,1,1,2497,dense
13,1,1,1,0.8876933422999328,1320,9,0.6119704102219233,0.39,0,lotte_technology_search_100k_q524,1,0.5168116659833479,3,hybrid_lite,0,1,1,1487,dense
13,1,1,1,0.5451428571428572,477,5,0.45485714285714285,0.55,0,lotte_technology_search_100k_q187,1,0.4806890108501839,3,hybrid_lite,1,1,1,875,dense
13,1,1,1,0.09104704097116843,120,1,0.452959028831563,0.01,1,lotte_technology_search_100k_q486,2,0.4512974572850058,3,hybrid_lite,1,1,1,1318,dense
13,0,1,1,nan,0,0,nan,nan,0,lotte_technology_search_100k_q68,0,0.8360217214558129,2,linucb_primary,0,0,0,1117,dense
13,1,1,1,0.233201581027668,118,1,0.5533596837944664,0.01,0,lotte_technology_search_100k_q86,1,0.7128971886501004,3,hybrid_lite,1,1,1,506,dense
13,1,1,1,0.5857385398981324,345,6,0.5755517826825127,0.43,0,lotte_technology_search_100k_q118,1,0.8511133389895534,3,linucb_primary,1,1,1,589,dense
13,1,1,1,0.15853658536585366,182,1,0.6106271777003485,0.01,0,lotte_technology_search_100k_q133,1,0.5895648247723939,3,hybrid_lite,1,1,1,1148,dense
13,1,0,1,0.0840630472854641,144,1,0.38178633975481613,0.01,1,lotte_technology_search_100k_q587,3,0.22377106044673836,2,full_dense_fallback,1,1,1,1713,dense
13,1,1,1,0.2365967365967366,406,1,0.5075757575757576,0.01,0,lotte_technology_search_100k_q550,1,0.7261487517542374,3,hybrid_lite,1,1,1,1716,dense
13,0,0,0,nan,0,0,nan,nan,0,lotte_technology_search_100k_q149,0,0.5087308583106244,0,hybrid_lite,0,0,0,927,dense
13,1,1,1,0.11572942135289324,142,1,0.6356968215158925,0.01,0,lotte_technology_search_100k_q571,1,0.828311777068755,3,linucb_primary,1,1,1,1227,dense
13,0,1,1,0.5519125683060109,707,4,0.4480874316939891,0.01,0,lotte_technology_search_100k_q481,1,0.9927162879848865,2,linucb_primary,1,1,1,1281,dense
13,1,0,1,0.07321848081440877,187,1,0.6695379796397807,0.01,1,lotte_technology_search_100k_q299,3,0.3225183913758471,2,full_dense_fallback,1,1,1,2554,dense
13,1,1,1,0.053415061295971976,61,1,0.37302977232924694,0.01,1,lotte_technology_search_100k_q255,3,0.42184584756765053,3,full_dense_fallback,1,1,1,1142,dense
13,1,0,1,0.06726825266611977,82,1,0.37243642329778504,0.01,1,lotte_technology_search_100k_q393,3,0.6961232863849274,2,hybrid_lite,1,1,1,1219,dense
13,1,1,1,0.12813021702838062,307,1,0.518363939899833,0.01,1,lotte_technology_search_100k_q530,4,0.7045719625435839,3,hybrid_lite,1,1,1,2396,dense
13,1,1,1,0.04584819154355578,90,1,0.6576668364747835,0.01,1,lotte_technology_search_100k_q349,2,0.9702449253302385,3,linucb_primary,1,1,1,1963,dense
13,0,1,1,nan,0,0,nan,nan,0,lotte_technology_search_100k_q56,0,0.8400612504173447,2,linucb_primary,0,0,0,1028,dense
13,1,1,1,0.1295219638242894,401,1,0.20348837209302328,0.01,1,lotte_technology_search_100k_q532,2,0.8018928045786885,3,linucb_primary,1,1,1,3096,dense
13,1,1,1,0.4981012658227848,787,4,0.5018987341772152,0.01,1,lotte_technology_search_100k_q351,2,0.8876831746311804,3,linucb_primary,1,1,1,1580,dense
13,1,1,1,0.1431513903192585,139,1,0.325437693099897,0.01,1,lotte_technology_search_100k_q586,5,0.824027221870939,3,linucb_primary,1,1,1,971,dense
13,1,1,1,0.10132743362831859,229,1,0.49911504424778763,0.01,1,lotte_technology_search_100k_q540,3,0.9528357497960024,3,linucb_primary,1,1,1,2260,dense
13,1,1,1,0.016831108531630876,29,1,0.73476494486361,0.01,1,lotte_technology_search_100k_q515,6,0.9730229451867286,3,linucb_primary,1,1,1,1723,dense
13,0,1,1,0.1982142857142857,111,1,0.4535714285714286,0.01,0,lotte_technology_search_100k_q223,1,0.9704802794155217,2,linucb_primary,1,1,1,560,dense
13,1,1,1,0.14331210191082802,90,1,0.5238853503184713,0.01,0,lotte_technology_search_100k_q228,1,0.31243297188769686,3,full_dense_fallback,1,1,1,628,dense
13,0,1,1,0.1827768014059754,208,2,0.59402460456942,0.01,0,lotte_technology_search_100k_q30,1,0.4782688620836425,2,hybrid_lite,1,1,1,1138,dense
13,1,1,1,0.10843373493975904,135,1,0.4473895582329317,0.01,1,lotte_technology_search_100k_q548,2,0.9654732110957772,3,linucb_primary,1,1,1,1245,dense
13,1,1,1,0.10323089046493301,131,1,0.24901497241922776,0.01,1,lotte_technology_search_100k_q365,3,0.933712179475078,3,linucb_primary,1,1,1,1269,dense
13,1,1,1,0.030267753201396973,26,1,0.7322467986030268,0.01,1,lotte_technology_search_100k_q145,2,0.4910357961562446,3,hybrid_lite,1,1,1,859,dense
13,1,1,1,0.033278777959629025,61,1,0.613747954173486,0.01,1,lotte_technology_search_100k_q341,3,0.9786502772045262,3,linucb_primary,1,1,1,1833,dense
13,1,0,1,0.06683168316831684,54,1,0.6262376237623762,0.01,1,lotte_technology_search_100k_q248,2,0.3600652207651884,2,full_dense_fallback,1,1,1,808,dense
13,1,1,1,0.10024154589371981,166,1,0.7264492753623188,0.01,1,lotte_technology_search_100k_q484,2,0.9675817633905903,3,linucb_primary,1,1,1,1656,dense
13,1,1,1,0.20024875621890548,161,2,0.4689054726368159,0.01,1,lotte_technology_search_100k_q239,2,0.9011592828034836,3,linucb_primary,1,1,1,804,dense
13,1,1,1,0.2398753894080997,77,1,0.604361370716511,0.01,0,lotte_technology_search_100k_q385,1,0.4866753382811222,3,hybrid_lite,1,1,1,321,dense
13,1,1,1,0.037745879851143006,71,1,0.5688463583200425,0.01,1,lotte_technology_search_100k_q380,3,0.6808638243841404,3,hybrid_lite,1,1,1,1881,dense
13,1,0,1,0.11178107606679036,241,1,0.38450834879406304,0.01,1,lotte_technology_search_100k_q518,2,0.5221462350919688,2,hybrid_lite,1,1,1,2156,dense
13,1,1,1,0.21745562130177515,147,2,0.5784023668639053,0.01,0,lotte_technology_search_100k_q277,1,0.4768483021977464,3,hybrid_lite,1,1,1,676,dense
13,1,0,0,nan,0,0,nan,nan,0,lotte_technology_search_100k_q134,0,0.7247926601231769,1,hybrid_lite,0,0,0,696,dense
13,1,0,1,0.16907844630616908,222,3,0.7456207159177457,0.01,0,lotte_technology_search_100k_q59,1,0.2872669189534081,2,full_dense_fallback,1,1,1,1313,dense
13,1,1,1,0.32620320855614976,427,1,0.2818945760122231,0.01,1,lotte_technology_search_100k_q128,2,0.684630763862264,3,hybrid_lite,1,1,1,1309,dense
13,0,1,1,nan,0,0,nan,nan,0,lotte_technology_search_100k_q38,0,0.8272826960292207,2,linucb_primary,0,0,0,727,dense
13,1,1,1,0.06687898089171974,63,1,0.5074309978768577,0.01,1,lotte_technology_search_100k_q388,3,0.7077724550009987,3,hybrid_lite,1,1,1,942,dense
13,1,1,1,0.2939346811819596,378,2,0.3911353032659409,0.01,0,lotte_technology_search_100k_q123,1,0.8475730534568716,3,linucb_primary,1,1,1,1286,dense
13,1,1,1,0.6171088746569076,1349,8,0.38289112534309244,0.62,1,lotte_technology_search_100k_q67,2,0.8993706925338362,3,linucb_primary,1,1,1,2186,dense
13,1,1,1,0.9550425273390036,786,9,0.04495747266099637,0.96,0,lotte_technology_search_100k_q15,1,0.6506887409496895,3,hybrid_lite,0,0,1,823,dense
13,1,1,1,0.22792844777841892,395,2,0.718407386035776,0.01,1,lotte_technology_search_100k_q531,3,0.9454406001561504,3,linucb_primary,1,1,1,1733,dense
13,1,1,1,0.053763440860215055,95,1,0.502546689303905,0.01,1,lotte_technology_search_100k_q512,3,0.6222974257459849,3,hybrid_lite,1,1,1,1767,dense
13,1,1,1,0.06951871657754011,65,1,0.4598930481283422,0.01,0,lotte_technology_search_100k_q192,1,0.8060757885036918,3,linucb_primary,1,1,1,935,dense
13,1,1,1,0.225531914893617,318,4,0.774468085106383,0.01,1,lotte_technology_search_100k_q549,5,0.9809068203034239,3,linucb_primary,1,1,1,1410,dense
13,1,1,1,0.09761388286334056,135,1,0.49891540130151846,0.01,1,lotte_technology_search_100k_q554,2,0.9689962500533881,3,linucb_primary,1,1,1,1383,dense
13,0,1,1,0.2036697247706422,111,1,0.5724770642201835,0.01,0,lotte_technology_search_100k_q217,1,0.974981999844743,2,linucb_primary,1,1,1,545,dense
13,1,1,1,nan,0,0,nan,nan,0,lotte_technology_search_100k_q195,0,0.564987132182033,3,hybrid_lite,0,0,0,852,dense
13,1,1,1,0.04991816693944354,61,1,0.6432078559738135,0.01,1,lotte_technology_search_100k_q438,10,0.9594027724409564,3,linucb_primary,1,1,1,1222,dense
13,1,1,1,0.11572942135289324,142,1,0.6356968215158925,0.01,0,lotte_technology_search_100k_q555,1,0.7805912731164716,3,linucb_primary,1,1,1,1227,dense
13,1,0,1,0.4072164948453608,474,1,0.2680412371134021,0.01,1,lotte_technology_search_100k_q247,3,0.3582947342884274,2,full_dense_fallback,1,1,1,1164,dense
13,1,1,1,0.27704117236566644,397,2,0.4801116538729937,0.01,1,lotte_technology_search_100k_q330,3,0.8713671606421556,3,linucb_primary,1,1,1,1433,dense
13,1,1,1,nan,0,0,nan,nan,0,lotte_technology_search_100k_q381,0,0.5898329334711827,3,hybrid_lite,0,0,0,382,dense
13,1,0,1,nan,0,0,nan,nan,0,lotte_technology_search_100k_q157,0,0.27772693117886793,2,full_dense_fallback,0,0,0,766,dense
13,0,1,1,0.37042459736456806,253,4,0.6295754026354319,0.01,0,lotte_technology_search_100k_q130,1,0.9562347989553978,2,linucb_primary,1,1,1,683,dense
13,1,1,1,0.4663299663299663,277,5,0.5336700336700337,0.47,0,lotte_technology_search_100k_q54,1,0.6999293112784233,3,hybrid_lite,1,1,1,594,dense
13,1,1,1,0.03671830177854274,64,1,0.7280550774526677,0.01,1,lotte_technology_search_100k_q541,4,0.770951117948012,3,linucb_primary,1,1,1,1743,dense
13,1,1,1,0.19437340153452684,304,2,0.5856777493606138,0.01,1,lotte_technology_search_100k_q488,2,0.9671452614904472,3,linucb_primary,1,1,1,1564,dense
13,1,1,1,0.107457898957498,134,1,0.6062550120288692,0.01,1,lotte_technology_search_100k_q352,4,0.919187034221632,3,linucb_primary,1,1,1,1247,dense
13,1,1,1,0.19898819561551434,118,1,0.7048903878583475,0.01,0,lotte_technology_search_100k_q85,1,0.3814434631069508,3,full_dense_fallback,1,1,1,593,dense
13,1,1,1,0.13164893617021275,198,1,0.3816489361702128,0.01,0,lotte_technology_search_100k_q576,1,0.9059407571342338,3,linucb_primary,1,1,1,1504,dense
13,1,1,1,0.5809859154929577,825,7,0.671830985915493,0.33,0,lotte_technology_search_100k_q389,1,0.5018623896898102,3,hybrid_lite,1,1,1,1420,dense
13,1,1,1,0.018032786885245903,66,1,0.6680327868852459,0.01,1,lotte_technology_search_100k_q394,4,0.9728621396469813,3,linucb_primary,1,1,1,3660,dense
13,1,1,1,0.399452804377565,292,3,0.5376196990424076,0.01,0,lotte_technology_search_100k_q238,1,0.6833241923464554,3,hybrid_lite,1,1,1,731,dense
13,0,1,1,1.0,778,10,0.27506426735218514,0.73,0,lotte_technology_search_100k_q184,1,0.739559985985944,2,hybrid_lite,0,0,1,778,dense
13,1,1,1,0.24036095159967186,586,3,0.6940114848236258,0.01,1,lotte_technology_search_100k_q514,2,0.973029932220562,3,linucb_primary,1,1,1,2438,dense
13,1,1,1,0.09708446047490231,323,1,0.4388337841899609,0.01,1,lotte_technology_search_100k_q289,7,0.807824079219088,3,linucb_primary,1,1,1,3327,dense
13,1,1,1,0.05993485342019544,92,1,0.78371335504886,0.01,1,lotte_technology_search_100k_q461,10,0.9448629071452022,3,linucb_primary,1,1,1,1535,dense
13,1,1,1,0.06255283178360102,74,1,0.7134404057480981,0.01,1,lotte_technology_search_100k_q274,2,0.9439846568099309,3,linucb_primary,1,1,1,1183,dense
13,1,1,1,0.1997563946406821,164,1,0.36053593179049936,0.01,1,lotte_technology_search_100k_q521,2,0.8671190783898164,3,linucb_primary,1,1,1,821,dense
13,1,1,1,nan,0,0,nan,nan,0,lotte_technology_search_100k_q33,0,0.9476312860010829,3,linucb_primary,0,0,0,1057,dense
13,1,1,1,0.12983770287141075,104,1,0.480649188514357,0.01,0,lotte_technology_search_100k_q451,1,0.9600070536994315,3,linucb_primary,1,1,1,801,dense
13,1,1,1,0.42720763723150357,358,6,0.5727923627684964,0.43,0,lotte_technology_search_100k_q181,1,0.7989581427487823,3,linucb_primary,1,1,1,838,dense
13,1,1,1,nan,0,0,nan,nan,0,lotte_technology_search_100k_q36,0,0.9689829454096958,3,linucb_primary,0,0,0,1406,dense
13,1,1,1,0.1596480201131364,254,1,0.38529226901319924,0.01,1,lotte_technology_search_100k_q471,4,0.8467092357631936,3,linucb_primary,1,1,1,1591,dense
13,1,1,1,0.22366863905325443,378,2,0.7378698224852072,0.01,0,lotte_technology_search_100k_q124,1,0.8253354799400933,3,linucb_primary,1,1,1,1690,dense
13,0,1,1,0.40757238307349664,732,2,0.4894209354120267,0.01,1,lotte_technology_search_100k_q364,2,0.9334143215257709,2,linucb_primary,1,1,1,1796,dense
13,1,1,1,0.018696883852691217,33,1,0.8203966005665723,0.01,0,lotte_technology_search_100k_q520,1,0.7624233684319187,3,linucb_primary,1,1,1,1765,dense
13,0,1,1,nan,0,0,nan,nan,0,lotte_technology_search_100k_q92,0,0.6973208038426383,2,hybrid_lite,0,0,0,1326,dense
13,1,1,1,0.5533751962323391,705,5,0.4874411302982732,0.52,1,lotte_technology_search_100k_q108,4,0.9079855215781713,3,linucb_primary,1,1,1,1274,dense
13,1,0,0,nan,0,0,nan,nan,0,lotte_technology_search_100k_q282,0,0.7459492945399248,1,linucb_primary,0,0,0,1609,dense
13,1,1,1,0.16023738872403562,324,1,0.5410484668644906,0.01,0,lotte_technology_search_100k_q410,1,0.6703924064799845,3,hybrid_lite,1,1,1,2022,dense
13,1,0,1,0.09744408945686901,122,1,0.7587859424920128,0.01,0,lotte_technology_search_100k_q401,1,0.7792911685847174,2,linucb_primary,1,1,1,1252,dense
13,1,1,1,nan,0,0,nan,nan,0,lotte_technology_search_100k_q505,0,0.5436518295499544,3,hybrid_lite,0,0,0,1025,dense
13,1,0,1,0.08208154506437768,153,1,0.599785407725322,0.01,1,lotte_technology_search_100k_q490,3,0.4248035213829224,2,full_dense_fallback,1,1,1,1864,dense
13,1,1,1,0.13101604278074866,147,2,0.6818181818181819,0.01,0,lotte_technology_search_100k_q224,1,0.5679614247987084,3,hybrid_lite,1,1,1,1122,dense
13,1,1,1,0.2561576354679803,312,1,0.4860426929392446,0.01,0,lotte_technology_search_100k_q61,1,0.9092819809635861,3,linucb_primary,1,1,1,1218,dense
13,1,1,1,nan,0,0,nan,nan,0,lotte_technology_search_100k_q169,0,0.9227186144558974,3,linucb_primary,0,0,0,1056,dense
13,0,0,0,nan,0,0,nan,nan,0,lotte_technology_search_100k_q137,0,0.38036832731202247,0,full_dense_fallback,0,0,0,1200,dense
13,0,1,1,0.17737556561085974,196,1,0.5085972850678733,0.01,0,lotte_technology_search_100k_q144,1,0.5010802454937565,2,hybrid_lite,1,1,1,1105,dense
13,1,1,1,0.18835370237239396,262,2,0.6872753414809489,0.01,0,lotte_technology_search_100k_q199,1,0.500196303321602,3,hybrid_lite,1,1,1,1391,dense
13,1,1,1,0.13841059602649006,209,1,0.7211920529801324,0.01,1,lotte_technology_search_100k_q371,2,0.8441746689814265,3,linucb_primary,1,1,1,1510,dense
13,1,1,1,0.04855902092380576,123,1,0.7046979865771812,0.01,1,lotte_technology_search_100k_q153,3,0.8974614409527749,3,linucb_primary,1,1,1,2533,dense
13,1,1,1,nan,0,0,nan,nan,0,lotte_technology_search_100k_q233,0,0.6293736600488496,3,hybrid_lite,0,0,0,1087,dense
13,1,1,1,0.17618586640851888,182,1,0.4065827686350436,0.01,1,lotte_technology_search_100k_q232,2,0.8159522377841858,3,linucb_primary,1,1,1,1033,dense
13,1,1,1,0.06710158434296365,72,1,0.6663560111835973,0.01,1,lotte_technology_search_100k_q563,3,0.886912220424533,3,linucb_primary,1,1,1,1073,dense
13,1,1,1,0.03178586365537432,76,1,0.533667921371811,0.01,1,lotte_technology_search_100k_q408,7,0.8657992321550086,3,linucb_primary,1,1,1,2391,dense
13,0,0,0,nan,0,0,nan,nan,0,lotte_technology_search_100k_q74,0,0.3018835715949535,0,full_dense_fallback,0,0,0,589,dense
13,1,1,1,nan,0,0,nan,nan,0,lotte_technology_search_100k_q201,0,0.7888588810087327,3,linucb_primary,0,0,0,1131,dense
13,1,1,1,0.6299411269974768,749,3,0.30361648444070644,0.01,0,lotte_technology_search_100k_q478,1,0.7558129494954615,3,linucb_primary,1,1,1,1189,dense
13,0,1,1,nan,0,0,nan,nan,0,lotte_technology_search_100k_q176,0,0.5697971187641246,2,hybrid_lite,0,0,0,751,dense
13,1,1,1,0.19007731958762886,295,1,0.5631443298969072,0.01,1,lotte_technology_search_100k_q297,2,0.8422149663956743,3,linucb_primary,1,1,1,1552,dense
13,1,1,1,0.13923524522028263,335,1,0.23649210307564428,0.01,1,lotte_technology_search_100k_q458,3,0.9460036388365116,3,linucb_primary,1,1,1,2406,dense
13,1,1,1,0.40443213296398894,292,3,0.5318559556786704,0.01,0,lotte_technology_search_100k_q241,1,0.6395359397920846,3,hybrid_lite,1,1,1,722,dense
13,1,1,1,0.1640530759951749,136,1,0.6079613992762365,0.01,1,lotte_technology_search_100k_q272,2,0.45680724106633663,3,hybrid_lite,1,1,1,829,dense
13,1,1,1,0.03156384505021521,44,1,0.5954088952654233,0.01,1,lotte_technology_search_100k_q344,6,0.9497761011902192,3,linucb_primary,1,1,1,1394,dense
13,1,1,1,0.22241086587436332,262,1,0.5314091680814941,0.01,1,lotte_technology_search_100k_q94,3,0.8075131224666453,3,linucb_primary,1,1,1,1178,dense
13,1,1,1,0.5790523690773067,1161,3,0.38004987531172074,0.01,0,lotte_technology_search_100k_q198,1,0.3629866273618229,3,full_dense_fallback,1,1,1,2005,dense
13,1,1,1,0.22323340471092076,417,2,0.19379014989293364,0.01,0,lotte_technology_search_100k_q564,1,1.0,3,linucb_primary,1,1,1,1868,dense
13,1,1,1,0.01734489659773182,26,1,0.6444296197464976,0.01,1,lotte_technology_search_100k_q464,9,0.8775195912818574,3,linucb_primary,1,1,1,1499,dense
13,1,1,1,0.05118601747815231,82,1,0.7134831460674158,0.01,1,lotte_technology_search_100k_q407,3,0.9614523747979062,3,linucb_primary,1,1,1,1602,dense
13,1,1,1,0.07176079734219269,108,1,0.38870431893687707,0.01,1,lotte_technology_search_100k_q399,9,0.9088369855798173,3,linucb_primary,1,1,1,1505,dense
13,1,1,1,0.10054347826086957,74,1,0.71875,0.01,0,lotte_technology_search_100k_q270,1,0.930040115297185,3,linucb_primary,1,1,1,736,dense
13,1,1,1,0.1280558789289872,110,2,0.5634458672875436,0.01,1,lotte_technology_search_100k_q310,4,0.8713720819463963,3,linucb_primary,1,1,1,859,dense
13,1,1,1,0.24552572706935122,439,1,0.31375838926174493,0.01,1,lotte_technology_search_100k_q579,2,0.30397212323394596,3,full_dense_fallback,1,1,1,1788,dense
13,1,1,1,0.07386363636363637,143,1,0.38894628099173556,0.01,0,lotte_technology_search_100k_q472,1,0.7094001987958292,3,hybrid_lite,1,1,1,1936,dense
13,1,1,1,0.3159057437407953,429,1,0.29749631811487487,0.01,0,lotte_technology_search_100k_q387,1,0.9733280950672891,3,linucb_primary,1,1,1,1358,dense
13,1,1,1,0.06502890173410404,45,1,0.7832369942196532,0.01,0,lotte_technology_search_100k_q215,1,0.5494496387819124,3,hybrid_lite,1,1,1,692,dense
13,1,1,1,nan,0,0,nan,nan,0,lotte_technology_search_100k_q104,0,0.7627790825569856,3,linucb_primary,0,0,0,1593,dense
13,1,1,1,0.11353211009174312,198,1,0.5280963302752293,0.01,1,lotte_technology_search_100k_q357,3,0.7533678153820086,3,linucb_primary,1,1,1,1744,dense
13,1,1,1,0.0458830923947203,73,1,0.7196731615336267,0.01,1,lotte_technology_search_100k_q414,8,0.9457176480264282,3,linucb_primary,1,1,1,1591,dense
13,1,1,1,0.4362934362934363,791,1,0.4180915609487038,0.01,0,lotte_technology_search_100k_q279,1,0.46037940217165635,3,hybrid_lite,1,1,1,1813,dense
13,1,0,1,0.4559848005066498,720,2,0.4521849271690943,0.01,1,lotte_technology_search_100k_q494,2,0.5012088497133221,2,hybrid_lite,1,1,1,1579,dense
13,1,1,1,0.4963364993215739,1829,4,0.503663500678426,0.01,0,lotte_technology_search_100k_q584,1,0.6063134482229593,3,hybrid_lite,1,1,1,3685,dense
13,1,1,1,0.10165745856353592,92,2,0.7160220994475138,0.01,1,lotte_technology_search_100k_q209,3,0.5025197912344389,3,hybrid_lite,1,1,1,905,dense
13,1,1,1,0.13178294573643412,102,1,0.44056847545219635,0.01,1,lotte_technology_search_100k_q24,2,0.6678656454847162,3,hybrid_lite,1,1,1,774,dense
13,1,1,1,0.18783783783783783,278,1,0.5101351351351351,0.01,0,lotte_technology_search_100k_q256,1,0.9735831461481002,3,linucb_primary,1,1,1,1480,dense
13,1,1,1,0.061210453920220086,89,1,0.7606602475928473,0.01,1,lotte_technology_search_100k_q553,4,0.8198469808464878,3,linucb_primary,1,1,1,1454,dense
13,1,1,1,0.05170630816959669,100,1,0.607549120992761,0.01,1,lotte_technology_search_100k_q106,2,0.39078327243659705,3,full_dense_fallback,1,1,1,1934,dense
13,1,1,1,0.06717171717171717,133,1,0.5313131313131313,0.01,1,lotte_technology_search_100k_q543,2,0.8592248430374145,3,linucb_primary,1,1,1,1980,dense
13,1,1,1,0.10416666666666667,135,1,0.32484567901234573,0.01,1,lotte_technology_search_100k_q556,2,0.8920521768639256,3,linucb_primary,1,1,1,1296,dense
13,1,1,1,nan,0,0,nan,nan,0,lotte_technology_search_100k_q211,0,0.6013344322434765,3,hybrid_lite,0,0,0,886,dense
13,1,1,1,0.09274193548387097,69,1,0.7056451612903225,0.01,1,lotte_technology_search_100k_q88,3,0.9364716807284391,3,linucb_primary,1,1,1,744,dense
13,1,1,1,0.03387007218212104,61,1,0.6068850638534148,0.01,1,lotte_technology_search_100k_q340,3,0.9612077774613734,3,linucb_primary,1,1,1,1801,dense
13,0,1,0,nan,0,0,nan,nan,0,lotte_technology_search_100k_q276,0,0.444536850660775,1,hybrid_lite,0,0,0,553,dense
13,1,1,1,0.0779896013864818,135,1,0.5436164067013287,0.01,1,lotte_technology_search_100k_q386,2,0.6960865172454196,3,hybrid_lite,1,1,1,1731,dense
13,0,0,1,nan,0,0,nan,nan,0,lotte_technology_search_100k_q27,0,0.4624763577818796,1,hybrid_lite,0,0,0,1338,dense
13,1,1,1,0.18613707165109034,239,2,0.6433021806853583,0.01,1,lotte_technology_search_100k_q109,2,0.7953491731896307,3,linucb_primary,1,1,1,1284,dense
13,1,1,1,0.0959257349149046,186,1,0.3837029396596183,0.01,1,lotte_technology_search_100k_q504,3,0.7282549525847938,3,hybrid_lite,1,1,1,1939,dense
13,1,1,1,0.3069221967963387,1073,1,0.47282608695652173,0.01,0,lotte_technology_search_100k_q305,1,0.9327789714846924,3,linucb_primary,1,1,1,3496,dense
13,1,1,1,0.36255924170616116,612,1,0.5598341232227488,0.01,0,lotte_technology_search_100k_q315,1,0.5942137992266724,3,hybrid_lite,1,1,1,1688,dense
13,1,0,1,0.1312410841654779,184,1,0.4415121255349501,0.01,0,lotte_technology_search_100k_q435,1,0.6363674519476744,2,hybrid_lite,1,1,1,1402,dense
13,1,1,1,0.18943298969072164,147,1,0.5631443298969072,0.01,0,lotte_technology_search_100k_q135,1,0.7119061712303809,3,hybrid_lite,1,1,1,776,dense
13,1,1,1,0.12754409769335143,94,1,0.45861601085481685,0.01,1,lotte_technology_search_100k_q509,3,0.46814966183670503,3,hybrid_lite,1,1,1,737,dense
13,1,1,1,0.34072992700729926,1167,1,0.4548905109489051,0.01,1,lotte_technology_search_100k_q288,8,0.8412224393794875,3,linucb_primary,1,1,1,3425,dense
13,1,1,1,0.07017543859649122,68,1,0.4747162022703818,0.01,1,lotte_technology_search_100k_q42,2,0.9592183782281922,3,linucb_primary,1,1,1,969,dense
13,1,1,1,nan,0,0,nan,nan,0,lotte_technology_search_100k_q254,0,0.972595336235893,3,linucb_primary,0,0,0,1765,dense
13,1,1,1,0.21654135338345865,144,1,0.5052631578947369,0.01,1,lotte_technology_search_100k_q281,3,0.8247066285005936,3,linucb_primary,1,1,1,665,dense
13,1,1,1,0.10801144492131616,151,1,0.6151645207439198,0.01,1,lotte_technology_search_100k_q562,2,0.9613390089297503,3,linucb_primary,1,1,1,1398,dense
13,1,1,1,0.44133333333333336,331,1,0.43733333333333335,0.01,0,lotte_technology_search_100k_q534,1,0.5551054857376451,3,hybrid_lite,1,1,1,750,dense
13,1,1,1,0.21359940872135993,289,2,0.7339246119733924,0.01,0,lotte_technology_search_100k_q120,1,0.871256574835994,3,linucb_primary,1,1,1,1353,dense
13,1,1,1,0.22189173111243307,373,1,0.5580011897679953,0.01,1,lotte_technology_search_100k_q65,2,0.6875286355065804,3,hybrid_lite,1,1,1,1681,dense
13,1,0,1,0.2781456953642384,126,1,0.509933774834437,0.01,0,lotte_technology_search_100k_q302,1,0.2889815479607973,2,full_dense_fallback,1,1,1,453,dense
13,1,1,1,0.24143835616438356,141,2,0.48630136986301364,0.01,0,lotte_technology_search_100k_q222,1,0.4633957874015406,3,hybrid_lite,1,1,1,584,dense
13,1,1,1,0.12929184549356224,241,1,0.5547210300429184,0.01,1,lotte_technology_search_100k_q267,2,0.716156611668914,3,hybrid_lite,1,1,1,1864,dense
13,1,1,1,0.417420814479638,738,2,0.2709276018099548,0.01,1,lotte_technology_search_100k_q82,2,0.6807437460005542,3,hybrid_lite,1,1,1,1768,dense
13,0,1,1,0.11009667024704618,205,2,0.7717508055853921,0.01,0,lotte_technology_search_100k_q547,1,0.6841958772932991,2,hybrid_lite,1,1,1,1862,dense
13,1,1,1,0.20381406436233612,342,1,0.5834326579261024,0.01,1,lotte_technology_search_100k_q413,4,0.8538632658999297,3,linucb_primary,1,1,1,1678,dense
13,1,1,1,0.16975060337892195,211,2,0.6983105390185036,0.01,0,lotte_technology_search_100k_q164,1,0.9656504233667347,3,linucb_primary,1,1,1,1243,dense
13,1,1,1,0.37438423645320196,228,2,0.4203612479474549,0.01,0,lotte_technology_search_100k_q240,1,0.9771215242682952,3,linucb_primary,1,1,1,609,dense
13,0,1,1,0.045180722891566265,30,1,0.6385542168674698,0.01,0,lotte_technology_search_100k_q66,1,0.3510734751684374,2,full_dense_fallback,1,1,1,664,dense
13,1,1,1,0.03537455410225922,119,1,0.49583828775267536,0.01,1,lotte_technology_search_100k_q434,10,0.5483110937148651,3,hybrid_lite,1,1,1,3364,dense
13,1,1,1,0.12357846853677028,163,1,0.6808188021228203,0.01,1,lotte_technology_search_100k_q403,4,0.8118576115448378,3,linucb_primary,1,1,1,1319,dense
13,1,1,1,0.29344073647871116,255,1,0.5281933256616801,0.01,0,lotte_technology_search_100k_q154,1,0.6816905340452079,3,hybrid_lite,1,1,1,869,dense
13,1,0,0,nan,0,0,nan,nan,0,lotte_technology_search_100k_q8,0,0.2117650471935941,1,full_dense_fallback,0,0,0,527,dense
13,1,1,1,0.25406976744186044,437,4,0.7459302325581396,0.01,0,lotte_technology_search_100k_q40,1,0.8475087277378023,3,linucb_primary,1,1,1,1720,dense
13,0,1,1,0.8309037900874635,570,9,0.30466472303206993,0.7,0,lotte_technology_search_100k_q22,1,0.8994083781371932,2,linucb_primary,1,1,1,686,dense
13,1,0,1,0.06292388847023361,167,1,0.5444611906556142,0.01,0,lotte_technology_search_100k_q433,1,0.671375756144378,2,hybrid_lite,1,1,1,2654,dense
13,1,1,1,0.07516993202718912,188,1,0.3426629348260696,0.01,1,lotte_technology_search_100k_q585,2,0.9661903038311883,3,linucb_primary,1,1,1,2501,dense
13,1,0,1,0.11203319502074689,162,1,0.545643153526971,0.01,0,lotte_technology_search_100k_q526,1,0.36361380219840755,2,full_dense_fallback,1,1,1,1446,dense
13,1,1,1,0.11901681759379043,184,1,0.45536869340232855,0.01,1,lotte_technology_search_100k_q508,2,0.9595509109706365,3,linucb_primary,1,1,1,1546,dense
13,1,1,1,0.19405791650996615,516,1,0.5836780744640843,0.01,1,lotte_technology_search_100k_q575,3,0.8871151926587546,3,linucb_primary,1,1,1,2659,dense
13,1,1,1,nan,0,0,nan,nan,0,lotte_technology_search_100k_q172,0,0.5921711103722491,3,hybrid_lite,0,0,0,607,dense
13,1,1,1,0.5633958103638368,511,1,0.28886438809261306,0.01,0,lotte_technology_search_100k_q226,1,0.7307580817932171,3,hybrid_lite,1,1,1,907,dense
13,1,1,1,0.08057851239669421,117,1,0.390495867768595,0.01,1,lotte_technology_search_100k_q492,4,0.7054375011839751,3,hybrid_lite,1,1,1,1452,dense
13,1,1,1,0.06739345887016848,68,1,0.42715559960356786,0.01,1,lotte_technology_search_100k_q41,2,0.9776289476795776,3,linucb_primary,1,1,1,1009,dense
13,1,1,1,0.02014218009478673,51,1,0.8120063191153238,0.01,1,lotte_technology_search_100k_q502,6,0.620980243491785,3,hybrid_lite,1,1,1,2532,dense
13,0,1,1,0.11131725417439703,60,1,0.6641929499072357,0.01,0,lotte_technology_search_100k_q271,1,0.5332376903640242,2,hybrid_lite,1,1,1,539,dense
13,1,1,1,0.07600281491907107,108,1,0.7079521463757916,0.01,1,lotte_technology_search_100k_q566,3,0.657166504954481,3,hybrid_lite,1,1,1,1421,dense
13,1,1,1,0.043076923076923075,28,1,0.4061538461538462,0.01,1,lotte_technology_search_100k_q292,4,0.8580294416137226,3,linucb_primary,1,1,1,650,dense
13,1,1,1,0.20783460282916214,955,1,0.43068552774755164,0.01,1,lotte_technology_search_100k_q506,6,0.9455333952868991,3,linucb_primary,1,1,1,4595,dense
13,1,0,1,0.1835966892400301,244,1,0.4273890142964635,0.01,1,lotte_technology_search_100k_q493,2,0.5204246515842808,2,hybrid_lite,1,1,1,1329,dense
13,1,1,1,0.14809688581314878,214,1,0.3854671280276817,0.01,1,lotte_technology_search_100k_q338,2,0.7830102561048241,3,linucb_primary,1,1,1,1445,dense
13,1,1,1,0.026778882938026015,70,1,0.8978576893649579,0.01,1,lotte_technology_search_100k_q431,5,0.5631271394795078,3,hybrid_lite,1,1,1,2614,dense
13,0,0,1,nan,0,0,nan,nan,0,lotte_technology_search_100k_q26,0,0.44922485335770174,1,hybrid_lite,0,0,0,1263,dense
13,1,1,1,0.31822262118491923,709,2,0.5457809694793536,0.01,0,lotte_technology_search_100k_q72,1,0.9553682200889585,3,linucb_primary,1,1,1,2228,dense
13,0,1,1,0.40368271954674223,285,3,0.5594900849858357,0.01,0,lotte_technology_search_100k_q121,1,0.42540328170013963,2,full_dense_fallback,1,1,1,706,dense
13,0,1,1,0.7296786389413988,386,5,0.27032136105860116,0.73,0,lotte_technology_search_100k_q225,1,0.9820475659910235,2,linucb_primary,1,1,1,529,dense
13,1,1,1,0.28065573770491803,428,1,0.47540983606557374,0.01,1,lotte_technology_search_100k_q132,2,0.8813991314385916,3,linucb_primary,1,1,1,1525,dense
13,1,1,1,0.2613065326633166,312,1,0.4857621440536013,0.01,0,lotte_technology_search_100k_q63,1,0.9636326821798428,3,linucb_primary,1,1,1,1194,dense
13,0,1,1,0.24554826616682288,262,3,0.6597938144329897,0.01,0,lotte_technology_search_100k_q203,1,0.5865540510427664,2,hybrid_lite,1,1,1,1067,dense
13,1,1,1,0.051057770545158664,251,1,0.7595606183889341,0.01,1,lotte_technology_search_100k_q392,4,0.8948934934089512,3,linucb_primary,1,1,1,4916,dense
13,1,1,1,0.6895424836601307,1055,3,0.27647058823529413,0.01,1,lotte_technology_search_100k_q173,2,0.5891006147848652,3,hybrid_lite,1,1,1,1530,dense
13,1,1,1,0.13828125,177,1,0.24531250000000004,0.01,1,lotte_technology_search_100k_q249,4,0.7008535078260154,3,hybrid_lite,1,1,1,1280,dense
13,1,1,1,0.1590909090909091,231,1,0.5702479338842975,0.01,1,lotte_technology_search_100k_q581,3,0.6460940698395581,3,hybrid_lite,1,1,1,1452,dense
13,1,1,1,0.04165255672197765,123,1,0.74669827294277,0.01,1,lotte_technology_search_100k_q152,3,0.8547492252531766,3,linucb_primary,1,1,1,2953,dense
13,1,1,1,0.057502467917077985,233,1,0.6246298124383021,0.01,1,lotte_technology_search_100k_q590,2,0.774973557578426,3,linucb_primary,1,1,1,4052,dense
13,1,1,1,0.07013149655604257,112,1,0.47651847213525356,0.01,1,lotte_technology_search_100k_q95,3,0.7420899259356145,3,linucb_primary,1,1,1,1597,dense
13,1,1,1,0.04468412942989214,58,1,0.7303543913713405,0.01,0,lotte_technology_search_100k_q522,1,0.9081365515471123,3,linucb_primary,1,1,1,1298,dense
13,1,1,1,0.1536760641238253,278,1,0.34715312327252623,0.01,1,lotte_technology_search_100k_q257,2,0.9585254299376998,3,linucb_primary,1,1,1,1809,dense
13,1,1,1,0.04412923561859732,56,1,0.4365642237982663,0.01,1,lotte_technology_search_100k_q316,3,0.963602381928026,3,linucb_primary,1,1,1,1269,dense
13,1,1,1,0.1674074074074074,226,1,0.4548148148148148,0.01,0,lotte_technology_search_100k_q188,1,0.8027055125205425,3,linucb_primary,1,1,1,1350,dense
13,1,0,1,0.07840991976659373,215,1,0.5565280816921955,0.01,1,lotte_technology_search_100k_q529,7,0.4321668982696231,2,full_dense_fallback,1,1,1,2742,dense
13,1,1,1,0.8710289236605027,1837,7,0.12897107633949734,0.88,0,lotte_technology_search_100k_q70,1,0.968494461374493,3,linucb_primary,0,1,1,2109,dense
13,1,1,1,0.05273972602739726,77,1,0.6664383561643836,0.01,1,lotte_technology_search_100k_q298,2,0.7445203322399201,3,linucb_primary,1,1,1,1460,dense
13,1,0,1,0.5500349895031491,786,1,0.1714485654303709,0.01,0,lotte_technology_search_100k_q528,1,0.3885915939195436,2,full_dense_fallback,1,1,1,1429,dense
13,1,1,1,0.26049766718507,335,1,0.6905132192846034,0.01,0,lotte_technology_search_100k_q383,1,0.693408039283738,3,hybrid_lite,1,1,1,1286,dense
13,0,0,0,nan,0,0,nan,nan,0,lotte_technology_search_100k_q138,0,0.3979165865027844,0,full_dense_fallback,0,0,0,1121,dense
13,1,1,1,0.032130777903043965,57,1,0.6211950394588501,0.01,1,lotte_technology_search_100k_q442,3,0.7165668023656945,3,hybrid_lite,1,1,1,1774,dense
13,0,1,1,0.08284023668639054,56,1,0.4600591715976331,0.01,0,lotte_technology_search_100k_q180,1,0.5549448227499366,2,hybrid_lite,1,1,1,676,dense
13,1,1,1,0.1010752688172043,94,1,0.7139784946236559,0.01,0,lotte_technology_search_100k_q29,1,0.6548464932261647,3,hybrid_lite,1,1,1,930,dense
13,1,1,1,0.05112219451371571,41,1,0.7144638403990025,0.01,1,lotte_technology_search_100k_q295,5,0.9466378547093255,3,linucb_primary,1,1,1,802,dense
13,1,1,1,0.019385026737967916,29,1,0.6945187165775402,0.01,1,lotte_technology_search_100k_q519,6,0.77662761995402,3,linucb_primary,1,1,1,1496,dense
13,1,0,1,0.11099899091826437,110,1,0.5691220988900101,0.01,1,lotte_technology_search_100k_q242,3,0.3591732736276351,2,full_dense_fallback,1,1,1,991,dense
13,1,1,1,0.04723745255166596,112,1,0.7545339519190215,0.01,1,lotte_technology_search_100k_q334,2,0.7249807578175669,3,hybrid_lite,1,1,1,2371,dense
17,1,1,1,0.037337662337662336,23,1,0.5827922077922079,0.01,1,lotte_technology_search_100k_q336,4,0.5780581408061358,3,hybrid_lite,1,1,1,616,dense
17,1,1,1,0.3583556747095621,401,2,0.5031277926720286,0.01,0,lotte_technology_search_100k_q76,1,0.4868564205407094,3,hybrid_lite,1,1,1,1119,dense
17,1,1,1,0.13086770981507823,92,1,0.5277382645803699,0.01,1,lotte_technology_search_100k_q426,10,0.8494732675721365,3,linucb_primary,1,1,1,703,dense
17,1,1,1,0.04707233065442021,41,1,0.7003444316877152,0.01,0,lotte_technology_search_100k_q2,1,0.6106251195316386,3,hybrid_lite,1,1,1,871,dense
17,1,1,1,0.3781634128705712,523,1,0.4663774403470716,0.01,1,lotte_technology_search_100k_q447,3,0.8475916562781278,3,linucb_primary,1,1,1,1383,dense
17,1,1,1,nan,0,0,nan,nan,0,lotte_technology_search_100k_q139,0,0.8873105999490059,3,linucb_primary,0,0,0,1599,dense
17,1,1,1,0.18284228769497402,422,1,0.32235701906412473,0.01,1,lotte_technology_search_100k_q507,3,0.4526635085432953,3,hybrid_lite,1,1,1,2308,dense
17,0,1,1,nan,0,0,nan,nan,0,lotte_technology_search_100k_q58,0,0.717467825756265,2,hybrid_lite,0,0,0,803,dense
17,1,1,1,0.16905444126074498,177,2,0.673352435530086,0.01,1,lotte_technology_search_100k_q125,2,0.9336916783226213,3,linucb_primary,1,1,1,1047,dense
17,1,1,1,0.01828761429758936,66,1,0.6633416458852868,0.01,1,lotte_technology_search_100k_q462,4,0.9102952760923236,3,linucb_primary,1,1,1,3609,dense
17,0,1,1,0.24199743918053776,189,3,0.6850192061459668,0.01,0,lotte_technology_search_100k_q57,1,0.8173420469526403,2,linucb_primary,1,1,1,781,dense
17,1,1,1,0.10541110330288124,150,1,0.4982431482782853,0.01,1,lotte_technology_search_100k_q503,5,0.7386761734598339,3,hybrid_lite,1,1,1,1423,dense
17,1,1,1,0.10166919575113809,67,1,0.725341426403642,0.01,0,lotte_technology_search_100k_q264,1,0.8092717440635742,3,linucb_primary,1,1,1,659,dense
17,0,0,0,nan,0,0,nan,nan,0,lotte_technology_search_100k_q166,0,0.4490868109716533,0,hybrid_lite,0,0,0,1578,dense
17,1,0,1,0.171939477303989,125,2,0.7042640990371389,0.01,1,lotte_technology_search_100k_q213,2,0.3857990753687183,2,full_dense_fallback,1,1,1,727,dense
17,1,1,1,0.07577639751552795,122,1,0.7111801242236024,0.01,1,lotte_technology_search_100k_q578,8,0.7001447828824183,3,hybrid_lite,1,1,1,1610,dense
17,1,1,1,0.04448742746615087,46,1,0.6170212765957447,0.01,1,lotte_technology_search_100k_q244,3,0.5536347981790337,3,hybrid_lite,1,1,1,1034,dense
17,1,1,1,0.20830788026878436,341,4,0.7916921197312157,0.01,0,lotte_technology_search_100k_q117,1,0.607926896608801,3,hybrid_lite,1,1,1,1637,dense
17,0,1,1,0.7413984461709212,1336,6,0.2586015538290788,0.75,0,lotte_technology_search_100k_q280,1,0.7781083357302379,2,linucb_primary,1,1,1,1802,dense
17,1,1,1,0.06354334948842219,118,1,0.5831987075928917,0.01,1,lotte_technology_search_100k_q378,4,0.3036045542567671,3,full_dense_fallback,1,1,1,1857,dense
17,1,1,1,0.3051201671891327,292,3,0.6238244514106583,0.01,0,lotte_technology_search_100k_q11,1,0.8337026594275913,3,linucb_primary,1,1,1,957,dense
17,1,1,1,0.9560334528076464,4001,8,0.0439665471923536,0.96,0,lotte_technology_search_100k_q102,1,0.7222775822190715,3,hybrid_lite,0,0,1,4185,dense
17,1,0,1,nan,0,0,nan,nan,0,lotte_technology_search_100k_q363,0,0.3774949298049934,2,full_dense_fallback,0,0,0,871,dense
17,1,1,1,0.020174050632911392,51,1,0.7223101265822784,0.01,1,lotte_technology_search_100k_q446,10,0.7275785871811709,3,hybrid_lite,1,1,1,2528,dense
17,1,0,1,0.23215523215523215,670,1,0.702009702009702,0.01,0,lotte_technology_search_100k_q499,1,0.27530202590427544,2,full_dense_fallback,1,1,1,2886,dense
17,1,1,1,0.07973219720024345,131,1,0.6122945830797322,0.01,0,lotte_technology_search_100k_q476,1,0.8605047526958206,3,linucb_primary,1,1,1,1643,dense
17,1,1,1,0.10484927916120576,80,1,0.7142857142857143,0.01,1,lotte_technology_search_100k_q98,2,0.8317076378087633,3,linucb_primary,1,1,1,763,dense
17,1,0,0,nan,0,0,nan,nan,0,lotte_technology_search_100k_q284,0,0.24861195527055313,1,full_dense_fallback,0,0,0,1563,dense
17,1,0,1,0.19123505976095617,288,2,0.7569721115537849,0.01,0,lotte_technology_search_100k_q200,1,0.45943004119957076,2,hybrid_lite,1,1,1,1506,dense
17,1,1,1,nan,0,0,nan,nan,0,lotte_technology_search_100k_q170,0,0.9272758950939581,3,linucb_primary,0,0,0,1057,dense
17,0,1,1,0.42562338779019776,495,4,0.5743766122098022,0.01,1,lotte_technology_search_100k_q278,2,0.6452151219942021,2,hybrid_lite,1,1,1,1163,dense
17,1,1,1,0.16666666666666666,254,1,0.3582677165354331,0.01,1,lotte_technology_search_100k_q525,4,0.8508701240311101,3,linucb_primary,1,1,1,1524,dense
17,1,0,1,0.10414333706606943,93,1,0.4871220604703248,0.01,1,lotte_technology_search_100k_q210,2,0.23906394306975443,2,full_dense_fallback,1,1,1,893,dense
17,1,1,1,0.08535688005886681,116,1,0.3708609271523179,0.01,1,lotte_technology_search_100k_q425,10,0.8449444297424566,3,linucb_primary,1,1,1,1359,dense
17,1,1,1,0.2222222222222222,390,4,0.7777777777777778,0.01,1,lotte_technology_search_100k_q0,2,0.8148320736363324,3,linucb_primary,1,1,1,1755,dense
17,1,1,1,0.10877447425670776,150,1,0.48223350253807107,0.01,1,lotte_technology_search_100k_q516,5,0.7769958392753131,3,linucb_primary,1,1,1,1379,dense
17,1,1,1,0.13317043372021992,218,1,0.34697617593158214,0.01,1,lotte_technology_search_100k_q436,2,0.9586808060151121,3,linucb_primary,1,1,1,1637,dense
17,1,0,1,0.28804569563443494,706,1,0.34679722562219506,0.01,0,lotte_technology_search_100k_q419,1,0.5415337293999484,2,hybrid_lite,1,1,1,2451,dense
17,1,0,1,0.662426614481409,1354,4,0.33757338551859095,0.01,0,lotte_technology_search_100k_q376,1,0.39342990981166737,2,full_dense_fallback,1,1,1,2044,dense
17,1,0,1,0.483921568627451,617,5,0.516078431372549,0.49,0,lotte_technology_search_100k_q500,1,0.45606029605514414,2,hybrid_lite,1,1,1,1275,dense
17,0,1,1,0.5177664974619289,612,3,0.40778341793570216,0.01,0,lotte_technology_search_100k_q445,1,0.9397368341715051,2,linucb_primary,1,1,1,1182,dense
17,1,1,0,nan,0,0,nan,nan,0,lotte_technology_search_100k_q115,0,0.8205651618979224,2,linucb_primary,0,0,0,1515,dense
17,1,1,1,0.13777777777777778,124,1,0.5211111111111111,0.01,0,lotte_technology_search_100k_q273,1,0.46836910527600034,3,hybrid_lite,1,1,1,900,dense
17,1,0,1,0.3098712446351931,361,2,0.24206008583690986,0.01,0,lotte_technology_search_100k_q535,1,0.3750673058301491,2,full_dense_fallback,1,1,1,1165,dense
17,1,1,1,0.020734341252699785,48,1,0.5624190064794816,0.01,1,lotte_technology_search_100k_q329,5,0.7430007125811023,3,linucb_primary,1,1,1,2315,dense
17,1,1,1,0.056461731493099125,90,1,0.5439146800501882,0.01,1,lotte_technology_search_100k_q568,2,0.7150639708825045,3,hybrid_lite,1,1,1,1594,dense
17,1,1,1,0.02108309218685407,51,1,0.41835469202149644,0.01,1,lotte_technology_search_100k_q595,5,0.6992892796356753,3,hybrid_lite,1,1,1,2419,dense
17,1,1,1,0.19461337966985232,448,1,0.28062554300608167,0.01,0,lotte_technology_search_100k_q359,1,0.8226834630483645,3,linucb_primary,1,1,1,2302,dense
17,0,1,1,1.0,693,10,0.1515151515151515,0.85,0,lotte_technology_search_100k_q21,1,0.7725637257583905,2,linucb_primary,1,0,1,693,dense
17,1,0,1,0.11516974645466266,268,1,0.45595186935969056,0.01,1,lotte_technology_search_100k_q560,3,0.3636486257912618,2,full_dense_fallback,1,1,1,2327,dense
17,1,1,1,0.15124153498871332,335,1,0.38284424379232507,0.01,1,lotte_technology_search_100k_q396,4,0.5322924920385412,3,hybrid_lite,1,1,1,2215,dense
17,1,0,1,0.016358463726884778,23,1,0.7695590327169275,0.01,1,lotte_technology_search_100k_q163,2,0.5565070270857638,2,hybrid_lite,1,1,1,1406,dense
17,1,1,1,0.06622788975730153,161,1,0.3932538050185109,0.01,1,lotte_technology_search_100k_q527,6,0.4912730243801468,3,hybrid_lite,1,1,1,2431,dense
17,1,1,1,0.05185185185185185,84,1,0.6746913580246914,0.01,1,lotte_technology_search_100k_q423,10,0.9276197072089138,3,linucb_primary,1,1,1,1620,dense
17,1,0,0,nan,0,0,nan,nan,0,lotte_technology_search_100k_q283,0,0.27219489378111994,1,full_dense_fallback,0,0,0,843,dense
17,1,1,1,0.439239332096475,947,6,0.6062152133580705,0.4,1,lotte_technology_search_100k_q339,2,0.708559781752262,3,hybrid_lite,1,1,1,2156,dense
17,1,1,1,0.21209465381244522,242,1,0.49430324276950044,0.01,0,lotte_technology_search_100k_q474,1,0.8032809728716627,3,linucb_primary,1,1,1,1141,dense
17,1,1,1,0.030513176144244106,44,1,0.49653259361997226,0.01,1,lotte_technology_search_100k_q343,5,0.9495193425112382,3,linucb_primary,1,1,1,1442,dense
17,1,1,1,0.12270168855534709,327,2,0.30318949343339585,0.01,0,lotte_technology_search_100k_q312,1,0.6305784382319425,3,hybrid_lite,1,1,1,2665,dense
17,1,1,1,0.04926108374384237,70,1,0.5369458128078818,0.01,1,lotte_technology_search_100k_q311,3,0.8642686965197381,3,linucb_primary,1,1,1,1421,dense
17,1,1,1,0.011504424778761062,13,1,0.6371681415929203,0.01,1,lotte_technology_search_100k_q236,7,0.9549028520786773,3,linucb_primary,1,1,1,1130,dense
17,0,0,0,nan,0,0,nan,nan,0,lotte_technology_search_100k_q382,0,0.37232457025163174,0,full_dense_fallback,0,0,0,1037,dense
17,1,1,1,0.0898488120950324,208,1,0.5624190064794816,0.01,1,lotte_technology_search_100k_q328,5,0.6519044545632078,3,hybrid_lite,1,1,1,2315,dense
17,1,1,1,0.04658583280153159,73,1,0.7019783024888322,0.01,1,lotte_technology_search_100k_q444,8,0.9260908664390427,3,linucb_primary,1,1,1,1567,dense
17,1,1,1,0.10780370072405471,134,1,0.4432823813354787,0.01,1,lotte_technology_search_100k_q356,3,0.415307456432635,3,full_dense_fallback,1,1,1,1243,dense
17,1,1,1,0.4008159102498725,786,1,0.3120856705762366,0.01,0,lotte_technology_search_100k_q517,1,0.24060572449219175,3,full_dense_fallback,1,1,1,1961,dense
17,1,1,1,0.2467820683533067,556,1,0.33510874389702616,0.01,1,lotte_technology_search_100k_q415,3,0.9003241975736608,3,linucb_primary,1,1,1,2253,dense
17,1,1,1,0.11168981481481481,193,1,0.36342592592592593,0.01,1,lotte_technology_search_100k_q416,4,0.8942088643841585,3,linucb_primary,1,1,1,1728,dense
17,1,1,1,0.06981858163826278,127,1,0.6063771302913689,0.01,1,lotte_technology_search_100k_q495,2,0.6697100832877211,3,hybrid_lite,1,1,1,1819,dense
17,1,1,1,0.604849000425351,1422,1,0.29179072735006384,0.01,1,lotte_technology_search_100k_q263,2,0.840006569429947,3,linucb_primary,1,1,1,2351,dense
17,1,1,1,0.10865290068829891,442,1,0.76007866273353,0.01,1,lotte_technology_search_100k_q369,5,0.8198678606059128,3,linucb_primary,1,1,1,4068,dense
17,0,0,1,nan,0,0,nan,nan,0,lotte_technology_search_100k_q175,0,0.2841056749854306,1,full_dense_fallback,0,0,0,929,dense
17,1,1,1,0.2532855436081243,636,1,0.4551971326164874,0.01,1,lotte_technology_search_100k_q480,2,0.8562538559670334,3,linucb_primary,1,1,1,2511,dense
17,1,0,1,0.5913705583756346,699,1,0.21489001692047383,0.01,0,lotte_technology_search_100k_q373,1,0.3884361956077082,2,full_dense_fallback,1,1,1,1182,dense
17,1,1,1,0.13609467455621302,138,1,0.6222879684418146,0.01,1,lotte_technology_search_100k_q251,2,0.49049519042487144,3,hybrid_lite,1,1,1,1014,dense
17,1,1,1,0.13098591549295774,93,1,0.6154929577464789,0.01,1,lotte_technology_search_100k_q443,2,0.7932508822959076,3,linucb_primary,1,1,1,710,dense
17,1,1,1,nan,0,0,nan,nan,0,lotte_technology_search_100k_q197,0,0.6424002715325804,3,hybrid_lite,0,0,0,671,dense
17,1,1,1,0.15093479252165984,331,2,0.5512995896032832,0.01,1,lotte_technology_search_100k_q538,3,0.9730721541435295,3,linucb_primary,1,1,1,2193,dense
17,1,1,1,1.0,498,10,0.0,1.0,0,lotte_technology_search_100k_q262,1,0.593216839171776,3,hybrid_lite,0,0,1,498,dense
17,1,1,1,0.15,159,1,0.5688679245283019,0.01,1,lotte_technology_search_100k_q466,10,0.597251288979978,3,hybrid_lite,1,1,1,1060,dense
17,1,1,1,0.05617198335644938,81,1,0.4181692094313454,0.01,1,lotte_technology_search_100k_q588,4,0.8260380280853986,3,linucb_primary,1,1,1,1442,dense
17,1,1,1,0.11168981481481481,193,1,0.36342592592592593,0.01,1,lotte_technology_search_100k_q450,4,0.9426658720794189,3,linucb_primary,1,1,1,1728,dense
17,1,1,1,0.20063694267515925,63,1,0.6146496815286624,0.01,1,lotte_technology_search_100k_q113,3,0.6566763273352587,3,hybrid_lite,1,1,1,314,dense
17,1,1,1,0.553453947368421,673,6,0.6570723684210527,0.35,0,lotte_technology_search_100k_q511,1,0.6450997174791282,3,hybrid_lite,1,1,1,1216,dense
17,1,1,1,0.19909793814432988,309,2,0.6597938144329897,0.01,0,lotte_technology_search_100k_q206,1,0.8633261600451614,3,linucb_primary,1,1,1,1552,dense
17,1,1,1,0.2189239332096475,236,1,0.40445269016697594,0.01,1,lotte_technology_search_100k_q245,2,0.7916313038323094,3,linucb_primary,1,1,1,1078,dense
17,0,0,1,nan,0,0,nan,nan,0,lotte_technology_search_100k_q60,0,0.3548130369006955,1,full_dense_fallback,0,0,0,922,dense
17,1,1,1,0.08835904628330996,63,1,0.6143057503506311,0.01,1,lotte_technology_search_100k_q44,2,0.8085175679854457,3,linucb_primary,1,1,1,713,dense
17,1,1,1,0.2908863920099875,233,3,0.6079900124843944,0.01,1,lotte_technology_search_100k_q46,3,0.8246788851014835,3,linucb_primary,1,1,1,801,dense
17,1,0,1,0.21008403361344538,300,1,0.4236694677871149,0.01,1,lotte_technology_search_100k_q358,3,0.36570238731104193,2,full_dense_fallback,1,1,1,1428,dense
17,1,1,1,0.8148148148148148,1012,8,0.18518518518518523,0.82,0,lotte_technology_search_100k_q81,1,0.78670938750312,3,linucb_primary,1,1,1,1242,dense
17,1,1,1,0.6536585365853659,536,5,0.375609756097561,0.63,1,lotte_technology_search_100k_q193,2,0.5302697351497003,3,hybrid_lite,1,1,1,820,dense
17,1,1,1,0.05481283422459893,41,1,0.6938502673796791,0.01,1,lotte_technology_search_100k_q296,5,0.7589723891432565,3,linucb_primary,1,1,1,748,dense
17,1,1,1,0.03407755581668625,145,1,0.6474735605170387,0.01,1,lotte_technology_search_100k_q542,2,0.9518560290438893,3,linucb_primary,1,1,1,4255,dense
17,0,0,1,nan,0,0,nan,nan,0,lotte_technology_search_100k_q77,0,0.2816271053153212,1,full_dense_fallback,0,0,0,746,dense
17,0,1,1,0.6589242053789731,1078,6,0.3410757946210269,0.66,0,lotte_technology_search_100k_q114,1,0.5431383218366962,2,hybrid_lite,1,1,1,1636,dense
17,1,1,1,0.02010869565217391,37,1,0.7233695652173913,0.01,1,lotte_technology_search_100k_q346,2,0.9226453483474198,3,linucb_primary,1,1,1,1840,dense
17,1,1,1,0.06020066889632107,72,1,0.7207357859531773,0.01,1,lotte_technology_search_100k_q49,2,0.6413230511899574,3,hybrid_lite,1,1,1,1196,dense
17,1,1,1,0.3363774733637747,442,3,0.6118721461187215,0.01,1,lotte_technology_search_100k_q110,3,0.5706289358037674,3,hybrid_lite,1,1,1,1314,dense
17,0,0,0,nan,0,0,nan,nan,0,lotte_technology_search_100k_q237,0,0.5099855417159033,0,hybrid_lite,0,0,0,788,dense
17,1,1,1,0.2623762376237624,106,1,0.5074257425742574,0.01,0,lotte_technology_search_100k_q307,1,0.7797625159638886,3,linucb_primary,1,1,1,404,dense
17,1,1,1,0.03761283851554664,75,1,0.5325977933801405,0.01,1,lotte_technology_search_100k_q491,6,0.6488980367629729,3,hybrid_lite,1,1,1,1994,dense
17,1,1,1,0.17994100294985252,122,2,0.5943952802359882,0.01,1,lotte_technology_search_100k_q43,4,0.8060484645948515,3,linucb_primary,1,1,1,678,dense
17,1,1,1,0.0832183908045977,181,1,0.36873563218390804,0.01,1,lotte_technology_search_100k_q409,2,0.5471040997511945,3,hybrid_lite,1,1,1,2175,dense
17,1,1,0,nan,0,0,nan,nan,0,lotte_technology_search_100k_q317,0,0.27508096482216504,2,full_dense_fallback,0,0,0,1521,dense
17,1,1,1,nan,0,0,nan,nan,0,lotte_technology_search_100k_q6,0,0.9066153602025177,3,linucb_primary,0,0,0,2217,dense
17,1,1,1,0.06684611933602512,149,1,0.5392552714221623,0.01,1,lotte_technology_search_100k_q308,4,0.7537800368343153,3,linucb_primary,1,1,1,2229,dense
17,1,1,1,nan,0,0,nan,nan,0,lotte_technology_search_100k_q28,0,0.9629206627337872,3,linucb_primary,0,0,0,1240,dense
17,1,1,1,0.026814911706998037,41,1,0.5369522563767168,0.01,1,lotte_technology_search_100k_q422,6,0.8317357730571531,3,linucb_primary,1,1,1,1529,dense
17,1,0,1,0.43977976600137647,639,4,0.5602202339986235,0.01,0,lotte_technology_search_100k_q191,1,0.28685417722171774,2,full_dense_fallback,1,1,1,1453,dense
17,1,0,1,0.11790393013100436,162,1,0.5218340611353711,0.01,0,lotte_technology_search_100k_q485,1,0.4683359382753826,2,hybrid_lite,1,1,1,1374,dense
17,1,1,1,0.2244258872651357,215,2,0.6409185803757829,0.01,0,lotte_technology_search_100k_q146,1,0.7596219244157698,3,linucb_primary,1,1,1,958,dense
17,1,1,1,0.020442930153321975,36,1,0.8324815445769449,0.01,1,lotte_technology_search_100k_q457,8,0.9730967670584515,3,linucb_primary,1,1,1,1761,dense
17,1,1,1,0.08333333333333333,65,1,0.44487179487179485,0.01,1,lotte_technology_search_100k_q324,10,0.6187400537923093,3,hybrid_lite,1,1,1,780,dense
17,1,1,1,0.6153846153846154,808,2,0.3434881949733435,0.01,1,lotte_technology_search_100k_q294,2,0.8952952935310371,3,linucb_primary,1,1,1,1313,dense
17,1,1,1,0.19586374695863748,161,1,0.5498783454987834,0.01,0,lotte_technology_search_100k_q303,1,0.7792544927716243,3,linucb_primary,1,1,1,822,dense
17,1,1,1,0.3347260909935005,721,1,0.24791086350974934,0.01,1,lotte_technology_search_100k_q452,3,0.5749705832901293,3,hybrid_lite,1,1,1,2154,dense
17,1,1,1,0.296,481,2,0.5236923076923077,0.01,1,lotte_technology_search_100k_q551,2,0.6866915006517192,3,hybrid_lite,1,1,1,1625,dense
17,1,0,1,0.04732690622261174,54,1,0.5477651183172656,0.01,0,lotte_technology_search_100k_q360,1,0.36737064272165293,2,full_dense_fallback,1,1,1,1141,dense
17,1,1,1,0.17412140575079874,109,1,0.5623003194888179,0.01,0,lotte_technology_search_100k_q9,1,0.6017561850543798,3,hybrid_lite,1,1,1,626,dense
17,1,1,1,0.15078407720144751,250,1,0.7225572979493365,0.01,1,lotte_technology_search_100k_q309,3,0.9074980593552122,3,linucb_primary,1,1,1,1658,dense
17,1,1,1,0.07894736842105263,195,1,0.3331983805668016,0.01,1,lotte_technology_search_100k_q593,2,0.9841493355993739,3,linucb_primary,1,1,1,2470,dense
17,1,1,1,nan,0,0,nan,nan,0,lotte_technology_search_100k_q208,0,0.8657693641175523,3,linucb_primary,0,0,0,1657,dense
17,1,1,1,0.0998439937597504,64,1,0.4914196567862714,0.01,1,lotte_technology_search_100k_q489,3,0.8241313085662307,3,linucb_primary,1,1,1,641,dense
17,1,1,1,0.2783229259589652,312,1,0.5950044603033007,0.01,0,lotte_technology_search_100k_q62,1,0.6282741919563958,3,hybrid_lite,1,1,1,1121,dense
17,1,1,1,0.06484295845997974,64,1,0.6261398176291793,0.01,1,lotte_technology_search_100k_q111,6,0.841931988805871,3,linucb_primary,1,1,1,987,dense
17,1,1,1,0.318475073313783,543,5,0.681524926686217,0.32,1,lotte_technology_search_100k_q214,2,0.7050066386387487,3,hybrid_lite,1,1,1,1705,dense
17,1,1,1,0.3158783783783784,748,1,0.4294763513513513,0.01,1,lotte_technology_search_100k_q479,2,0.5042579242195353,3,hybrid_lite,1,1,1,2368,dense
17,1,1,1,0.0935361216730038,123,1,0.48897338403041823,0.01,1,lotte_technology_search_100k_q332,3,0.8930875035121781,3,linucb_primary,1,1,1,1315,dense
17,1,1,1,0.0989010989010989,99,1,0.6413586413586414,0.01,1,lotte_technology_search_100k_q83,2,0.8042153511693427,3,linucb_primary,1,1,1,1001,dense
17,1,0,1,0.19504132231404958,118,1,0.5933884297520662,0.01,0,lotte_technology_search_100k_q87,1,0.4433455510895502,2,hybrid_lite,1,1,1,605,dense
17,1,1,1,0.07528015820698747,571,2,0.817798286090969,0.01,1,lotte_technology_search_100k_q558,3,0.9260191852517161,3,linucb_primary,1,1,1,7585,dense
17,1,1,1,0.7899045020463847,579,7,0.21009549795361526,0.79,0,lotte_technology_search_100k_q155,1,0.7792362835372306,3,linucb_primary,1,1,1,733,dense
17,1,1,1,0.047045951859956234,43,1,0.5656455142231948,0.01,1,lotte_technology_search_100k_q404,4,0.4632309627164787,3,hybrid_lite,1,1,1,914,dense
17,0,0,1,nan,0,0,nan,nan,0,lotte_technology_search_100k_q47,0,0.6041362314347941,1,hybrid_lite,0,0,0,844,dense
17,1,1,1,0.13240418118466898,76,1,0.6602787456445993,0.01,0,lotte_technology_search_100k_q37,1,0.9410939851111001,3,linucb_primary,1,1,1,574,dense
17,1,1,1,0.13405797101449277,148,1,0.7028985507246377,0.01,1,lotte_technology_search_100k_q335,3,0.45298982125394904,3,hybrid_lite,1,1,1,1104,dense
17,1,1,1,0.20466982852973367,561,1,0.34330536300620207,0.01,0,lotte_technology_search_100k_q411,1,0.6110425209891446,3,hybrid_lite,1,1,1,2741,dense
17,1,0,1,0.14333333333333334,86,2,0.6716666666666666,0.01,0,lotte_technology_search_100k_q265,1,0.32252704814592903,2,full_dense_fallback,1,1,1,600,dense
17,0,1,1,0.054694621695533276,60,1,0.6481312670920694,0.01,1,lotte_technology_search_100k_q510,6,0.9729653296080735,2,linucb_primary,1,1,1,1097,dense
17,1,1,1,0.13679619349722444,345,1,0.598334655035686,0.01,1,lotte_technology_search_100k_q327,5,0.6680314215350025,3,hybrid_lite,1,1,1,2522,dense
17,1,0,1,0.2168421052631579,206,1,0.4336842105263158,0.01,1,lotte_technology_search_100k_q229,4,0.2588528888272127,2,full_dense_fallback,1,1,1,950,dense
17,1,1,1,0.10511363636363637,74,1,0.6221590909090908,0.01,0,lotte_technology_search_100k_q168,1,0.5185255386253733,3,hybrid_lite,1,1,1,704,dense
17,1,0,1,0.11768754301445286,342,1,0.7019958706125258,0.01,1,lotte_technology_search_100k_q326,2,0.5640332367494981,2,hybrid_lite,1,1,1,2906,dense
17,1,1,1,0.19530284301606923,158,1,0.5747836835599506,0.01,0,lotte_technology_search_100k_q205,1,0.723376474599651,3,hybrid_lite,1,1,1,809,dense
17,1,1,1,0.3009845288326301,214,3,0.6540084388185654,0.01,0,lotte_technology_search_100k_q19,1,0.9042145472358809,3,linucb_primary,1,1,1,711,dense
17,1,1,1,0.11297709923664122,74,1,0.5938931297709924,0.01,0,lotte_technology_search_100k_q167,1,0.5684005762581943,3,hybrid_lite,1,1,1,655,dense
17,1,1,1,0.48246674727932287,399,3,0.47642079806529625,0.01,1,lotte_technology_search_100k_q52,2,0.7495735360771246,3,linucb_primary,1,1,1,827,dense
17,1,1,1,0.08360128617363344,130,1,0.7144694533762057,0.01,0,lotte_technology_search_100k_q331,1,0.9677073519584689,3,linucb_primary,1,1,1,1555,dense
17,0,1,1,0.11060433295324971,97,2,0.597491448118586,0.01,0,lotte_technology_search_100k_q20,1,0.7743697628604284,2,linucb_primary,1,1,1,877,dense
17,1,1,1,0.44526748971193414,541,3,0.339917695473251,0.01,0,lotte_technology_search_100k_q212,1,0.8159338012160707,3,linucb_primary,1,1,1,1215,dense
17,0,0,1,0.27395209580838326,183,2,0.4730538922155688,0.01,1,lotte_technology_search_100k_q75,2,0.34801464703289486,1,full_dense_fallback,1,1,1,668,dense
17,1,1,1,0.2518740629685157,168,1,0.5037481259370316,0.01,0,lotte_technology_search_100k_q190,1,0.6239315100649963,3,hybrid_lite,1,1,1,667,dense
17,1,1,1,0.06542882404951371,74,1,0.5764809902740937,0.01,1,lotte_technology_search_100k_q437,10,0.9239223151330044,3,linucb_primary,1,1,1,1131,dense
17,1,1,1,0.13317043372021992,218,1,0.34697617593158214,0.01,1,lotte_technology_search_100k_q406,2,0.9607427544647917,3,linucb_primary,1,1,1,1637,dense
17,0,1,0,nan,0,0,nan,nan,0,lotte_technology_search_100k_q116,0,0.7049433419155237,1,hybrid_lite,0,0,0,1288,dense
17,0,1,1,0.6143911439114391,999,6,0.3856088560885609,0.62,0,lotte_technology_search_100k_q374,1,0.7210167605367965,2,hybrid_lite,1,1,1,1626,dense
17,1,0,1,0.03563373928732522,79,1,0.35137573297248537,0.01,1,lotte_technology_search_100k_q375,2,0.4276497805379231,2,full_dense_fallback,1,1,1,2217,dense
17,1,1,1,0.5525525525525525,1104,5,0.44744744744744747,0.56,0,lotte_technology_search_100k_q565,1,1.0,3,linucb_primary,1,1,1,1998,dense
17,1,1,1,nan,0,0,nan,nan,0,lotte_technology_search_100k_q10,0,0.9724617684115446,3,linucb_primary,0,0,0,984,dense
17,1,1,1,0.21836506159014557,195,1,0.39529675251959684,0.01,1,lotte_technology_search_100k_q589,2,0.9878802825264155,3,linucb_primary,1,1,1,893,dense
17,1,0,1,0.08495713172252534,109,1,0.5604053000779423,0.01,1,lotte_technology_search_100k_q300,4,0.2850098780541799,2,full_dense_fallback,1,1,1,1283,dense
17,1,1,1,0.12357846853677028,163,1,0.6808188021228203,0.01,1,lotte_technology_search_100k_q430,4,0.6750161788627101,3,hybrid_lite,1,1,1,1319,dense
17,1,1,1,0.3882978723404255,511,1,0.44832826747720367,0.01,1,lotte_technology_search_100k_q418,2,0.9305283254594422,3,linucb_primary,1,1,1,1316,dense
17,1,1,1,0.20974760661444736,241,2,0.6762402088772845,0.01,0,lotte_technology_search_100k_q158,1,0.7826055026766575,3,linucb_primary,1,1,1,1149,dense
17,1,1,1,0.4369700395703787,773,3,0.2713397399660825,0.01,1,lotte_technology_search_100k_q80,2,0.7767976283961063,3,linucb_primary,1,1,1,1769,dense
17,1,1,1,0.036170212765957444,51,1,0.5510638297872341,0.01,0,lotte_technology_search_100k_q372,1,0.943006918750217,3,linucb_primary,1,1,1,1410,dense
17,1,1,1,0.03983295856087375,248,1,0.9293286219081272,0.01,1,lotte_technology_search_100k_q347,6,0.7526302194636537,3,linucb_primary,1,1,1,6226,dense
17,1,1,1,0.14553607827150428,357,1,0.5878516102731349,0.01,0,lotte_technology_search_100k_q204,1,0.9543324075672648,3,linucb_primary,1,1,1,2453,dense
17,1,1,1,0.47572815533980584,196,5,0.5242718446601942,0.48,1,lotte_technology_search_100k_q231,2,0.7388262678348828,3,hybrid_lite,1,1,1,412,dense
17,0,1,1,nan,0,0,nan,nan,0,lotte_technology_search_100k_q119,0,0.6702697571438495,2,hybrid_lite,0,0,0,704,dense
17,1,1,1,0.023206751054852322,66,1,0.5727848101265822,0.01,1,lotte_technology_search_100k_q455,4,0.8973641350672851,3,linucb_primary,1,1,1,2844,dense
17,0,0,0,nan,0,0,nan,nan,0,lotte_technology_search_100k_q150,0,0.5206979939256124,0,hybrid_lite,0,0,0,1080,dense
17,1,1,1,0.094316807738815,234,1,0.3309149536477227,0.01,1,lotte_technology_search_100k_q569,4,0.6714271988905319,3,hybrid_lite,1,1,1,2481,dense
17,1,1,1,0.6428571428571429,513,6,0.3571428571428571,0.65,0,lotte_technology_search_100k_q221,1,0.6865223373617494,3,hybrid_lite,1,1,1,798,dense
17,1,1,1,0.049930651872399444,108,1,0.7776236708275543,0.01,1,lotte_technology_search_100k_q573,2,0.8884597859223694,3,linucb_primary,1,1,1,2163,dense
17,1,0,1,0.0611353711790393,70,1,0.6200873362445415,0.01,1,lotte_technology_search_100k_q429,10,0.33169545316337445,2,full_dense_fallback,1,1,1,1145,dense
17,0,1,1,0.42205882352941176,574,1,0.3713235294117647,0.01,0,lotte_technology_search_100k_q487,1,0.6006361998592221,2,hybrid_lite,1,1,1,1360,dense
17,1,0,1,0.04127579737335835,44,1,0.4437148217636022,0.01,1,lotte_technology_search_100k_q243,2,0.26719182736517505,2,full_dense_fallback,1,1,1,1066,dense
17,1,1,1,0.542910447761194,582,1,0.26399253731343286,0.01,1,lotte_technology_search_100k_q53,2,0.8123442934802897,3,linucb_primary,1,1,1,1072,dense
17,1,1,1,0.06037567084078712,135,1,0.8698568872987478,0.01,1,lotte_technology_search_100k_q323,2,0.6233851268141626,3,hybrid_lite,1,1,1,2236,dense
17,1,1,1,1.0,1822,10,0.19209659714599336,0.81,0,lotte_technology_search_100k_q391,1,0.6088152680429387,3,hybrid_lite,1,0,1,1822,dense
17,1,1,1,0.0666189111747851,93,1,0.518624641833811,0.01,1,lotte_technology_search_100k_q348,5,0.9141621841795968,3,linucb_primary,1,1,1,1396,dense
17,1,1,1,0.24731182795698925,276,1,0.5636200716845878,0.01,0,lotte_technology_search_100k_q432,1,0.6874225319442472,3,hybrid_lite,1,1,1,1116,dense
17,1,1,1,0.8651794374393792,1784,7,0.1348205625606208,0.87,0,lotte_technology_search_100k_q71,1,0.9626765639855853,3,linucb_primary,0,1,1,2062,dense
17,1,1,1,0.039627039627039624,68,1,0.6107226107226107,0.01,1,lotte_technology_search_100k_q398,7,0.8807880471175574,3,linucb_primary,1,1,1,1716,dense
17,0,1,0,nan,0,0,nan,nan,0,lotte_technology_search_100k_q319,0,0.46346501344970364,1,hybrid_lite,0,0,0,809,dense
17,1,1,1,nan,0,0,nan,nan,0,lotte_technology_search_100k_q182,0,0.9398250375419058,3,linucb_primary,0,0,0,1074,dense
17,1,0,1,0.7536988685813751,866,7,0.4543080939947781,0.55,0,lotte_technology_search_100k_q25,1,0.38726386926360523,2,full_dense_fallback,1,1,1,1149,dense
17,1,1,1,0.31649189704480457,332,3,0.5977121067683508,0.01,0,lotte_technology_search_100k_q14,1,0.7164464442804379,3,hybrid_lite,1,1,1,1049,dense
17,1,1,1,0.5223880597014925,210,3,0.4104477611940298,0.01,0,lotte_technology_search_100k_q370,1,0.8290822704871356,3,linucb_primary,1,1,1,402,dense
17,1,1,1,0.11651523249599145,218,2,0.65793693212186,0.01,1,lotte_technology_search_100k_q449,4,0.86719006243061,3,linucb_primary,1,1,1,1871,dense
17,1,1,1,0.5233380480905233,740,3,0.4483734087694484,0.01,1,lotte_technology_search_100k_q39,2,0.40873478883568976,3,full_dense_fallback,1,1,1,1414,dense
17,1,0,1,0.48440748440748443,699,8,0.724878724878725,0.28,0,lotte_technology_search_100k_q165,1,0.26185496545086046,2,full_dense_fallback,1,1,1,1443,dense
17,1,1,1,0.10151085930122758,215,1,0.722851746931067,0.01,1,lotte_technology_search_100k_q350,6,0.7443453016604012,3,linucb_primary,1,1,1,2118,dense
17,1,1,1,0.920935412026726,827,9,0.07906458797327398,0.93,0,lotte_technology_search_100k_q156,1,0.8601068946718029,3,linucb_primary,0,1,1,898,dense
17,1,0,1,nan,0,0,nan,nan,0,lotte_technology_search_100k_q567,0,0.5096568528379025,2,hybrid_lite,0,0,0,1242,dense
17,1,1,1,0.07208650380456548,180,1,0.5718862635162194,0.01,1,lotte_technology_search_100k_q468,2,0.5762004532522285,3,hybrid_lite,1,1,1,2497,dense
17,1,1,1,0.8876933422999328,1320,9,0.6119704102219233,0.39,0,lotte_technology_search_100k_q524,1,0.6092088181829944,3,hybrid_lite,0,1,1,1487,dense
17,1,1,1,0.5451428571428572,477,5,0.45485714285714285,0.55,0,lotte_technology_search_100k_q187,1,0.9051891347967115,3,linucb_primary,1,1,1,875,dense
17,1,1,1,0.09104704097116843,120,1,0.452959028831563,0.01,1,lotte_technology_search_100k_q486,2,0.8060813999981707,3,linucb_primary,1,1,1,1318,dense
17,0,1,1,nan,0,0,nan,nan,0,lotte_technology_search_100k_q68,0,0.8398109924403417,2,linucb_primary,0,0,0,1117,dense
17,1,0,1,0.233201581027668,118,1,0.5533596837944664,0.01,0,lotte_technology_search_100k_q86,1,0.5468227522002922,2,hybrid_lite,1,1,1,506,dense
17,1,1,1,0.5857385398981324,345,6,0.5755517826825127,0.43,0,lotte_technology_search_100k_q118,1,0.57679297799527,3,hybrid_lite,1,1,1,589,dense
17,1,0,1,0.15853658536585366,182,1,0.6106271777003485,0.01,0,lotte_technology_search_100k_q133,1,0.5341390067947899,2,hybrid_lite,1,1,1,1148,dense
17,1,1,1,0.0840630472854641,144,1,0.38178633975481613,0.01,1,lotte_technology_search_100k_q587,3,0.48887172344621604,3,hybrid_lite,1,1,1,1713,dense
17,1,1,1,0.2365967365967366,406,1,0.5075757575757576,0.01,0,lotte_technology_search_100k_q550,1,0.6089976461067731,3,hybrid_lite,1,1,1,1716,dense
17,0,0,0,nan,0,0,nan,nan,0,lotte_technology_search_100k_q149,0,0.6078641950405878,0,hybrid_lite,0,0,0,927,dense
17,1,1,1,0.11572942135289324,142,1,0.6356968215158925,0.01,0,lotte_technology_search_100k_q571,1,0.8811133658602607,3,linucb_primary,1,1,1,1227,dense
17,0,0,1,0.5519125683060109,707,4,0.4480874316939891,0.01,0,lotte_technology_search_100k_q481,1,0.2322301640804286,1,full_dense_fallback,1,1,1,1281,dense
17,1,1,1,0.07321848081440877,187,1,0.6695379796397807,0.01,1,lotte_technology_search_100k_q299,3,0.775870211306189,3,linucb_primary,1,1,1,2554,dense
17,1,1,1,0.053415061295971976,61,1,0.37302977232924694,0.01,1,lotte_technology_search_100k_q255,3,0.6343618927469807,3,hybrid_lite,1,1,1,1142,dense
17,1,0,1,0.06726825266611977,82,1,0.37243642329778504,0.01,1,lotte_technology_search_100k_q393,3,0.28658436051500724,2,full_dense_fallback,1,1,1,1219,dense
17,1,1,1,0.12813021702838062,307,1,0.518363939899833,0.01,1,lotte_technology_search_100k_q530,4,0.5297945674443738,3,hybrid_lite,1,1,1,2396,dense
17,1,1,1,0.04584819154355578,90,1,0.6576668364747835,0.01,1,lotte_technology_search_100k_q349,2,0.9272354271071678,3,linucb_primary,1,1,1,1963,dense
17,0,1,1,nan,0,0,nan,nan,0,lotte_technology_search_100k_q56,0,0.7335950451158897,2,hybrid_lite,0,0,0,1028,dense
17,1,0,1,0.1295219638242894,401,1,0.20348837209302328,0.01,1,lotte_technology_search_100k_q532,2,0.3341944099804711,2,full_dense_fallback,1,1,1,3096,dense
17,1,1,1,0.4981012658227848,787,4,0.5018987341772152,0.01,1,lotte_technology_search_100k_q351,2,0.7651649688268706,3,linucb_primary,1,1,1,1580,dense
17,1,1,1,0.1431513903192585,139,1,0.325437693099897,0.01,1,lotte_technology_search_100k_q586,5,0.4575583267704376,3,hybrid_lite,1,1,1,971,dense
17,1,1,1,0.10132743362831859,229,1,0.49911504424778763,0.01,1,lotte_technology_search_100k_q540,3,0.7102348351863357,3,hybrid_lite,1,1,1,2260,dense
17,1,1,1,0.016831108531630876,29,1,0.73476494486361,0.01,1,lotte_technology_search_100k_q515,6,0.5684552230252007,3,hybrid_lite,1,1,1,1723,dense
17,0,1,1,0.1982142857142857,111,1,0.4535714285714286,0.01,0,lotte_technology_search_100k_q223,1,0.6026869263727352,2,hybrid_lite,1,1,1,560,dense
17,1,1,1,0.14331210191082802,90,1,0.5238853503184713,0.01,0,lotte_technology_search_100k_q228,1,0.5511126879294977,3,hybrid_lite,1,1,1,628,dense
17,0,1,1,0.1827768014059754,208,2,0.59402460456942,0.01,0,lotte_technology_search_100k_q30,1,0.4902094073850623,2,hybrid_lite,1,1,1,1138,dense
17,1,1,1,0.10843373493975904,135,1,0.4473895582329317,0.01,1,lotte_technology_search_100k_q548,2,0.8935099292419428,3,linucb_primary,1,1,1,1245,dense
17,1,1,1,0.10323089046493301,131,1,0.24901497241922776,0.01,1,lotte_technology_search_100k_q365,3,0.7698994549590772,3,linucb_primary,1,1,1,1269,dense
17,1,1,1,0.030267753201396973,26,1,0.7322467986030268,0.01,1,lotte_technology_search_100k_q145,2,0.9691546093211342,3,linucb_primary,1,1,1,859,dense
17,1,1,1,0.033278777959629025,61,1,0.613747954173486,0.01,1,lotte_technology_search_100k_q341,3,0.9586949927246706,3,linucb_primary,1,1,1,1833,dense
17,1,0,1,0.06683168316831684,54,1,0.6262376237623762,0.01,1,lotte_technology_search_100k_q248,2,0.27901060595672955,2,full_dense_fallback,1,1,1,808,dense
17,1,0,1,0.10024154589371981,166,1,0.7264492753623188,0.01,1,lotte_technology_search_100k_q484,2,0.3111972943233232,2,full_dense_fallback,1,1,1,1656,dense
17,1,1,1,0.20024875621890548,161,2,0.4689054726368159,0.01,1,lotte_technology_search_100k_q239,2,0.9672529990180074,3,linucb_primary,1,1,1,804,dense
17,1,1,1,0.2398753894080997,77,1,0.604361370716511,0.01,0,lotte_technology_search_100k_q385,1,0.5378747258359906,3,hybrid_lite,1,1,1,321,dense
17,1,1,1,0.037745879851143006,71,1,0.5688463583200425,0.01,1,lotte_technology_search_100k_q380,3,0.6134739769471587,3,hybrid_lite,1,1,1,1881,dense
17,1,0,1,0.11178107606679036,241,1,0.38450834879406304,0.01,1,lotte_technology_search_100k_q518,2,0.3177232796570715,2,full_dense_fallback,1,1,1,2156,dense
17,1,0,1,0.21745562130177515,147,2,0.5784023668639053,0.01,0,lotte_technology_search_100k_q277,1,0.2551108384350972,2,full_dense_fallback,1,1,1,676,dense
17,1,0,0,nan,0,0,nan,nan,0,lotte_technology_search_100k_q134,0,0.6943684912267312,1,hybrid_lite,0,0,0,696,dense
17,1,0,1,0.16907844630616908,222,3,0.7456207159177457,0.01,0,lotte_technology_search_100k_q59,1,0.5583992186451199,2,hybrid_lite,1,1,1,1313,dense
17,1,0,1,0.32620320855614976,427,1,0.2818945760122231,0.01,1,lotte_technology_search_100k_q128,2,0.5686518607448849,2,hybrid_lite,1,1,1,1309,dense
17,0,1,1,nan,0,0,nan,nan,0,lotte_technology_search_100k_q38,0,0.9637870181752031,2,linucb_primary,0,0,0,727,dense
17,1,1,1,0.06687898089171974,63,1,0.5074309978768577,0.01,1,lotte_technology_search_100k_q388,3,0.7069714118005102,3,hybrid_lite,1,1,1,942,dense
17,1,1,1,0.2939346811819596,378,2,0.3911353032659409,0.01,0,lotte_technology_search_100k_q123,1,0.9760508672361027,3,linucb_primary,1,1,1,1286,dense
17,1,1,1,0.6171088746569076,1349,8,0.38289112534309244,0.62,1,lotte_technology_search_100k_q67,2,0.824610769024914,3,linucb_primary,1,1,1,2186,dense
17,1,1,1,0.9550425273390036,786,9,0.04495747266099637,0.96,0,lotte_technology_search_100k_q15,1,0.883494321722503,3,linucb_primary,0,0,1,823,dense
17,1,1,1,0.22792844777841892,395,2,0.718407386035776,0.01,1,lotte_technology_search_100k_q531,3,0.9144171342567149,3,linucb_primary,1,1,1,1733,dense
17,1,1,1,0.053763440860215055,95,1,0.502546689303905,0.01,1,lotte_technology_search_100k_q512,3,0.6687560386816548,3,hybrid_lite,1,1,1,1767,dense
17,1,1,1,0.06951871657754011,65,1,0.4598930481283422,0.01,0,lotte_technology_search_100k_q192,1,0.5685512662878939,3,hybrid_lite,1,1,1,935,dense
17,1,1,1,0.225531914893617,318,4,0.774468085106383,0.01,1,lotte_technology_search_100k_q549,5,0.9688109589292426,3,linucb_primary,1,1,1,1410,dense
17,1,1,1,0.09761388286334056,135,1,0.49891540130151846,0.01,1,lotte_technology_search_100k_q554,2,0.9654051733159685,3,linucb_primary,1,1,1,1383,dense
17,0,1,1,0.2036697247706422,111,1,0.5724770642201835,0.01,0,lotte_technology_search_100k_q217,1,0.6568998771628234,2,hybrid_lite,1,1,1,545,dense
17,1,1,1,nan,0,0,nan,nan,0,lotte_technology_search_100k_q195,0,0.9837913498460727,3,linucb_primary,0,0,0,852,dense
17,1,1,1,0.04991816693944354,61,1,0.6432078559738135,0.01,1,lotte_technology_search_100k_q438,10,0.9585171382087544,3,linucb_primary,1,1,1,1222,dense
17,1,1,1,0.11572942135289324,142,1,0.6356968215158925,0.01,0,lotte_technology_search_100k_q555,1,0.9077913036353885,3,linucb_primary,1,1,1,1227,dense
17,1,1,1,0.4072164948453608,474,1,0.2680412371134021,0.01,1,lotte_technology_search_100k_q247,3,0.7087891515946985,3,hybrid_lite,1,1,1,1164,dense
17,1,1,1,0.27704117236566644,397,2,0.4801116538729937,0.01,1,lotte_technology_search_100k_q330,3,0.28255647707288156,3,full_dense_fallback,1,1,1,1433,dense
17,1,0,1,nan,0,0,nan,nan,0,lotte_technology_search_100k_q381,0,0.364192856768672,2,full_dense_fallback,0,0,0,382,dense
17,1,0,1,nan,0,0,nan,nan,0,lotte_technology_search_100k_q157,0,0.21208689066157838,2,full_dense_fallback,0,0,0,766,dense
17,0,1,1,0.37042459736456806,253,4,0.6295754026354319,0.01,0,lotte_technology_search_100k_q130,1,0.6859493830345013,2,hybrid_lite,1,1,1,683,dense
17,1,1,1,0.4663299663299663,277,5,0.5336700336700337,0.47,0,lotte_technology_search_100k_q54,1,0.6113231959033483,3,hybrid_lite,1,1,1,594,dense
17,1,1,1,0.03671830177854274,64,1,0.7280550774526677,0.01,1,lotte_technology_search_100k_q541,4,0.8937534107044762,3,linucb_primary,1,1,1,1743,dense
17,1,1,1,0.19437340153452684,304,2,0.5856777493606138,0.01,1,lotte_technology_search_100k_q488,2,0.9628964457406124,3,linucb_primary,1,1,1,1564,dense
17,1,1,1,0.107457898957498,134,1,0.6062550120288692,0.01,1,lotte_technology_search_100k_q352,4,0.6670433326915073,3,hybrid_lite,1,1,1,1247,dense
17,1,0,1,0.19898819561551434,118,1,0.7048903878583475,0.01,0,lotte_technology_search_100k_q85,1,0.339314229225738,2,full_dense_fallback,1,1,1,593,dense
17,1,1,1,0.13164893617021275,198,1,0.3816489361702128,0.01,0,lotte_technology_search_100k_q576,1,0.8425772161136353,3,linucb_primary,1,1,1,1504,dense
17,1,1,1,0.5809859154929577,825,7,0.671830985915493,0.33,0,lotte_technology_search_100k_q389,1,0.642126584190989,3,hybrid_lite,1,1,1,1420,dense
17,1,1,1,0.018032786885245903,66,1,0.6680327868852459,0.01,1,lotte_technology_search_100k_q394,4,0.7920232885951108,3,linucb_primary,1,1,1,3660,dense
17,1,1,1,0.399452804377565,292,3,0.5376196990424076,0.01,0,lotte_technology_search_100k_q238,1,0.7752233443397638,3,linucb_primary,1,1,1,731,dense
17,0,1,1,1.0,778,10,0.27506426735218514,0.73,0,lotte_technology_search_100k_q184,1,0.8129213148702208,2,linucb_primary,0,0,1,778,dense
17,1,1,1,0.24036095159967186,586,3,0.6940114848236258,0.01,1,lotte_technology_search_100k_q514,2,0.616509365285786,3,hybrid_lite,1,1,1,2438,dense
17,1,1,1,0.09708446047490231,323,1,0.4388337841899609,0.01,1,lotte_technology_search_100k_q289,7,0.9671603008296618,3,linucb_primary,1,1,1,3327,dense
17,1,1,1,0.05993485342019544,92,1,0.78371335504886,0.01,1,lotte_technology_search_100k_q461,10,0.9085979940737937,3,linucb_primary,1,1,1,1535,dense
17,1,1,1,0.06255283178360102,74,1,0.7134404057480981,0.01,1,lotte_technology_search_100k_q274,2,0.7805020385862055,3,linucb_primary,1,1,1,1183,dense
17,1,0,1,0.1997563946406821,164,1,0.36053593179049936,0.01,1,lotte_technology_search_100k_q521,2,0.45281642333386857,2,hybrid_lite,1,1,1,821,dense
17,1,1,1,nan,0,0,nan,nan,0,lotte_technology_search_100k_q33,0,0.7499740821752028,3,linucb_primary,0,0,0,1057,dense
17,1,1,1,0.12983770287141075,104,1,0.480649188514357,0.01,0,lotte_technology_search_100k_q451,1,0.7188531115853266,3,hybrid_lite,1,1,1,801,dense
17,1,1,1,0.42720763723150357,358,6,0.5727923627684964,0.43,0,lotte_technology_search_100k_q181,1,0.875526228430993,3,linucb_primary,1,1,1,838,dense
17,1,1,1,nan,0,0,nan,nan,0,lotte_technology_search_100k_q36,0,0.8681647139773955,3,linucb_primary,0,0,0,1406,dense
17,1,1,1,0.1596480201131364,254,1,0.38529226901319924,0.01,1,lotte_technology_search_100k_q471,4,0.8630667382839654,3,linucb_primary,1,1,1,1591,dense
17,1,1,1,0.22366863905325443,378,2,0.7378698224852072,0.01,0,lotte_technology_search_100k_q124,1,0.9278650838215263,3,linucb_primary,1,1,1,1690,dense
17,0,1,1,0.40757238307349664,732,2,0.4894209354120267,0.01,1,lotte_technology_search_100k_q364,2,0.9158732478031254,2,linucb_primary,1,1,1,1796,dense
17,1,1,1,0.018696883852691217,33,1,0.8203966005665723,0.01,0,lotte_technology_search_100k_q520,1,0.7740537231595404,3,linucb_primary,1,1,1,1765,dense
17,0,0,1,nan,0,0,nan,nan,0,lotte_technology_search_100k_q92,0,0.37090219323015716,1,full_dense_fallback,0,0,0,1326,dense
17,1,1,1,0.5533751962323391,705,5,0.4874411302982732,0.52,1,lotte_technology_search_100k_q108,4,0.6169780794014521,3,hybrid_lite,1,1,1,1274,dense
17,1,0,0,nan,0,0,nan,nan,0,lotte_technology_search_100k_q282,0,0.5980504197273985,1,hybrid_lite,0,0,0,1609,dense
17,1,1,1,0.16023738872403562,324,1,0.5410484668644906,0.01,0,lotte_technology_search_100k_q410,1,0.8404544237950817,3,linucb_primary,1,1,1,2022,dense
17,1,1,1,0.09744408945686901,122,1,0.7587859424920128,0.01,0,lotte_technology_search_100k_q401,1,0.8756872290225894,3,linucb_primary,1,1,1,1252,dense
17,1,1,1,nan,0,0,nan,nan,0,lotte_technology_search_100k_q505,0,0.5731535494906497,3,hybrid_lite,0,0,0,1025,dense
17,1,1,1,0.08208154506437768,153,1,0.599785407725322,0.01,1,lotte_technology_search_100k_q490,3,0.7470634705028482,3,linucb_primary,1,1,1,1864,dense
17,1,0,1,0.13101604278074866,147,2,0.6818181818181819,0.01,0,lotte_technology_search_100k_q224,1,0.3469783728343192,2,full_dense_fallback,1,1,1,1122,dense
17,1,1,1,0.2561576354679803,312,1,0.4860426929392446,0.01,0,lotte_technology_search_100k_q61,1,0.5790230770351342,3,hybrid_lite,1,1,1,1218,dense
17,1,1,1,nan,0,0,nan,nan,0,lotte_technology_search_100k_q169,0,0.8943683660766976,3,linucb_primary,0,0,0,1056,dense
17,0,0,0,nan,0,0,nan,nan,0,lotte_technology_search_100k_q137,0,0.2603695921586198,0,full_dense_fallback,0,0,0,1200,dense
17,0,1,1,0.17737556561085974,196,1,0.5085972850678733,0.01,0,lotte_technology_search_100k_q144,1,0.8718435354563576,2,linucb_primary,1,1,1,1105,dense
17,1,0,1,0.18835370237239396,262,2,0.6872753414809489,0.01,0,lotte_technology_search_100k_q199,1,0.47425710291308787,2,hybrid_lite,1,1,1,1391,dense
17,1,1,1,0.13841059602649006,209,1,0.7211920529801324,0.01,1,lotte_technology_search_100k_q371,2,0.8742948419022758,3,linucb_primary,1,1,1,1510,dense
17,1,0,1,0.04855902092380576,123,1,0.7046979865771812,0.01,1,lotte_technology_search_100k_q153,3,0.42099094429019984,2,full_dense_fallback,1,1,1,2533,dense
17,1,1,1,nan,0,0,nan,nan,0,lotte_technology_search_100k_q233,0,0.9790900456202887,3,linucb_primary,0,0,0,1087,dense
17,1,1,1,0.17618586640851888,182,1,0.4065827686350436,0.01,1,lotte_technology_search_100k_q232,2,0.9805084965241825,3,linucb_primary,1,1,1,1033,dense
17,1,1,1,0.06710158434296365,72,1,0.6663560111835973,0.01,1,lotte_technology_search_100k_q563,3,0.9524354475083892,3,linucb_primary,1,1,1,1073,dense
17,1,1,1,0.03178586365537432,76,1,0.533667921371811,0.01,1,lotte_technology_search_100k_q408,7,0.7898769320375854,3,linucb_primary,1,1,1,2391,dense
17,0,0,0,nan,0,0,nan,nan,0,lotte_technology_search_100k_q74,0,0.19103881129202155,0,full_dense_fallback,0,0,0,589,dense
17,1,1,1,nan,0,0,nan,nan,0,lotte_technology_search_100k_q201,0,0.6427212653251809,3,hybrid_lite,0,0,0,1131,dense
17,1,1,1,0.6299411269974768,749,3,0.30361648444070644,0.01,0,lotte_technology_search_100k_q478,1,0.6223906541496141,3,hybrid_lite,1,1,1,1189,dense
17,0,1,1,nan,0,0,nan,nan,0,lotte_technology_search_100k_q176,0,0.7463554769584477,2,linucb_primary,0,0,0,751,dense
17,1,1,1,0.19007731958762886,295,1,0.5631443298969072,0.01,1,lotte_technology_search_100k_q297,2,0.9617253089029423,3,linucb_primary,1,1,1,1552,dense
17,1,1,1,0.13923524522028263,335,1,0.23649210307564428,0.01,1,lotte_technology_search_100k_q458,3,0.9529685907957635,3,linucb_primary,1,1,1,2406,dense
17,1,1,1,0.40443213296398894,292,3,0.5318559556786704,0.01,0,lotte_technology_search_100k_q241,1,0.6788220781884129,3,hybrid_lite,1,1,1,722,dense
17,1,1,1,0.1640530759951749,136,1,0.6079613992762365,0.01,1,lotte_technology_search_100k_q272,2,0.9134640011027698,3,linucb_primary,1,1,1,829,dense
17,1,1,1,0.03156384505021521,44,1,0.5954088952654233,0.01,1,lotte_technology_search_100k_q344,6,0.9320701179988412,3,linucb_primary,1,1,1,1394,dense
17,1,1,1,0.22241086587436332,262,1,0.5314091680814941,0.01,1,lotte_technology_search_100k_q94,3,0.8900130627990606,3,linucb_primary,1,1,1,1178,dense
17,1,1,1,0.5790523690773067,1161,3,0.38004987531172074,0.01,0,lotte_technology_search_100k_q198,1,0.850439515187822,3,linucb_primary,1,1,1,2005,dense
17,1,1,1,0.22323340471092076,417,2,0.19379014989293364,0.01,0,lotte_technology_search_100k_q564,1,0.9977021409502285,3,linucb_primary,1,1,1,1868,dense
17,1,1,1,0.01734489659773182,26,1,0.6444296197464976,0.01,1,lotte_technology_search_100k_q464,9,0.9293563859534164,3,linucb_primary,1,1,1,1499,dense
17,1,1,1,0.05118601747815231,82,1,0.7134831460674158,0.01,1,lotte_technology_search_100k_q407,3,0.5690905067513298,3,hybrid_lite,1,1,1,1602,dense
17,1,1,1,0.07176079734219269,108,1,0.38870431893687707,0.01,1,lotte_technology_search_100k_q399,9,0.8160955634002044,3,linucb_primary,1,1,1,1505,dense
17,1,1,1,0.10054347826086957,74,1,0.71875,0.01,0,lotte_technology_search_100k_q270,1,0.30802963990836346,3,full_dense_fallback,1,1,1,736,dense
17,1,1,1,0.1280558789289872,110,2,0.5634458672875436,0.01,1,lotte_technology_search_100k_q310,4,0.8313422507713963,3,linucb_primary,1,1,1,859,dense
17,1,1,1,0.24552572706935122,439,1,0.31375838926174493,0.01,1,lotte_technology_search_100k_q579,2,0.5210179072871135,3,hybrid_lite,1,1,1,1788,dense
17,1,0,1,0.07386363636363637,143,1,0.38894628099173556,0.01,0,lotte_technology_search_100k_q472,1,0.3738485193626509,2,full_dense_fallback,1,1,1,1936,dense
17,1,0,1,0.3159057437407953,429,1,0.29749631811487487,0.01,0,lotte_technology_search_100k_q387,1,0.5315465936004415,2,hybrid_lite,1,1,1,1358,dense
17,1,1,1,0.06502890173410404,45,1,0.7832369942196532,0.01,0,lotte_technology_search_100k_q215,1,0.7788728224654442,3,linucb_primary,1,1,1,692,dense
17,1,1,1,nan,0,0,nan,nan,0,lotte_technology_search_100k_q104,0,0.36583373082748716,3,full_dense_fallback,0,0,0,1593,dense
17,1,0,1,0.11353211009174312,198,1,0.5280963302752293,0.01,1,lotte_technology_search_100k_q357,3,0.323578681566199,2,full_dense_fallback,1,1,1,1744,dense
17,1,1,1,0.0458830923947203,73,1,0.7196731615336267,0.01,1,lotte_technology_search_100k_q414,8,0.9250970569158153,3,linucb_primary,1,1,1,1591,dense
17,1,1,1,0.4362934362934363,791,1,0.4180915609487038,0.01,0,lotte_technology_search_100k_q279,1,0.5862901405903568,3,hybrid_lite,1,1,1,1813,dense
17,1,1,1,0.4559848005066498,720,2,0.4521849271690943,0.01,1,lotte_technology_search_100k_q494,2,0.6613616226618156,3,hybrid_lite,1,1,1,1579,dense
17,1,1,1,0.4963364993215739,1829,4,0.503663500678426,0.01,0,lotte_technology_search_100k_q584,1,0.6242403661211174,3,hybrid_lite,1,1,1,3685,dense
17,1,1,1,0.10165745856353592,92,2,0.7160220994475138,0.01,1,lotte_technology_search_100k_q209,3,0.716682093694643,3,hybrid_lite,1,1,1,905,dense
17,1,1,1,0.13178294573643412,102,1,0.44056847545219635,0.01,1,lotte_technology_search_100k_q24,2,0.5440152559385072,3,hybrid_lite,1,1,1,774,dense
17,1,1,1,0.18783783783783783,278,1,0.5101351351351351,0.01,0,lotte_technology_search_100k_q256,1,0.6407470233052787,3,hybrid_lite,1,1,1,1480,dense
17,1,1,1,0.061210453920220086,89,1,0.7606602475928473,0.01,1,lotte_technology_search_100k_q553,4,0.5292536873546391,3,hybrid_lite,1,1,1,1454,dense
17,1,1,1,0.05170630816959669,100,1,0.607549120992761,0.01,1,lotte_technology_search_100k_q106,2,0.7506240788689952,3,linucb_primary,1,1,1,1934,dense
17,1,1,1,0.06717171717171717,133,1,0.5313131313131313,0.01,1,lotte_technology_search_100k_q543,2,0.9393760369045189,3,linucb_primary,1,1,1,1980,dense
17,1,1,1,0.10416666666666667,135,1,0.32484567901234573,0.01,1,lotte_technology_search_100k_q556,2,0.9238639421984436,3,linucb_primary,1,1,1,1296,dense
17,1,1,1,nan,0,0,nan,nan,0,lotte_technology_search_100k_q211,0,0.7795750759825331,3,linucb_primary,0,0,0,886,dense
17,1,1,1,0.09274193548387097,69,1,0.7056451612903225,0.01,1,lotte_technology_search_100k_q88,3,0.9345160273313153,3,linucb_primary,1,1,1,744,dense
17,1,1,1,0.03387007218212104,61,1,0.6068850638534148,0.01,1,lotte_technology_search_100k_q340,3,0.7233926294943785,3,hybrid_lite,1,1,1,1801,dense
17,0,0,0,nan,0,0,nan,nan,0,lotte_technology_search_100k_q276,0,0.3279994016025357,0,full_dense_fallback,0,0,0,553,dense
17,1,1,1,0.0779896013864818,135,1,0.5436164067013287,0.01,1,lotte_technology_search_100k_q386,2,0.508595097003996,3,hybrid_lite,1,1,1,1731,dense
17,0,1,1,nan,0,0,nan,nan,0,lotte_technology_search_100k_q27,0,0.8107410411948842,2,linucb_primary,0,0,0,1338,dense
17,1,1,1,0.18613707165109034,239,2,0.6433021806853583,0.01,1,lotte_technology_search_100k_q109,2,0.5217289132075567,3,hybrid_lite,1,1,1,1284,dense
17,1,1,1,0.0959257349149046,186,1,0.3837029396596183,0.01,1,lotte_technology_search_100k_q504,3,0.9225188111331034,3,linucb_primary,1,1,1,1939,dense
17,1,0,1,0.3069221967963387,1073,1,0.47282608695652173,0.01,0,lotte_technology_search_100k_q305,1,0.3309919728261843,2,full_dense_fallback,1,1,1,3496,dense
17,1,0,1,0.36255924170616116,612,1,0.5598341232227488,0.01,0,lotte_technology_search_100k_q315,1,0.7244130837428554,2,hybrid_lite,1,1,1,1688,dense
17,1,1,1,0.1312410841654779,184,1,0.4415121255349501,0.01,0,lotte_technology_search_100k_q435,1,0.9599187791612016,3,linucb_primary,1,1,1,1402,dense
17,1,1,1,0.18943298969072164,147,1,0.5631443298969072,0.01,0,lotte_technology_search_100k_q135,1,0.8432784453089661,3,linucb_primary,1,1,1,776,dense
17,1,1,1,0.12754409769335143,94,1,0.45861601085481685,0.01,1,lotte_technology_search_100k_q509,3,0.6353658579252911,3,hybrid_lite,1,1,1,737,dense
17,1,1,1,0.34072992700729926,1167,1,0.4548905109489051,0.01,1,lotte_technology_search_100k_q288,8,0.9159021401736535,3,linucb_primary,1,1,1,3425,dense
17,1,1,1,0.07017543859649122,68,1,0.4747162022703818,0.01,1,lotte_technology_search_100k_q42,2,0.6406358461993161,3,hybrid_lite,1,1,1,969,dense
17,1,1,1,nan,0,0,nan,nan,0,lotte_technology_search_100k_q254,0,0.720570732025724,3,hybrid_lite,0,0,0,1765,dense
17,1,1,1,0.21654135338345865,144,1,0.5052631578947369,0.01,1,lotte_technology_search_100k_q281,3,0.5152094599805898,3,hybrid_lite,1,1,1,665,dense
17,1,1,1,0.10801144492131616,151,1,0.6151645207439198,0.01,1,lotte_technology_search_100k_q562,2,0.9532984196302859,3,linucb_primary,1,1,1,1398,dense
17,1,0,1,0.44133333333333336,331,1,0.43733333333333335,0.01,0,lotte_technology_search_100k_q534,1,0.34092770511172554,2,full_dense_fallback,1,1,1,750,dense
17,1,0,1,0.21359940872135993,289,2,0.7339246119733924,0.01,0,lotte_technology_search_100k_q120,1,0.45282120006676346,2,hybrid_lite,1,1,1,1353,dense
17,1,1,1,0.22189173111243307,373,1,0.5580011897679953,0.01,1,lotte_technology_search_100k_q65,2,0.7430862229000976,3,linucb_primary,1,1,1,1681,dense
17,1,1,1,0.2781456953642384,126,1,0.509933774834437,0.01,0,lotte_technology_search_100k_q302,1,0.9634729716469326,3,linucb_primary,1,1,1,453,dense
17,1,1,1,0.24143835616438356,141,2,0.48630136986301364,0.01,0,lotte_technology_search_100k_q222,1,0.4889320269661609,3,hybrid_lite,1,1,1,584,dense
17,1,1,1,0.12929184549356224,241,1,0.5547210300429184,0.01,1,lotte_technology_search_100k_q267,2,0.8070274594050952,3,linucb_primary,1,1,1,1864,dense
17,1,1,1,0.417420814479638,738,2,0.2709276018099548,0.01,1,lotte_technology_search_100k_q82,2,0.842957523687895,3,linucb_primary,1,1,1,1768,dense
17,0,1,1,0.11009667024704618,205,2,0.7717508055853921,0.01,0,lotte_technology_search_100k_q547,1,0.610512592407109,2,hybrid_lite,1,1,1,1862,dense
17,1,1,1,0.20381406436233612,342,1,0.5834326579261024,0.01,1,lotte_technology_search_100k_q413,4,0.5394608322623258,3,hybrid_lite,1,1,1,1678,dense
17,1,1,1,0.16975060337892195,211,2,0.6983105390185036,0.01,0,lotte_technology_search_100k_q164,1,0.8905310708463955,3,linucb_primary,1,1,1,1243,dense
17,1,1,1,0.37438423645320196,228,2,0.4203612479474549,0.01,0,lotte_technology_search_100k_q240,1,0.6499110794679646,3,hybrid_lite,1,1,1,609,dense
17,0,1,1,0.045180722891566265,30,1,0.6385542168674698,0.01,0,lotte_technology_search_100k_q66,1,0.6203940624265075,2,hybrid_lite,1,1,1,664,dense
17,1,1,1,0.03537455410225922,119,1,0.49583828775267536,0.01,1,lotte_technology_search_100k_q434,10,0.7000447497560014,3,hybrid_lite,1,1,1,3364,dense
17,1,1,1,0.12357846853677028,163,1,0.6808188021228203,0.01,1,lotte_technology_search_100k_q403,4,0.800169638966967,3,linucb_primary,1,1,1,1319,dense
17,1,1,1,0.29344073647871116,255,1,0.5281933256616801,0.01,0,lotte_technology_search_100k_q154,1,0.9334657418652365,3,linucb_primary,1,1,1,869,dense
17,1,1,0,nan,0,0,nan,nan,0,lotte_technology_search_100k_q8,0,0.3198287495838764,2,full_dense_fallback,0,0,0,527,dense
17,1,1,1,0.25406976744186044,437,4,0.7459302325581396,0.01,0,lotte_technology_search_100k_q40,1,0.6894882468021298,3,hybrid_lite,1,1,1,1720,dense
17,0,1,1,0.8309037900874635,570,9,0.30466472303206993,0.7,0,lotte_technology_search_100k_q22,1,0.7764914552610597,2,linucb_primary,1,1,1,686,dense
17,1,0,1,0.06292388847023361,167,1,0.5444611906556142,0.01,0,lotte_technology_search_100k_q433,1,0.49725386518957987,2,hybrid_lite,1,1,1,2654,dense
17,1,1,1,0.07516993202718912,188,1,0.3426629348260696,0.01,1,lotte_technology_search_100k_q585,2,0.9917133350098846,3,linucb_primary,1,1,1,2501,dense
17,1,0,1,0.11203319502074689,162,1,0.545643153526971,0.01,0,lotte_technology_search_100k_q526,1,0.4494908703456529,2,hybrid_lite,1,1,1,1446,dense
17,1,1,1,0.11901681759379043,184,1,0.45536869340232855,0.01,1,lotte_technology_search_100k_q508,2,0.9807656809547491,3,linucb_primary,1,1,1,1546,dense
17,1,1,1,0.19405791650996615,516,1,0.5836780744640843,0.01,1,lotte_technology_search_100k_q575,3,0.8207695802405179,3,linucb_primary,1,1,1,2659,dense
17,1,1,1,nan,0,0,nan,nan,0,lotte_technology_search_100k_q172,0,0.8510179902515115,3,linucb_primary,0,0,0,607,dense
17,1,0,1,0.5633958103638368,511,1,0.28886438809261306,0.01,0,lotte_technology_search_100k_q226,1,0.2605012078144662,2,full_dense_fallback,1,1,1,907,dense
17,1,1,1,0.08057851239669421,117,1,0.390495867768595,0.01,1,lotte_technology_search_100k_q492,4,0.7792972326192196,3,linucb_primary,1,1,1,1452,dense
17,1,1,1,0.06739345887016848,68,1,0.42715559960356786,0.01,1,lotte_technology_search_100k_q41,2,0.5896921243159579,3,hybrid_lite,1,1,1,1009,dense
17,1,0,1,0.02014218009478673,51,1,0.8120063191153238,0.01,1,lotte_technology_search_100k_q502,6,0.311477943129828,2,full_dense_fallback,1,1,1,2532,dense
17,0,1,1,0.11131725417439703,60,1,0.6641929499072357,0.01,0,lotte_technology_search_100k_q271,1,0.8281059242089956,2,linucb_primary,1,1,1,539,dense
17,1,1,1,0.07600281491907107,108,1,0.7079521463757916,0.01,1,lotte_technology_search_100k_q566,3,0.7190107043650361,3,hybrid_lite,1,1,1,1421,dense
17,1,1,1,0.043076923076923075,28,1,0.4061538461538462,0.01,1,lotte_technology_search_100k_q292,4,0.5251094724490925,3,hybrid_lite,1,1,1,650,dense
17,1,1,1,0.20783460282916214,955,1,0.43068552774755164,0.01,1,lotte_technology_search_100k_q506,6,0.5474165097576104,3,hybrid_lite,1,1,1,4595,dense
17,1,1,1,0.1835966892400301,244,1,0.4273890142964635,0.01,1,lotte_technology_search_100k_q493,2,0.8907117989935175,3,linucb_primary,1,1,1,1329,dense
17,1,1,1,0.14809688581314878,214,1,0.3854671280276817,0.01,1,lotte_technology_search_100k_q338,2,0.9771285680884,3,linucb_primary,1,1,1,1445,dense
17,1,1,1,0.026778882938026015,70,1,0.8978576893649579,0.01,1,lotte_technology_search_100k_q431,5,0.545976353349048,3,hybrid_lite,1,1,1,2614,dense
17,0,1,1,nan,0,0,nan,nan,0,lotte_technology_search_100k_q26,0,0.9622296478159118,2,linucb_primary,0,0,0,1263,dense
17,1,1,1,0.31822262118491923,709,2,0.5457809694793536,0.01,0,lotte_technology_search_100k_q72,1,0.8499192634528755,3,linucb_primary,1,1,1,2228,dense
17,0,1,1,0.40368271954674223,285,3,0.5594900849858357,0.01,0,lotte_technology_search_100k_q121,1,0.7589525896460737,2,linucb_primary,1,1,1,706,dense
17,0,1,1,0.7296786389413988,386,5,0.27032136105860116,0.73,0,lotte_technology_search_100k_q225,1,0.5438153943415963,2,hybrid_lite,1,1,1,529,dense
17,1,1,1,0.28065573770491803,428,1,0.47540983606557374,0.01,1,lotte_technology_search_100k_q132,2,0.9706838079609494,3,linucb_primary,1,1,1,1525,dense
17,1,1,1,0.2613065326633166,312,1,0.4857621440536013,0.01,0,lotte_technology_search_100k_q63,1,0.5528706537468905,3,hybrid_lite,1,1,1,1194,dense
17,0,1,1,0.24554826616682288,262,3,0.6597938144329897,0.01,0,lotte_technology_search_100k_q203,1,0.7229482446050318,2,hybrid_lite,1,1,1,1067,dense
17,1,0,1,0.051057770545158664,251,1,0.7595606183889341,0.01,1,lotte_technology_search_100k_q392,4,0.5143145696261436,2,hybrid_lite,1,1,1,4916,dense
17,1,1,1,0.6895424836601307,1055,3,0.27647058823529413,0.01,1,lotte_technology_search_100k_q173,2,0.6820916301079556,3,hybrid_lite,1,1,1,1530,dense
17,1,1,1,0.13828125,177,1,0.24531250000000004,0.01,1,lotte_technology_search_100k_q249,4,0.7522220959829372,3,linucb_primary,1,1,1,1280,dense
17,1,1,1,0.1590909090909091,231,1,0.5702479338842975,0.01,1,lotte_technology_search_100k_q581,3,0.7314889462575503,3,hybrid_lite,1,1,1,1452,dense
17,1,0,1,0.04165255672197765,123,1,0.74669827294277,0.01,1,lotte_technology_search_100k_q152,3,0.43390356237706595,2,full_dense_fallback,1,1,1,2953,dense
17,1,1,1,0.057502467917077985,233,1,0.6246298124383021,0.01,1,lotte_technology_search_100k_q590,2,0.9901965345637719,3,linucb_primary,1,1,1,4052,dense
17,1,1,1,0.07013149655604257,112,1,0.47651847213525356,0.01,1,lotte_technology_search_100k_q95,3,0.9480287140472862,3,linucb_primary,1,1,1,1597,dense
17,1,1,1,0.04468412942989214,58,1,0.7303543913713405,0.01,0,lotte_technology_search_100k_q522,1,0.6327732852686178,3,hybrid_lite,1,1,1,1298,dense
17,1,1,1,0.1536760641238253,278,1,0.34715312327252623,0.01,1,lotte_technology_search_100k_q257,2,0.586013920788032,3,hybrid_lite,1,1,1,1809,dense
17,1,1,1,0.04412923561859732,56,1,0.4365642237982663,0.01,1,lotte_technology_search_100k_q316,3,0.9756105124323526,3,linucb_primary,1,1,1,1269,dense
17,1,1,1,0.1674074074074074,226,1,0.4548148148148148,0.01,0,lotte_technology_search_100k_q188,1,0.8777250587245953,3,linucb_primary,1,1,1,1350,dense
17,1,1,1,0.07840991976659373,215,1,0.5565280816921955,0.01,1,lotte_technology_search_100k_q529,7,0.7601397241745858,3,linucb_primary,1,1,1,2742,dense
17,1,1,1,0.8710289236605027,1837,7,0.12897107633949734,0.88,0,lotte_technology_search_100k_q70,1,0.8550645127197868,3,linucb_primary,0,1,1,2109,dense
17,1,1,1,0.05273972602739726,77,1,0.6664383561643836,0.01,1,lotte_technology_search_100k_q298,2,0.9462702405804092,3,linucb_primary,1,1,1,1460,dense
17,1,1,1,0.5500349895031491,786,1,0.1714485654303709,0.01,0,lotte_technology_search_100k_q528,1,0.31575711893969516,3,full_dense_fallback,1,1,1,1429,dense
17,1,0,1,0.26049766718507,335,1,0.6905132192846034,0.01,0,lotte_technology_search_100k_q383,1,0.2108317402712364,2,full_dense_fallback,1,1,1,1286,dense
17,0,0,0,nan,0,0,nan,nan,0,lotte_technology_search_100k_q138,0,0.27140619595673926,0,full_dense_fallback,0,0,0,1121,dense
17,1,1,1,0.032130777903043965,57,1,0.6211950394588501,0.01,1,lotte_technology_search_100k_q442,3,0.7484029907363701,3,linucb_primary,1,1,1,1774,dense
17,0,1,1,0.08284023668639054,56,1,0.4600591715976331,0.01,0,lotte_technology_search_100k_q180,1,0.8224974566199245,2,linucb_primary,1,1,1,676,dense
17,1,1,1,0.1010752688172043,94,1,0.7139784946236559,0.01,0,lotte_technology_search_100k_q29,1,0.6439661641434412,3,hybrid_lite,1,1,1,930,dense
17,1,1,1,0.05112219451371571,41,1,0.7144638403990025,0.01,1,lotte_technology_search_100k_q295,5,0.8553787807166375,3,linucb_primary,1,1,1,802,dense
17,1,1,1,0.019385026737967916,29,1,0.6945187165775402,0.01,1,lotte_technology_search_100k_q519,6,0.5762632314525722,3,hybrid_lite,1,1,1,1496,dense
17,1,1,1,0.11099899091826437,110,1,0.5691220988900101,0.01,1,lotte_technology_search_100k_q242,3,0.472583216740289,3,hybrid_lite,1,1,1,991,dense
17,1,1,1,0.04723745255166596,112,1,0.7545339519190215,0.01,1,lotte_technology_search_100k_q334,2,0.671829522833169,3,hybrid_lite,1,1,1,2371,dense
19,1,1,1,0.037337662337662336,23,1,0.5827922077922079,0.01,1,lotte_technology_search_100k_q336,4,0.6894729943714194,3,hybrid_lite,1,1,1,616,dense
19,1,1,1,0.3583556747095621,401,2,0.5031277926720286,0.01,0,lotte_technology_search_100k_q76,1,0.956709999067986,3,linucb_primary,1,1,1,1119,dense
19,1,1,1,0.13086770981507823,92,1,0.5277382645803699,0.01,1,lotte_technology_search_100k_q426,10,0.7236217922516591,3,hybrid_lite,1,1,1,703,dense
19,1,0,1,0.04707233065442021,41,1,0.7003444316877152,0.01,0,lotte_technology_search_100k_q2,1,0.27007609641508057,2,full_dense_fallback,1,1,1,871,dense
19,1,1,1,0.3781634128705712,523,1,0.4663774403470716,0.01,1,lotte_technology_search_100k_q447,3,0.43017498578512287,3,full_dense_fallback,1,1,1,1383,dense
19,1,1,1,nan,0,0,nan,nan,0,lotte_technology_search_100k_q139,0,0.9007613003028447,3,linucb_primary,0,0,0,1599,dense
19,1,1,1,0.18284228769497402,422,1,0.32235701906412473,0.01,1,lotte_technology_search_100k_q507,3,0.6932847217547207,3,hybrid_lite,1,1,1,2308,dense
19,0,1,1,nan,0,0,nan,nan,0,lotte_technology_search_100k_q58,0,0.8728400763481187,2,linucb_primary,0,0,0,803,dense
19,1,1,1,0.16905444126074498,177,2,0.673352435530086,0.01,1,lotte_technology_search_100k_q125,2,0.6843010497263747,3,hybrid_lite,1,1,1,1047,dense
19,1,1,1,0.01828761429758936,66,1,0.6633416458852868,0.01,1,lotte_technology_search_100k_q462,4,0.9870750307648781,3,linucb_primary,1,1,1,3609,dense
19,0,1,1,0.24199743918053776,189,3,0.6850192061459668,0.01,0,lotte_technology_search_100k_q57,1,0.9505952263742922,2,linucb_primary,1,1,1,781,dense
19,1,1,1,0.10541110330288124,150,1,0.4982431482782853,0.01,1,lotte_technology_search_100k_q503,5,0.7569289316484983,3,linucb_primary,1,1,1,1423,dense
19,1,1,1,0.10166919575113809,67,1,0.725341426403642,0.01,0,lotte_technology_search_100k_q264,1,0.9164544998114013,3,linucb_primary,1,1,1,659,dense
19,0,0,0,nan,0,0,nan,nan,0,lotte_technology_search_100k_q166,0,0.6730687825883245,0,hybrid_lite,0,0,0,1578,dense
19,1,0,1,0.171939477303989,125,2,0.7042640990371389,0.01,1,lotte_technology_search_100k_q213,2,0.43151541800847015,2,full_dense_fallback,1,1,1,727,dense
19,1,1,1,0.07577639751552795,122,1,0.7111801242236024,0.01,1,lotte_technology_search_100k_q578,8,0.5716576841783233,3,hybrid_lite,1,1,1,1610,dense
19,1,0,1,0.04448742746615087,46,1,0.6170212765957447,0.01,1,lotte_technology_search_100k_q244,3,0.3830264501921574,2,full_dense_fallback,1,1,1,1034,dense
19,1,1,1,0.20830788026878436,341,4,0.7916921197312157,0.01,0,lotte_technology_search_100k_q117,1,0.9923306089691776,3,linucb_primary,1,1,1,1637,dense
19,0,1,1,0.7413984461709212,1336,6,0.2586015538290788,0.75,0,lotte_technology_search_100k_q280,1,0.7582206708514654,2,linucb_primary,1,1,1,1802,dense
19,1,1,1,0.06354334948842219,118,1,0.5831987075928917,0.01,1,lotte_technology_search_100k_q378,4,0.9632044816583041,3,linucb_primary,1,1,1,1857,dense
19,1,1,1,0.3051201671891327,292,3,0.6238244514106583,0.01,0,lotte_technology_search_100k_q11,1,0.9409017239555615,3,linucb_primary,1,1,1,957,dense
19,1,1,1,0.9560334528076464,4001,8,0.0439665471923536,0.96,0,lotte_technology_search_100k_q102,1,0.7782351377520202,3,linucb_primary,0,0,1,4185,dense
19,1,0,1,nan,0,0,nan,nan,0,lotte_technology_search_100k_q363,0,0.5177015263688486,2,hybrid_lite,0,0,0,871,dense
19,1,1,1,0.020174050632911392,51,1,0.7223101265822784,0.01,1,lotte_technology_search_100k_q446,10,0.7973319039584421,3,linucb_primary,1,1,1,2528,dense
19,1,0,1,0.23215523215523215,670,1,0.702009702009702,0.01,0,lotte_technology_search_100k_q499,1,0.38936878842284145,2,full_dense_fallback,1,1,1,2886,dense
19,1,1,1,0.07973219720024345,131,1,0.6122945830797322,0.01,0,lotte_technology_search_100k_q476,1,0.5542473781574467,3,hybrid_lite,1,1,1,1643,dense
19,1,1,1,0.10484927916120576,80,1,0.7142857142857143,0.01,1,lotte_technology_search_100k_q98,2,0.9405582763131309,3,linucb_primary,1,1,1,763,dense
19,1,1,0,nan,0,0,nan,nan,0,lotte_technology_search_100k_q284,0,0.6677964758496643,2,hybrid_lite,0,0,0,1563,dense
19,1,1,1,0.19123505976095617,288,2,0.7569721115537849,0.01,0,lotte_technology_search_100k_q200,1,0.7608885995341936,3,linucb_primary,1,1,1,1506,dense
19,1,1,1,nan,0,0,nan,nan,0,lotte_technology_search_100k_q170,0,0.5936277293919656,3,hybrid_lite,0,0,0,1057,dense
19,0,1,1,0.42562338779019776,495,4,0.5743766122098022,0.01,1,lotte_technology_search_100k_q278,2,0.9651301472828805,2,linucb_primary,1,1,1,1163,dense
19,1,1,1,0.16666666666666666,254,1,0.3582677165354331,0.01,1,lotte_technology_search_100k_q525,4,0.7966055796503388,3,linucb_primary,1,1,1,1524,dense
19,1,1,1,0.10414333706606943,93,1,0.4871220604703248,0.01,1,lotte_technology_search_100k_q210,2,0.9658918002364357,3,linucb_primary,1,1,1,893,dense
19,1,1,1,0.08535688005886681,116,1,0.3708609271523179,0.01,1,lotte_technology_search_100k_q425,10,1.0,3,linucb_primary,1,1,1,1359,dense
19,1,1,1,0.2222222222222222,390,4,0.7777777777777778,0.01,1,lotte_technology_search_100k_q0,2,0.9333932162837567,3,linucb_primary,1,1,1,1755,dense
19,1,1,1,0.10877447425670776,150,1,0.48223350253807107,0.01,1,lotte_technology_search_100k_q516,5,0.8008857003145011,3,linucb_primary,1,1,1,1379,dense
19,1,1,1,0.13317043372021992,218,1,0.34697617593158214,0.01,1,lotte_technology_search_100k_q436,2,0.7890327224554894,3,linucb_primary,1,1,1,1637,dense
19,1,0,1,0.28804569563443494,706,1,0.34679722562219506,0.01,0,lotte_technology_search_100k_q419,1,0.460702049784118,2,hybrid_lite,1,1,1,2451,dense
19,1,1,1,0.662426614481409,1354,4,0.33757338551859095,0.01,0,lotte_technology_search_100k_q376,1,0.8125284828794619,3,linucb_primary,1,1,1,2044,dense
19,1,1,1,0.483921568627451,617,5,0.516078431372549,0.49,0,lotte_technology_search_100k_q500,1,0.5567912010734265,3,hybrid_lite,1,1,1,1275,dense
19,0,1,1,0.5177664974619289,612,3,0.40778341793570216,0.01,0,lotte_technology_search_100k_q445,1,0.9532937646139821,2,linucb_primary,1,1,1,1182,dense
19,1,1,0,nan,0,0,nan,nan,0,lotte_technology_search_100k_q115,0,0.7160926089374908,2,hybrid_lite,0,0,0,1515,dense
19,1,1,1,0.13777777777777778,124,1,0.5211111111111111,0.01,0,lotte_technology_search_100k_q273,1,0.5621684945156372,3,hybrid_lite,1,1,1,900,dense
19,1,1,1,0.3098712446351931,361,2,0.24206008583690986,0.01,0,lotte_technology_search_100k_q535,1,0.5216085480598515,3,hybrid_lite,1,1,1,1165,dense
19,1,1,1,0.020734341252699785,48,1,0.5624190064794816,0.01,1,lotte_technology_search_100k_q329,5,0.971170748536506,3,linucb_primary,1,1,1,2315,dense
19,1,0,1,0.056461731493099125,90,1,0.5439146800501882,0.01,1,lotte_technology_search_100k_q568,2,0.46813239185096567,2,hybrid_lite,1,1,1,1594,dense
19,1,1,1,0.02108309218685407,51,1,0.41835469202149644,0.01,1,lotte_technology_search_100k_q595,5,0.9798799567106083,3,linucb_primary,1,1,1,2419,dense
19,1,0,1,0.19461337966985232,448,1,0.28062554300608167,0.01,0,lotte_technology_search_100k_q359,1,0.4445060373104282,2,hybrid_lite,1,1,1,2302,dense
19,0,1,1,1.0,693,10,0.1515151515151515,0.85,0,lotte_technology_search_100k_q21,1,0.7950418297138026,2,linucb_primary,1,0,1,693,dense
19,1,1,1,0.11516974645466266,268,1,0.45595186935969056,0.01,1,lotte_technology_search_100k_q560,3,0.7934799726057935,3,linucb_primary,1,1,1,2327,dense
19,1,1,1,0.15124153498871332,335,1,0.38284424379232507,0.01,1,lotte_technology_search_100k_q396,4,0.7523052145059981,3,linucb_primary,1,1,1,2215,dense
19,1,1,1,0.016358463726884778,23,1,0.7695590327169275,0.01,1,lotte_technology_search_100k_q163,2,0.2659378726486032,3,full_dense_fallback,1,1,1,1406,dense
19,1,1,1,0.06622788975730153,161,1,0.3932538050185109,0.01,1,lotte_technology_search_100k_q527,6,0.5815789558216411,3,hybrid_lite,1,1,1,2431,dense
19,1,1,1,0.05185185185185185,84,1,0.6746913580246914,0.01,1,lotte_technology_search_100k_q423,10,0.9696553496850258,3,linucb_primary,1,1,1,1620,dense
19,1,1,0,nan,0,0,nan,nan,0,lotte_technology_search_100k_q283,0,0.9583057998688543,2,linucb_primary,0,0,0,843,dense
19,1,1,1,0.439239332096475,947,6,0.6062152133580705,0.4,1,lotte_technology_search_100k_q339,2,0.659927738020288,3,hybrid_lite,1,1,1,2156,dense
19,1,1,1,0.21209465381244522,242,1,0.49430324276950044,0.01,0,lotte_technology_search_100k_q474,1,0.38933043190386385,3,full_dense_fallback,1,1,1,1141,dense
19,1,1,1,0.030513176144244106,44,1,0.49653259361997226,0.01,1,lotte_technology_search_100k_q343,5,0.9015509276572884,3,linucb_primary,1,1,1,1442,dense
19,1,1,1,0.12270168855534709,327,2,0.30318949343339585,0.01,0,lotte_technology_search_100k_q312,1,0.4672809116866079,3,hybrid_lite,1,1,1,2665,dense
19,1,1,1,0.04926108374384237,70,1,0.5369458128078818,0.01,1,lotte_technology_search_100k_q311,3,0.8535696282387598,3,linucb_primary,1,1,1,1421,dense
19,1,1,1,0.011504424778761062,13,1,0.6371681415929203,0.01,1,lotte_technology_search_100k_q236,7,0.9319482406281268,3,linucb_primary,1,1,1,1130,dense
19,0,1,0,nan,0,0,nan,nan,0,lotte_technology_search_100k_q382,0,0.4654064822185987,1,hybrid_lite,0,0,0,1037,dense
19,1,1,1,0.0898488120950324,208,1,0.5624190064794816,0.01,1,lotte_technology_search_100k_q328,5,0.9772245694516078,3,linucb_primary,1,1,1,2315,dense
19,1,1,1,0.04658583280153159,73,1,0.7019783024888322,0.01,1,lotte_technology_search_100k_q444,8,0.9484226071106403,3,linucb_primary,1,1,1,1567,dense
19,1,1,1,0.10780370072405471,134,1,0.4432823813354787,0.01,1,lotte_technology_search_100k_q356,3,0.743907298532991,3,linucb_primary,1,1,1,1243,dense
19,1,1,1,0.4008159102498725,786,1,0.3120856705762366,0.01,0,lotte_technology_search_100k_q517,1,0.5496617678164448,3,hybrid_lite,1,1,1,1961,dense
19,1,1,1,0.2467820683533067,556,1,0.33510874389702616,0.01,1,lotte_technology_search_100k_q415,3,0.8203453334974391,3,linucb_primary,1,1,1,2253,dense
19,1,1,1,0.11168981481481481,193,1,0.36342592592592593,0.01,1,lotte_technology_search_100k_q416,4,0.7886745827177105,3,linucb_primary,1,1,1,1728,dense
19,1,1,1,0.06981858163826278,127,1,0.6063771302913689,0.01,1,lotte_technology_search_100k_q495,2,0.8412152324022136,3,linucb_primary,1,1,1,1819,dense
19,1,1,1,0.604849000425351,1422,1,0.29179072735006384,0.01,1,lotte_technology_search_100k_q263,2,0.7859716911662539,3,linucb_primary,1,1,1,2351,dense
19,1,1,1,0.10865290068829891,442,1,0.76007866273353,0.01,1,lotte_technology_search_100k_q369,5,0.6959785955806221,3,hybrid_lite,1,1,1,4068,dense
19,0,1,1,nan,0,0,nan,nan,0,lotte_technology_search_100k_q175,0,0.34563882030000437,2,full_dense_fallback,0,0,0,929,dense
19,1,1,1,0.2532855436081243,636,1,0.4551971326164874,0.01,1,lotte_technology_search_100k_q480,2,0.6523660777979354,3,hybrid_lite,1,1,1,2511,dense
19,1,1,1,0.5913705583756346,699,1,0.21489001692047383,0.01,0,lotte_technology_search_100k_q373,1,0.5908262724299079,3,hybrid_lite,1,1,1,1182,dense
19,1,1,1,0.13609467455621302,138,1,0.6222879684418146,0.01,1,lotte_technology_search_100k_q251,2,0.618880633131027,3,hybrid_lite,1,1,1,1014,dense
19,1,0,1,0.13098591549295774,93,1,0.6154929577464789,0.01,1,lotte_technology_search_100k_q443,2,0.5196635737893994,2,hybrid_lite,1,1,1,710,dense
19,1,1,1,nan,0,0,nan,nan,0,lotte_technology_search_100k_q197,0,0.4892860745680891,3,hybrid_lite,0,0,0,671,dense
19,1,1,1,0.15093479252165984,331,2,0.5512995896032832,0.01,1,lotte_technology_search_100k_q538,3,0.8402445848862764,3,linucb_primary,1,1,1,2193,dense
19,1,1,1,1.0,498,10,0.0,1.0,0,lotte_technology_search_100k_q262,1,0.8108857913754384,3,linucb_primary,0,0,1,498,dense
19,1,1,1,0.15,159,1,0.5688679245283019,0.01,1,lotte_technology_search_100k_q466,10,0.7124523121483572,3,hybrid_lite,1,1,1,1060,dense
19,1,1,1,0.05617198335644938,81,1,0.4181692094313454,0.01,1,lotte_technology_search_100k_q588,4,0.9445432990405863,3,linucb_primary,1,1,1,1442,dense
19,1,1,1,0.11168981481481481,193,1,0.36342592592592593,0.01,1,lotte_technology_search_100k_q450,4,0.8239036728520693,3,linucb_primary,1,1,1,1728,dense
19,1,1,1,0.20063694267515925,63,1,0.6146496815286624,0.01,1,lotte_technology_search_100k_q113,3,0.7055103326339477,3,hybrid_lite,1,1,1,314,dense
19,1,1,1,0.553453947368421,673,6,0.6570723684210527,0.35,0,lotte_technology_search_100k_q511,1,0.8095206341323383,3,linucb_primary,1,1,1,1216,dense
19,1,0,1,0.19909793814432988,309,2,0.6597938144329897,0.01,0,lotte_technology_search_100k_q206,1,0.5950587216699083,2,hybrid_lite,1,1,1,1552,dense
19,1,0,1,0.2189239332096475,236,1,0.40445269016697594,0.01,1,lotte_technology_search_100k_q245,2,0.4301754484220015,2,full_dense_fallback,1,1,1,1078,dense
19,0,1,1,nan,0,0,nan,nan,0,lotte_technology_search_100k_q60,0,0.5574072202376452,2,hybrid_lite,0,0,0,922,dense
19,1,1,1,0.08835904628330996,63,1,0.6143057503506311,0.01,1,lotte_technology_search_100k_q44,2,0.9697059654329594,3,linucb_primary,1,1,1,713,dense
19,1,1,1,0.2908863920099875,233,3,0.6079900124843944,0.01,1,lotte_technology_search_100k_q46,3,0.9574287445700175,3,linucb_primary,1,1,1,801,dense
19,1,1,1,0.21008403361344538,300,1,0.4236694677871149,0.01,1,lotte_technology_search_100k_q358,3,0.6654267451379616,3,hybrid_lite,1,1,1,1428,dense
19,1,0,1,0.8148148148148148,1012,8,0.18518518518518523,0.82,0,lotte_technology_search_100k_q81,1,0.5076298375571181,2,hybrid_lite,1,1,1,1242,dense
19,1,1,1,0.6536585365853659,536,5,0.375609756097561,0.63,1,lotte_technology_search_100k_q193,2,0.9572495909036008,3,linucb_primary,1,1,1,820,dense
19,1,1,1,0.05481283422459893,41,1,0.6938502673796791,0.01,1,lotte_technology_search_100k_q296,5,0.9673178313879951,3,linucb_primary,1,1,1,748,dense
19,1,1,1,0.03407755581668625,145,1,0.6474735605170387,0.01,1,lotte_technology_search_100k_q542,2,0.41108519346589606,3,full_dense_fallback,1,1,1,4255,dense
19,0,0,1,nan,0,0,nan,nan,0,lotte_technology_search_100k_q77,0,0.281288302583985,1,full_dense_fallback,0,0,0,746,dense
19,0,1,1,0.6589242053789731,1078,6,0.3410757946210269,0.66,0,lotte_technology_search_100k_q114,1,0.9044773370722565,2,linucb_primary,1,1,1,1636,dense
19,1,1,1,0.02010869565217391,37,1,0.7233695652173913,0.01,1,lotte_technology_search_100k_q346,2,0.8916697413096056,3,linucb_primary,1,1,1,1840,dense
19,1,1,1,0.06020066889632107,72,1,0.7207357859531773,0.01,1,lotte_technology_search_100k_q49,2,0.7950611772627132,3,linucb_primary,1,1,1,1196,dense
19,1,1,1,0.3363774733637747,442,3,0.6118721461187215,0.01,1,lotte_technology_search_100k_q110,3,0.9613357359382574,3,linucb_primary,1,1,1,1314,dense
19,0,0,0,nan,0,0,nan,nan,0,lotte_technology_search_100k_q237,0,0.5127941515697455,0,hybrid_lite,0,0,0,788,dense
19,1,0,1,0.2623762376237624,106,1,0.5074257425742574,0.01,0,lotte_technology_search_100k_q307,1,0.17089564278721808,2,full_dense_fallback,1,1,1,404,dense
19,1,1,1,0.03761283851554664,75,1,0.5325977933801405,0.01,1,lotte_technology_search_100k_q491,6,0.7278301791497335,3,hybrid_lite,1,1,1,1994,dense
19,1,1,1,0.17994100294985252,122,2,0.5943952802359882,0.01,1,lotte_technology_search_100k_q43,4,0.9574782666284954,3,linucb_primary,1,1,1,678,dense
19,1,1,1,0.0832183908045977,181,1,0.36873563218390804,0.01,1,lotte_technology_search_100k_q409,2,0.7567624386622587,3,linucb_primary,1,1,1,2175,dense
19,1,1,0,nan,0,0,nan,nan,0,lotte_technology_search_100k_q317,0,0.7047960380396128,2,hybrid_lite,0,0,0,1521,dense
19,1,1,1,nan,0,0,nan,nan,0,lotte_technology_search_100k_q6,0,0.877138182050272,3,linucb_primary,0,0,0,2217,dense
19,1,1,1,0.06684611933602512,149,1,0.5392552714221623,0.01,1,lotte_technology_search_100k_q308,4,0.958337781458484,3,linucb_primary,1,1,1,2229,dense
19,1,1,1,nan,0,0,nan,nan,0,lotte_technology_search_100k_q28,0,0.7133759159553684,3,hybrid_lite,0,0,0,1240,dense
19,1,1,1,0.026814911706998037,41,1,0.5369522563767168,0.01,1,lotte_technology_search_100k_q422,6,0.9733297534736012,3,linucb_primary,1,1,1,1529,dense
19,1,0,1,0.43977976600137647,639,4,0.5602202339986235,0.01,0,lotte_technology_search_100k_q191,1,0.428512706378471,2,full_dense_fallback,1,1,1,1453,dense
19,1,1,1,0.11790393013100436,162,1,0.5218340611353711,0.01,0,lotte_technology_search_100k_q485,1,0.7830382781278328,3,linucb_primary,1,1,1,1374,dense
19,1,0,1,0.2244258872651357,215,2,0.6409185803757829,0.01,0,lotte_technology_search_100k_q146,1,0.5658402905702883,2,hybrid_lite,1,1,1,958,dense
19,1,1,1,0.020442930153321975,36,1,0.8324815445769449,0.01,1,lotte_technology_search_100k_q457,8,0.883580770547982,3,linucb_primary,1,1,1,1761,dense
19,1,1,1,0.08333333333333333,65,1,0.44487179487179485,0.01,1,lotte_technology_search_100k_q324,10,0.6845891587179129,3,hybrid_lite,1,1,1,780,dense
19,1,1,1,0.6153846153846154,808,2,0.3434881949733435,0.01,1,lotte_technology_search_100k_q294,2,0.5391438371149618,3,hybrid_lite,1,1,1,1313,dense
19,1,1,1,0.19586374695863748,161,1,0.5498783454987834,0.01,0,lotte_technology_search_100k_q303,1,0.6359339033261366,3,hybrid_lite,1,1,1,822,dense
19,1,1,1,0.3347260909935005,721,1,0.24791086350974934,0.01,1,lotte_technology_search_100k_q452,3,0.703066167742047,3,hybrid_lite,1,1,1,2154,dense
19,1,1,1,0.296,481,2,0.5236923076923077,0.01,1,lotte_technology_search_100k_q551,2,0.5438874036407596,3,hybrid_lite,1,1,1,1625,dense
19,1,1,1,0.04732690622261174,54,1,0.5477651183172656,0.01,0,lotte_technology_search_100k_q360,1,0.5801870136038486,3,hybrid_lite,1,1,1,1141,dense
19,1,0,1,0.17412140575079874,109,1,0.5623003194888179,0.01,0,lotte_technology_search_100k_q9,1,0.45093023959694795,2,hybrid_lite,1,1,1,626,dense
19,1,1,1,0.15078407720144751,250,1,0.7225572979493365,0.01,1,lotte_technology_search_100k_q309,3,0.8585080652923004,3,linucb_primary,1,1,1,1658,dense
19,1,1,1,0.07894736842105263,195,1,0.3331983805668016,0.01,1,lotte_technology_search_100k_q593,2,0.6988524860600476,3,hybrid_lite,1,1,1,2470,dense
19,1,1,1,nan,0,0,nan,nan,0,lotte_technology_search_100k_q208,0,0.9415445590912338,3,linucb_primary,0,0,0,1657,dense
19,1,0,1,0.0998439937597504,64,1,0.4914196567862714,0.01,1,lotte_technology_search_100k_q489,3,0.49048062563708755,2,hybrid_lite,1,1,1,641,dense
19,1,1,1,0.2783229259589652,312,1,0.5950044603033007,0.01,0,lotte_technology_search_100k_q62,1,0.8747112586330151,3,linucb_primary,1,1,1,1121,dense
19,1,1,1,0.06484295845997974,64,1,0.6261398176291793,0.01,1,lotte_technology_search_100k_q111,6,0.7432061387205791,3,linucb_primary,1,1,1,987,dense
19,1,1,1,0.318475073313783,543,5,0.681524926686217,0.32,1,lotte_technology_search_100k_q214,2,0.9865895023017559,3,linucb_primary,1,1,1,1705,dense
19,1,1,1,0.3158783783783784,748,1,0.4294763513513513,0.01,1,lotte_technology_search_100k_q479,2,0.567763596703437,3,hybrid_lite,1,1,1,2368,dense
19,1,1,1,0.0935361216730038,123,1,0.48897338403041823,0.01,1,lotte_technology_search_100k_q332,3,0.9485388944501971,3,linucb_primary,1,1,1,1315,dense
19,1,1,1,0.0989010989010989,99,1,0.6413586413586414,0.01,1,lotte_technology_search_100k_q83,2,0.5881032217708767,3,hybrid_lite,1,1,1,1001,dense
19,1,0,1,0.19504132231404958,118,1,0.5933884297520662,0.01,0,lotte_technology_search_100k_q87,1,0.2954861187488452,2,full_dense_fallback,1,1,1,605,dense
19,1,1,1,0.07528015820698747,571,2,0.817798286090969,0.01,1,lotte_technology_search_100k_q558,3,0.8925439383331897,3,linucb_primary,1,1,1,7585,dense
19,1,1,1,0.7899045020463847,579,7,0.21009549795361526,0.79,0,lotte_technology_search_100k_q155,1,0.6478287503607004,3,hybrid_lite,1,1,1,733,dense
19,1,1,1,0.047045951859956234,43,1,0.5656455142231948,0.01,1,lotte_technology_search_100k_q404,4,0.581643786747063,3,hybrid_lite,1,1,1,914,dense
19,0,1,1,nan,0,0,nan,nan,0,lotte_technology_search_100k_q47,0,0.32059337532021515,2,full_dense_fallback,0,0,0,844,dense
19,1,1,1,0.13240418118466898,76,1,0.6602787456445993,0.01,0,lotte_technology_search_100k_q37,1,0.8863857607692999,3,linucb_primary,1,1,1,574,dense
19,1,0,1,0.13405797101449277,148,1,0.7028985507246377,0.01,1,lotte_technology_search_100k_q335,3,0.7353084475726943,2,hybrid_lite,1,1,1,1104,dense
19,1,1,1,0.20466982852973367,561,1,0.34330536300620207,0.01,0,lotte_technology_search_100k_q411,1,0.8946001455038419,3,linucb_primary,1,1,1,2741,dense
19,1,0,1,0.14333333333333334,86,2,0.6716666666666666,0.01,0,lotte_technology_search_100k_q265,1,0.315522070588118,2,full_dense_fallback,1,1,1,600,dense
19,0,1,1,0.054694621695533276,60,1,0.6481312670920694,0.01,1,lotte_technology_search_100k_q510,6,0.8864560332237756,2,linucb_primary,1,1,1,1097,dense
19,1,1,1,0.13679619349722444,345,1,0.598334655035686,0.01,1,lotte_technology_search_100k_q327,5,0.9702935809947688,3,linucb_primary,1,1,1,2522,dense
19,1,0,1,0.2168421052631579,206,1,0.4336842105263158,0.01,1,lotte_technology_search_100k_q229,4,0.3428481441512612,2,full_dense_fallback,1,1,1,950,dense
19,1,1,1,0.10511363636363637,74,1,0.6221590909090908,0.01,0,lotte_technology_search_100k_q168,1,0.7090769631281512,3,hybrid_lite,1,1,1,704,dense
19,1,1,1,0.11768754301445286,342,1,0.7019958706125258,0.01,1,lotte_technology_search_100k_q326,2,0.6004749677230686,3,hybrid_lite,1,1,1,2906,dense
19,1,1,1,0.19530284301606923,158,1,0.5747836835599506,0.01,0,lotte_technology_search_100k_q205,1,0.7856863339881722,3,linucb_primary,1,1,1,809,dense
19,1,1,1,0.3009845288326301,214,3,0.6540084388185654,0.01,0,lotte_technology_search_100k_q19,1,0.7947795974128651,3,linucb_primary,1,1,1,711,dense
19,1,1,1,0.11297709923664122,74,1,0.5938931297709924,0.01,0,lotte_technology_search_100k_q167,1,0.6325934731244507,3,hybrid_lite,1,1,1,655,dense
19,1,1,1,0.48246674727932287,399,3,0.47642079806529625,0.01,1,lotte_technology_search_100k_q52,2,0.5070146161409779,3,hybrid_lite,1,1,1,827,dense
19,1,1,1,0.08360128617363344,130,1,0.7144694533762057,0.01,0,lotte_technology_search_100k_q331,1,0.775076635087071,3,linucb_primary,1,1,1,1555,dense
19,0,1,1,0.11060433295324971,97,2,0.597491448118586,0.01,0,lotte_technology_search_100k_q20,1,0.8179680797831113,2,linucb_primary,1,1,1,877,dense
19,1,1,1,0.44526748971193414,541,3,0.339917695473251,0.01,0,lotte_technology_search_100k_q212,1,0.7905062670824614,3,linucb_primary,1,1,1,1215,dense
19,0,1,1,0.27395209580838326,183,2,0.4730538922155688,0.01,1,lotte_technology_search_100k_q75,2,0.7068605292626451,2,hybrid_lite,1,1,1,668,dense
19,1,1,1,0.2518740629685157,168,1,0.5037481259370316,0.01,0,lotte_technology_search_100k_q190,1,0.9401291016177902,3,linucb_primary,1,1,1,667,dense
19,1,1,1,0.06542882404951371,74,1,0.5764809902740937,0.01,1,lotte_technology_search_100k_q437,10,0.9341877353669277,3,linucb_primary,1,1,1,1131,dense
19,1,1,1,0.13317043372021992,218,1,0.34697617593158214,0.01,1,lotte_technology_search_100k_q406,2,0.8124401689529632,3,linucb_primary,1,1,1,1637,dense
19,0,0,0,nan,0,0,nan,nan,0,lotte_technology_search_100k_q116,0,0.39148209076307383,0,full_dense_fallback,0,0,0,1288,dense
19,0,1,1,0.6143911439114391,999,6,0.3856088560885609,0.62,0,lotte_technology_search_100k_q374,1,0.9028392827401808,2,linucb_primary,1,1,1,1626,dense
19,1,1,1,0.03563373928732522,79,1,0.35137573297248537,0.01,1,lotte_technology_search_100k_q375,2,0.9522134169039489,3,linucb_primary,1,1,1,2217,dense
19,1,1,1,0.5525525525525525,1104,5,0.44744744744744747,0.56,0,lotte_technology_search_100k_q565,1,0.9453830543366674,3,linucb_primary,1,1,1,1998,dense
19,1,1,1,nan,0,0,nan,nan,0,lotte_technology_search_100k_q10,0,0.8157701385271672,3,linucb_primary,0,0,0,984,dense
19,1,1,1,0.21836506159014557,195,1,0.39529675251959684,0.01,1,lotte_technology_search_100k_q589,2,0.7363557996384459,3,hybrid_lite,1,1,1,893,dense
19,1,0,1,0.08495713172252534,109,1,0.5604053000779423,0.01,1,lotte_technology_search_100k_q300,4,0.31402734373480967,2,full_dense_fallback,1,1,1,1283,dense
19,1,1,1,0.12357846853677028,163,1,0.6808188021228203,0.01,1,lotte_technology_search_100k_q430,4,0.8497144207476192,3,linucb_primary,1,1,1,1319,dense
19,1,1,1,0.3882978723404255,511,1,0.44832826747720367,0.01,1,lotte_technology_search_100k_q418,2,0.47631411372946186,3,hybrid_lite,1,1,1,1316,dense
19,1,0,1,0.20974760661444736,241,2,0.6762402088772845,0.01,0,lotte_technology_search_100k_q158,1,0.30042569792205626,2,full_dense_fallback,1,1,1,1149,dense
19,1,1,1,0.4369700395703787,773,3,0.2713397399660825,0.01,1,lotte_technology_search_100k_q80,2,0.9467610841569813,3,linucb_primary,1,1,1,1769,dense
19,1,1,1,0.036170212765957444,51,1,0.5510638297872341,0.01,0,lotte_technology_search_100k_q372,1,0.9597701460071417,3,linucb_primary,1,1,1,1410,dense
19,1,1,1,0.03983295856087375,248,1,0.9293286219081272,0.01,1,lotte_technology_search_100k_q347,6,0.751366305525375,3,linucb_primary,1,1,1,6226,dense
19,1,1,1,0.14553607827150428,357,1,0.5878516102731349,0.01,0,lotte_technology_search_100k_q204,1,0.8263738721083975,3,linucb_primary,1,1,1,2453,dense
19,1,1,1,0.47572815533980584,196,5,0.5242718446601942,0.48,1,lotte_technology_search_100k_q231,2,0.8314911474075535,3,linucb_primary,1,1,1,412,dense
19,0,1,1,nan,0,0,nan,nan,0,lotte_technology_search_100k_q119,0,0.5507565507413587,2,hybrid_lite,0,0,0,704,dense
19,1,1,1,0.023206751054852322,66,1,0.5727848101265822,0.01,1,lotte_technology_search_100k_q455,4,0.9773258255366072,3,linucb_primary,1,1,1,2844,dense
19,0,0,0,nan,0,0,nan,nan,0,lotte_technology_search_100k_q150,0,0.7690109618936304,0,linucb_primary,0,0,0,1080,dense
19,1,1,1,0.094316807738815,234,1,0.3309149536477227,0.01,1,lotte_technology_search_100k_q569,4,0.8550958321815629,3,linucb_primary,1,1,1,2481,dense
19,1,1,1,0.6428571428571429,513,6,0.3571428571428571,0.65,0,lotte_technology_search_100k_q221,1,0.6567239202231411,3,hybrid_lite,1,1,1,798,dense
19,1,1,1,0.049930651872399444,108,1,0.7776236708275543,0.01,1,lotte_technology_search_100k_q573,2,0.5945402905840589,3,hybrid_lite,1,1,1,2163,dense
19,1,1,1,0.0611353711790393,70,1,0.6200873362445415,0.01,1,lotte_technology_search_100k_q429,10,0.8863391175077473,3,linucb_primary,1,1,1,1145,dense
19,0,1,1,0.42205882352941176,574,1,0.3713235294117647,0.01,0,lotte_technology_search_100k_q487,1,0.5391724732411097,2,hybrid_lite,1,1,1,1360,dense
19,1,1,1,0.04127579737335835,44,1,0.4437148217636022,0.01,1,lotte_technology_search_100k_q243,2,0.6743174053621751,3,hybrid_lite,1,1,1,1066,dense
19,1,1,1,0.542910447761194,582,1,0.26399253731343286,0.01,1,lotte_technology_search_100k_q53,2,0.4551832508135393,3,hybrid_lite,1,1,1,1072,dense
19,1,1,1,0.06037567084078712,135,1,0.8698568872987478,0.01,1,lotte_technology_search_100k_q323,2,0.896994135736111,3,linucb_primary,1,1,1,2236,dense
19,1,1,1,1.0,1822,10,0.19209659714599336,0.81,0,lotte_technology_search_100k_q391,1,0.960716938125977,3,linucb_primary,1,0,1,1822,dense
19,1,1,1,0.0666189111747851,93,1,0.518624641833811,0.01,1,lotte_technology_search_100k_q348,5,1.0,3,linucb_primary,1,1,1,1396,dense
19,1,1,1,0.24731182795698925,276,1,0.5636200716845878,0.01,0,lotte_technology_search_100k_q432,1,0.8433897935090021,3,linucb_primary,1,1,1,1116,dense
19,1,1,1,0.8651794374393792,1784,7,0.1348205625606208,0.87,0,lotte_technology_search_100k_q71,1,0.9604549904185434,3,linucb_primary,0,1,1,2062,dense
19,1,1,1,0.039627039627039624,68,1,0.6107226107226107,0.01,1,lotte_technology_search_100k_q398,7,0.7555211237225802,3,linucb_primary,1,1,1,1716,dense
19,0,1,0,nan,0,0,nan,nan,0,lotte_technology_search_100k_q319,0,0.6502891699617172,1,hybrid_lite,0,0,0,809,dense
19,1,1,1,nan,0,0,nan,nan,0,lotte_technology_search_100k_q182,0,0.5646207788275751,3,hybrid_lite,0,0,0,1074,dense
19,1,1,1,0.7536988685813751,866,7,0.4543080939947781,0.55,0,lotte_technology_search_100k_q25,1,0.8107041347964751,3,linucb_primary,1,1,1,1149,dense
19,1,1,1,0.31649189704480457,332,3,0.5977121067683508,0.01,0,lotte_technology_search_100k_q14,1,0.40831440049751133,3,full_dense_fallback,1,1,1,1049,dense
19,1,1,1,0.5223880597014925,210,3,0.4104477611940298,0.01,0,lotte_technology_search_100k_q370,1,0.4416476113688632,3,hybrid_lite,1,1,1,402,dense
19,1,1,1,0.11651523249599145,218,2,0.65793693212186,0.01,1,lotte_technology_search_100k_q449,4,0.9877088978415556,3,linucb_primary,1,1,1,1871,dense
19,1,1,1,0.5233380480905233,740,3,0.4483734087694484,0.01,1,lotte_technology_search_100k_q39,2,0.6217745018496359,3,hybrid_lite,1,1,1,1414,dense
19,1,1,1,0.48440748440748443,699,8,0.724878724878725,0.28,0,lotte_technology_search_100k_q165,1,0.7463418461099288,3,linucb_primary,1,1,1,1443,dense
19,1,1,1,0.10151085930122758,215,1,0.722851746931067,0.01,1,lotte_technology_search_100k_q350,6,0.9498671109335688,3,linucb_primary,1,1,1,2118,dense
19,1,1,1,0.920935412026726,827,9,0.07906458797327398,0.93,0,lotte_technology_search_100k_q156,1,0.6341475965825163,3,hybrid_lite,0,1,1,898,dense
19,1,1,1,nan,0,0,nan,nan,0,lotte_technology_search_100k_q567,0,0.5810926973943318,3,hybrid_lite,0,0,0,1242,dense
19,1,1,1,0.07208650380456548,180,1,0.5718862635162194,0.01,1,lotte_technology_search_100k_q468,2,0.7094087556850551,3,hybrid_lite,1,1,1,2497,dense
19,1,0,1,0.8876933422999328,1320,9,0.6119704102219233,0.39,0,lotte_technology_search_100k_q524,1,0.6305468029672722,2,hybrid_lite,0,1,1,1487,dense
19,1,1,1,0.5451428571428572,477,5,0.45485714285714285,0.55,0,lotte_technology_search_100k_q187,1,0.6517272330503695,3,hybrid_lite,1,1,1,875,dense
19,1,1,1,0.09104704097116843,120,1,0.452959028831563,0.01,1,lotte_technology_search_100k_q486,2,0.8022054942540305,3,linucb_primary,1,1,1,1318,dense
19,0,1,1,nan,0,0,nan,nan,0,lotte_technology_search_100k_q68,0,0.951076002923926,2,linucb_primary,0,0,0,1117,dense
19,1,0,1,0.233201581027668,118,1,0.5533596837944664,0.01,0,lotte_technology_search_100k_q86,1,0.36418647798034276,2,full_dense_fallback,1,1,1,506,dense
19,1,1,1,0.5857385398981324,345,6,0.5755517826825127,0.43,0,lotte_technology_search_100k_q118,1,0.45618496303848505,3,hybrid_lite,1,1,1,589,dense
19,1,1,1,0.15853658536585366,182,1,0.6106271777003485,0.01,0,lotte_technology_search_100k_q133,1,0.8278584835251249,3,linucb_primary,1,1,1,1148,dense
19,1,0,1,0.0840630472854641,144,1,0.38178633975481613,0.01,1,lotte_technology_search_100k_q587,3,0.25796416401536226,2,full_dense_fallback,1,1,1,1713,dense
19,1,1,1,0.2365967365967366,406,1,0.5075757575757576,0.01,0,lotte_technology_search_100k_q550,1,0.7581152089409464,3,linucb_primary,1,1,1,1716,dense
19,0,0,0,nan,0,0,nan,nan,0,lotte_technology_search_100k_q149,0,0.6604437766391212,0,hybrid_lite,0,0,0,927,dense
19,1,1,1,0.11572942135289324,142,1,0.6356968215158925,0.01,0,lotte_technology_search_100k_q571,1,0.55123888018278,3,hybrid_lite,1,1,1,1227,dense
19,0,1,1,0.5519125683060109,707,4,0.4480874316939891,0.01,0,lotte_technology_search_100k_q481,1,0.31788093477386503,2,full_dense_fallback,1,1,1,1281,dense
19,1,1,1,0.07321848081440877,187,1,0.6695379796397807,0.01,1,lotte_technology_search_100k_q299,3,0.512818781938089,3,hybrid_lite,1,1,1,2554,dense
19,1,1,1,0.053415061295971976,61,1,0.37302977232924694,0.01,1,lotte_technology_search_100k_q255,3,0.9455807383800874,3,linucb_primary,1,1,1,1142,dense
19,1,1,1,0.06726825266611977,82,1,0.37243642329778504,0.01,1,lotte_technology_search_100k_q393,3,0.9401848835515231,3,linucb_primary,1,1,1,1219,dense
19,1,1,1,0.12813021702838062,307,1,0.518363939899833,0.01,1,lotte_technology_search_100k_q530,4,0.6943395584880393,3,hybrid_lite,1,1,1,2396,dense
19,1,1,1,0.04584819154355578,90,1,0.6576668364747835,0.01,1,lotte_technology_search_100k_q349,2,0.891000555545384,3,linucb_primary,1,1,1,1963,dense
19,0,1,1,nan,0,0,nan,nan,0,lotte_technology_search_100k_q56,0,0.927809612988107,2,linucb_primary,0,0,0,1028,dense
19,1,1,1,0.1295219638242894,401,1,0.20348837209302328,0.01,1,lotte_technology_search_100k_q532,2,0.3807411444014914,3,full_dense_fallback,1,1,1,3096,dense
19,1,1,1,0.4981012658227848,787,4,0.5018987341772152,0.01,1,lotte_technology_search_100k_q351,2,0.7478332422265348,3,linucb_primary,1,1,1,1580,dense
19,1,1,1,0.1431513903192585,139,1,0.325437693099897,0.01,1,lotte_technology_search_100k_q586,5,0.8065742312923595,3,linucb_primary,1,1,1,971,dense
19,1,1,1,0.10132743362831859,229,1,0.49911504424778763,0.01,1,lotte_technology_search_100k_q540,3,0.6007718890897461,3,hybrid_lite,1,1,1,2260,dense
19,1,1,1,0.016831108531630876,29,1,0.73476494486361,0.01,1,lotte_technology_search_100k_q515,6,0.5101577608058564,3,hybrid_lite,1,1,1,1723,dense
19,0,0,1,0.1982142857142857,111,1,0.4535714285714286,0.01,0,lotte_technology_search_100k_q223,1,0.3043108591227368,1,full_dense_fallback,1,1,1,560,dense
19,1,1,1,0.14331210191082802,90,1,0.5238853503184713,0.01,0,lotte_technology_search_100k_q228,1,0.6667560703998138,3,hybrid_lite,1,1,1,628,dense
19,0,1,1,0.1827768014059754,208,2,0.59402460456942,0.01,0,lotte_technology_search_100k_q30,1,0.7570245201431667,2,linucb_primary,1,1,1,1138,dense
19,1,1,1,0.10843373493975904,135,1,0.4473895582329317,0.01,1,lotte_technology_search_100k_q548,2,0.6959297641047758,3,hybrid_lite,1,1,1,1245,dense
19,1,1,1,0.10323089046493301,131,1,0.24901497241922776,0.01,1,lotte_technology_search_100k_q365,3,0.9690985404402972,3,linucb_primary,1,1,1,1269,dense
19,1,0,1,0.030267753201396973,26,1,0.7322467986030268,0.01,1,lotte_technology_search_100k_q145,2,0.23904037021872904,2,full_dense_fallback,1,1,1,859,dense
19,1,1,1,0.033278777959629025,61,1,0.613747954173486,0.01,1,lotte_technology_search_100k_q341,3,0.9602075147245875,3,linucb_primary,1,1,1,1833,dense
19,1,1,1,0.06683168316831684,54,1,0.6262376237623762,0.01,1,lotte_technology_search_100k_q248,2,0.6819607086942293,3,hybrid_lite,1,1,1,808,dense
19,1,0,1,0.10024154589371981,166,1,0.7264492753623188,0.01,1,lotte_technology_search_100k_q484,2,0.49743193211298753,2,hybrid_lite,1,1,1,1656,dense
19,1,1,1,0.20024875621890548,161,2,0.4689054726368159,0.01,1,lotte_technology_search_100k_q239,2,0.8728785558798708,3,linucb_primary,1,1,1,804,dense
19,1,1,1,0.2398753894080997,77,1,0.604361370716511,0.01,0,lotte_technology_search_100k_q385,1,0.70004809608801,3,hybrid_lite,1,1,1,321,dense
19,1,0,1,0.037745879851143006,71,1,0.5688463583200425,0.01,1,lotte_technology_search_100k_q380,3,0.3309488603929662,2,full_dense_fallback,1,1,1,1881,dense
19,1,1,1,0.11178107606679036,241,1,0.38450834879406304,0.01,1,lotte_technology_search_100k_q518,2,0.7919611590269308,3,linucb_primary,1,1,1,2156,dense
19,1,1,1,0.21745562130177515,147,2,0.5784023668639053,0.01,0,lotte_technology_search_100k_q277,1,0.6986314081004581,3,hybrid_lite,1,1,1,676,dense
19,1,1,0,nan,0,0,nan,nan,0,lotte_technology_search_100k_q134,0,0.8450445552209171,2,linucb_primary,0,0,0,696,dense
19,1,0,1,0.16907844630616908,222,3,0.7456207159177457,0.01,0,lotte_technology_search_100k_q59,1,0.5195891370677274,2,hybrid_lite,1,1,1,1313,dense
19,1,1,1,0.32620320855614976,427,1,0.2818945760122231,0.01,1,lotte_technology_search_100k_q128,2,0.636811332971035,3,hybrid_lite,1,1,1,1309,dense
19,0,1,1,nan,0,0,nan,nan,0,lotte_technology_search_100k_q38,0,0.9672861465236431,2,linucb_primary,0,0,0,727,dense
19,1,1,1,0.06687898089171974,63,1,0.5074309978768577,0.01,1,lotte_technology_search_100k_q388,3,0.7064212915249175,3,hybrid_lite,1,1,1,942,dense
19,1,1,1,0.2939346811819596,378,2,0.3911353032659409,0.01,0,lotte_technology_search_100k_q123,1,0.8275997432430002,3,linucb_primary,1,1,1,1286,dense
19,1,1,1,0.6171088746569076,1349,8,0.38289112534309244,0.62,1,lotte_technology_search_100k_q67,2,0.9805043775273974,3,linucb_primary,1,1,1,2186,dense
19,1,1,1,0.9550425273390036,786,9,0.04495747266099637,0.96,0,lotte_technology_search_100k_q15,1,0.8082883430511997,3,linucb_primary,0,0,1,823,dense
19,1,1,1,0.22792844777841892,395,2,0.718407386035776,0.01,1,lotte_technology_search_100k_q531,3,0.9440716171703881,3,linucb_primary,1,1,1,1733,dense
19,1,1,1,0.053763440860215055,95,1,0.502546689303905,0.01,1,lotte_technology_search_100k_q512,3,0.605290872652664,3,hybrid_lite,1,1,1,1767,dense
19,1,0,1,0.06951871657754011,65,1,0.4598930481283422,0.01,0,lotte_technology_search_100k_q192,1,0.48778356352599994,2,hybrid_lite,1,1,1,935,dense
19,1,1,1,0.225531914893617,318,4,0.774468085106383,0.01,1,lotte_technology_search_100k_q549,5,0.7155685897704138,3,hybrid_lite,1,1,1,1410,dense
19,1,1,1,0.09761388286334056,135,1,0.49891540130151846,0.01,1,lotte_technology_search_100k_q554,2,0.7444644838662248,3,linucb_primary,1,1,1,1383,dense
19,0,0,1,0.2036697247706422,111,1,0.5724770642201835,0.01,0,lotte_technology_search_100k_q217,1,0.22160751011655444,1,full_dense_fallback,1,1,1,545,dense
19,1,1,1,nan,0,0,nan,nan,0,lotte_technology_search_100k_q195,0,0.7890085232884321,3,linucb_primary,0,0,0,852,dense
19,1,1,1,0.04991816693944354,61,1,0.6432078559738135,0.01,1,lotte_technology_search_100k_q438,10,0.8445798469615319,3,linucb_primary,1,1,1,1222,dense
19,1,1,1,0.11572942135289324,142,1,0.6356968215158925,0.01,0,lotte_technology_search_100k_q555,1,0.6413713851780629,3,hybrid_lite,1,1,1,1227,dense
19,1,1,1,0.4072164948453608,474,1,0.2680412371134021,0.01,1,lotte_technology_search_100k_q247,3,0.7534229142621213,3,linucb_primary,1,1,1,1164,dense
19,1,1,1,0.27704117236566644,397,2,0.4801116538729937,0.01,1,lotte_technology_search_100k_q330,3,0.7849007056933589,3,linucb_primary,1,1,1,1433,dense
19,1,0,1,nan,0,0,nan,nan,0,lotte_technology_search_100k_q381,0,0.3029902232265985,2,full_dense_fallback,0,0,0,382,dense
19,1,1,1,nan,0,0,nan,nan,0,lotte_technology_search_100k_q157,0,0.7205484632546829,3,hybrid_lite,0,0,0,766,dense
19,0,1,1,0.37042459736456806,253,4,0.6295754026354319,0.01,0,lotte_technology_search_100k_q130,1,0.901581702176116,2,linucb_primary,1,1,1,683,dense
19,1,0,1,0.4663299663299663,277,5,0.5336700336700337,0.47,0,lotte_technology_search_100k_q54,1,0.4227298380087094,2,full_dense_fallback,1,1,1,594,dense
19,1,1,1,0.03671830177854274,64,1,0.7280550774526677,0.01,1,lotte_technology_search_100k_q541,4,0.7275213052655926,3,hybrid_lite,1,1,1,1743,dense
19,1,1,1,0.19437340153452684,304,2,0.5856777493606138,0.01,1,lotte_technology_search_100k_q488,2,0.8707470569203506,3,linucb_primary,1,1,1,1564,dense
19,1,1,1,0.107457898957498,134,1,0.6062550120288692,0.01,1,lotte_technology_search_100k_q352,4,0.9415390366863686,3,linucb_primary,1,1,1,1247,dense
19,1,0,1,0.19898819561551434,118,1,0.7048903878583475,0.01,0,lotte_technology_search_100k_q85,1,0.2731749494780518,2,full_dense_fallback,1,1,1,593,dense
19,1,1,1,0.13164893617021275,198,1,0.3816489361702128,0.01,0,lotte_technology_search_100k_q576,1,0.38998873161084563,3,full_dense_fallback,1,1,1,1504,dense
19,1,1,1,0.5809859154929577,825,7,0.671830985915493,0.33,0,lotte_technology_search_100k_q389,1,0.7495269265648836,3,linucb_primary,1,1,1,1420,dense
19,1,1,1,0.018032786885245903,66,1,0.6680327868852459,0.01,1,lotte_technology_search_100k_q394,4,0.9774456633060756,3,linucb_primary,1,1,1,3660,dense
19,1,1,1,0.399452804377565,292,3,0.5376196990424076,0.01,0,lotte_technology_search_100k_q238,1,0.519213546574466,3,hybrid_lite,1,1,1,731,dense
19,0,1,1,1.0,778,10,0.27506426735218514,0.73,0,lotte_technology_search_100k_q184,1,0.7419742746502581,2,linucb_primary,0,0,1,778,dense
19,1,1,1,0.24036095159967186,586,3,0.6940114848236258,0.01,1,lotte_technology_search_100k_q514,2,1.0,3,linucb_primary,1,1,1,2438,dense
19,1,1,1,0.09708446047490231,323,1,0.4388337841899609,0.01,1,lotte_technology_search_100k_q289,7,0.8564233308227688,3,linucb_primary,1,1,1,3327,dense
19,1,1,1,0.05993485342019544,92,1,0.78371335504886,0.01,1,lotte_technology_search_100k_q461,10,0.7888149689339032,3,linucb_primary,1,1,1,1535,dense
19,1,1,1,0.06255283178360102,74,1,0.7134404057480981,0.01,1,lotte_technology_search_100k_q274,2,0.9647688546077016,3,linucb_primary,1,1,1,1183,dense
19,1,1,1,0.1997563946406821,164,1,0.36053593179049936,0.01,1,lotte_technology_search_100k_q521,2,0.811246659990249,3,linucb_primary,1,1,1,821,dense
19,1,1,1,nan,0,0,nan,nan,0,lotte_technology_search_100k_q33,0,0.9330339882098656,3,linucb_primary,0,0,0,1057,dense
19,1,1,1,0.12983770287141075,104,1,0.480649188514357,0.01,0,lotte_technology_search_100k_q451,1,0.8385156562627504,3,linucb_primary,1,1,1,801,dense
19,1,1,1,0.42720763723150357,358,6,0.5727923627684964,0.43,0,lotte_technology_search_100k_q181,1,0.9362342046806011,3,linucb_primary,1,1,1,838,dense
19,1,1,1,nan,0,0,nan,nan,0,lotte_technology_search_100k_q36,0,0.8429478720135867,3,linucb_primary,0,0,0,1406,dense
19,1,1,1,0.1596480201131364,254,1,0.38529226901319924,0.01,1,lotte_technology_search_100k_q471,4,0.9463772082942166,3,linucb_primary,1,1,1,1591,dense
19,1,1,1,0.22366863905325443,378,2,0.7378698224852072,0.01,0,lotte_technology_search_100k_q124,1,0.7674736903416451,3,linucb_primary,1,1,1,1690,dense
19,0,1,1,0.40757238307349664,732,2,0.4894209354120267,0.01,1,lotte_technology_search_100k_q364,2,0.7450193875771643,2,linucb_primary,1,1,1,1796,dense
19,1,1,1,0.018696883852691217,33,1,0.8203966005665723,0.01,0,lotte_technology_search_100k_q520,1,0.6956625545551924,3,hybrid_lite,1,1,1,1765,dense
19,0,1,1,nan,0,0,nan,nan,0,lotte_technology_search_100k_q92,0,0.6871578902417361,2,hybrid_lite,0,0,0,1326,dense
19,1,1,1,0.5533751962323391,705,5,0.4874411302982732,0.52,1,lotte_technology_search_100k_q108,4,0.9427707125962991,3,linucb_primary,1,1,1,1274,dense
19,1,0,0,nan,0,0,nan,nan,0,lotte_technology_search_100k_q282,0,0.6056454056985706,1,hybrid_lite,0,0,0,1609,dense
19,1,0,1,0.16023738872403562,324,1,0.5410484668644906,0.01,0,lotte_technology_search_100k_q410,1,0.7779895031825069,2,linucb_primary,1,1,1,2022,dense
19,1,0,1,0.09744408945686901,122,1,0.7587859424920128,0.01,0,lotte_technology_search_100k_q401,1,0.48492790967729354,2,hybrid_lite,1,1,1,1252,dense
19,1,1,1,nan,0,0,nan,nan,0,lotte_technology_search_100k_q505,0,0.5933188126966797,3,hybrid_lite,0,0,0,1025,dense
19,1,1,1,0.08208154506437768,153,1,0.599785407725322,0.01,1,lotte_technology_search_100k_q490,3,0.7386234541788914,3,hybrid_lite,1,1,1,1864,dense
19,1,1,1,0.13101604278074866,147,2,0.6818181818181819,0.01,0,lotte_technology_search_100k_q224,1,0.7888375826390035,3,linucb_primary,1,1,1,1122,dense
19,1,1,1,0.2561576354679803,312,1,0.4860426929392446,0.01,0,lotte_technology_search_100k_q61,1,0.9541975839044288,3,linucb_primary,1,1,1,1218,dense
19,1,1,1,nan,0,0,nan,nan,0,lotte_technology_search_100k_q169,0,0.5778016270991498,3,hybrid_lite,0,0,0,1056,dense
19,0,0,0,nan,0,0,nan,nan,0,lotte_technology_search_100k_q137,0,0.24999072996940147,0,full_dense_fallback,0,0,0,1200,dense
19,0,0,1,0.17737556561085974,196,1,0.5085972850678733,0.01,0,lotte_technology_search_100k_q144,1,0.48446384528231756,1,hybrid_lite,1,1,1,1105,dense
19,1,1,1,0.18835370237239396,262,2,0.6872753414809489,0.01,0,lotte_technology_search_100k_q199,1,0.7387932023133774,3,hybrid_lite,1,1,1,1391,dense
19,1,1,1,0.13841059602649006,209,1,0.7211920529801324,0.01,1,lotte_technology_search_100k_q371,2,0.9917631665814397,3,linucb_primary,1,1,1,1510,dense
19,1,1,1,0.04855902092380576,123,1,0.7046979865771812,0.01,1,lotte_technology_search_100k_q153,3,0.6384528218961084,3,hybrid_lite,1,1,1,2533,dense
19,1,1,1,nan,0,0,nan,nan,0,lotte_technology_search_100k_q233,0,0.9779702743356947,3,linucb_primary,0,0,0,1087,dense
19,1,1,1,0.17618586640851888,182,1,0.4065827686350436,0.01,1,lotte_technology_search_100k_q232,2,0.9663477064349978,3,linucb_primary,1,1,1,1033,dense
19,1,1,1,0.06710158434296365,72,1,0.6663560111835973,0.01,1,lotte_technology_search_100k_q563,3,0.5974979601770934,3,hybrid_lite,1,1,1,1073,dense
19,1,1,1,0.03178586365537432,76,1,0.533667921371811,0.01,1,lotte_technology_search_100k_q408,7,0.7863078529004811,3,linucb_primary,1,1,1,2391,dense
19,0,0,0,nan,0,0,nan,nan,0,lotte_technology_search_100k_q74,0,0.5173497241662676,0,hybrid_lite,0,0,0,589,dense
19,1,1,1,nan,0,0,nan,nan,0,lotte_technology_search_100k_q201,0,0.9217440482795555,3,linucb_primary,0,0,0,1131,dense
19,1,1,1,0.6299411269974768,749,3,0.30361648444070644,0.01,0,lotte_technology_search_100k_q478,1,0.775390030135279,3,linucb_primary,1,1,1,1189,dense
19,0,1,1,nan,0,0,nan,nan,0,lotte_technology_search_100k_q176,0,0.9496619944775766,2,linucb_primary,0,0,0,751,dense
19,1,1,1,0.19007731958762886,295,1,0.5631443298969072,0.01,1,lotte_technology_search_100k_q297,2,0.9798832321111443,3,linucb_primary,1,1,1,1552,dense
19,1,1,1,0.13923524522028263,335,1,0.23649210307564428,0.01,1,lotte_technology_search_100k_q458,3,0.5491106926314627,3,hybrid_lite,1,1,1,2406,dense
19,1,1,1,0.40443213296398894,292,3,0.5318559556786704,0.01,0,lotte_technology_search_100k_q241,1,0.5561195760347124,3,hybrid_lite,1,1,1,722,dense
19,1,1,1,0.1640530759951749,136,1,0.6079613992762365,0.01,1,lotte_technology_search_100k_q272,2,0.7298203870158866,3,hybrid_lite,1,1,1,829,dense
19,1,1,1,0.03156384505021521,44,1,0.5954088952654233,0.01,1,lotte_technology_search_100k_q344,6,0.8386184449980452,3,linucb_primary,1,1,1,1394,dense
19,1,1,1,0.22241086587436332,262,1,0.5314091680814941,0.01,1,lotte_technology_search_100k_q94,3,0.6466503567543951,3,hybrid_lite,1,1,1,1178,dense
19,1,1,1,0.5790523690773067,1161,3,0.38004987531172074,0.01,0,lotte_technology_search_100k_q198,1,0.3020837903022766,3,full_dense_fallback,1,1,1,2005,dense
19,1,1,1,0.22323340471092076,417,2,0.19379014989293364,0.01,0,lotte_technology_search_100k_q564,1,0.9621946298253199,3,linucb_primary,1,1,1,1868,dense
19,1,1,1,0.01734489659773182,26,1,0.6444296197464976,0.01,1,lotte_technology_search_100k_q464,9,0.8337323315694537,3,linucb_primary,1,1,1,1499,dense
19,1,1,1,0.05118601747815231,82,1,0.7134831460674158,0.01,1,lotte_technology_search_100k_q407,3,0.8635805034696841,3,linucb_primary,1,1,1,1602,dense
19,1,1,1,0.07176079734219269,108,1,0.38870431893687707,0.01,1,lotte_technology_search_100k_q399,9,0.9799537379930763,3,linucb_primary,1,1,1,1505,dense
19,1,0,1,0.10054347826086957,74,1,0.71875,0.01,0,lotte_technology_search_100k_q270,1,0.3735892411704851,2,full_dense_fallback,1,1,1,736,dense
19,1,1,1,0.1280558789289872,110,2,0.5634458672875436,0.01,1,lotte_technology_search_100k_q310,4,0.782032092556012,3,linucb_primary,1,1,1,859,dense
19,1,1,1,0.24552572706935122,439,1,0.31375838926174493,0.01,1,lotte_technology_search_100k_q579,2,0.4087001365014882,3,full_dense_fallback,1,1,1,1788,dense
19,1,1,1,0.07386363636363637,143,1,0.38894628099173556,0.01,0,lotte_technology_search_100k_q472,1,0.4948802550803949,3,hybrid_lite,1,1,1,1936,dense
19,1,1,1,0.3159057437407953,429,1,0.29749631811487487,0.01,0,lotte_technology_search_100k_q387,1,0.8853894254827954,3,linucb_primary,1,1,1,1358,dense
19,1,0,1,0.06502890173410404,45,1,0.7832369942196532,0.01,0,lotte_technology_search_100k_q215,1,0.31097464909549977,2,full_dense_fallback,1,1,1,692,dense
19,1,1,1,nan,0,0,nan,nan,0,lotte_technology_search_100k_q104,0,0.8338461733329299,3,linucb_primary,0,0,0,1593,dense
19,1,1,1,0.11353211009174312,198,1,0.5280963302752293,0.01,1,lotte_technology_search_100k_q357,3,0.6235302381318374,3,hybrid_lite,1,1,1,1744,dense
19,1,1,1,0.0458830923947203,73,1,0.7196731615336267,0.01,1,lotte_technology_search_100k_q414,8,0.9452114249207194,3,linucb_primary,1,1,1,1591,dense
19,1,0,1,0.4362934362934363,791,1,0.4180915609487038,0.01,0,lotte_technology_search_100k_q279,1,0.8120952263535851,2,linucb_primary,1,1,1,1813,dense
19,1,1,1,0.4559848005066498,720,2,0.4521849271690943,0.01,1,lotte_technology_search_100k_q494,2,0.46640385276774166,3,hybrid_lite,1,1,1,1579,dense
19,1,1,1,0.4963364993215739,1829,4,0.503663500678426,0.01,0,lotte_technology_search_100k_q584,1,0.44755985298691153,3,hybrid_lite,1,1,1,3685,dense
19,1,1,1,0.10165745856353592,92,2,0.7160220994475138,0.01,1,lotte_technology_search_100k_q209,3,0.9485791807767442,3,linucb_primary,1,1,1,905,dense
19,1,1,1,0.13178294573643412,102,1,0.44056847545219635,0.01,1,lotte_technology_search_100k_q24,2,0.740793674979031,3,linucb_primary,1,1,1,774,dense
19,1,1,1,0.18783783783783783,278,1,0.5101351351351351,0.01,0,lotte_technology_search_100k_q256,1,0.9621769335001373,3,linucb_primary,1,1,1,1480,dense
19,1,1,1,0.061210453920220086,89,1,0.7606602475928473,0.01,1,lotte_technology_search_100k_q553,4,0.7097985275936662,3,hybrid_lite,1,1,1,1454,dense
19,1,1,1,0.05170630816959669,100,1,0.607549120992761,0.01,1,lotte_technology_search_100k_q106,2,0.9920351382690432,3,linucb_primary,1,1,1,1934,dense
19,1,1,1,0.06717171717171717,133,1,0.5313131313131313,0.01,1,lotte_technology_search_100k_q543,2,0.8665678160695998,3,linucb_primary,1,1,1,1980,dense
19,1,1,1,0.10416666666666667,135,1,0.32484567901234573,0.01,1,lotte_technology_search_100k_q556,2,0.7978415181596116,3,linucb_primary,1,1,1,1296,dense
19,1,1,1,nan,0,0,nan,nan,0,lotte_technology_search_100k_q211,0,0.4578757411623536,3,hybrid_lite,0,0,0,886,dense
19,1,1,1,0.09274193548387097,69,1,0.7056451612903225,0.01,1,lotte_technology_search_100k_q88,3,0.941968823890558,3,linucb_primary,1,1,1,744,dense
19,1,1,1,0.03387007218212104,61,1,0.6068850638534148,0.01,1,lotte_technology_search_100k_q340,3,0.7989113044210268,3,linucb_primary,1,1,1,1801,dense
19,0,1,0,nan,0,0,nan,nan,0,lotte_technology_search_100k_q276,0,0.796992265639678,1,linucb_primary,0,0,0,553,dense
19,1,1,1,0.0779896013864818,135,1,0.5436164067013287,0.01,1,lotte_technology_search_100k_q386,2,0.6630336232668155,3,hybrid_lite,1,1,1,1731,dense
19,0,1,1,nan,0,0,nan,nan,0,lotte_technology_search_100k_q27,0,0.5511433259667972,2,hybrid_lite,0,0,0,1338,dense
19,1,1,1,0.18613707165109034,239,2,0.6433021806853583,0.01,1,lotte_technology_search_100k_q109,2,0.8945035029614725,3,linucb_primary,1,1,1,1284,dense
19,1,1,1,0.0959257349149046,186,1,0.3837029396596183,0.01,1,lotte_technology_search_100k_q504,3,0.5443773465566789,3,hybrid_lite,1,1,1,1939,dense
19,1,0,1,0.3069221967963387,1073,1,0.47282608695652173,0.01,0,lotte_technology_search_100k_q305,1,0.6783437360675951,2,hybrid_lite,1,1,1,3496,dense
19,1,1,1,0.36255924170616116,612,1,0.5598341232227488,0.01,0,lotte_technology_search_100k_q315,1,0.7854213770227535,3,linucb_primary,1,1,1,1688,dense
19,1,1,1,0.1312410841654779,184,1,0.4415121255349501,0.01,0,lotte_technology_search_100k_q435,1,0.676321125189667,3,hybrid_lite,1,1,1,1402,dense
19,1,1,1,0.18943298969072164,147,1,0.5631443298969072,0.01,0,lotte_technology_search_100k_q135,1,0.9633166925013311,3,linucb_primary,1,1,1,776,dense
19,1,1,1,0.12754409769335143,94,1,0.45861601085481685,0.01,1,lotte_technology_search_100k_q509,3,0.5136469294268532,3,hybrid_lite,1,1,1,737,dense
19,1,1,1,0.34072992700729926,1167,1,0.4548905109489051,0.01,1,lotte_technology_search_100k_q288,8,0.7456294018965536,3,linucb_primary,1,1,1,3425,dense
19,1,1,1,0.07017543859649122,68,1,0.4747162022703818,0.01,1,lotte_technology_search_100k_q42,2,0.9643419734652278,3,linucb_primary,1,1,1,969,dense
19,1,1,1,nan,0,0,nan,nan,0,lotte_technology_search_100k_q254,0,0.8724843900347704,3,linucb_primary,0,0,0,1765,dense
19,1,1,1,0.21654135338345865,144,1,0.5052631578947369,0.01,1,lotte_technology_search_100k_q281,3,0.8250752073011276,3,linucb_primary,1,1,1,665,dense
19,1,1,1,0.10801144492131616,151,1,0.6151645207439198,0.01,1,lotte_technology_search_100k_q562,2,0.8775142964047992,3,linucb_primary,1,1,1,1398,dense
19,1,1,1,0.44133333333333336,331,1,0.43733333333333335,0.01,0,lotte_technology_search_100k_q534,1,0.5476307754765298,3,hybrid_lite,1,1,1,750,dense
19,1,1,1,0.21359940872135993,289,2,0.7339246119733924,0.01,0,lotte_technology_search_100k_q120,1,0.543540465470663,3,hybrid_lite,1,1,1,1353,dense
19,1,1,1,0.22189173111243307,373,1,0.5580011897679953,0.01,1,lotte_technology_search_100k_q65,2,0.6670233783552808,3,hybrid_lite,1,1,1,1681,dense
19,1,1,1,0.2781456953642384,126,1,0.509933774834437,0.01,0,lotte_technology_search_100k_q302,1,0.5483247268818275,3,hybrid_lite,1,1,1,453,dense
19,1,1,1,0.24143835616438356,141,2,0.48630136986301364,0.01,0,lotte_technology_search_100k_q222,1,0.6366923220830076,3,hybrid_lite,1,1,1,584,dense
19,1,1,1,0.12929184549356224,241,1,0.5547210300429184,0.01,1,lotte_technology_search_100k_q267,2,0.8603892760871995,3,linucb_primary,1,1,1,1864,dense
19,1,1,1,0.417420814479638,738,2,0.2709276018099548,0.01,1,lotte_technology_search_100k_q82,2,0.971093462723017,3,linucb_primary,1,1,1,1768,dense
19,0,1,1,0.11009667024704618,205,2,0.7717508055853921,0.01,0,lotte_technology_search_100k_q547,1,0.5389125411714749,2,hybrid_lite,1,1,1,1862,dense
19,1,1,1,0.20381406436233612,342,1,0.5834326579261024,0.01,1,lotte_technology_search_100k_q413,4,0.9575382637225315,3,linucb_primary,1,1,1,1678,dense
19,1,1,1,0.16975060337892195,211,2,0.6983105390185036,0.01,0,lotte_technology_search_100k_q164,1,0.9814377368905292,3,linucb_primary,1,1,1,1243,dense
19,1,1,1,0.37438423645320196,228,2,0.4203612479474549,0.01,0,lotte_technology_search_100k_q240,1,0.9355404457869402,3,linucb_primary,1,1,1,609,dense
19,0,0,1,0.045180722891566265,30,1,0.6385542168674698,0.01,0,lotte_technology_search_100k_q66,1,0.17505515813827513,1,full_dense_fallback,1,1,1,664,dense
19,1,1,1,0.03537455410225922,119,1,0.49583828775267536,0.01,1,lotte_technology_search_100k_q434,10,0.5109206207999704,3,hybrid_lite,1,1,1,3364,dense
19,1,1,1,0.12357846853677028,163,1,0.6808188021228203,0.01,1,lotte_technology_search_100k_q403,4,0.9459679773327954,3,linucb_primary,1,1,1,1319,dense
19,1,1,1,0.29344073647871116,255,1,0.5281933256616801,0.01,0,lotte_technology_search_100k_q154,1,0.6228367050312957,3,hybrid_lite,1,1,1,869,dense
19,1,1,0,nan,0,0,nan,nan,0,lotte_technology_search_100k_q8,0,0.4926832694399511,2,hybrid_lite,0,0,0,527,dense
19,1,1,1,0.25406976744186044,437,4,0.7459302325581396,0.01,0,lotte_technology_search_100k_q40,1,0.6669404562901372,3,hybrid_lite,1,1,1,1720,dense
19,0,1,1,0.8309037900874635,570,9,0.30466472303206993,0.7,0,lotte_technology_search_100k_q22,1,0.9126332912658488,2,linucb_primary,1,1,1,686,dense
19,1,0,1,0.06292388847023361,167,1,0.5444611906556142,0.01,0,lotte_technology_search_100k_q433,1,0.7214332893024609,2,hybrid_lite,1,1,1,2654,dense
19,1,1,1,0.07516993202718912,188,1,0.3426629348260696,0.01,1,lotte_technology_search_100k_q585,2,0.8686968876005882,3,linucb_primary,1,1,1,2501,dense
19,1,1,1,0.11203319502074689,162,1,0.545643153526971,0.01,0,lotte_technology_search_100k_q526,1,0.7366469877371388,3,hybrid_lite,1,1,1,1446,dense
19,1,1,1,0.11901681759379043,184,1,0.45536869340232855,0.01,1,lotte_technology_search_100k_q508,2,0.6441401175058716,3,hybrid_lite,1,1,1,1546,dense
19,1,1,1,0.19405791650996615,516,1,0.5836780744640843,0.01,1,lotte_technology_search_100k_q575,3,0.3367414077521889,3,full_dense_fallback,1,1,1,2659,dense
19,1,0,1,nan,0,0,nan,nan,0,lotte_technology_search_100k_q172,0,0.5584455080378528,2,hybrid_lite,0,0,0,607,dense
19,1,1,1,0.5633958103638368,511,1,0.28886438809261306,0.01,0,lotte_technology_search_100k_q226,1,0.8119798266135396,3,linucb_primary,1,1,1,907,dense
19,1,1,1,0.08057851239669421,117,1,0.390495867768595,0.01,1,lotte_technology_search_100k_q492,4,0.579935981739853,3,hybrid_lite,1,1,1,1452,dense
19,1,1,1,0.06739345887016848,68,1,0.42715559960356786,0.01,1,lotte_technology_search_100k_q41,2,0.9646628371320525,3,linucb_primary,1,1,1,1009,dense
19,1,1,1,0.02014218009478673,51,1,0.8120063191153238,0.01,1,lotte_technology_search_100k_q502,6,0.5738081157538109,3,hybrid_lite,1,1,1,2532,dense
19,0,0,1,0.11131725417439703,60,1,0.6641929499072357,0.01,0,lotte_technology_search_100k_q271,1,0.45011547677465386,1,hybrid_lite,1,1,1,539,dense
19,1,1,1,0.07600281491907107,108,1,0.7079521463757916,0.01,1,lotte_technology_search_100k_q566,3,0.38197396606031736,3,full_dense_fallback,1,1,1,1421,dense
19,1,1,1,0.043076923076923075,28,1,0.4061538461538462,0.01,1,lotte_technology_search_100k_q292,4,0.9486685634020078,3,linucb_primary,1,1,1,650,dense
19,1,1,1,0.20783460282916214,955,1,0.43068552774755164,0.01,1,lotte_technology_search_100k_q506,6,0.6098666754162029,3,hybrid_lite,1,1,1,4595,dense
19,1,1,1,0.1835966892400301,244,1,0.4273890142964635,0.01,1,lotte_technology_search_100k_q493,2,0.9504293187010517,3,linucb_primary,1,1,1,1329,dense
19,1,1,1,0.14809688581314878,214,1,0.3854671280276817,0.01,1,lotte_technology_search_100k_q338,2,0.5821415636503423,3,hybrid_lite,1,1,1,1445,dense
19,1,1,1,0.026778882938026015,70,1,0.8978576893649579,0.01,1,lotte_technology_search_100k_q431,5,0.6978216717636373,3,hybrid_lite,1,1,1,2614,dense
19,0,1,1,nan,0,0,nan,nan,0,lotte_technology_search_100k_q26,0,0.6932631876573638,2,hybrid_lite,0,0,0,1263,dense
19,1,1,1,0.31822262118491923,709,2,0.5457809694793536,0.01,0,lotte_technology_search_100k_q72,1,0.7636414087143761,3,linucb_primary,1,1,1,2228,dense
19,0,1,1,0.40368271954674223,285,3,0.5594900849858357,0.01,0,lotte_technology_search_100k_q121,1,0.9692465982305503,2,linucb_primary,1,1,1,706,dense
19,0,0,1,0.7296786389413988,386,5,0.27032136105860116,0.73,0,lotte_technology_search_100k_q225,1,0.387026127140731,1,full_dense_fallback,1,1,1,529,dense
19,1,1,1,0.28065573770491803,428,1,0.47540983606557374,0.01,1,lotte_technology_search_100k_q132,2,0.5486416280851701,3,hybrid_lite,1,1,1,1525,dense
19,1,1,1,0.2613065326633166,312,1,0.4857621440536013,0.01,0,lotte_technology_search_100k_q63,1,0.8516470446398673,3,linucb_primary,1,1,1,1194,dense
19,0,1,1,0.24554826616682288,262,3,0.6597938144329897,0.01,0,lotte_technology_search_100k_q203,1,0.7557200231355664,2,linucb_primary,1,1,1,1067,dense
19,1,1,1,0.051057770545158664,251,1,0.7595606183889341,0.01,1,lotte_technology_search_100k_q392,4,0.991210031010509,3,linucb_primary,1,1,1,4916,dense
19,1,1,1,0.6895424836601307,1055,3,0.27647058823529413,0.01,1,lotte_technology_search_100k_q173,2,0.5746813258409776,3,hybrid_lite,1,1,1,1530,dense
19,1,0,1,0.13828125,177,1,0.24531250000000004,0.01,1,lotte_technology_search_100k_q249,4,0.3712027504310003,2,full_dense_fallback,1,1,1,1280,dense
19,1,1,1,0.1590909090909091,231,1,0.5702479338842975,0.01,1,lotte_technology_search_100k_q581,3,0.6397529112557774,3,hybrid_lite,1,1,1,1452,dense
19,1,1,1,0.04165255672197765,123,1,0.74669827294277,0.01,1,lotte_technology_search_100k_q152,3,0.6870643833912209,3,hybrid_lite,1,1,1,2953,dense
19,1,1,1,0.057502467917077985,233,1,0.6246298124383021,0.01,1,lotte_technology_search_100k_q590,2,0.42422665352879374,3,full_dense_fallback,1,1,1,4052,dense
19,1,1,1,0.07013149655604257,112,1,0.47651847213525356,0.01,1,lotte_technology_search_100k_q95,3,0.719416015736626,3,hybrid_lite,1,1,1,1597,dense
19,1,1,1,0.04468412942989214,58,1,0.7303543913713405,0.01,0,lotte_technology_search_100k_q522,1,0.6512883144243714,3,hybrid_lite,1,1,1,1298,dense
19,1,1,1,0.1536760641238253,278,1,0.34715312327252623,0.01,1,lotte_technology_search_100k_q257,2,0.9733363385509456,3,linucb_primary,1,1,1,1809,dense
19,1,1,1,0.04412923561859732,56,1,0.4365642237982663,0.01,1,lotte_technology_search_100k_q316,3,0.860414720107211,3,linucb_primary,1,1,1,1269,dense
19,1,1,1,0.1674074074074074,226,1,0.4548148148148148,0.01,0,lotte_technology_search_100k_q188,1,0.6734489529282368,3,hybrid_lite,1,1,1,1350,dense
19,1,1,1,0.07840991976659373,215,1,0.5565280816921955,0.01,1,lotte_technology_search_100k_q529,7,0.7329544204969545,3,hybrid_lite,1,1,1,2742,dense
19,1,1,1,0.8710289236605027,1837,7,0.12897107633949734,0.88,0,lotte_technology_search_100k_q70,1,0.9046253159462385,3,linucb_primary,0,1,1,2109,dense
19,1,1,1,0.05273972602739726,77,1,0.6664383561643836,0.01,1,lotte_technology_search_100k_q298,2,0.9674388895478844,3,linucb_primary,1,1,1,1460,dense
19,1,1,1,0.5500349895031491,786,1,0.1714485654303709,0.01,0,lotte_technology_search_100k_q528,1,0.7025651452684362,3,hybrid_lite,1,1,1,1429,dense
19,1,1,1,0.26049766718507,335,1,0.6905132192846034,0.01,0,lotte_technology_search_100k_q383,1,0.5339411516937198,3,hybrid_lite,1,1,1,1286,dense
19,0,0,0,nan,0,0,nan,nan,0,lotte_technology_search_100k_q138,0,0.21488421449939596,0,full_dense_fallback,0,0,0,1121,dense
19,1,1,1,0.032130777903043965,57,1,0.6211950394588501,0.01,1,lotte_technology_search_100k_q442,3,0.7823333851050487,3,linucb_primary,1,1,1,1774,dense
19,0,1,1,0.08284023668639054,56,1,0.4600591715976331,0.01,0,lotte_technology_search_100k_q180,1,0.8652756514759192,2,linucb_primary,1,1,1,676,dense
19,1,1,1,0.1010752688172043,94,1,0.7139784946236559,0.01,0,lotte_technology_search_100k_q29,1,0.8082902454482404,3,linucb_primary,1,1,1,930,dense
19,1,1,1,0.05112219451371571,41,1,0.7144638403990025,0.01,1,lotte_technology_search_100k_q295,5,0.9797607438471043,3,linucb_primary,1,1,1,802,dense
19,1,1,1,0.019385026737967916,29,1,0.6945187165775402,0.01,1,lotte_technology_search_100k_q519,6,0.6537548839192876,3,hybrid_lite,1,1,1,1496,dense
19,1,1,1,0.11099899091826437,110,1,0.5691220988900101,0.01,1,lotte_technology_search_100k_q242,3,0.8093886597030556,3,linucb_primary,1,1,1,991,dense
19,1,1,1,0.04723745255166596,112,1,0.7545339519190215,0.01,1,lotte_technology_search_100k_q334,2,0.870750710701654,3,linucb_primary,1,1,1,2371,dense
