run_id,source_label,method,seed,num_queries,num_skipped_no_gt,avg_bm25_candidates,avg_bm25_candidates_mean,avg_cluster_candidates,avg_cluster_candidates_mean,avg_context_chunks@1,avg_context_chunks@10,avg_context_chunks@5,avg_context_tokens@1,avg_context_tokens@10,avg_context_tokens@5,avg_dense_candidates,avg_dense_candidates_mean,avg_missing_chunks@1,avg_missing_chunks@10,avg_missing_chunks@5,avg_source_candidate_cost,avg_source_candidate_cost_mean,confidence_mode,context_token_delta_vs_baseline@1,context_token_delta_vs_baseline@10,context_token_delta_vs_baseline@5,context_token_ratio_vs_baseline@1,context_token_ratio_vs_baseline@10,context_token_ratio_vs_baseline@5,cost_interpretation,dataset,dense_query_rate,dense_query_rate_mean,dense_saved_rate,dense_saved_rate_mean,evidence_recall@1,evidence_recall@10,evidence_recall@5,hit@1,hit@10,hit@5,hit_delta_vs_baseline@1,hit_delta_vs_baseline@10,hit_delta_vs_baseline@5,max_context_tokens@1,max_context_tokens@10,max_context_tokens@5,median_context_tokens@1,median_context_tokens@10,median_context_tokens@5,metrics_path,mrr@1,mrr@10,mrr@5,ndcg@1,ndcg@10,ndcg@5,p95_context_tokens@1,p95_context_tokens@10,p95_context_tokens@5,ranking_path,recall@1,recall@10,recall@5,reward_attribution,routing_mode,task
banking77:dense,banking77:dense,banking77:dense,,3080,0,,,,,1.0,10.0,5.0,11.890584415584415,121.08798701298701,60.41883116883117,,,0.0,0.0,0.0,,,,0.0,0.0,0.0,1.0,1.0,1.0,final_context_tokens,banking77,,,,,0.007821107200720462,0.0734178471267776,0.03795396639627805,0.9204545454545454,0.9805194805194806,0.9701298701298702,0.0,0.0,0.0,81.0,556.0,272.0,10.0,104.0,51.0,,0.9204545454545454,0.941565914244486,0.9401461038961041,0.9204545454545454,0.8797407300703027,0.8996290465746148,27.0,250.0,131.04999999999973,/home/damon/.openclaw/workspace/IntentWeight/paper/experiments/results/dense_banking77_rankings.json,0.9204545454545454,0.9805194805194806,0.9701298701298702,,,baseline
linucb_cost_banking77_heldout-test_test_corpus-full_q3080:full_multi_route:seed13,linucb_cost_banking77_heldout-test_test_corpus-full_q3080,full_multi_route,13,3080,0,100.0,100.0,100.0,100.0,1.0,10.0,5.0,11.890584415584415,121.45551948051948,60.41883116883117,100.0,100.0,0.0,0.0,0.0,300.0,300.0,,0.0,0.36753246753247026,0.0,1.0,1.0030352512796588,1.0,source_candidate_proxy_and_final_context_tokens,banking77,1.0,1.0,,,0.007821107200720462,0.07319890386735527,0.03795396639627805,0.9204545454545454,0.9844155844155844,0.9701298701298702,0.0,0.003896103896103842,0.0,81.0,556.0,272.0,10.0,104.0,51.0,/home/damon/.openclaw/workspace/IntentWeight/paper/experiments/results/linucb_cost_banking77_heldout-test_test_corpus-full_q3080_prequential_metrics.json,0.9204545454545454,0.9421639868068441,0.9401461038961041,0.9204545454545454,0.8791236413000529,0.8996290465746148,27.0,244.0,131.04999999999973,/home/damon/.openclaw/workspace/IntentWeight/paper/experiments/results/linucb_cost_banking77_heldout-test_test_corpus-full_q3080_prequential_rankings.json,0.9204545454545454,0.9844155844155844,0.9701298701298702,,full_multi_route,task16
linucb_cost_banking77_heldout-test_test_corpus-full_q3080:full_multi_route:seed17,linucb_cost_banking77_heldout-test_test_corpus-full_q3080,full_multi_route,17,3080,0,100.0,100.0,100.0,100.0,1.0,10.0,5.0,11.890584415584415,121.53084415584415,60.41883116883117,100.0,100.0,0.0,0.0,0.0,300.0,300.0,,0.0,0.44285714285713595,0.0,1.0,1.0036573169129457,1.0,source_candidate_proxy_and_final_context_tokens,banking77,1.0,1.0,,,0.007821107200720462,0.07335594565381197,0.03795396639627805,0.9204545454545454,0.9834415584415584,0.9701298701298702,0.0,0.0029220779220778814,0.0,81.0,556.0,272.0,10.0,104.0,51.0,/home/damon/.openclaw/workspace/IntentWeight/paper/experiments/results/linucb_cost_banking77_heldout-test_test_corpus-full_q3080_prequential_metrics.json,0.9204545454545454,0.9420183982683984,0.9401461038961041,0.9204545454545454,0.8791563695291531,0.8996290465746148,27.0,246.09999999999945,131.04999999999973,/home/damon/.openclaw/workspace/IntentWeight/paper/experiments/results/linucb_cost_banking77_heldout-test_test_corpus-full_q3080_prequential_rankings.json,0.9204545454545454,0.9834415584415584,0.9701298701298702,,full_multi_route,task16
linucb_cost_banking77_heldout-test_test_corpus-full_q3080:full_multi_route:seed19,linucb_cost_banking77_heldout-test_test_corpus-full_q3080,full_multi_route,19,3080,0,100.0,100.0,100.0,100.0,1.0,10.0,5.0,11.890584415584415,121.4948051948052,60.41883116883117,100.0,100.0,0.0,0.0,0.0,300.0,300.0,,0.0,0.4068181818181813,0.0,1.0,1.0033596906832265,1.0,source_candidate_proxy_and_final_context_tokens,banking77,1.0,1.0,,,0.007821107200720462,0.07325402062346065,0.03795396639627805,0.9204545454545454,0.9853896103896104,0.9701298701298702,0.0,0.004870129870129802,0.0,81.0,556.0,272.0,10.0,104.0,51.0,/home/damon/.openclaw/workspace/IntentWeight/paper/experiments/results/linucb_cost_banking77_heldout-test_test_corpus-full_q3080_prequential_metrics.json,0.9204545454545454,0.9422973356009072,0.9401461038961041,0.9204545454545454,0.8785571762604961,0.8996290465746148,27.0,253.0,131.04999999999973,/home/damon/.openclaw/workspace/IntentWeight/paper/experiments/results/linucb_cost_banking77_heldout-test_test_corpus-full_q3080_prequential_rankings.json,0.9204545454545454,0.9853896103896104,0.9701298701298702,,full_multi_route,task16
linucb_cost_banking77_heldout-test_test_corpus-full_q3080:gated_cost_aware:seed13,linucb_cost_banking77_heldout-test_test_corpus-full_q3080,gated_cost_aware,13,3080,0,21.238095238095237,21.255411255411257,100.0,100.0,1.0,10.0,5.0,11.890584415584415,120.55032467532467,60.66038961038961,21.238095238095237,21.255411255411257,0.0,0.0,0.0,142.47619047619048,142.51082251082252,,0.0,-0.53766233766234,0.24155844155843909,1.0,0.9955597384106759,1.0039980654522005,source_candidate_proxy_and_final_context_tokens,banking77,1.0,1.0,,,0.007821107200720462,0.0724673211109122,0.03758302652396648,0.9204545454545454,0.9811688311688311,0.974025974025974,0.0,0.0006493506493505663,0.003896103896103842,81.0,556.0,266.0,10.0,104.0,52.0,/home/damon/.openclaw/workspace/IntentWeight/paper/experiments/results/linucb_cost_banking77_heldout-test_test_corpus-full_q3080_prequential_metrics.json,0.9204545454545454,0.9423596938775515,0.9413690476190478,0.9204545454545454,0.8743532142797785,0.8951652751247862,27.0,244.0,132.04999999999973,/home/damon/.openclaw/workspace/IntentWeight/paper/experiments/results/linucb_cost_banking77_heldout-test_test_corpus-full_q3080_prequential_rankings.json,0.9204545454545454,0.9811688311688311,0.974025974025974,,gated_cost_aware,task16
linucb_cost_banking77_heldout-test_test_corpus-full_q3080:gated_cost_aware:seed17,linucb_cost_banking77_heldout-test_test_corpus-full_q3080,gated_cost_aware,17,3080,0,21.41125541125541,21.255411255411257,100.0,100.0,1.0,10.0,5.0,11.890584415584415,120.89188311688312,60.73506493506493,21.41125541125541,21.255411255411257,0.0,0.0,0.0,142.82251082251082,142.51082251082252,,0.0,-0.19610389610389234,0.31623376623376487,1.0,0.9983804842995461,1.0052340265462947,source_candidate_proxy_and_final_context_tokens,banking77,1.0,1.0,,,0.007821107200720462,0.07301722959867366,0.03771950867002208,0.9204545454545454,0.9818181818181818,0.9737012987012987,0.0,0.0012987012987012436,0.0035714285714285587,81.0,556.0,266.0,10.0,104.0,52.0,/home/damon/.openclaw/workspace/IntentWeight/paper/experiments/results/linucb_cost_banking77_heldout-test_test_corpus-full_q3080_prequential_metrics.json,0.9204545454545454,0.9424458874458879,0.9413419913419916,0.9204545454545454,0.8760840908416945,0.8962471839528119,27.0,250.0,135.0,/home/damon/.openclaw/workspace/IntentWeight/paper/experiments/results/linucb_cost_banking77_heldout-test_test_corpus-full_q3080_prequential_rankings.json,0.9204545454545454,0.9818181818181818,0.9737012987012987,,gated_cost_aware,task16
linucb_cost_banking77_heldout-test_test_corpus-full_q3080:gated_cost_aware:seed19,linucb_cost_banking77_heldout-test_test_corpus-full_q3080,gated_cost_aware,19,3080,0,21.116883116883116,21.255411255411257,100.0,100.0,1.0,10.0,5.0,11.890584415584415,121.01168831168832,60.70811688311688,21.116883116883116,21.255411255411257,0.0,0.0,0.0,142.23376623376623,142.51082251082252,,0.0,-0.07629870129869687,0.28928571428571104,1.0,0.9993698904145585,1.0047880058036434,source_candidate_proxy_and_final_context_tokens,banking77,1.0,1.0,,,0.007821107200720462,0.07284521456246187,0.037642997163863774,0.9204545454545454,0.9808441558441559,0.9737012987012987,0.0,0.00032467532467528315,0.0035714285714285587,81.0,556.0,270.0,10.0,104.0,52.0,/home/damon/.openclaw/workspace/IntentWeight/paper/experiments/results/linucb_cost_banking77_heldout-test_test_corpus-full_q3080_prequential_metrics.json,0.9204545454545454,0.942259585652443,0.9412987012987016,0.9204545454545454,0.874286550983401,0.8950985898149484,27.0,250.0,133.04999999999973,/home/damon/.openclaw/workspace/IntentWeight/paper/experiments/results/linucb_cost_banking77_heldout-test_test_corpus-full_q3080_prequential_rankings.json,0.9204545454545454,0.9808441558441559,0.9737012987012987,,gated_cost_aware,task16
cuad:dense,cuad:dense,cuad:dense,,2056,494,,,,,0.03842412451361868,0.3842412451361868,0.1921206225680934,1.5569066147859922,14.96692607003891,7.08511673151751,,,0.0,0.0,0.0,,,,0.0,0.0,0.0,1.0,1.0,1.0,final_context_tokens,cuad,,,,,0.0009727626459143969,0.0018257181277180133,0.0012159533073929961,0.0009727626459143969,0.0029182879377431907,0.0014591439688715954,0.0,0.0,0.0,119.0,747.0,445.0,0.0,0.0,0.0,,0.0009727626459143969,0.0012848573281452659,0.0010943579766536965,0.0009727626459143969,0.0013398260759919839,0.0011012004487220774,0.0,0.0,0.0,/home/damon/.openclaw/workspace/IntentWeight/paper/experiments/results/dense_cuad_rankings.json,0.0009727626459143969,0.0029182879377431907,0.0014591439688715954,,,baseline
linucb_cost_cuad_smoke-only_test_corpus-gt-anchored-10000_q100:full_multi_route:seed13,linucb_cost_cuad_smoke-only_test_corpus-gt-anchored-10000_q100,full_multi_route,13,2056,494,100.0,100.0,100.0,100.0,0.03842412451361868,0.3842412451361868,0.1921206225680934,1.5569066147859922,17.166828793774318,7.08511673151751,100.0,100.0,0.0,0.0,0.0,300.0,300.0,,0.0,2.1999027237354074,0.0,1.0,1.1469842714155725,1.0,source_candidate_proxy_and_final_context_tokens,cuad,1.0,1.0,,,0.0009727626459143969,0.0020671206225680934,0.0012159533073929961,0.0009727626459143969,0.0029182879377431907,0.0014591439688715954,0.0,0.0,0.0,119.0,1061.0,445.0,0.0,0.0,0.0,/home/damon/.openclaw/workspace/IntentWeight/paper/experiments/results/linucb_cost_cuad_smoke-only_test_corpus-gt-anchored-10000_q100_prequential_metrics.json,0.0009727626459143969,0.0012989469458341053,0.0010943579766536965,0.0009727626459143969,0.001427518331610351,0.0011012004487220774,0.0,0.0,0.0,/home/damon/.openclaw/workspace/IntentWeight/paper/experiments/results/linucb_cost_cuad_smoke-only_test_corpus-gt-anchored-10000_q100_prequential_rankings.json,0.0009727626459143969,0.0029182879377431907,0.0014591439688715954,,full_multi_route,task16
linucb_cost_cuad_smoke-only_test_corpus-gt-anchored-10000_q100:full_multi_route:seed17,linucb_cost_cuad_smoke-only_test_corpus-gt-anchored-10000_q100,full_multi_route,17,2056,494,100.0,100.0,100.0,100.0,0.03842412451361868,0.3842412451361868,0.1921206225680934,1.5569066147859922,17.137645914396888,7.08511673151751,100.0,100.0,0.0,0.0,0.0,300.0,300.0,,0.0,2.1707198443579774,0.0,1.0,1.145034446899779,1.0,source_candidate_proxy_and_final_context_tokens,cuad,1.0,1.0,,,0.0009727626459143969,0.0020689087891966125,0.0012159533073929961,0.0009727626459143969,0.003404669260700389,0.0014591439688715954,0.0,0.00048638132295719845,0.0,119.0,1077.0,445.0,0.0,0.0,0.0,/home/damon/.openclaw/workspace/IntentWeight/paper/experiments/results/linucb_cost_cuad_smoke-only_test_corpus-gt-anchored-10000_q100_prequential_metrics.json,0.0009727626459143969,0.0013421808412080786,0.0010943579766536965,0.0009727626459143969,0.0014548940019427593,0.0011012004487220774,0.0,0.0,0.0,/home/damon/.openclaw/workspace/IntentWeight/paper/experiments/results/linucb_cost_cuad_smoke-only_test_corpus-gt-anchored-10000_q100_prequential_rankings.json,0.0009727626459143969,0.003404669260700389,0.0014591439688715954,,full_multi_route,task16
linucb_cost_cuad_smoke-only_test_corpus-gt-anchored-10000_q100:full_multi_route:seed19,linucb_cost_cuad_smoke-only_test_corpus-gt-anchored-10000_q100,full_multi_route,19,2056,494,100.0,100.0,100.0,100.0,0.03842412451361868,0.3842412451361868,0.1921206225680934,1.5569066147859922,16.767996108949415,7.08511673151751,100.0,100.0,0.0,0.0,0.0,300.0,300.0,,0.0,1.8010700389105043,0.0,1.0,1.120336669699727,1.0,source_candidate_proxy_and_final_context_tokens,cuad,1.0,1.0,,,0.0009727626459143969,0.0026142996108949415,0.0012159533073929961,0.0009727626459143969,0.0038910505836575876,0.0014591439688715954,0.0,0.0009727626459143969,0.0,119.0,1006.0,445.0,0.0,0.0,0.0,/home/damon/.openclaw/workspace/IntentWeight/paper/experiments/results/linucb_cost_cuad_smoke-only_test_corpus-gt-anchored-10000_q100_prequential_metrics.json,0.0009727626459143969,0.0013759573219689952,0.0010943579766536965,0.0009727626459143969,0.001589158566059171,0.0011012004487220774,0.0,0.0,0.0,/home/damon/.openclaw/workspace/IntentWeight/paper/experiments/results/linucb_cost_cuad_smoke-only_test_corpus-gt-anchored-10000_q100_prequential_rankings.json,0.0009727626459143969,0.0038910505836575876,0.0014591439688715954,,full_multi_route,task16
linucb_cost_cuad_smoke-only_test_corpus-gt-anchored-10000_q100:gated_cost_aware:seed13,linucb_cost_cuad_smoke-only_test_corpus-gt-anchored-10000_q100,gated_cost_aware,13,2056,494,56.0,51.73333333333333,100.0,100.0,0.03842412451361868,0.3842412451361868,0.1921206225680934,1.5569066147859922,19.78112840466926,8.440661478599221,56.0,51.73333333333333,0.0,0.0,0.0,212.0,203.46666666666667,,0.0,4.81420233463035,1.3555447470817112,1.0,1.321656050955414,1.1913228530239581,source_candidate_proxy_and_final_context_tokens,cuad,1.0,1.0,,,0.0009727626459143969,0.0018239299610894942,0.0017023346303501946,0.0009727626459143969,0.0024319066147859923,0.0019455252918287938,0.0,-0.00048638132295719845,0.00048638132295719845,119.0,1450.0,445.0,0.0,0.0,0.0,/home/damon/.openclaw/workspace/IntentWeight/paper/experiments/results/linucb_cost_cuad_smoke-only_test_corpus-gt-anchored-10000_q100_prequential_metrics.json,0.0009727626459143969,0.001261117287381879,0.0011916342412451363,0.0009727626459143969,0.0013526496172849383,0.00128935842889452,0.0,0.0,0.0,/home/damon/.openclaw/workspace/IntentWeight/paper/experiments/results/linucb_cost_cuad_smoke-only_test_corpus-gt-anchored-10000_q100_prequential_rankings.json,0.0009727626459143969,0.0024319066147859923,0.0019455252918287938,,gated_cost_aware,task16
linucb_cost_cuad_smoke-only_test_corpus-gt-anchored-10000_q100:gated_cost_aware:seed17,linucb_cost_cuad_smoke-only_test_corpus-gt-anchored-10000_q100,gated_cost_aware,17,2056,494,50.13333333333333,51.73333333333333,100.0,100.0,0.03842412451361868,0.3842412451361868,0.1921206225680934,1.5569066147859922,15.997081712062256,7.612354085603113,50.13333333333333,51.73333333333333,0.0,0.0,0.0,200.26666666666668,203.46666666666667,,0.0,1.0301556420233453,0.527237354085603,1.0,1.0688288054075132,1.07441477311732,source_candidate_proxy_and_final_context_tokens,cuad,1.0,1.0,,,0.0009727626459143969,0.0012159533073929961,0.0012159533073929961,0.0009727626459143969,0.0014591439688715954,0.0014591439688715954,0.0,-0.0014591439688715954,0.0,119.0,909.0,578.0,0.0,0.0,0.0,/home/damon/.openclaw/workspace/IntentWeight/paper/experiments/results/linucb_cost_cuad_smoke-only_test_corpus-gt-anchored-10000_q100_prequential_metrics.json,0.0009727626459143969,0.0010943579766536965,0.0010943579766536965,0.0009727626459143969,0.0011012004487220774,0.0011012004487220774,0.0,0.0,0.0,/home/damon/.openclaw/workspace/IntentWeight/paper/experiments/results/linucb_cost_cuad_smoke-only_test_corpus-gt-anchored-10000_q100_prequential_rankings.json,0.0009727626459143969,0.0014591439688715954,0.0014591439688715954,,gated_cost_aware,task16
linucb_cost_cuad_smoke-only_test_corpus-gt-anchored-10000_q100:gated_cost_aware:seed19,linucb_cost_cuad_smoke-only_test_corpus-gt-anchored-10000_q100,gated_cost_aware,19,2056,494,49.06666666666667,51.73333333333333,100.0,100.0,0.03842412451361868,0.3842412451361868,0.1921206225680934,1.5569066147859922,18.27431906614786,8.23929961089494,49.06666666666667,51.73333333333333,0.0,0.0,0.0,198.13333333333333,203.46666666666667,,0.0,3.30739299610895,1.154182879377431,1.0,1.220980111789939,1.162902450744834,source_candidate_proxy_and_final_context_tokens,cuad,1.0,1.0,,,0.0009727626459143969,0.002313206410969057,0.0009756577728367612,0.0009727626459143969,0.003404669260700389,0.0014591439688715954,0.0,0.00048638132295719845,0.0,119.0,1168.0,533.0,0.0,0.0,0.0,/home/damon/.openclaw/workspace/IntentWeight/paper/experiments/results/linucb_cost_cuad_smoke-only_test_corpus-gt-anchored-10000_q100_prequential_metrics.json,0.0009727626459143969,0.0013800104996603052,0.0011348897535667965,0.0009727626459143969,0.0014915228523434026,0.0010552432405821052,0.0,0.0,0.0,/home/damon/.openclaw/workspace/IntentWeight/paper/experiments/results/linucb_cost_cuad_smoke-only_test_corpus-gt-anchored-10000_q100_prequential_rankings.json,0.0009727626459143969,0.003404669260700389,0.0014591439688715954,,gated_cost_aware,task16
emanual:dense,emanual:dense,emanual:dense,,1298,20,,,,,0.10015408320493066,1.0015408320493067,0.5007704160246533,1.7704160246533127,18.235747303543913,9.040061633281972,,,0.0,0.0,0.0,,,,0.0,0.0,0.0,1.0,1.0,1.0,final_context_tokens,emanual,,,,,0.0,0.00992049916356542,0.001735270379338176,0.0,0.032357473035439135,0.00847457627118644,0.0,0.0,0.0,69.0,690.0,345.0,0.0,0.0,0.0,,0.0,0.005515200430454666,0.0026836158192090395,0.0,0.005267602691566542,0.0015400930562676815,13.0,156.59999999999945,70.0,/home/damon/.openclaw/workspace/IntentWeight/paper/experiments/results/dense_emanual_rankings.json,0.0,0.032357473035439135,0.00847457627118644,,,baseline
linucb_cost_emanual_heldout-test_test_corpus-full_q132:full_multi_route:seed13,linucb_cost_emanual_heldout-test_test_corpus-full_q132,full_multi_route,13,1298,20,100.0,100.0,100.0,100.0,0.10015408320493066,1.0015408320493067,0.5007704160246533,1.7704160246533127,18.75423728813559,9.040061633281972,100.0,100.0,0.0,0.0,0.0,300.0,300.0,,0.0,0.5184899845916782,0.0,1.0,1.0284326151246304,1.0,source_candidate_proxy_and_final_context_tokens,emanual,1.0,1.0,,,0.0,0.00365295870881387,0.001735270379338176,0.0,0.015408320493066256,0.00847457627118644,0.0,-0.016949152542372878,0.0,69.0,690.0,345.0,0.0,0.0,0.0,/home/damon/.openclaw/workspace/IntentWeight/paper/experiments/results/linucb_cost_emanual_heldout-test_test_corpus-full_q132_prequential_metrics.json,0.0,0.003443331621297723,0.0026836158192090395,0.0,0.0024934112367242614,0.0015400930562676815,13.0,163.0,70.0,/home/damon/.openclaw/workspace/IntentWeight/paper/experiments/results/linucb_cost_emanual_heldout-test_test_corpus-full_q132_prequential_rankings.json,0.0,0.015408320493066256,0.00847457627118644,,full_multi_route,task16
linucb_cost_emanual_heldout-test_test_corpus-full_q132:full_multi_route:seed17,linucb_cost_emanual_heldout-test_test_corpus-full_q132,full_multi_route,17,1298,20,100.0,100.0,100.0,100.0,0.10015408320493066,1.0015408320493067,0.5007704160246533,1.7704160246533127,18.682588597842834,9.040061633281972,100.0,100.0,0.0,0.0,0.0,300.0,300.0,,0.0,0.4468412942989204,0.0,1.0,1.024503591043515,1.0,source_candidate_proxy_and_final_context_tokens,emanual,1.0,1.0,,,0.0,0.00372416382624395,0.001735270379338176,0.0,0.014637904468412942,0.00847457627118644,0.0,-0.017719568567026195,0.0,69.0,690.0,345.0,0.0,0.0,0.0,/home/damon/.openclaw/workspace/IntentWeight/paper/experiments/results/linucb_cost_emanual_heldout-test_test_corpus-full_q132_prequential_metrics.json,0.0,0.0033993078484603908,0.0026836158192090395,0.0,0.0024712895665865166,0.0015400930562676815,13.0,161.0,70.0,/home/damon/.openclaw/workspace/IntentWeight/paper/experiments/results/linucb_cost_emanual_heldout-test_test_corpus-full_q132_prequential_rankings.json,0.0,0.014637904468412942,0.00847457627118644,,full_multi_route,task16
linucb_cost_emanual_heldout-test_test_corpus-full_q132:full_multi_route:seed19,linucb_cost_emanual_heldout-test_test_corpus-full_q132,full_multi_route,19,1298,20,100.0,100.0,100.0,100.0,0.10015408320493066,1.0015408320493067,0.5007704160246533,1.7704160246533127,18.77657935285054,9.040061633281972,100.0,100.0,0.0,0.0,0.0,300.0,300.0,,0.0,0.5408320493066263,0.0,1.0,1.0296577946768062,1.0,source_candidate_proxy_and_final_context_tokens,emanual,1.0,1.0,,,0.0,0.004040584693512274,0.001735270379338176,0.0,0.014637904468412942,0.00847457627118644,0.0,-0.017719568567026195,0.0,69.0,690.0,345.0,0.0,0.0,0.0,/home/damon/.openclaw/workspace/IntentWeight/paper/experiments/results/linucb_cost_emanual_heldout-test_test_corpus-full_q132_prequential_metrics.json,0.0,0.003431408516154279,0.0026836158192090395,0.0,0.0027051067946381917,0.0015400930562676815,13.0,163.0,70.0,/home/damon/.openclaw/workspace/IntentWeight/paper/experiments/results/linucb_cost_emanual_heldout-test_test_corpus-full_q132_prequential_rankings.json,0.0,0.014637904468412942,0.00847457627118644,,full_multi_route,task16
linucb_cost_emanual_heldout-test_test_corpus-full_q132:gated_cost_aware:seed13,linucb_cost_emanual_heldout-test_test_corpus-full_q132,gated_cost_aware,13,1298,20,60.60606060606061,57.03703703703704,100.0,100.0,0.10015408320493066,1.0015408320493067,0.5007704160246533,1.7704160246533127,17.97226502311248,9.09322033898305,60.60606060606061,57.03703703703704,0.0,0.0,0.0,221.21212121212122,214.0740740740741,,0.0,-0.2634822804314325,0.053158705701077835,1.0,0.9855513307984791,1.0058803477075164,source_candidate_proxy_and_final_context_tokens,emanual,1.0,1.0,,,0.0,0.002509716357944401,0.001735270379338176,0.0,0.013097072419106317,0.00847457627118644,0.0,-0.01926040061633282,0.0,69.0,690.0,345.0,0.0,0.0,0.0,/home/damon/.openclaw/workspace/IntentWeight/paper/experiments/results/linucb_cost_emanual_heldout-test_test_corpus-full_q132_prequential_metrics.json,0.0,0.0030966444102037325,0.002503852080123267,0.0,0.001846417223845979,0.0014831616607137717,13.0,163.14999999999986,77.29999999999973,/home/damon/.openclaw/workspace/IntentWeight/paper/experiments/results/linucb_cost_emanual_heldout-test_test_corpus-full_q132_prequential_rankings.json,0.0,0.013097072419106317,0.00847457627118644,,gated_cost_aware,task16
linucb_cost_emanual_heldout-test_test_corpus-full_q132:gated_cost_aware:seed17,linucb_cost_emanual_heldout-test_test_corpus-full_q132,gated_cost_aware,17,1298,20,56.16161616161616,57.03703703703704,100.0,100.0,0.10015408320493066,1.0015408320493067,0.5007704160246533,1.7704160246533127,17.741910631741142,8.802773497688753,56.16161616161616,57.03703703703704,0.0,0.0,0.0,212.32323232323233,214.0740740740741,,0.0,-0.4938366718027716,-0.2372881355932197,1.0,0.9729193071398395,0.9737514913925346,source_candidate_proxy_and_final_context_tokens,emanual,1.0,1.0,,,0.0,0.002292779767741247,0.0008236114168317558,0.0,0.009244992295839754,0.003852080123266564,0.0,-0.02311248073959938,-0.004622496147919876,69.0,620.0,310.0,0.0,0.0,0.0,/home/damon/.openclaw/workspace/IntentWeight/paper/experiments/results/linucb_cost_emanual_heldout-test_test_corpus-full_q132_prequential_metrics.json,0.0,0.0021507447354904984,0.0014381099126861837,0.0,0.0015289852359611777,0.0007619468374336101,13.0,151.74999999999932,75.0,/home/damon/.openclaw/workspace/IntentWeight/paper/experiments/results/linucb_cost_emanual_heldout-test_test_corpus-full_q132_prequential_rankings.json,0.0,0.009244992295839754,0.003852080123266564,,gated_cost_aware,task16
linucb_cost_emanual_heldout-test_test_corpus-full_q132:gated_cost_aware:seed19,linucb_cost_emanual_heldout-test_test_corpus-full_q132,gated_cost_aware,19,1298,20,54.343434343434346,57.03703703703704,100.0,100.0,0.10015408320493066,1.0015408320493067,0.5007704160246533,1.7704160246533127,18.057010785824346,9.043143297380585,54.343434343434346,57.03703703703704,0.0,0.0,0.0,208.68686868686868,214.0740740740741,,0.0,-0.17873651771956744,0.0030816640986124355,1.0,0.9901985635825941,1.0003408897221748,source_candidate_proxy_and_final_context_tokens,emanual,1.0,1.0,,,0.0,0.003264971417898999,0.0017948859050553967,0.0,0.012326656394453005,0.006933744221879815,0.0,-0.020030816640986132,-0.0015408320493066254,69.0,510.0,216.0,0.0,0.0,0.0,/home/damon/.openclaw/workspace/IntentWeight/paper/experiments/results/linucb_cost_emanual_heldout-test_test_corpus-full_q132_prequential_metrics.json,0.0,0.0028034583119328884,0.0020929635336414997,0.0,0.0022237994211772192,0.0014883758918927807,13.0,172.14999999999986,82.29999999999973,/home/damon/.openclaw/workspace/IntentWeight/paper/experiments/results/linucb_cost_emanual_heldout-test_test_corpus-full_q132_prequential_rankings.json,0.0,0.012326656394453005,0.006933744221879815,,gated_cost_aware,task16
lotte_technology_search:dense,lotte_technology_search:dense,lotte_technology_search:dense,,20,0,,,,,1.0,10.0,5.0,133.0,1115.2,612.2,,,0.0,0.0,0.0,,,,0.0,0.0,0.0,1.0,1.0,1.0,final_context_tokens,lotte_technology_search,,,,,0.5416666666666666,0.8,0.775,0.9,0.9,0.9,0.0,0.0,0.0,227.0,2441.0,2117.0,100.5,1120.0,486.5,,0.9,0.9,0.9,0.9,0.8077032943161073,0.8255564781893782,227.0,1645.8500000000006,1075.8000000000006,/home/damon/.openclaw/workspace/IntentWeight/paper/experiments/results/dense_lotte_technology_search_rankings.json,0.9,0.9,0.9,,,baseline
linucb_cost_lotte-technology-search_heldout-test_test_corpus-full_q20:full_multi_route:seed13,linucb_cost_lotte-technology-search_heldout-test_test_corpus-full_q20,full_multi_route,13,20,0,50.0,50.0,50.0,50.0,1.0,10.0,5.0,133.0,1235.65,612.2,50.0,50.0,0.0,0.0,0.0,150.0,150.0,,0.0,120.45000000000005,0.0,1.0,1.1080075322812053,1.0,source_candidate_proxy_and_final_context_tokens,lotte_technology_search,1.0,1.0,,,0.5416666666666666,0.88125,0.775,0.9,1.0,0.9,0.0,0.09999999999999998,0.0,227.0,2952.0,2117.0,100.5,1152.0,486.5,/home/damon/.openclaw/workspace/IntentWeight/paper/experiments/results/linucb_cost_lotte-technology-search_heldout-test_test_corpus-full_q20_prequential_metrics.json,0.9,0.9133333333333333,0.9,0.9,0.8285575839936344,0.8255564781893782,227.0,1747.400000000001,1075.8000000000006,/home/damon/.openclaw/workspace/IntentWeight/paper/experiments/results/linucb_cost_lotte-technology-search_heldout-test_test_corpus-full_q20_prequential_rankings.json,0.9,1.0,0.9,,full_multi_route,task18
linucb_cost_lotte-technology-search_heldout-test_test_corpus-full_q20:gated_cost_aware:seed13,linucb_cost_lotte-technology-search_heldout-test_test_corpus-full_q20,gated_cost_aware,13,20,0,40.0,40.0,50.0,50.0,1.0,10.0,5.0,133.0,1207.1,630.0,39.5,39.5,0.0,0.0,0.0,129.5,129.5,,0.0,91.89999999999986,17.799999999999955,1.0,1.0824067431850788,1.0290754655341392,source_candidate_proxy_and_final_context_tokens,lotte_technology_search,0.95,0.95,,,0.5416666666666666,0.83125,0.775,0.9,0.95,0.9,0.0,0.04999999999999993,0.0,227.0,2952.0,2117.0,100.5,1062.0,486.5,/home/damon/.openclaw/workspace/IntentWeight/paper/experiments/results/linucb_cost_lotte-technology-search_heldout-test_test_corpus-full_q20_prequential_metrics.json,0.9,0.9083333333333334,0.9,0.9,0.816229616368247,0.827681751879885,227.0,1731.250000000001,1123.3000000000006,/home/damon/.openclaw/workspace/IntentWeight/paper/experiments/results/linucb_cost_lotte-technology-search_heldout-test_test_corpus-full_q20_prequential_rankings.json,0.9,0.95,0.9,,gated_cost_aware,task18
lotte_technology_search_100k:dense,lotte_technology_search_100k:dense,lotte_technology_search_100k:dense,,596,0,,,,,1.0,10.0,5.0,161.64093959731542,1472.3875838926174,770.5184563758389,,,0.0,0.0,0.0,,,,0.0,0.0,0.0,1.0,1.0,1.0,final_context_tokens,lotte_technology_search_100k,,,,,0.291594348575516,0.7025930894139937,0.611129549370119,0.6308724832214765,0.8674496644295302,0.8104026845637584,0.0,0.0,0.0,1520.0,7585.0,4718.0,104.0,1312.0,656.0,,0.6308724832214765,0.7080929743261957,0.7003914988814316,0.6308724832214765,0.6486573605022944,0.6265869854600753,501.25,2908.25,1773.5,/home/damon/.openclaw/workspace/IntentWeight/paper/experiments/results/dense_lotte_technology_search_100k_rankings.json,0.6308724832214765,0.8674496644295302,0.8104026845637584,,,baseline
linucb_cost_lotte-technology-search-100k_heldout-test_test_corpus-full_q596:full_multi_route:seed13,linucb_cost_lotte-technology-search-100k_heldout-test_test_corpus-full_q596,full_multi_route,13,596,0,100.0,100.0,100.0,100.0,1.0,10.0,5.0,161.64093959731542,1548.1862416107383,770.5184563758389,100.0,100.0,0.0,0.0,0.0,300.0,300.0,,0.0,75.79865771812092,0.0,1.0,1.051480098411132,1.0,source_candidate_proxy_and_final_context_tokens,lotte_technology_search_100k,1.0,1.0,,,0.291594348575516,0.7246105903983137,0.611129549370119,0.6308724832214765,0.8808724832214765,0.8104026845637584,0.0,0.01342281879194629,0.0,1520.0,14354.0,4718.0,104.0,1376.5,656.0,/home/damon/.openclaw/workspace/IntentWeight/paper/experiments/results/linucb_cost_lotte-technology-search-100k_heldout-test_test_corpus-full_q596_prequential_metrics.json,0.6308724832214765,0.7103114679876422,0.7003914988814316,0.6308724832214765,0.6572858387499925,0.6265869854600753,501.25,2912.5,1773.5,/home/damon/.openclaw/workspace/IntentWeight/paper/experiments/results/linucb_cost_lotte-technology-search-100k_heldout-test_test_corpus-full_q596_prequential_rankings.json,0.6308724832214765,0.8808724832214765,0.8104026845637584,,full_multi_route,task18
linucb_cost_lotte-technology-search-100k_heldout-test_test_corpus-full_q596:full_multi_route:seed17,linucb_cost_lotte-technology-search-100k_heldout-test_test_corpus-full_q596,full_multi_route,17,596,0,100.0,100.0,100.0,100.0,1.0,10.0,5.0,161.64093959731542,1550.9647651006712,770.5184563758389,100.0,100.0,0.0,0.0,0.0,300.0,300.0,,0.0,78.57718120805384,0.0,1.0,1.0533671854256716,1.0,source_candidate_proxy_and_final_context_tokens,lotte_technology_search_100k,1.0,1.0,,,0.291594348575516,0.7229019509155765,0.611129549370119,0.6308724832214765,0.8791946308724832,0.8104026845637584,0.0,0.011744966442952975,0.0,1520.0,8819.0,4718.0,104.0,1361.0,656.0,/home/damon/.openclaw/workspace/IntentWeight/paper/experiments/results/linucb_cost_lotte-technology-search-100k_heldout-test_test_corpus-full_q596_prequential_metrics.json,0.6308724832214765,0.710130366464259,0.7003914988814316,0.6308724832214765,0.6563620669910564,0.6265869854600753,501.25,3106.25,1773.5,/home/damon/.openclaw/workspace/IntentWeight/paper/experiments/results/linucb_cost_lotte-technology-search-100k_heldout-test_test_corpus-full_q596_prequential_rankings.json,0.6308724832214765,0.8791946308724832,0.8104026845637584,,full_multi_route,task18
linucb_cost_lotte-technology-search-100k_heldout-test_test_corpus-full_q596:full_multi_route:seed19,linucb_cost_lotte-technology-search-100k_heldout-test_test_corpus-full_q596,full_multi_route,19,596,0,100.0,100.0,100.0,100.0,1.0,10.0,5.0,161.64093959731542,1575.1107382550335,770.5184563758389,100.0,100.0,0.0,0.0,0.0,300.0,300.0,,0.0,102.72315436241615,0.0,1.0,1.069766381818327,1.0,source_candidate_proxy_and_final_context_tokens,lotte_technology_search_100k,1.0,1.0,,,0.291594348575516,0.7276185281168215,0.611129549370119,0.6308724832214765,0.8875838926174496,0.8104026845637584,0.0,0.020134228187919434,0.0,1520.0,14354.0,4718.0,104.0,1370.0,656.0,/home/damon/.openclaw/workspace/IntentWeight/paper/experiments/results/linucb_cost_lotte-technology-search-100k_heldout-test_test_corpus-full_q596_prequential_metrics.json,0.6308724832214765,0.7111350804303824,0.7003914988814316,0.6308724832214765,0.6582764428851691,0.6265869854600753,501.25,3100.5,1773.5,/home/damon/.openclaw/workspace/IntentWeight/paper/experiments/results/linucb_cost_lotte-technology-search-100k_heldout-test_test_corpus-full_q596_prequential_rankings.json,0.6308724832214765,0.8875838926174496,0.8104026845637584,,full_multi_route,task18
linucb_cost_lotte-technology-search-100k_heldout-test_test_corpus-full_q596:gated_cost_aware:seed13,linucb_cost_lotte-technology-search-100k_heldout-test_test_corpus-full_q596,gated_cost_aware,13,596,0,44.87695749440716,47.621178225205064,100.0,100.0,1.0,10.0,5.0,159.6996644295302,1473.4580536912752,758.48322147651,41.06263982102908,44.06040268456376,0.0,0.0,0.0,185.93959731543623,191.68158090976885,,-1.9412751677852214,1.0704697986577685,-12.035234899328884,0.9879902011667255,1.000727029900529,0.9843803418338127,source_candidate_proxy_and_final_context_tokens,lotte_technology_search_100k,0.8092841163310962,0.8219612229679344,,,0.2740515390039516,0.6370872180161122,0.5624569193021227,0.6057046979865772,0.8523489932885906,0.8087248322147651,-0.025167785234899265,-0.015100671140939603,-0.001677852348993314,2133.0,13712.0,3923.0,108.5,1287.0,643.0,/home/damon/.openclaw/workspace/IntentWeight/paper/experiments/results/linucb_cost_lotte-technology-search-100k_heldout-test_test_corpus-full_q596_prequential_metrics.json,0.6057046979865772,0.690282438478747,0.6843680089485457,0.6057046979865772,0.5955923823713766,0.5808326538777634,452.0,2838.75,1655.75,/home/damon/.openclaw/workspace/IntentWeight/paper/experiments/results/linucb_cost_lotte-technology-search-100k_heldout-test_test_corpus-full_q596_prequential_rankings.json,0.6057046979865772,0.8523489932885906,0.8087248322147651,,gated_cost_aware,task18
linucb_cost_lotte-technology-search-100k_heldout-test_test_corpus-full_q596:gated_cost_aware:seed17,linucb_cost_lotte-technology-search-100k_heldout-test_test_corpus-full_q596,gated_cost_aware,17,596,0,54.049217002237135,47.621178225205064,100.0,100.0,1.0,10.0,5.0,165.28187919463087,1431.6510067114093,759.1073825503356,52.18120805369127,44.06040268456376,0.0,0.0,0.0,206.2304250559284,191.68158090976885,,3.6409395973154517,-40.73657718120808,-11.411073825503308,1.0225248603873862,0.9723329796944423,0.9851903952058777,source_candidate_proxy_and_final_context_tokens,lotte_technology_search_100k,0.906599552572707,0.8219612229679344,,,0.2925311494703706,0.6264024045042615,0.5612836854093219,0.6325503355704698,0.8506711409395973,0.8070469798657718,0.001677852348993314,-0.016778523489932917,-0.003355704697986628,1520.0,4800.0,3843.0,108.0,1296.0,654.5,/home/damon/.openclaw/workspace/IntentWeight/paper/experiments/results/linucb_cost_lotte-technology-search-100k_heldout-test_test_corpus-full_q596_prequential_metrics.json,0.6325503355704698,0.707832640886332,0.7019574944071587,0.6325503355704698,0.5973554653682611,0.5877809961963189,501.25,2696.0,1696.5,/home/damon/.openclaw/workspace/IntentWeight/paper/experiments/results/linucb_cost_lotte-technology-search-100k_heldout-test_test_corpus-full_q596_prequential_rankings.json,0.6325503355704698,0.8506711409395973,0.8070469798657718,,gated_cost_aware,task18
linucb_cost_lotte-technology-search-100k_heldout-test_test_corpus-full_q596:gated_cost_aware:seed19,linucb_cost_lotte-technology-search-100k_heldout-test_test_corpus-full_q596,gated_cost_aware,19,596,0,43.93736017897092,47.621178225205064,100.0,100.0,1.0,10.0,5.0,169.78859060402684,1516.0536912751677,796.7197986577181,38.93736017897092,44.06040268456376,0.0,0.0,0.0,182.87472035794184,191.68158090976885,,8.147651006711413,43.66610738255031,26.201342281879192,1.0504058626917727,1.0296566663969742,1.0340048211241015,source_candidate_proxy_and_final_context_tokens,lotte_technology_search_100k,0.75,0.8219612229679344,,,0.2777800997794922,0.6015337348340414,0.5264757108810858,0.6157718120805369,0.8288590604026845,0.7768456375838926,-0.015100671140939603,-0.038590604026845665,-0.033557046979865834,2133.0,6617.0,3821.0,116.0,1360.0,679.5,/home/damon/.openclaw/workspace/IntentWeight/paper/experiments/results/linucb_cost_lotte-technology-search-100k_heldout-test_test_corpus-full_q596_prequential_metrics.json,0.6157718120805369,0.6867429689996803,0.6794463087248322,0.6157718120805369,0.5738458616012342,0.5591324118673335,478.0,2941.25,1733.75,/home/damon/.openclaw/workspace/IntentWeight/paper/experiments/results/linucb_cost_lotte-technology-search-100k_heldout-test_test_corpus-full_q596_prequential_rankings.json,0.6157718120805369,0.8288590604026845,0.7768456375838926,,gated_cost_aware,task18
task19_ablation_A:gated_cost_aware:seed13,task19_ablation_A,gated_cost_aware,13,596,0,47.82997762863535,49.231916480238624,100.0,100.0,1.0,10.0,5.0,162.11073825503357,1490.4395973154362,765.4513422818792,48.61297539149888,50.326249067859806,0.0,0.0,0.0,196.44295302013424,199.55816554809846,,0.4697986577181439,18.052013422818845,-5.067114093959731,1.0029064335983726,1.0122603678680133,0.9934237602590429,source_candidate_proxy_and_final_context_tokens,lotte_technology_search_100k,0.8087248322147651,0.824944071588367,,,0.27438903803966863,0.6338207324509686,0.5575065201808144,0.6073825503355704,0.8439597315436241,0.802013422818792,-0.023489932885906062,-0.023489932885906062,-0.008389261744966459,2133.0,13712.0,3821.0,108.0,1330.5,650.5,/home/damon/.openclaw/workspace/IntentWeight/paper/experiments/results/task19_ablation_A/linucb_cost_lotte-technology-search-100k_heldout-test_test_corpus-full_q596_prequential_metrics.json,0.6073825503355704,0.688497390007457,0.6828299776286352,0.6073825503355704,0.5936765487367079,0.5779842431759328,471.0,2797.25,1670.75,/home/damon/.openclaw/workspace/IntentWeight/paper/experiments/results/task19_ablation_A/linucb_cost_lotte-technology-search-100k_heldout-test_test_corpus-full_q596_prequential_rankings.json,0.6073825503355704,0.8439597315436241,0.802013422818792,,gated_cost_aware,task19_ablation_A
task19_ablation_A:gated_cost_aware:seed17,task19_ablation_A,gated_cost_aware,17,596,0,55.83892617449664,49.231916480238624,100.0,100.0,1.0,10.0,5.0,164.24496644295303,1415.260067114094,749.4312080536913,58.808724832214764,50.326249067859806,0.0,0.0,0.0,214.6476510067114,199.55816554809846,,2.6040268456376054,-57.127516778523386,-21.087248322147616,1.0161099462309786,0.9612007616720777,0.9726323903760433,source_candidate_proxy_and_final_context_tokens,lotte_technology_search_100k,0.9149888143176734,0.824944071588367,,,0.2856799190453147,0.6233041852719009,0.5679954277125071,0.62248322147651,0.8439597315436241,0.8053691275167785,-0.008389261744966459,-0.023489932885906062,-0.005033557046979942,1520.0,4726.0,3864.0,107.5,1241.0,634.5,/home/damon/.openclaw/workspace/IntentWeight/paper/experiments/results/task19_ablation_A/linucb_cost_lotte-technology-search-100k_heldout-test_test_corpus-full_q596_prequential_metrics.json,0.62248322147651,0.6999414083306701,0.6943791946308723,0.62248322147651,0.5939820251070781,0.5899496742788477,501.25,2786.75,1739.0,/home/damon/.openclaw/workspace/IntentWeight/paper/experiments/results/task19_ablation_A/linucb_cost_lotte-technology-search-100k_heldout-test_test_corpus-full_q596_prequential_rankings.json,0.62248322147651,0.8439597315436241,0.8053691275167785,,gated_cost_aware,task19_ablation_A
task19_ablation_A:gated_cost_aware:seed19,task19_ablation_A,gated_cost_aware,19,596,0,44.02684563758389,49.231916480238624,100.0,100.0,1.0,10.0,5.0,170.24496644295303,1518.0167785234898,804.3087248322148,43.557046979865774,50.326249067859806,0.0,0.0,0.0,187.58389261744966,199.55816554809846,,8.604026845637605,45.62919463087246,33.790268456375884,1.0532292553301918,1.030989934396377,1.0438539377957403,source_candidate_proxy_and_final_context_tokens,lotte_technology_search_100k,0.7511185682326622,0.824944071588367,,,0.27736063669224387,0.6021253109499464,0.525590177696895,0.6140939597315436,0.825503355704698,0.7751677852348994,-0.016778523489932917,-0.04194630872483218,-0.03523489932885904,2133.0,6617.0,3821.0,116.0,1343.0,690.0,/home/damon/.openclaw/workspace/IntentWeight/paper/experiments/results/task19_ablation_A/linucb_cost_lotte-technology-search-100k_heldout-test_test_corpus-full_q596_prequential_metrics.json,0.6140939597315436,0.6848833493128795,0.6779082774049217,0.6140939597315436,0.5738209447616229,0.5585817737814022,483.25,2941.25,1733.75,/home/damon/.openclaw/workspace/IntentWeight/paper/experiments/results/task19_ablation_A/linucb_cost_lotte-technology-search-100k_heldout-test_test_corpus-full_q596_prequential_rankings.json,0.6140939597315436,0.825503355704698,0.7751677852348994,,gated_cost_aware,task19_ablation_A
task19_ablation_B:gated_cost_aware:seed13,task19_ablation_B,gated_cost_aware,13,596,0,46.26398210290828,47.85980611483967,100.0,100.0,1.0,10.0,5.0,164.2718120805369,1489.7953020134228,767.6711409395973,56.62751677852349,58.10029828486205,0.0,0.0,0.0,202.89149888143177,205.9601043997017,,2.6308724832214807,17.407718120805384,-2.8473154362416153,1.0162760281508854,1.0118227824733375,0.9963046758806609,source_candidate_proxy_and_final_context_tokens,lotte_technology_search_100k,0.8042505592841164,0.813758389261745,,,0.27919695287419766,0.6433889094268639,0.5587288427552543,0.6140939597315436,0.8590604026845637,0.8003355704697986,-0.016778523489932917,-0.008389261744966459,-0.010067114093959773,1523.0,12957.0,3881.0,110.5,1330.5,669.0,/home/damon/.openclaw/workspace/IntentWeight/paper/experiments/results/task19_ablation_B/linucb_cost_lotte-technology-search-100k_heldout-test_test_corpus-full_q596_prequential_metrics.json,0.6140939597315436,0.6947700276978799,0.6867170022371363,0.6140939597315436,0.5988887752089955,0.5812860047323065,479.25,2802.25,1651.25,/home/damon/.openclaw/workspace/IntentWeight/paper/experiments/results/task19_ablation_B/linucb_cost_lotte-technology-search-100k_heldout-test_test_corpus-full_q596_prequential_rankings.json,0.6140939597315436,0.8590604026845637,0.8003355704697986,,gated_cost_aware,task19_ablation_B
task19_ablation_B:gated_cost_aware:seed17,task19_ablation_B,gated_cost_aware,17,596,0,53.288590604026844,47.85980611483967,100.0,100.0,1.0,10.0,5.0,164.8993288590604,1495.5704697986578,782.2651006711409,65.1006711409396,58.10029828486205,0.0,0.0,0.0,218.38926174496643,205.9601043997017,,3.2583892617449806,23.182885906040383,11.746644295301962,1.0201581930287116,1.015745097391239,1.0152451173597485,source_candidate_proxy_and_final_context_tokens,lotte_technology_search_100k,0.8859060402684564,0.813758389261745,,,0.2869243262041513,0.6423557084131898,0.5776607228014602,0.6208053691275168,0.8590604026845637,0.8187919463087249,-0.010067114093959662,-0.008389261744966459,0.008389261744966459,1520.0,13493.0,7410.0,105.5,1304.0,653.0,/home/damon/.openclaw/workspace/IntentWeight/paper/experiments/results/task19_ablation_B/linucb_cost_lotte-technology-search-100k_heldout-test_test_corpus-full_q596_prequential_metrics.json,0.6208053691275168,0.7009960583786086,0.6954977628635346,0.6208053691275168,0.6042798902336243,0.5957220639140248,502.0,2992.0,1800.0,/home/damon/.openclaw/workspace/IntentWeight/paper/experiments/results/task19_ablation_B/linucb_cost_lotte-technology-search-100k_heldout-test_test_corpus-full_q596_prequential_rankings.json,0.6208053691275168,0.8590604026845637,0.8187919463087249,,gated_cost_aware,task19_ablation_B
task19_ablation_B:gated_cost_aware:seed19,task19_ablation_B,gated_cost_aware,19,596,0,44.02684563758389,47.85980611483967,100.0,100.0,1.0,10.0,5.0,170.24496644295303,1520.6694630872482,805.8322147651006,52.572706935123044,58.10029828486205,0.0,0.0,0.0,196.59955257270693,205.9601043997017,,8.604026845637605,48.28187919463085,35.31375838926169,1.0532292553301918,1.032791555513519,1.0458311648436835,source_candidate_proxy_and_final_context_tokens,lotte_technology_search_100k,0.7511185682326622,0.813758389261745,,,0.27736063669224387,0.6019854899208635,0.525590177696895,0.6140939597315436,0.825503355704698,0.7751677852348994,-0.016778523489932917,-0.04194630872483218,-0.03523489932885904,2133.0,6617.0,3821.0,116.0,1342.0,691.0,/home/damon/.openclaw/workspace/IntentWeight/paper/experiments/results/task19_ablation_B/linucb_cost_lotte-technology-search-100k_heldout-test_test_corpus-full_q596_prequential_metrics.json,0.6140939597315436,0.6847901352934911,0.677768456375839,0.6140939597315436,0.573693820289855,0.5584654592815254,483.25,2987.5,1733.75,/home/damon/.openclaw/workspace/IntentWeight/paper/experiments/results/task19_ablation_B/linucb_cost_lotte-technology-search-100k_heldout-test_test_corpus-full_q596_prequential_rankings.json,0.6140939597315436,0.825503355704698,0.7751677852348994,,gated_cost_aware,task19_ablation_B
task19_ablation_C:gated_cost_aware:seed13,task19_ablation_C,gated_cost_aware,13,596,0,46.62192393736018,48.769574944071586,100.0,100.0,1.0,10.0,5.0,161.49664429530202,1503.734899328859,783.8422818791946,47.706935123042506,50.0,0.0,0.0,0.0,194.3288590604027,198.76957494407156,,-0.14429530201340413,31.347315436241615,13.323825503355692,0.9991073096805,1.0212901248143966,1.0172920264181922,source_candidate_proxy_and_final_context_tokens,lotte_technology_search_100k,0.8137583892617449,0.8275540641312453,,,0.27361536167874395,0.6558179177465804,0.5740729817766382,0.6057046979865772,0.8523489932885906,0.8003355704697986,-0.025167785234899265,-0.015100671140939603,-0.010067114093959773,2133.0,12760.0,6677.0,108.0,1338.5,670.0,/home/damon/.openclaw/workspace/IntentWeight/paper/experiments/results/task19_ablation_C/linucb_cost_lotte-technology-search-100k_heldout-test_test_corpus-full_q596_prequential_metrics.json,0.6057046979865772,0.6882397198252901,0.6810402684563757,0.6057046979865772,0.6060716293379342,0.588870480916294,479.25,2837.0,1675.75,/home/damon/.openclaw/workspace/IntentWeight/paper/experiments/results/task19_ablation_C/linucb_cost_lotte-technology-search-100k_heldout-test_test_corpus-full_q596_prequential_rankings.json,0.6057046979865772,0.8523489932885906,0.8003355704697986,,gated_cost_aware,task19_ablation_C
task19_ablation_C:gated_cost_aware:seed17,task19_ablation_C,gated_cost_aware,17,596,0,55.83892617449664,48.769574944071586,100.0,100.0,1.0,10.0,5.0,164.24496644295303,1432.1895973154362,762.2751677852349,58.808724832214764,50.0,0.0,0.0,0.0,214.6476510067114,198.76957494407156,,2.6040268456376054,-40.197986577181155,-8.243288590604038,1.0161099462309786,0.9726987737353042,0.9893016338253899,source_candidate_proxy_and_final_context_tokens,lotte_technology_search_100k,0.9149888143176734,0.8275540641312453,,,0.2856799190453147,0.6497739706133308,0.5893347800082354,0.62248322147651,0.8540268456375839,0.8120805369127517,-0.008389261744966459,-0.01342281879194629,0.001677852348993314,1520.0,4726.0,3864.0,107.5,1239.5,650.0,/home/damon/.openclaw/workspace/IntentWeight/paper/experiments/results/task19_ablation_C/linucb_cost_lotte-technology-search-100k_heldout-test_test_corpus-full_q596_prequential_metrics.json,0.62248322147651,0.7023190316395015,0.6962807606263981,0.62248322147651,0.6115284351264391,0.6055729946080488,501.25,2926.0,1756.75,/home/damon/.openclaw/workspace/IntentWeight/paper/experiments/results/task19_ablation_C/linucb_cost_lotte-technology-search-100k_heldout-test_test_corpus-full_q596_prequential_rankings.json,0.62248322147651,0.8540268456375839,0.8120805369127517,,gated_cost_aware,task19_ablation_C
task19_ablation_C:gated_cost_aware:seed19,task19_ablation_C,gated_cost_aware,19,596,0,43.84787472035794,48.769574944071586,100.0,100.0,1.0,10.0,5.0,171.1711409395973,1512.8238255033557,801.6023489932886,43.48434004474273,50.0,0.0,0.0,0.0,187.33221476510067,198.76957494407156,,9.530201342281885,40.43624161073831,31.083892617449692,1.058959081566983,1.027463041697102,1.0403415289539641,source_candidate_proxy_and_final_context_tokens,lotte_technology_search_100k,0.7539149888143176,0.8275540641312453,,,0.27833938389582324,0.6320316974419034,0.5565921618238788,0.6174496644295302,0.8422818791946308,0.790268456375839,-0.01342281879194629,-0.025167785234899376,-0.020134228187919434,2133.0,4458.0,3821.0,116.0,1350.5,679.5,/home/damon/.openclaw/workspace/IntentWeight/paper/experiments/results/task19_ablation_C/linucb_cost_lotte-technology-search-100k_heldout-test_test_corpus-full_q596_prequential_metrics.json,0.6174496644295302,0.6918584212208373,0.6849832214765099,0.6174496644295302,0.5949225532526903,0.5810355339820847,511.0,2944.0,1777.5,/home/damon/.openclaw/workspace/IntentWeight/paper/experiments/results/task19_ablation_C/linucb_cost_lotte-technology-search-100k_heldout-test_test_corpus-full_q596_prequential_rankings.json,0.6174496644295302,0.8422818791946308,0.790268456375839,,gated_cost_aware,task19_ablation_C
task19_ablation_D:gated_cost_aware:seed13,task19_ablation_D,gated_cost_aware,13,596,0,62.05816554809844,64.20581655480984,100.0,100.0,1.0,10.0,5.0,162.25838926174498,1508.5671140939598,769.1778523489933,63.94854586129754,65.7662192393736,0.0,0.0,0.0,226.00671140939596,229.97203579418343,,0.6174496644295573,36.17953020134246,-1.3406040268456536,1.003819884157861,1.0245720152744653,0.9982601273003229,source_candidate_proxy_and_final_context_tokens,lotte_technology_search_100k,0.9049217002237137,0.9028709917971662,,,0.2780877060434743,0.694213096891152,0.6016680623723265,0.6073825503355704,0.8791946308724832,0.8171140939597316,-0.023489932885906062,0.011744966442952975,0.006711409395973145,1520.0,13675.0,3821.0,108.0,1340.5,674.5,/home/damon/.openclaw/workspace/IntentWeight/paper/experiments/results/task19_ablation_D/linucb_cost_lotte-technology-search-100k_heldout-test_test_corpus-full_q596_prequential_metrics.json,0.6073825503355704,0.6967714658570362,0.6883668903803131,0.6073825503355704,0.630526705527816,0.6098989578898658,495.0,2858.25,1655.75,/home/damon/.openclaw/workspace/IntentWeight/paper/experiments/results/task19_ablation_D/linucb_cost_lotte-technology-search-100k_heldout-test_test_corpus-full_q596_prequential_rankings.json,0.6073825503355704,0.8791946308724832,0.8171140939597316,,gated_cost_aware,task19_ablation_D
task19_ablation_D:gated_cost_aware:seed17,task19_ablation_D,gated_cost_aware,17,596,0,72.21476510067114,64.20581655480984,100.0,100.0,1.0,10.0,5.0,162.9244966442953,1491.224832214765,774.8691275167786,74.63087248322148,65.7662192393736,0.0,0.0,0.0,246.84563758389262,229.97203579418343,,1.2835570469798654,18.837248322147616,4.350671140939653,1.0079407917955532,1.0127936750677744,1.005646420413345,source_candidate_proxy_and_final_context_tokens,lotte_technology_search_100k,0.964765100671141,0.9028709917971662,,,0.2941111270990059,0.686414252870224,0.6064115883602116,0.6359060402684564,0.8758389261744967,0.8238255033557047,0.005033557046979942,0.008389261744966459,0.01342281879194629,1520.0,8819.0,4718.0,108.0,1311.5,652.0,/home/damon/.openclaw/workspace/IntentWeight/paper/experiments/results/task19_ablation_D/linucb_cost_lotte-technology-search-100k_heldout-test_test_corpus-full_q596_prequential_metrics.json,0.6359060402684564,0.714199824224992,0.7071308724832214,0.6359060402684564,0.636222332112984,0.6218757291613858,501.25,3033.75,1789.0,/home/damon/.openclaw/workspace/IntentWeight/paper/experiments/results/task19_ablation_D/linucb_cost_lotte-technology-search-100k_heldout-test_test_corpus-full_q596_prequential_rankings.json,0.6359060402684564,0.8758389261744967,0.8238255033557047,,gated_cost_aware,task19_ablation_D
task19_ablation_D:gated_cost_aware:seed19,task19_ablation_D,gated_cost_aware,19,596,0,58.344519015659955,64.20581655480984,100.0,100.0,1.0,10.0,5.0,170.48825503355704,1555.5268456375838,800.8775167785235,58.71923937360179,65.7662192393736,0.0,0.0,0.0,217.06375838926175,229.97203579418343,,8.847315436241615,83.13926174496646,30.359060402684577,1.0547343727293488,1.0564656090926599,1.0394008218122113,source_candidate_proxy_and_final_context_tokens,lotte_technology_search_100k,0.8389261744966443,0.9028709917971662,,,0.28727587622013095,0.6862992788248807,0.5910519154082569,0.6325503355704698,0.8758389261744967,0.8120805369127517,0.001677852348993314,0.008389261744966459,0.001677852348993314,2133.0,14354.0,7410.0,110.0,1411.0,682.5,/home/damon/.openclaw/workspace/IntentWeight/paper/experiments/results/task19_ablation_D/linucb_cost_lotte-technology-search-100k_heldout-test_test_corpus-full_q596_prequential_metrics.json,0.6325503355704698,0.7084059071055714,0.6998881431767338,0.6325503355704698,0.6294049956112479,0.6063972021324837,511.0,3005.0,1821.25,/home/damon/.openclaw/workspace/IntentWeight/paper/experiments/results/task19_ablation_D/linucb_cost_lotte-technology-search-100k_heldout-test_test_corpus-full_q596_prequential_rankings.json,0.6325503355704698,0.8758389261744967,0.8120805369127517,,gated_cost_aware,task19_ablation_D
task19_ablation_E:gated_cost_aware:seed13,task19_ablation_E,gated_cost_aware,13,596,0,74.13870246085011,76.24161073825503,100.0,100.0,1.0,10.0,5.0,160.79530201342283,1542.5570469798658,765.4848993288591,81.57158836689038,82.59694258016405,0.0,0.0,0.0,255.7102908277405,258.8385533184191,,-0.8456375838925965,70.16946308724846,-5.0335570469798085,0.9947684195229298,1.047656923934212,0.9934673115156056,source_candidate_proxy_and_final_context_tokens,lotte_technology_search_100k,0.9546979865771812,0.9489187173750931,,,0.2876121813817081,0.7231893406324967,0.6070631566516491,0.6208053691275168,0.889261744966443,0.8137583892617449,-0.010067114093959662,0.021812080536912748,0.003355704697986517,1520.0,12957.0,4718.0,107.5,1378.0,663.5,/home/damon/.openclaw/workspace/IntentWeight/paper/experiments/results/task19_ablation_E/linucb_cost_lotte-technology-search-100k_heldout-test_test_corpus-full_q596_prequential_metrics.json,0.6208053691275168,0.7062386811547885,0.6959731543624159,0.6208053691275168,0.6509479736115519,0.620148450585619,471.0,3020.0,1747.75,/home/damon/.openclaw/workspace/IntentWeight/paper/experiments/results/task19_ablation_E/linucb_cost_lotte-technology-search-100k_heldout-test_test_corpus-full_q596_prequential_rankings.json,0.6208053691275168,0.889261744966443,0.8137583892617449,,gated_cost_aware,task19_ablation_E
task19_ablation_E:gated_cost_aware:seed17,task19_ablation_E,gated_cost_aware,17,596,0,83.44519015659955,76.24161073825503,100.0,100.0,1.0,10.0,5.0,162.56375838926175,1565.476510067114,773.2315436241611,88.9261744966443,82.59694258016405,0.0,0.0,0.0,272.37136465324386,258.8385533184191,,0.9228187919463267,93.08892617449669,2.7130872483221538,1.005709065996803,1.0632231127135652,1.0035211190930886,source_candidate_proxy_and_final_context_tokens,lotte_technology_search_100k,0.9854586129753915,0.9489187173750931,,,0.29411112709900594,0.7230873113553627,0.6111365404215731,0.6342281879194631,0.889261744966443,0.8120805369127517,0.003355704697986628,0.021812080536912748,0.001677852348993314,1520.0,14354.0,4718.0,105.5,1375.5,660.0,/home/damon/.openclaw/workspace/IntentWeight/paper/experiments/results/task19_ablation_E/linucb_cost_lotte-technology-search-100k_heldout-test_test_corpus-full_q596_prequential_metrics.json,0.6342281879194631,0.7134461222967934,0.7029082774049216,0.6342281879194631,0.656653873728025,0.627511298245486,501.25,3003.5,1774.75,/home/damon/.openclaw/workspace/IntentWeight/paper/experiments/results/task19_ablation_E/linucb_cost_lotte-technology-search-100k_heldout-test_test_corpus-full_q596_prequential_rankings.json,0.6342281879194631,0.889261744966443,0.8120805369127517,,gated_cost_aware,task19_ablation_E
task19_ablation_E:gated_cost_aware:seed19,task19_ablation_E,gated_cost_aware,19,596,0,71.14093959731544,76.24161073825503,100.0,100.0,1.0,10.0,5.0,169.8204697986577,1541.4697986577182,799.0369127516778,77.2930648769575,82.59694258016405,0.0,0.0,0.0,248.43400447427294,258.8385533184191,,8.179530201342288,69.08221476510084,28.518456375838923,1.0506030849716623,1.0469184985806965,1.0370120353897512,source_candidate_proxy_and_final_context_tokens,lotte_technology_search_100k,0.906599552572707,0.9489187173750931,,,0.29384746458702127,0.7037023362447169,0.5994385138955266,0.6409395973154363,0.8808724832214765,0.8104026845637584,0.010067114093959773,0.01342281879194629,0.0,2133.0,14354.0,7410.0,108.0,1390.0,676.5,/home/damon/.openclaw/workspace/IntentWeight/paper/experiments/results/task19_ablation_E/linucb_cost_lotte-technology-search-100k_heldout-test_test_corpus-full_q596_prequential_metrics.json,0.6409395973154363,0.7152278416959624,0.7059284116331096,0.6409395973154363,0.6447075522361548,0.6178979366546479,511.0,2850.0,1833.0,/home/damon/.openclaw/workspace/IntentWeight/paper/experiments/results/task19_ablation_E/linucb_cost_lotte-technology-search-100k_heldout-test_test_corpus-full_q596_prequential_rankings.json,0.6409395973154363,0.8808724832214765,0.8104026845637584,,gated_cost_aware,task19_ablation_E
task20_conditional_H:gated_cost_aware:seed13,task20_conditional_H,gated_cost_aware,13,596,0,66.04026845637584,68.20283370618941,100.0,100.0,1.0,10.0,5.0,165.51342281879195,1524.7332214765102,763.5721476510067,67.33221476510067,69.33631618195376,0.0,0.0,0.0,233.3724832214765,237.53914988814316,,3.8724832214765286,52.34563758389277,-6.946308724832193,1.023957316946584,1.035551534226813,0.9909848898915357,source_candidate_proxy_and_final_context_tokens,lotte_technology_search_100k,0.901565995525727,0.9052945563012678,0.09843400447427297,0.09470544369873231,0.28351469053780437,0.684964004694681,0.5906520938465224,0.6191275167785235,0.8741610738255033,0.8120805369127517,-0.011744966442952975,0.006711409395973145,0.001677852348993314,1523.0,13675.0,3843.0,109.0,1336.5,654.0,/home/damon/.openclaw/workspace/IntentWeight/paper/experiments/results/task20_conditional_H/linucb_cost_lotte-technology-search-100k_heldout-test_test_corpus-full_q596_prequential_metrics.json,0.6191275167785235,0.7028223873441993,0.6943512304250558,0.6191275167785235,0.6290536040353842,0.6067349451417028,495.75,2958.75,1735.25,/home/damon/.openclaw/workspace/IntentWeight/paper/experiments/results/task20_conditional_H/linucb_cost_lotte-technology-search-100k_heldout-test_test_corpus-full_q596_prequential_rankings.json,0.6191275167785235,0.8741610738255033,0.8120805369127517,,gated_cost_aware,task20_conditional_H
task20_conditional_H:gated_cost_aware:seed17,task20_conditional_H,gated_cost_aware,17,596,0,71.67785234899328,68.20283370618941,100.0,100.0,1.0,10.0,5.0,163.18624161073825,1484.751677852349,762.5184563758389,73.69127516778524,69.33631618195376,0.0,0.0,0.0,245.36912751677852,237.53914988814316,,1.5453020134228268,12.36409395973169,-8.0,1.0095600905146465,1.0083973093056409,0.989617380435469,source_candidate_proxy_and_final_context_tokens,lotte_technology_search_100k,0.9491051454138703,0.9052945563012678,0.050894854586129745,0.09470544369873231,0.2908952434301022,0.6849900841656223,0.5952502082600731,0.6291946308724832,0.8708053691275168,0.8171140939597316,-0.001677852348993314,0.003355704697986628,0.006711409395973145,1520.0,8819.0,3864.0,107.5,1319.0,656.5,/home/damon/.openclaw/workspace/IntentWeight/paper/experiments/results/task20_conditional_H/linucb_cost_lotte-technology-search-100k_heldout-test_test_corpus-full_q596_prequential_metrics.json,0.6291946308724832,0.7088906200063918,0.7015100671140939,0.6291946308724832,0.6331708184767235,0.6129868133481433,501.25,2768.0,1739.25,/home/damon/.openclaw/workspace/IntentWeight/paper/experiments/results/task20_conditional_H/linucb_cost_lotte-technology-search-100k_heldout-test_test_corpus-full_q596_prequential_rankings.json,0.6291946308724832,0.8708053691275168,0.8171140939597316,,gated_cost_aware,task20_conditional_H
task20_conditional_H:gated_cost_aware:seed19,task20_conditional_H,gated_cost_aware,19,596,0,66.8903803131991,68.20283370618941,100.0,100.0,1.0,10.0,5.0,166.69630872483222,1535.0486577181207,795.2097315436241,66.98545861297539,69.33631618195376,0.0,0.0,0.0,233.8758389261745,237.53914988814316,,5.055369127516798,62.66107382550331,24.691275167785193,1.031275301542486,1.0425574587228204,1.0320450145787832,source_candidate_proxy_and_final_context_tokens,lotte_technology_search_100k,0.8652125279642058,0.9052945563012678,0.13478747203579422,0.09470544369873231,0.2857378449002204,0.6649255932552623,0.584743989553351,0.62751677852349,0.8557046979865772,0.8070469798657718,-0.003355704697986517,-0.011744966442952975,-0.003355704697986628,2133.0,4926.0,3821.0,108.5,1372.5,679.5,/home/damon/.openclaw/workspace/IntentWeight/paper/experiments/results/task20_conditional_H/linucb_cost_lotte-technology-search-100k_heldout-test_test_corpus-full_q596_prequential_metrics.json,0.62751677852349,0.7026526046660275,0.6961968680089485,0.62751677852349,0.6190700513913594,0.6037619730575712,511.0,3089.5,1833.0,/home/damon/.openclaw/workspace/IntentWeight/paper/experiments/results/task20_conditional_H/linucb_cost_lotte-technology-search-100k_heldout-test_test_corpus-full_q596_prequential_rankings.json,0.62751677852349,0.8557046979865772,0.8070469798657718,,gated_cost_aware,task20_conditional_H
task20_conditional_L:gated_cost_aware:seed13,task20_conditional_L,gated_cost_aware,13,596,0,26.085011185682326,28.381804623415363,100.0,100.0,1.0,10.0,5.0,168.6006711409396,1495.6258389261745,783.4077181208054,11.616331096196868,14.834079045488442,0.0,0.0,0.0,137.7013422818792,143.21588366890379,,6.959731543624173,23.238255033557152,12.889261744966461,1.0430567377358884,1.015782702386094,1.0167280376457062,source_candidate_proxy_and_final_context_tokens,lotte_technology_search_100k,0.47706935123042504,0.5404548844146159,0.522930648769575,0.4595451155853841,0.2486259541809473,0.5606701530713624,0.48894495401163446,0.5553691275167785,0.7634228187919463,0.7197986577181208,-0.07550335570469802,-0.10402684563758391,-0.09060402684563762,2133.0,12760.0,6340.0,111.0,1324.0,659.5,/home/damon/.openclaw/workspace/IntentWeight/paper/experiments/results/task20_conditional_L/linucb_cost_lotte-technology-search-100k_heldout-test_test_corpus-full_q596_prequential_metrics.json,0.5553691275167785,0.6234206881857888,0.61744966442953,0.5553691275167785,0.5285702830162684,0.5141531560430656,479.25,2837.75,1683.75,/home/damon/.openclaw/workspace/IntentWeight/paper/experiments/results/task20_conditional_L/linucb_cost_lotte-technology-search-100k_heldout-test_test_corpus-full_q596_prequential_rankings.json,0.5553691275167785,0.7634228187919463,0.7197986577181208,,gated_cost_aware,task20_conditional_L
task20_conditional_L:gated_cost_aware:seed17,task20_conditional_L,gated_cost_aware,17,596,0,31.812080536912752,28.381804623415363,100.0,100.0,1.0,10.0,5.0,165.13758389261744,1384.1560402684563,726.010067114094,19.798657718120804,14.834079045488442,0.0,0.0,0.0,151.61073825503357,143.21588366890379,,3.496644295302019,-88.23154362416108,-44.508389261744924,1.021632170067886,0.9400758709259831,0.9422357908581558,source_candidate_proxy_and_final_context_tokens,lotte_technology_search_100k,0.6510067114093959,0.5404548844146159,0.3489932885906041,0.4595451155853841,0.27001064238610517,0.511551699717778,0.46634199864716513,0.5822147651006712,0.7533557046979866,0.7214765100671141,-0.04865771812080533,-0.11409395973154357,-0.0889261744966443,1520.0,7745.0,3864.0,111.0,1226.5,628.5,/home/damon/.openclaw/workspace/IntentWeight/paper/experiments/results/task20_conditional_L/linucb_cost_lotte-technology-search-100k_heldout-test_test_corpus-full_q596_prequential_metrics.json,0.5822147651006712,0.6402604666027483,0.6360738255033556,0.5822147651006712,0.5039601795773457,0.5000959211818092,453.5,2615.75,1606.0,/home/damon/.openclaw/workspace/IntentWeight/paper/experiments/results/task20_conditional_L/linucb_cost_lotte-technology-search-100k_heldout-test_test_corpus-full_q596_prequential_rankings.json,0.5822147651006712,0.7533557046979866,0.7214765100671141,,gated_cost_aware,task20_conditional_L
task20_conditional_L:gated_cost_aware:seed19,task20_conditional_L,gated_cost_aware,19,596,0,27.248322147651006,28.381804623415363,100.0,100.0,1.0,10.0,5.0,180.33389261744966,1488.1610738255033,787.8322147651006,13.087248322147651,14.834079045488442,0.0,0.0,0.0,140.33557046979865,143.21588366890379,,18.69295302013424,15.773489932885923,17.313758389261693,1.115644916855239,1.010712865352467,1.022470270823489,source_candidate_proxy_and_final_context_tokens,lotte_technology_search_100k,0.49328859060402686,0.5404548844146159,0.5067114093959731,0.4595451155853841,0.25169482226804024,0.47227890828475144,0.4174802251028821,0.5570469798657718,0.697986577181208,0.6661073825503355,-0.0738255033557047,-0.16946308724832215,-0.1442953020134229,2133.0,4835.0,3821.0,111.5,1357.0,670.0,/home/damon/.openclaw/workspace/IntentWeight/paper/experiments/results/task20_conditional_L/linucb_cost_lotte-technology-search-100k_heldout-test_test_corpus-full_q596_prequential_metrics.json,0.5570469798657718,0.6024708373282198,0.5982102908277405,0.5570469798657718,0.46964310893186156,0.4613188951820639,526.0,3083.75,1709.75,/home/damon/.openclaw/workspace/IntentWeight/paper/experiments/results/task20_conditional_L/linucb_cost_lotte-technology-search-100k_heldout-test_test_corpus-full_q596_prequential_rankings.json,0.5570469798657718,0.697986577181208,0.6661073825503355,,gated_cost_aware,task20_conditional_L
task20_conditional_M:gated_cost_aware:seed13,task20_conditional_M,gated_cost_aware,13,596,0,61.74496644295302,62.35645041014168,100.0,100.0,1.0,10.0,5.0,161.80872483221478,1536.2617449664428,783.4261744966443,62.03020134228188,63.130126771066365,0.0,0.0,0.0,223.7751677852349,225.48657718120808,,0.16778523489935537,63.87416107382546,12.907718120805384,1.0010380119994189,1.0433813499737334,1.0167519908368157,source_candidate_proxy_and_final_context_tokens,lotte_technology_search_100k,0.8501118568232662,0.8689410887397465,0.14988814317673382,0.13105891126025357,0.2827204428070836,0.6832801516670995,0.5883960505474622,0.6140939597315436,0.8691275167785235,0.8053691275167785,-0.016778523489932917,0.001677852348993314,-0.005033557046979942,2133.0,12760.0,6677.0,109.0,1362.0,668.5,/home/damon/.openclaw/workspace/IntentWeight/paper/experiments/results/task20_conditional_M/linucb_cost_lotte-technology-search-100k_heldout-test_test_corpus-full_q596_prequential_metrics.json,0.6140939597315436,0.6958859326728453,0.6873322147651005,0.6140939597315436,0.6243291135140121,0.6021617697546988,461.0,3014.0,1752.0,/home/damon/.openclaw/workspace/IntentWeight/paper/experiments/results/task20_conditional_M/linucb_cost_lotte-technology-search-100k_heldout-test_test_corpus-full_q596_prequential_rankings.json,0.6140939597315436,0.8691275167785235,0.8053691275167785,,gated_cost_aware,task20_conditional_M
task20_conditional_M:gated_cost_aware:seed17,task20_conditional_M,gated_cost_aware,17,596,0,64.78747203579418,62.35645041014168,100.0,100.0,1.0,10.0,5.0,163.58221476510067,1466.1476510067114,770.3154362416108,66.92393736017897,63.130126771066365,0.0,0.0,0.0,231.71140939597316,225.48657718120808,,1.9412751677852498,-6.239932885906001,-0.20302013422815435,1.0120097988332746,0.9957620310343767,0.9997365148977961,source_candidate_proxy_and_final_context_tokens,lotte_technology_search_100k,0.924496644295302,0.8689410887397465,0.07550335570469802,0.13105891126025357,0.2908952434301022,0.6687921508535951,0.5881932411779383,0.6308724832214765,0.8674496644295302,0.8171140939597316,0.0,0.0,0.006711409395973145,1520.0,6080.0,5662.0,108.0,1315.0,651.0,/home/damon/.openclaw/workspace/IntentWeight/paper/experiments/results/task20_conditional_M/linucb_cost_lotte-technology-search-100k_heldout-test_test_corpus-full_q596_prequential_metrics.json,0.6308724832214765,0.7103101363587939,0.7035794183445189,0.6308724832214765,0.6248437068254747,0.6087554743454466,501.25,2823.75,1734.0,/home/damon/.openclaw/workspace/IntentWeight/paper/experiments/results/task20_conditional_M/linucb_cost_lotte-technology-search-100k_heldout-test_test_corpus-full_q596_prequential_rankings.json,0.6308724832214765,0.8674496644295302,0.8171140939597316,,gated_cost_aware,task20_conditional_M
task20_conditional_M:gated_cost_aware:seed19,task20_conditional_M,gated_cost_aware,19,596,0,60.53691275167785,62.35645041014168,100.0,100.0,1.0,10.0,5.0,169.06375838926175,1522.7181208053692,795.8624161073825,60.43624161073826,63.130126771066365,0.0,0.0,0.0,220.9731543624161,225.48657718120808,,7.422818791946327,50.33053691275177,25.343959731543578,1.045921650854284,1.0341829403231524,1.0328920865189262,source_candidate_proxy_and_final_context_tokens,lotte_technology_search_100k,0.8322147651006712,0.8689410887397465,0.16778523489932884,0.13105891126025357,0.2811237509404888,0.654990310417295,0.5777888920781193,0.62248322147651,0.8506711409395973,0.8003355704697986,-0.008389261744966459,-0.016778523489932917,-0.010067114093959773,2133.0,4926.0,3821.0,109.5,1366.0,680.5,/home/damon/.openclaw/workspace/IntentWeight/paper/experiments/results/task20_conditional_M/linucb_cost_lotte-technology-search-100k_heldout-test_test_corpus-full_q596_prequential_metrics.json,0.62248322147651,0.6964838340257804,0.6899049217002238,0.62248322147651,0.6101803572483654,0.5965147696781109,511.0,3021.5,1833.0,/home/damon/.openclaw/workspace/IntentWeight/paper/experiments/results/task20_conditional_M/linucb_cost_lotte-technology-search-100k_heldout-test_test_corpus-full_q596_prequential_rankings.json,0.62248322147651,0.8506711409395973,0.8003355704697986,,gated_cost_aware,task20_conditional_M
task20_conditional_S:gated_cost_aware:seed13,task20_conditional_S,gated_cost_aware,13,596,0,60.49217002237136,62.908277404921705,100.0,100.0,1.0,10.0,5.0,162.31543624161074,1505.1157718120805,768.4496644295302,62.32662192393736,64.37919463087248,0.0,0.0,0.0,222.81879194630872,227.2874720357942,,0.6744966442953171,32.72818791946315,-2.068791946308693,1.0041728082376633,1.0222279705951731,0.9973150650329139,source_candidate_proxy_and_final_context_tokens,lotte_technology_search_100k,0.8965324384787472,0.8944817300521999,0.1034675615212528,0.10551826994780016,0.278926632217971,0.6882007926405926,0.5995148185244518,0.610738255033557,0.8741610738255033,0.8171140939597316,-0.020134228187919434,0.006711409395973145,0.006711409395973145,2133.0,13675.0,3821.0,108.0,1338.5,679.5,/home/damon/.openclaw/workspace/IntentWeight/paper/experiments/results/task20_conditional_S/linucb_cost_lotte-technology-search-100k_heldout-test_test_corpus-full_q596_prequential_metrics.json,0.610738255033557,0.6983754128049429,0.6906599552572705,0.610738255033557,0.6284846211024854,0.609108760124593,495.0,2858.25,1629.5,/home/damon/.openclaw/workspace/IntentWeight/paper/experiments/results/task20_conditional_S/linucb_cost_lotte-technology-search-100k_heldout-test_test_corpus-full_q596_prequential_rankings.json,0.610738255033557,0.8741610738255033,0.8171140939597316,,gated_cost_aware,task20_conditional_S
task20_conditional_S:gated_cost_aware:seed17,task20_conditional_S,gated_cost_aware,17,596,0,70.96196868008948,62.908277404921705,100.0,100.0,1.0,10.0,5.0,162.9244966442953,1489.96644295302,774.1342281879195,73.41722595078299,64.37919463087248,0.0,0.0,0.0,244.3791946308725,227.2874720357942,,1.2835570469798654,17.578859060402692,3.6157718120805384,1.0079407917955532,1.0119390160937982,1.0046926478946234,source_candidate_proxy_and_final_context_tokens,lotte_technology_search_100k,0.9608501118568232,0.8944817300521999,0.03914988814317677,0.10551826994780016,0.2941111270990059,0.6861745596775106,0.6058523042438805,0.6359060402684564,0.8758389261744967,0.8238255033557047,0.005033557046979942,0.008389261744966459,0.01342281879194629,1520.0,8819.0,4718.0,108.0,1309.5,652.0,/home/damon/.openclaw/workspace/IntentWeight/paper/experiments/results/task20_conditional_S/linucb_cost_lotte-technology-search-100k_heldout-test_test_corpus-full_q596_prequential_metrics.json,0.6359060402684564,0.714199824224992,0.7071308724832214,0.6359060402684564,0.6359804558994423,0.6215559941676709,501.25,3033.75,1789.0,/home/damon/.openclaw/workspace/IntentWeight/paper/experiments/results/task20_conditional_S/linucb_cost_lotte-technology-search-100k_heldout-test_test_corpus-full_q596_prequential_rankings.json,0.6359060402684564,0.8758389261744967,0.8238255033557047,,gated_cost_aware,task20_conditional_S
task20_conditional_S:gated_cost_aware:seed19,task20_conditional_S,gated_cost_aware,19,596,0,57.27069351230425,62.908277404921705,100.0,100.0,1.0,10.0,5.0,171.78691275167785,1553.6510067114093,799.7802013422819,57.39373601789709,64.37919463087248,0.0,0.0,0.0,214.66442953020135,227.2874720357942,,10.145973154362423,81.26342281879192,29.26174496644296,1.0627685856048497,1.055191597448786,1.0379766957226133,source_candidate_proxy_and_final_context_tokens,lotte_technology_search_100k,0.8260626398210291,0.8944817300521999,0.17393736017897088,0.10551826994780016,0.2868564131328826,0.684341784417722,0.5888147789429324,0.6342281879194631,0.8741610738255033,0.8104026845637584,0.003355704697986628,0.006711409395973145,0.0,2133.0,14354.0,7410.0,111.0,1411.0,681.0,/home/damon/.openclaw/workspace/IntentWeight/paper/experiments/results/task20_conditional_S/linucb_cost_lotte-technology-search-100k_heldout-test_test_corpus-full_q596_prequential_metrics.json,0.6342281879194631,0.7086855491637368,0.7001677852348992,0.6342281879194631,0.628026143251476,0.605078255045639,511.0,2971.75,1736.25,/home/damon/.openclaw/workspace/IntentWeight/paper/experiments/results/task20_conditional_S/linucb_cost_lotte-technology-search-100k_heldout-test_test_corpus-full_q596_prequential_rankings.json,0.6342281879194631,0.8741610738255033,0.8104026845637584,,gated_cost_aware,task20_conditional_S
task25_100k_cluster_credit_formal:gated_cost_aware:seed13,task25_100k_cluster_credit_formal,gated_cost_aware,13,596,0,39.74832214765101,42.05257270693512,100.0,100.0,1.0,10.0,5.0,176.25838926174498,1550.484899328859,827.5553691275168,36.54572147651007,39.419742729306485,0.0,0.0,0.0,176.29404362416108,181.47231543624162,value,14.617449664429557,78.09731543624162,57.036912751677846,1.0904316053893586,1.0530412754702618,1.0740240707795021,source_candidate_proxy_and_final_context_tokens,lotte_technology_search_100k,0.6421979865771812,0.6707913870246084,0.3578020134228188,0.3292086129753915,0.2857844519099147,0.6830576872053097,0.5948074416679775,0.6191275167785235,0.8758389261744967,0.8221476510067114,-0.011744966442952975,0.008389261744966459,0.011744966442952975,1523.0,13078.0,6240.0,116.0,1395.5,714.5,/home/damon/.openclaw/workspace/IntentWeight/paper/experiments/results/task25_100k_cluster_credit_formal/linucb_cost_lotte-technology-search-100k_heldout-test_test_corpus-full_q596_prequential_metrics.json,0.6191275167785235,0.7023696335357407,0.6953859060402682,0.6191275167785235,0.6237030627020236,0.6046706350703687,514.0,2946.25,1782.0,/home/damon/.openclaw/workspace/IntentWeight/paper/experiments/results/task25_100k_cluster_credit_formal/linucb_cost_lotte-technology-search-100k_heldout-test_test_corpus-full_q596_prequential_rankings.json,0.6191275167785235,0.8758389261744967,0.8221476510067114,cluster_only,gated_cost_aware,task25_100k_cluster_credit_formal
task25_100k_cluster_credit_formal:gated_cost_aware:seed17,task25_100k_cluster_credit_formal,gated_cost_aware,17,596,0,46.29194630872483,42.05257270693512,100.0,100.0,1.0,10.0,5.0,170.46476510067114,1530.0989932885907,811.8808724832214,44.65604026845637,39.419742729306485,0.0,0.0,0.0,190.9479865771812,181.47231543624162,value,8.823825503355721,57.711409395973305,41.3624161073825,1.0545890510494302,1.0391958000918475,1.0536812788390977,source_candidate_proxy_and_final_context_tokens,lotte_technology_search_100k,0.7216862416107382,0.6707913870246084,0.27831375838926176,0.3292086129753915,0.297226472789855,0.6795733425687431,0.6004401711681571,0.6359060402684564,0.8758389261744967,0.8288590604026845,0.005033557046979942,0.008389261744966459,0.01845637583892612,2133.0,13811.0,7712.0,111.0,1379.5,688.5,/home/damon/.openclaw/workspace/IntentWeight/paper/experiments/results/task25_100k_cluster_credit_formal/linucb_cost_lotte-technology-search-100k_heldout-test_test_corpus-full_q596_prequential_metrics.json,0.6359060402684564,0.713027325023969,0.7068512304250557,0.6359060402684564,0.6314781409990289,0.6145892021303231,512.25,3000.75,1798.25,/home/damon/.openclaw/workspace/IntentWeight/paper/experiments/results/task25_100k_cluster_credit_formal/linucb_cost_lotte-technology-search-100k_heldout-test_test_corpus-full_q596_prequential_rankings.json,0.6359060402684564,0.8758389261744967,0.8288590604026845,cluster_only,gated_cost_aware,task25_100k_cluster_credit_formal
task25_100k_cluster_credit_formal:gated_cost_aware:seed19,task25_100k_cluster_credit_formal,gated_cost_aware,19,596,0,40.11744966442953,42.05257270693512,100.0,100.0,1.0,10.0,5.0,179.2734899328859,1571.3708053691275,838.4177852348994,37.05746644295302,39.419742729306485,0.0,0.0,0.0,177.17491610738256,181.47231543624162,value,17.63255033557047,98.98322147651015,67.89932885906046,1.1090846810189126,1.0672263353476696,1.0881216125288256,source_candidate_proxy_and_final_context_tokens,lotte_technology_search_100k,0.6484899328859061,0.6707913870246084,0.35151006711409394,0.3292086129753915,0.2928081282708394,0.6862003312875508,0.5978225906367542,0.6409395973154363,0.87751677852349,0.8204697986577181,0.010067114093959773,0.010067114093959773,0.010067114093959662,2133.0,14354.0,7410.0,116.0,1401.0,700.0,/home/damon/.openclaw/workspace/IntentWeight/paper/experiments/results/task25_100k_cluster_credit_formal/linucb_cost_lotte-technology-search-100k_heldout-test_test_corpus-full_q596_prequential_metrics.json,0.6409395973154363,0.7166440289762437,0.7088087248322148,0.6409395973154363,0.6332151626827568,0.6133760649128527,511.0,3095.0,1853.25,/home/damon/.openclaw/workspace/IntentWeight/paper/experiments/results/task25_100k_cluster_credit_formal/linucb_cost_lotte-technology-search-100k_heldout-test_test_corpus-full_q596_prequential_rankings.json,0.6409395973154363,0.87751677852349,0.8204697986577181,cluster_only,gated_cost_aware,task25_100k_cluster_credit_formal
task25_100k_cluster_credit_value_conf:gated_cost_aware:seed13,task25_100k_cluster_credit_value_conf,gated_cost_aware,13,596,0,39.74832214765101,39.74832214765101,100.0,100.0,1.0,10.0,5.0,176.25838926174498,1550.484899328859,827.5553691275168,36.54572147651007,36.54572147651007,0.0,0.0,0.0,176.29404362416108,176.29404362416108,value,14.617449664429557,78.09731543624162,57.036912751677846,1.0904316053893586,1.0530412754702618,1.0740240707795021,source_candidate_proxy_and_final_context_tokens,lotte_technology_search_100k,0.6421979865771812,0.6421979865771812,0.3578020134228188,0.3578020134228188,0.2857844519099147,0.6830576872053097,0.5948074416679775,0.6191275167785235,0.8758389261744967,0.8221476510067114,-0.011744966442952975,0.008389261744966459,0.011744966442952975,1523.0,13078.0,6240.0,116.0,1395.5,714.5,/home/damon/.openclaw/workspace/IntentWeight/paper/experiments/results/task25_100k_cluster_credit_value_conf/linucb_cost_lotte-technology-search-100k_heldout-test_test_corpus-full_q596_prequential_metrics.json,0.6191275167785235,0.7023696335357407,0.6953859060402682,0.6191275167785235,0.6237030627020236,0.6046706350703687,514.0,2946.25,1782.0,/home/damon/.openclaw/workspace/IntentWeight/paper/experiments/results/task25_100k_cluster_credit_value_conf/linucb_cost_lotte-technology-search-100k_heldout-test_test_corpus-full_q596_prequential_rankings.json,0.6191275167785235,0.8758389261744967,0.8221476510067114,cluster_only,gated_cost_aware,task25_100k_cluster_credit_value_conf
task25_100k_old_credit:gated_cost_aware:seed13,task25_100k_old_credit,gated_cost_aware,13,596,0,45.419463087248324,45.419463087248324,100.0,100.0,1.0,10.0,5.0,166.46644295302013,1509.8104026845638,796.1744966442953,44.04362416107382,44.04362416107382,0.0,0.0,0.0,189.46308724832215,189.46308724832215,value,4.825503355704711,37.42281879194638,25.656040268456422,1.0298532251032824,1.0254164183407537,1.0332971132049589,source_candidate_proxy_and_final_context_tokens,lotte_technology_search_100k,0.7267197986577181,0.7267197986577181,0.2732802013422819,0.2732802013422819,0.288886550189634,0.685802256705983,0.6002372271747126,0.62751677852349,0.8808724832214765,0.825503355704698,-0.003355704697986517,0.01342281879194629,0.015100671140939603,2133.0,12760.0,6677.0,111.0,1331.0,689.5,/home/damon/.openclaw/workspace/IntentWeight/paper/experiments/results/task25_100k_old_credit/linucb_cost_lotte-technology-search-100k_heldout-test_test_corpus-full_q596_prequential_metrics.json,0.62751677852349,0.709895333972515,0.7024049217002235,0.62751677852349,0.6315459655552925,0.6129467887341069,479.25,2850.0,1709.75,/home/damon/.openclaw/workspace/IntentWeight/paper/experiments/results/task25_100k_old_credit/linucb_cost_lotte-technology-search-100k_heldout-test_test_corpus-full_q596_prequential_rankings.json,0.62751677852349,0.8808724832214765,0.825503355704698,final_fused,gated_cost_aware,task25_100k_old_credit
task25_100k_old_credit_formal:gated_cost_aware:seed13,task25_100k_old_credit_formal,gated_cost_aware,13,596,0,45.419463087248324,47.477628635346754,100.0,100.0,1.0,10.0,5.0,166.46644295302013,1509.8104026845638,796.1744966442953,44.04362416107382,46.44015659955257,0.0,0.0,0.0,189.46308724832215,193.91778523489936,value,4.825503355704711,37.42281879194638,25.656040268456422,1.0298532251032824,1.0254164183407537,1.0332971132049589,source_candidate_proxy_and_final_context_tokens,lotte_technology_search_100k,0.7267197986577181,0.746574384787472,0.2732802013422819,0.253425615212528,0.288886550189634,0.685802256705983,0.6002372271747126,0.62751677852349,0.8808724832214765,0.825503355704698,-0.003355704697986517,0.01342281879194629,0.015100671140939603,2133.0,12760.0,6677.0,111.0,1331.0,689.5,/home/damon/.openclaw/workspace/IntentWeight/paper/experiments/results/task25_100k_old_credit_formal/linucb_cost_lotte-technology-search-100k_heldout-test_test_corpus-full_q596_prequential_metrics.json,0.62751677852349,0.709895333972515,0.7024049217002235,0.62751677852349,0.6315459655552925,0.6129467887341069,479.25,2850.0,1709.75,/home/damon/.openclaw/workspace/IntentWeight/paper/experiments/results/task25_100k_old_credit_formal/linucb_cost_lotte-technology-search-100k_heldout-test_test_corpus-full_q596_prequential_rankings.json,0.62751677852349,0.8808724832214765,0.825503355704698,final_fused,gated_cost_aware,task25_100k_old_credit_formal
task25_100k_old_credit_formal:gated_cost_aware:seed17,task25_100k_old_credit_formal,gated_cost_aware,17,596,0,52.38255033557047,47.477628635346754,100.0,100.0,1.0,10.0,5.0,167.56375838926175,1526.3859060402685,799.2013422818792,52.62793624161074,46.44015659955257,0.0,0.0,0.0,205.0104865771812,193.91778523489936,value,5.922818791946327,53.99832214765115,28.68288590604027,1.0366418235794808,1.0366739863459684,1.037225436546908,source_candidate_proxy_and_final_context_tokens,lotte_technology_search_100k,0.8097734899328859,0.746574384787472,0.1902265100671141,0.253425615212528,0.29382416108217413,0.6822073649594769,0.6026936806154582,0.6325503355704698,0.87751677852349,0.825503355704698,0.001677852348993314,0.010067114093959773,0.015100671140939603,1520.0,13493.0,7410.0,110.5,1370.5,694.5,/home/damon/.openclaw/workspace/IntentWeight/paper/experiments/results/task25_100k_old_credit_formal/linucb_cost_lotte-technology-search-100k_heldout-test_test_corpus-full_q596_prequential_metrics.json,0.6325503355704698,0.711218973047832,0.7039988814317671,0.6325503355704698,0.6318657093708488,0.6157308457593955,511.0,2983.0,1752.0,/home/damon/.openclaw/workspace/IntentWeight/paper/experiments/results/task25_100k_old_credit_formal/linucb_cost_lotte-technology-search-100k_heldout-test_test_corpus-full_q596_prequential_rankings.json,0.6325503355704698,0.87751677852349,0.825503355704698,final_fused,gated_cost_aware,task25_100k_old_credit_formal
task25_100k_old_credit_formal:gated_cost_aware:seed19,task25_100k_old_credit_formal,gated_cost_aware,19,596,0,44.630872483221474,47.477628635346754,100.0,100.0,1.0,10.0,5.0,173.84563758389262,1552.8926174496644,814.2046979865772,42.648909395973156,46.44015659955257,0.0,0.0,0.0,187.27978187919464,193.91778523489936,value,12.204697986577202,80.505033557047,43.68624161073831,1.0755049928377174,1.054676522973803,1.05669720335606,source_candidate_proxy_and_final_context_tokens,lotte_technology_search_100k,0.7032298657718121,0.746574384787472,0.2967701342281879,0.253425615212528,0.2919719342313938,0.6932748213947592,0.596218712566202,0.6342281879194631,0.889261744966443,0.8221476510067114,0.003355704697986628,0.021812080536912748,0.011744966442952975,2133.0,14354.0,7410.0,111.0,1391.5,689.5,/home/damon/.openclaw/workspace/IntentWeight/paper/experiments/results/task25_100k_old_credit_formal/linucb_cost_lotte-technology-search-100k_heldout-test_test_corpus-full_q596_prequential_metrics.json,0.6342281879194631,0.7134041759880684,0.7044183445190155,0.6342281879194631,0.633127346896521,0.6089280464854945,512.25,2990.5,1721.0,/home/damon/.openclaw/workspace/IntentWeight/paper/experiments/results/task25_100k_old_credit_formal/linucb_cost_lotte-technology-search-100k_heldout-test_test_corpus-full_q596_prequential_rankings.json,0.6342281879194631,0.889261744966443,0.8221476510067114,final_fused,gated_cost_aware,task25_100k_old_credit_formal
task25_100k_route_credit:gated_cost_aware:seed13,task25_100k_route_credit,gated_cost_aware,13,596,0,99.61409395973155,99.61409395973155,100.0,100.0,1.0,10.0,5.0,161.64093959731542,1555.78355704698,773.4597315436241,99.6623322147651,99.6623322147651,0.0,0.0,0.0,299.27642617449663,299.27642617449663,route_quality,0.0,83.39597315436254,2.941275167785193,1.0,1.056639959523351,1.0038172676377144,source_candidate_proxy_and_final_context_tokens,lotte_technology_search_100k,1.0,1.0,0.0,0.0,0.291594348575516,0.7259083065421301,0.6115024054476731,0.6308724832214765,0.8791946308724832,0.8104026845637584,0.0,0.011744966442952975,0.0,1520.0,13184.0,4718.0,104.0,1378.0,663.0,/home/damon/.openclaw/workspace/IntentWeight/paper/experiments/results/task25_100k_route_credit/linucb_cost_lotte-technology-search-100k_heldout-test_test_corpus-full_q596_prequential_metrics.json,0.6308724832214765,0.7102595344625544,0.7003914988814316,0.6308724832214765,0.6580496476379062,0.6266465046592274,501.25,2976.75,1773.5,/home/damon/.openclaw/workspace/IntentWeight/paper/experiments/results/task25_100k_route_credit/linucb_cost_lotte-technology-search-100k_heldout-test_test_corpus-full_q596_prequential_rankings.json,0.6308724832214765,0.8791946308724832,0.8104026845637584,cluster_only,gated_cost_aware,task25_100k_route_credit
lotte_technology_search_200k:dense,lotte_technology_search_200k:dense,lotte_technology_search_200k:dense,,596,0,,,,,1.0,10.0,5.0,150.01677852348993,1444.1241610738255,742.2986577181208,,,0.0,0.0,0.0,,,,0.0,0.0,0.0,1.0,1.0,1.0,final_context_tokens,lotte_technology_search_200k,,,,,0.25038210025336854,0.6202145339649683,0.5219177404854909,0.5503355704697986,0.7969798657718121,0.7298657718120806,0.0,0.0,0.0,1520.0,5025.0,4371.0,100.5,1266.0,615.0,,0.5503355704697986,0.6278636678385,0.6188199105145413,0.5503355704697986,0.5643164326791772,0.5381092479044733,441.25,2827.75,1736.0,/home/damon/.openclaw/workspace/IntentWeight/paper/experiments/results/dense_lotte_technology_search_200k_rankings.json,0.5503355704697986,0.7969798657718121,0.7298657718120806,,,baseline
task22_200k_formal:full_multi_route:seed13,task22_200k_formal,full_multi_route,13,596,0,100.0,100.0,100.0,100.0,1.0,10.0,5.0,150.01677852348993,1574.3657718120805,742.2986577181208,100.0,100.0,0.0,0.0,0.0,300.0,300.0,,0.0,130.24161073825508,0.0,1.0,1.0901872666138415,1.0,source_candidate_proxy_and_final_context_tokens,lotte_technology_search_200k,1.0,1.0,0.0,0.0,0.25038210025336854,0.6469550333984206,0.5219177404854909,0.5503355704697986,0.8355704697986577,0.7298657718120806,0.0,0.038590604026845554,0.0,1520.0,5561.0,4371.0,100.5,1367.0,615.0,/home/damon/.openclaw/workspace/IntentWeight/paper/experiments/results/task22_200k_formal/linucb_cost_lotte-technology-search-200k_heldout-test_test_corpus-full_q596_prequential_metrics.json,0.5503355704697986,0.6332481090870354,0.6188199105145413,0.5503355704697986,0.5740321520781787,0.5381092479044733,441.25,3190.75,1736.0,/home/damon/.openclaw/workspace/IntentWeight/paper/experiments/results/task22_200k_formal/linucb_cost_lotte-technology-search-200k_heldout-test_test_corpus-full_q596_prequential_rankings.json,0.5503355704697986,0.8355704697986577,0.7298657718120806,,full_multi_route,task22_200k_formal
task22_200k_formal:full_multi_route:seed17,task22_200k_formal,full_multi_route,17,596,0,100.0,100.0,100.0,100.0,1.0,10.0,5.0,150.01677852348993,1556.3070469798658,742.2986577181208,100.0,100.0,0.0,0.0,0.0,300.0,300.0,,0.0,112.18288590604038,0.0,1.0,1.0776822997148827,1.0,source_candidate_proxy_and_final_context_tokens,lotte_technology_search_200k,1.0,1.0,0.0,0.0,0.25038210025336854,0.6453473639425968,0.5219177404854909,0.5503355704697986,0.8305369127516778,0.7298657718120806,0.0,0.03355704697986572,0.0,1520.0,8641.0,4371.0,100.5,1358.0,615.0,/home/damon/.openclaw/workspace/IntentWeight/paper/experiments/results/task22_200k_formal/linucb_cost_lotte-technology-search-200k_heldout-test_test_corpus-full_q596_prequential_metrics.json,0.5503355704697986,0.6324897464578674,0.6188199105145413,0.5503355704697986,0.572980837386656,0.5381092479044733,441.25,3039.75,1736.0,/home/damon/.openclaw/workspace/IntentWeight/paper/experiments/results/task22_200k_formal/linucb_cost_lotte-technology-search-200k_heldout-test_test_corpus-full_q596_prequential_rankings.json,0.5503355704697986,0.8305369127516778,0.7298657718120806,,full_multi_route,task22_200k_formal
task22_200k_formal:full_multi_route:seed19,task22_200k_formal,full_multi_route,19,596,0,100.0,100.0,100.0,100.0,1.0,10.0,5.0,150.01677852348993,1543.8674496644296,742.2986577181208,100.0,100.0,0.0,0.0,0.0,300.0,300.0,,0.0,99.74328859060415,0.0,1.0,1.0690683607955405,1.0,source_candidate_proxy_and_final_context_tokens,lotte_technology_search_200k,1.0,1.0,0.0,0.0,0.25038210025336854,0.6350243903060094,0.5219177404854909,0.5503355704697986,0.8238255033557047,0.7298657718120806,0.0,0.02684563758389258,0.0,1520.0,13598.0,4371.0,100.5,1326.0,615.0,/home/damon/.openclaw/workspace/IntentWeight/paper/experiments/results/task22_200k_formal/linucb_cost_lotte-technology-search-200k_heldout-test_test_corpus-full_q596_prequential_metrics.json,0.5503355704697986,0.6319750719079578,0.6188199105145413,0.5503355704697986,0.56902860037528,0.5381092479044733,441.25,3051.25,1736.0,/home/damon/.openclaw/workspace/IntentWeight/paper/experiments/results/task22_200k_formal/linucb_cost_lotte-technology-search-200k_heldout-test_test_corpus-full_q596_prequential_rankings.json,0.5503355704697986,0.8238255033557047,0.7298657718120806,,full_multi_route,task22_200k_formal
task22_200k_formal:gated_cost_aware:seed13,task22_200k_formal,gated_cost_aware,13,596,0,58.65771812080537,65.2945563012677,100.0,100.0,1.0,10.0,5.0,158.248322147651,1547.270134228188,781.25,59.647651006711406,66.71327367636093,0.0,0.0,0.0,218.30536912751677,232.00782997762863,,8.231543624161077,103.14597315436254,38.95134228187919,1.0548708198188121,1.0714245879507098,1.052473949503854,source_candidate_proxy_and_final_context_tokens,lotte_technology_search_200k,0.860738255033557,0.9026845637583892,0.13926174496644295,0.09731543624161072,0.24805308139750407,0.601306532445158,0.5134469164735598,0.5419463087248322,0.8171140939597316,0.75,-0.008389261744966459,0.020134228187919434,0.020134228187919434,1520.0,8028.0,4285.0,103.0,1336.0,646.0,/home/damon/.openclaw/workspace/IntentWeight/paper/experiments/results/task22_200k_formal/linucb_cost_lotte-technology-search-200k_heldout-test_test_corpus-full_q596_prequential_metrics.json,0.5419463087248322,0.6272391339085969,0.6184843400447425,0.5419463087248322,0.5428624742794238,0.5232932622985296,454.25,3201.5,1735.0,/home/damon/.openclaw/workspace/IntentWeight/paper/experiments/results/task22_200k_formal/linucb_cost_lotte-technology-search-200k_heldout-test_test_corpus-full_q596_prequential_rankings.json,0.5419463087248322,0.8171140939597316,0.75,,gated_cost_aware,task22_200k_formal
task22_200k_formal:gated_cost_aware:seed17,task22_200k_formal,gated_cost_aware,17,596,0,69.57494407158836,65.2945563012677,100.0,100.0,1.0,10.0,5.0,155.0201342281879,1531.5570469798658,780.3154362416108,70.97874720357942,66.71327367636093,0.0,0.0,0.0,240.55369127516778,232.00782997762863,,5.003355704697981,87.43288590604038,38.01677852348996,1.0333519740521193,1.0605438841498414,1.0512149363712393,source_candidate_proxy_and_final_context_tokens,lotte_technology_search_200k,0.9200223713646533,0.9026845637583892,0.07997762863534674,0.09731543624161072,0.24790060989436144,0.5995260924950235,0.5066562146325224,0.5436241610738255,0.8087248322147651,0.7365771812080537,-0.006711409395973145,0.011744966442952975,0.006711409395973145,1520.0,11163.0,5519.0,104.0,1374.5,669.5,/home/damon/.openclaw/workspace/IntentWeight/paper/experiments/results/task22_200k_formal/linucb_cost_lotte-technology-search-200k_heldout-test_test_corpus-full_q596_prequential_metrics.json,0.5436241610738255,0.6241417652072014,0.6144295302013423,0.5436241610738255,0.5445163565578802,0.5219359238804022,441.25,2922.5,1739.0,/home/damon/.openclaw/workspace/IntentWeight/paper/experiments/results/task22_200k_formal/linucb_cost_lotte-technology-search-200k_heldout-test_test_corpus-full_q596_prequential_rankings.json,0.5436241610738255,0.8087248322147651,0.7365771812080537,,gated_cost_aware,task22_200k_formal
task22_200k_formal:gated_cost_aware:seed19,task22_200k_formal,gated_cost_aware,19,596,0,67.6510067114094,65.2945563012677,100.0,100.0,1.0,10.0,5.0,169.35906040268458,1569.3372483221476,791.4144295302013,69.51342281879195,66.71327367636093,0.0,0.0,0.0,237.16442953020135,232.00782997762863,,19.342281879194644,125.21308724832215,49.11577181208054,1.12893412369981,1.0867052090280214,1.0661671300377478,source_candidate_proxy_and_final_context_tokens,lotte_technology_search_200k,0.9272930648769575,0.9026845637583892,0.0727069351230425,0.09731543624161072,0.25394287579400987,0.5990679349450471,0.5154722634234031,0.5587248322147651,0.8204697986577181,0.7466442953020134,0.008389261744966459,0.02348993288590595,0.016778523489932806,5295.0,12208.0,11362.0,103.0,1353.5,639.0,/home/damon/.openclaw/workspace/IntentWeight/paper/experiments/results/task22_200k_formal/linucb_cost_lotte-technology-search-200k_heldout-test_test_corpus-full_q596_prequential_metrics.json,0.5587248322147651,0.6400094545648237,0.6299496644295302,0.5587248322147651,0.5541045643175811,0.5358493828449246,515.25,3221.75,1697.5,/home/damon/.openclaw/workspace/IntentWeight/paper/experiments/results/task22_200k_formal/linucb_cost_lotte-technology-search-200k_heldout-test_test_corpus-full_q596_prequential_rankings.json,0.5587248322147651,0.8204697986577181,0.7466442953020134,,gated_cost_aware,task22_200k_formal
task22_200k_smoke:full_multi_route:seed13,task22_200k_smoke,full_multi_route,13,596,0,100.0,100.0,100.0,100.0,1.0,10.0,5.0,150.01677852348993,1579.7332214765102,742.2986577181208,100.0,100.0,0.0,0.0,0.0,300.0,300.0,,0.0,135.6090604026847,0.0,1.0,1.0939040174370105,1.0,source_candidate_proxy_and_final_context_tokens,lotte_technology_search_200k,1.0,1.0,0.0,0.0,0.25038210025336854,0.642212982012074,0.5219177404854909,0.5503355704697986,0.8288590604026845,0.7298657718120806,0.0,0.03187919463087241,0.0,1520.0,9674.0,4371.0,100.5,1380.5,615.0,/home/damon/.openclaw/workspace/IntentWeight/paper/experiments/results/task22_200k_smoke/linucb_cost_lotte-technology-search-200k_heldout-test_test_corpus-full_q596_prequential_metrics.json,0.5503355704697986,0.6326928198572496,0.6188199105145413,0.5503355704697986,0.5727844125925462,0.5381092479044733,441.25,3084.5,1736.0,/home/damon/.openclaw/workspace/IntentWeight/paper/experiments/results/task22_200k_smoke/linucb_cost_lotte-technology-search-200k_heldout-test_test_corpus-full_q596_prequential_rankings.json,0.5503355704697986,0.8288590604026845,0.7298657718120806,,full_multi_route,task22_200k_smoke
task22_200k_smoke:gated_cost_aware:seed13,task22_200k_smoke,gated_cost_aware,13,596,0,75.16778523489933,75.16778523489933,100.0,100.0,1.0,10.0,5.0,150.91275167785236,1554.1510067114093,751.6677852348994,76.71140939597315,76.71140939597315,0.0,0.0,0.0,251.8791946308725,251.8791946308725,,0.895973154362423,110.02684563758385,9.369127516778576,1.0059724862990718,1.0761893254079828,1.0126217761804661,source_candidate_proxy_and_final_context_tokens,lotte_technology_search_200k,0.947986577181208,0.947986577181208,0.052013422818791955,0.052013422818791955,0.2450479279938607,0.5985415481141299,0.4980732614186964,0.5369127516778524,0.8104026845637584,0.7231543624161074,-0.01342281879194629,0.01342281879194629,-0.006711409395973145,1520.0,5161.0,4371.0,101.5,1372.5,606.5,/home/damon/.openclaw/workspace/IntentWeight/paper/experiments/results/task22_200k_smoke/linucb_cost_lotte-technology-search-200k_heldout-test_test_corpus-full_q596_prequential_metrics.json,0.5369127516778524,0.6202620645573667,0.6080816554809843,0.5369127516778524,0.54115873757727,0.5157237830645567,443.5,3168.0,1697.25,/home/damon/.openclaw/workspace/IntentWeight/paper/experiments/results/task22_200k_smoke/linucb_cost_lotte-technology-search-200k_heldout-test_test_corpus-full_q596_prequential_rankings.json,0.5369127516778524,0.8104026845637584,0.7231543624161074,,gated_cost_aware,task22_200k_smoke
lotte_technology_search_400k:dense,lotte_technology_search_400k:dense,lotte_technology_search_400k:dense,,596,0,,,,,1.0,10.0,5.0,141.10906040268458,1482.2986577181207,731.6375838926175,,,0.0,0.0,0.0,,,,0.0,0.0,0.0,1.0,1.0,1.0,final_context_tokens,lotte_technology_search_400k,,,,,0.23227772839480199,0.577735361850729,0.4706175259721894,0.5067114093959731,0.7718120805369127,0.6895973154362416,0.0,0.0,0.0,1167.0,5098.0,2777.0,96.5,1288.5,611.5,,0.5067114093959731,0.5875519335250878,0.5762024608501118,0.5067114093959731,0.5173615467977577,0.4857127039715055,428.25,3003.0,1634.5,/home/damon/.openclaw/workspace/IntentWeight/paper/experiments/results/task22_3c_lotte_400k/dense_lotte_technology_search_400k_rankings.json,0.5067114093959731,0.7718120805369127,0.6895973154362416,,,baseline
task22_4_lotte_400k_linucb_smoke:full_multi_route:seed13,task22_4_lotte_400k_linucb_smoke,full_multi_route,13,596,0,100.0,100.0,100.0,100.0,1.0,10.0,5.0,141.10906040268458,1569.226510067114,731.6375838926175,100.0,100.0,0.0,0.0,0.0,300.0,300.0,,0.0,86.92785234899338,0.0,1.0,1.0586439526854945,1.0,source_candidate_proxy_and_final_context_tokens,lotte_technology_search_400k,1.0,1.0,0.0,0.0,0.23227772839480199,0.5943758196405154,0.4706175259721894,0.5067114093959731,0.8087248322147651,0.6895973154362416,0.0,0.03691275167785235,0.0,1167.0,4824.0,2777.0,96.5,1430.5,611.5,/home/damon/.openclaw/workspace/IntentWeight/paper/experiments/results/task22_4_lotte_400k_linucb_smoke/linucb_cost_lotte-technology-search-400k_heldout-test_test_corpus-full_q596_prequential_metrics.json,0.5067114093959731,0.5927938904868436,0.5762024608501118,0.5067114093959731,0.5225918079910084,0.4857127039715055,428.25,3036.25,1634.5,/home/damon/.openclaw/workspace/IntentWeight/paper/experiments/results/task22_4_lotte_400k_linucb_smoke/linucb_cost_lotte-technology-search-400k_heldout-test_test_corpus-full_q596_prequential_rankings.json,0.5067114093959731,0.8087248322147651,0.6895973154362416,,full_multi_route,task22_4_lotte_400k_linucb_smoke
task22_4_lotte_400k_linucb_smoke:gated_cost_aware:seed13,task22_4_lotte_400k_linucb_smoke,gated_cost_aware,13,596,0,73.55704697986577,73.55704697986577,100.0,100.0,1.0,10.0,5.0,145.53523489932886,1532.6426174496644,743.6761744966443,74.14429530201342,74.14429530201342,0.0,0.0,0.0,247.7013422818792,247.7013422818792,,4.426174496644279,50.34395973154369,12.038590604026808,1.031367046765199,1.0339634387911032,1.016454308620911,source_candidate_proxy_and_final_context_tokens,lotte_technology_search_400k,0.9093959731543624,0.9093959731543624,0.09060402684563762,0.09060402684563762,0.22764465872398063,0.5517600345121465,0.45436920261396657,0.5033557046979866,0.7768456375838926,0.6761744966442953,-0.003355704697986517,0.005033557046979831,-0.01342281879194629,1167.0,4870.0,3866.0,99.5,1395.0,612.0,/home/damon/.openclaw/workspace/IntentWeight/paper/experiments/results/task22_4_lotte_400k_linucb_smoke/linucb_cost_lotte-technology-search-400k_heldout-test_test_corpus-full_q596_prequential_metrics.json,0.5033557046979866,0.5827360977948226,0.5687919463087248,0.5033557046979866,0.49679360146258567,0.47070039934962116,438.75,2991.0,1642.75,/home/damon/.openclaw/workspace/IntentWeight/paper/experiments/results/task22_4_lotte_400k_linucb_smoke/linucb_cost_lotte-technology-search-400k_heldout-test_test_corpus-full_q596_prequential_rankings.json,0.5033557046979866,0.7768456375838926,0.6761744966442953,,gated_cost_aware,task22_4_lotte_400k_linucb_smoke
task22_5_lotte_400k_linucb_formal:full_multi_route:seed13,task22_5_lotte_400k_linucb_formal,full_multi_route,13,596,0,100.0,100.0,100.0,100.0,1.0,10.0,5.0,141.10906040268458,1568.8657718120805,731.6375838926175,100.0,100.0,0.0,0.0,0.0,300.0,300.0,,0.0,86.56711409395984,0.0,1.0,1.0584005886015055,1.0,source_candidate_proxy_and_final_context_tokens,lotte_technology_search_400k,1.0,1.0,0.0,0.0,0.23227772839480199,0.5943912544294402,0.4706175259721894,0.5067114093959731,0.8036912751677853,0.6895973154362416,0.0,0.03187919463087252,0.0,1167.0,5455.0,2777.0,96.5,1407.0,611.5,/home/damon/.openclaw/workspace/IntentWeight/paper/experiments/results/task22_5_lotte_400k_linucb_formal/linucb_cost_lotte-technology-search-400k_heldout-test_test_corpus-full_q596_prequential_metrics.json,0.5067114093959731,0.5923258229466284,0.5762024608501118,0.5067114093959731,0.5239823085282425,0.4857127039715055,428.25,3141.0,1634.5,/home/damon/.openclaw/workspace/IntentWeight/paper/experiments/results/task22_5_lotte_400k_linucb_formal/linucb_cost_lotte-technology-search-400k_heldout-test_test_corpus-full_q596_prequential_rankings.json,0.5067114093959731,0.8036912751677853,0.6895973154362416,,full_multi_route,task22_5_lotte_400k_linucb_formal
task22_5_lotte_400k_linucb_formal:full_multi_route:seed17,task22_5_lotte_400k_linucb_formal,full_multi_route,17,596,0,100.0,100.0,100.0,100.0,1.0,10.0,5.0,141.10906040268458,1561.4647651006712,731.6375838926175,100.0,100.0,0.0,0.0,0.0,300.0,300.0,,0.0,79.16610738255054,0.0,1.0,1.053407663138831,1.0,source_candidate_proxy_and_final_context_tokens,lotte_technology_search_400k,1.0,1.0,0.0,0.0,0.23227772839480199,0.5989061420399654,0.4706175259721894,0.5067114093959731,0.8036912751677853,0.6895973154362416,0.0,0.03187919463087252,0.0,1167.0,5059.0,2777.0,96.5,1392.5,611.5,/home/damon/.openclaw/workspace/IntentWeight/paper/experiments/results/task22_5_lotte_400k_linucb_formal/linucb_cost_lotte-technology-search-400k_heldout-test_test_corpus-full_q596_prequential_metrics.json,0.5067114093959731,0.5926474113135186,0.5762024608501118,0.5067114093959731,0.5259354394830024,0.4857127039715055,428.25,3069.25,1634.5,/home/damon/.openclaw/workspace/IntentWeight/paper/experiments/results/task22_5_lotte_400k_linucb_formal/linucb_cost_lotte-technology-search-400k_heldout-test_test_corpus-full_q596_prequential_rankings.json,0.5067114093959731,0.8036912751677853,0.6895973154362416,,full_multi_route,task22_5_lotte_400k_linucb_formal
task22_5_lotte_400k_linucb_formal:full_multi_route:seed19,task22_5_lotte_400k_linucb_formal,full_multi_route,19,596,0,100.0,100.0,100.0,100.0,1.0,10.0,5.0,141.10906040268458,1582.7097315436242,731.6375838926175,100.0,100.0,0.0,0.0,0.0,300.0,300.0,,0.0,100.41107382550354,0.0,1.0,1.0677401097968193,1.0,source_candidate_proxy_and_final_context_tokens,lotte_technology_search_400k,1.0,1.0,0.0,0.0,0.23227772839480199,0.5976354352113727,0.4706175259721894,0.5067114093959731,0.7936241610738255,0.6895973154362416,0.0,0.021812080536912748,0.0,1167.0,5010.0,2777.0,96.5,1430.0,611.5,/home/damon/.openclaw/workspace/IntentWeight/paper/experiments/results/task22_5_lotte_400k_linucb_formal/linucb_cost_lotte-technology-search-400k_heldout-test_test_corpus-full_q596_prequential_metrics.json,0.5067114093959731,0.5911433365292428,0.5762024608501118,0.5067114093959731,0.5253613246575786,0.4857127039715055,428.25,2983.25,1634.5,/home/damon/.openclaw/workspace/IntentWeight/paper/experiments/results/task22_5_lotte_400k_linucb_formal/linucb_cost_lotte-technology-search-400k_heldout-test_test_corpus-full_q596_prequential_rankings.json,0.5067114093959731,0.7936241610738255,0.6895973154362416,,full_multi_route,task22_5_lotte_400k_linucb_formal
task22_5_lotte_400k_linucb_formal:gated_cost_aware:seed13,task22_5_lotte_400k_linucb_formal,gated_cost_aware,13,596,0,60.53691275167785,65.75689783743475,100.0,100.0,1.0,10.0,5.0,149.75671140939596,1530.0687919463087,768.6359060402684,60.98993288590604,67.45898583146906,0.0,0.0,0.0,221.5268456375839,233.21588366890379,,8.647651006711385,47.770134228188,36.998322147650924,1.061283456795995,1.0322270643499916,1.0505691929476946,source_candidate_proxy_and_final_context_tokens,lotte_technology_search_400k,0.8506711409395973,0.9140566741237882,0.14932885906040272,0.08594332587621183,0.2281220476661346,0.5723766149861096,0.47082392844369264,0.5016778523489933,0.785234899328859,0.7080536912751678,-0.005033557046979831,0.01342281879194629,0.01845637583892623,1167.0,4918.0,3866.0,102.0,1380.5,647.5,/home/damon/.openclaw/workspace/IntentWeight/paper/experiments/results/task22_5_lotte_400k_linucb_formal/linucb_cost_lotte-technology-search-400k_heldout-test_test_corpus-full_q596_prequential_metrics.json,0.5016778523489933,0.5854026845637584,0.5746923937360177,0.5016778523489933,0.5089468283055351,0.4800097311983788,438.75,3130.25,1656.25,/home/damon/.openclaw/workspace/IntentWeight/paper/experiments/results/task22_5_lotte_400k_linucb_formal/linucb_cost_lotte-technology-search-400k_heldout-test_test_corpus-full_q596_prequential_rankings.json,0.5016778523489933,0.785234899328859,0.7080536912751678,,gated_cost_aware,task22_5_lotte_400k_linucb_formal
task22_5_lotte_400k_linucb_formal:gated_cost_aware:seed17,task22_5_lotte_400k_linucb_formal,gated_cost_aware,17,596,0,68.0089485458613,65.75689783743475,100.0,100.0,1.0,10.0,5.0,143.6510067114094,1547.020134228188,754.7583892617449,70.36353467561521,67.45898583146906,0.0,0.0,0.0,238.3724832214765,233.21588366890379,,2.5419463087248175,64.7214765100673,23.120805369127424,1.0180140545296725,1.0436629124455261,1.031601445685875,source_candidate_proxy_and_final_context_tokens,lotte_technology_search_400k,0.9451901565995525,0.9140566741237882,0.05480984340044748,0.08594332587621183,0.23101268098881497,0.5741308199694575,0.47887856104270166,0.5016778523489933,0.785234899328859,0.7080536912751678,-0.005033557046979831,0.01342281879194629,0.01845637583892623,1167.0,4780.0,2959.0,99.0,1384.5,640.0,/home/damon/.openclaw/workspace/IntentWeight/paper/experiments/results/task22_5_lotte_400k_linucb_formal/linucb_cost_lotte-technology-search-400k_heldout-test_test_corpus-full_q596_prequential_metrics.json,0.5016778523489933,0.5904708639607967,0.5793903803131991,0.5016778523489933,0.5107319959977078,0.48578951155073014,427.5,3014.25,1678.75,/home/damon/.openclaw/workspace/IntentWeight/paper/experiments/results/task22_5_lotte_400k_linucb_formal/linucb_cost_lotte-technology-search-400k_heldout-test_test_corpus-full_q596_prequential_rankings.json,0.5016778523489933,0.785234899328859,0.7080536912751678,,gated_cost_aware,task22_5_lotte_400k_linucb_formal
task22_5_lotte_400k_linucb_formal:gated_cost_aware:seed19,task22_5_lotte_400k_linucb_formal,gated_cost_aware,19,596,0,68.7248322147651,65.75689783743475,100.0,100.0,1.0,10.0,5.0,141.53355704697987,1565.8842281879195,754.0973154362416,71.02348993288591,67.45898583146906,0.0,0.0,0.0,239.748322147651,233.21588366890379,,0.42449664429528866,83.58557046979877,22.459731543624116,1.00300828765413,1.0563891561491878,1.0306978920138696,source_candidate_proxy_and_final_context_tokens,lotte_technology_search_400k,0.9463087248322147,0.9140566741237882,0.05369127516778527,0.08594332587621183,0.22633533465878405,0.5679396276632165,0.4697892528284798,0.49328859060402686,0.7802013422818792,0.7013422818791947,-0.01342281879194629,0.008389261744966459,0.011744966442953086,1167.0,5031.0,2648.0,99.0,1399.0,645.5,/home/damon/.openclaw/workspace/IntentWeight/paper/experiments/results/task22_5_lotte_400k_linucb_formal/linucb_cost_lotte-technology-search-400k_heldout-test_test_corpus-full_q596_prequential_metrics.json,0.49328859060402686,0.5821282092255246,0.5711409395973154,0.49328859060402686,0.5053958173931474,0.47891816380867197,428.25,3188.75,1624.0,/home/damon/.openclaw/workspace/IntentWeight/paper/experiments/results/task22_5_lotte_400k_linucb_formal/linucb_cost_lotte-technology-search-400k_heldout-test_test_corpus-full_q596_prequential_rankings.json,0.49328859060402686,0.7802013422818792,0.7013422818791947,,gated_cost_aware,task22_5_lotte_400k_linucb_formal
lotte_technology_search_638k:dense,lotte_technology_search_638k:dense,lotte_technology_search_638k:dense,,596,0,,,,,1.0,10.0,5.0,131.498322147651,1525.6191275167785,733.9546979865772,,,0.0,0.0,0.0,,,,0.0,0.0,0.0,1.0,1.0,1.0,final_context_tokens,lotte_technology_search_638k,,,,,0.19176458521806822,0.5040782855416331,0.3849749008833999,0.41946308724832215,0.7281879194630873,0.6258389261744967,0.0,0.0,0.0,1167.0,6266.0,5060.0,90.0,1329.5,604.0,,0.41946308724832215,0.5102269095557684,0.49644854586129744,0.41946308724832215,0.43032490854493166,0.391653021120072,393.25,2935.5,1623.75,/home/damon/.openclaw/workspace/IntentWeight/paper/experiments/results/task22_7_lotte_638k_dense/dense_lotte_technology_search_638k_rankings.json,0.41946308724832215,0.7281879194630873,0.6258389261744967,,,baseline
task22_9_lotte_638k_linucb_formal:full_multi_route:seed13,task22_9_lotte_638k_linucb_formal,full_multi_route,13,596,0,100.0,100.0,100.0,100.0,1.0,10.0,5.0,131.498322147651,1614.6627516778524,733.9546979865772,100.0,100.0,0.0,0.0,0.0,300.0,300.0,,0.0,89.04362416107392,0.0,1.0,1.0583655661855844,1.0,source_candidate_proxy_and_final_context_tokens,lotte_technology_search_638k,1.0,1.0,0.0,0.0,0.19176458521806822,0.5233516845564115,0.3849749008833999,0.41946308724832215,0.7583892617449665,0.6258389261744967,0.0,0.030201342281879207,0.0,1167.0,6892.0,5060.0,90.0,1431.0,604.0,/home/damon/.openclaw/workspace/IntentWeight/paper/experiments/results/task22_9_lotte_638k_linucb_formal/linucb_cost_lotte-technology-search-638k_heldout-test_test_corpus-full_q596_prequential_metrics.json,0.41946308724832215,0.5148130393096835,0.49644854586129744,0.41946308724832215,0.4375450166028743,0.391653021120072,393.25,3085.25,1623.75,/home/damon/.openclaw/workspace/IntentWeight/paper/experiments/results/task22_9_lotte_638k_linucb_formal/linucb_cost_lotte-technology-search-638k_heldout-test_test_corpus-full_q596_prequential_rankings.json,0.41946308724832215,0.7583892617449665,0.6258389261744967,,full_multi_route,task22_9_lotte_638k_linucb_formal
task22_9_lotte_638k_linucb_formal:full_multi_route:seed17,task22_9_lotte_638k_linucb_formal,full_multi_route,17,596,0,100.0,100.0,100.0,100.0,1.0,10.0,5.0,131.498322147651,1616.3389261744967,733.9546979865772,100.0,100.0,0.0,0.0,0.0,300.0,300.0,,0.0,90.71979865771823,0.0,1.0,1.0594642509532384,1.0,source_candidate_proxy_and_final_context_tokens,lotte_technology_search_638k,1.0,1.0,0.0,0.0,0.19176458521806822,0.5203441267069481,0.3849749008833999,0.41946308724832215,0.7651006711409396,0.6258389261744967,0.0,0.03691275167785235,0.0,1167.0,6125.0,5060.0,90.0,1445.5,604.0,/home/damon/.openclaw/workspace/IntentWeight/paper/experiments/results/task22_9_lotte_638k_linucb_formal/linucb_cost_lotte-technology-search-638k_heldout-test_test_corpus-full_q596_prequential_metrics.json,0.41946308724832215,0.5161952700543304,0.49644854586129744,0.41946308724832215,0.43668133513779445,0.391653021120072,393.25,3022.5,1623.75,/home/damon/.openclaw/workspace/IntentWeight/paper/experiments/results/task22_9_lotte_638k_linucb_formal/linucb_cost_lotte-technology-search-638k_heldout-test_test_corpus-full_q596_prequential_rankings.json,0.41946308724832215,0.7651006711409396,0.6258389261744967,,full_multi_route,task22_9_lotte_638k_linucb_formal
task22_9_lotte_638k_linucb_formal:full_multi_route:seed19,task22_9_lotte_638k_linucb_formal,full_multi_route,19,596,0,100.0,100.0,100.0,100.0,1.0,10.0,5.0,131.498322147651,1608.8288590604027,733.9546979865772,100.0,100.0,0.0,0.0,0.0,300.0,300.0,,0.0,83.20973154362423,0.0,1.0,1.0545416152975633,1.0,source_candidate_proxy_and_final_context_tokens,lotte_technology_search_638k,1.0,1.0,0.0,0.0,0.19176458521806822,0.5139732292091412,0.3849749008833999,0.41946308724832215,0.7600671140939598,0.6258389261744967,0.0,0.03187919463087252,0.0,1167.0,6125.0,5060.0,90.0,1423.5,604.0,/home/damon/.openclaw/workspace/IntentWeight/paper/experiments/results/task22_9_lotte_638k_linucb_formal/linucb_cost_lotte-technology-search-638k_heldout-test_test_corpus-full_q596_prequential_metrics.json,0.41946308724832215,0.5150320922552465,0.49644854586129744,0.41946308724832215,0.4330327275125704,0.391653021120072,393.25,3000.0,1623.75,/home/damon/.openclaw/workspace/IntentWeight/paper/experiments/results/task22_9_lotte_638k_linucb_formal/linucb_cost_lotte-technology-search-638k_heldout-test_test_corpus-full_q596_prequential_rankings.json,0.41946308724832215,0.7600671140939598,0.6258389261744967,,full_multi_route,task22_9_lotte_638k_linucb_formal
task22_9_lotte_638k_linucb_formal:gated_cost_aware:seed13,task22_9_lotte_638k_linucb_formal,gated_cost_aware,13,596,0,62.23713646532438,67.35272184936615,100.0,100.0,1.0,10.0,5.0,136.5989932885906,1618.6476510067114,779.4177852348994,63.87024608501119,68.87211036539895,0.0,0.0,0.0,226.10738255033556,236.2248322147651,,5.100671140939596,93.02852348993292,45.463087248322154,1.0387888686154672,1.060977554497074,1.061942634025014,source_candidate_proxy_and_final_context_tokens,lotte_technology_search_638k,0.8970917225950783,0.9146159582401193,0.1029082774049217,0.08538404175988068,0.19124924485373454,0.4925016104777737,0.39831694427997344,0.41442953020134227,0.7348993288590604,0.6543624161073825,-0.005033557046979886,0.006711409395973145,0.028523489932885893,1167.0,8574.0,4954.0,96.0,1465.5,660.0,/home/damon/.openclaw/workspace/IntentWeight/paper/experiments/results/task22_9_lotte_638k_linucb_formal/linucb_cost_lotte-technology-search-638k_heldout-test_test_corpus-full_q596_prequential_metrics.json,0.41442953020134227,0.5120519068925108,0.501314317673378,0.41442953020134227,0.4252113559962967,0.39724002030808897,416.75,2998.0,1628.0,/home/damon/.openclaw/workspace/IntentWeight/paper/experiments/results/task22_9_lotte_638k_linucb_formal/linucb_cost_lotte-technology-search-638k_heldout-test_test_corpus-full_q596_prequential_rankings.json,0.41442953020134227,0.7348993288590604,0.6543624161073825,,gated_cost_aware,task22_9_lotte_638k_linucb_formal
task22_9_lotte_638k_linucb_formal:gated_cost_aware:seed17,task22_9_lotte_638k_linucb_formal,gated_cost_aware,17,596,0,68.76957494407159,67.35272184936615,100.0,100.0,1.0,10.0,5.0,141.0520134228188,1592.2768456375838,758.8305369127517,70.03914988814317,68.87211036539895,0.0,0.0,0.0,238.80872483221478,236.2248322147651,,9.553691275167779,66.65771812080538,24.875838926174424,1.07265257167647,1.0436922406900488,1.0338928805748027,source_candidate_proxy_and_final_context_tokens,lotte_technology_search_638k,0.9121923937360179,0.9146159582401193,0.0878076062639821,0.08538404175988068,0.18942764546646748,0.4998760729422037,0.40345531804974044,0.4110738255033557,0.7399328859060402,0.6560402684563759,-0.008389261744966459,0.011744966442952975,0.030201342281879207,1193.0,6125.0,5060.0,98.5,1441.0,663.0,/home/damon/.openclaw/workspace/IntentWeight/paper/experiments/results/task22_9_lotte_638k_linucb_formal/linucb_cost_lotte-technology-search-638k_heldout-test_test_corpus-full_q596_prequential_metrics.json,0.4110738255033557,0.5091116703952273,0.49807046979865754,0.4110738255033557,0.42557630462773144,0.3961115300153585,423.25,3054.75,1614.75,/home/damon/.openclaw/workspace/IntentWeight/paper/experiments/results/task22_9_lotte_638k_linucb_formal/linucb_cost_lotte-technology-search-638k_heldout-test_test_corpus-full_q596_prequential_rankings.json,0.4110738255033557,0.7399328859060402,0.6560402684563759,,gated_cost_aware,task22_9_lotte_638k_linucb_formal
task22_9_lotte_638k_linucb_formal:gated_cost_aware:seed19,task22_9_lotte_638k_linucb_formal,gated_cost_aware,19,596,0,71.05145413870247,67.35272184936615,100.0,100.0,1.0,10.0,5.0,136.6241610738255,1588.9110738255033,757.9177852348994,72.7069351230425,68.87211036539895,0.0,0.0,0.0,243.75838926174498,236.2248322147651,,5.125838926174481,63.291946308724846,23.963087248322154,1.0389802610592933,1.041486072878323,1.0326492729238725,source_candidate_proxy_and_final_context_tokens,lotte_technology_search_638k,0.9345637583892618,0.9146159582401193,0.06543624161073824,0.08538404175988068,0.1911926506276772,0.4871508867813258,0.38508418524184523,0.412751677852349,0.7281879194630873,0.62751677852349,-0.006711409395973145,0.0,0.001677852348993314,1167.0,6125.0,5060.0,93.5,1413.5,626.5,/home/damon/.openclaw/workspace/IntentWeight/paper/experiments/results/task22_9_lotte_638k_linucb_formal/linucb_cost_lotte-technology-search-638k_heldout-test_test_corpus-full_q596_prequential_metrics.json,0.412751677852349,0.5055289229785874,0.4917505592841163,0.412751677852349,0.41912700557212834,0.38827252432227,414.25,2987.25,1634.0,/home/damon/.openclaw/workspace/IntentWeight/paper/experiments/results/task22_9_lotte_638k_linucb_formal/linucb_cost_lotte-technology-search-638k_heldout-test_test_corpus-full_q596_prequential_rankings.json,0.412751677852349,0.7281879194630873,0.62751677852349,,gated_cost_aware,task22_9_lotte_638k_linucb_formal
task22_9_lotte_638k_linucb_smoke:full_multi_route:seed13,task22_9_lotte_638k_linucb_smoke,full_multi_route,13,596,0,100.0,100.0,100.0,100.0,1.0,10.0,5.0,131.498322147651,1633.5369127516778,733.9546979865772,100.0,100.0,0.0,0.0,0.0,300.0,300.0,,0.0,107.91778523489938,0.0,1.0,1.070737042613352,1.0,source_candidate_proxy_and_final_context_tokens,lotte_technology_search_638k,1.0,1.0,0.0,0.0,0.19176458521806822,0.5200662232801785,0.3849749008833999,0.41946308724832215,0.7583892617449665,0.6258389261744967,0.0,0.030201342281879207,0.0,1167.0,6125.0,5060.0,90.0,1479.0,604.0,/home/damon/.openclaw/workspace/IntentWeight/paper/experiments/results/task22_9_lotte_638k_linucb_smoke/linucb_cost_lotte-technology-search-638k_heldout-test_test_corpus-full_q596_prequential_metrics.json,0.41946308724832215,0.5149262277617981,0.49644854586129744,0.41946308724832215,0.43619767286800937,0.391653021120072,393.25,3006.0,1623.75,/home/damon/.openclaw/workspace/IntentWeight/paper/experiments/results/task22_9_lotte_638k_linucb_smoke/linucb_cost_lotte-technology-search-638k_heldout-test_test_corpus-full_q596_prequential_rankings.json,0.41946308724832215,0.7583892617449665,0.6258389261744967,,full_multi_route,task22_9_lotte_638k_linucb_smoke
task22_9_lotte_638k_linucb_smoke:gated_cost_aware:seed13,task22_9_lotte_638k_linucb_smoke,gated_cost_aware,13,596,0,72.88590604026845,72.88590604026845,100.0,100.0,1.0,10.0,5.0,132.90604026845637,1618.4395973154362,739.1375838926175,74.31208053691275,74.31208053691275,0.0,0.0,0.0,247.1979865771812,247.1979865771812,,1.407718120805356,92.82046979865777,5.182885906040269,1.0107052173580187,1.0608411812126004,1.0070615882972862,source_candidate_proxy_and_final_context_tokens,lotte_technology_search_638k,0.9345637583892618,0.9345637583892618,0.06543624161073824,0.06543624161073824,0.18977712916182018,0.4973912472494979,0.3837348215183206,0.40939597315436244,0.7399328859060402,0.6291946308724832,-0.010067114093959717,0.011744966442952975,0.003355704697986517,1167.0,7030.0,4851.0,93.0,1442.0,623.0,/home/damon/.openclaw/workspace/IntentWeight/paper/experiments/results/task22_9_lotte_638k_linucb_smoke/linucb_cost_lotte-technology-search-638k_heldout-test_test_corpus-full_q596_prequential_metrics.json,0.40939597315436244,0.5058059017790559,0.49068791946308715,0.40939597315436244,0.42327689662675816,0.3871007273146677,393.25,2999.75,1613.25,/home/damon/.openclaw/workspace/IntentWeight/paper/experiments/results/task22_9_lotte_638k_linucb_smoke/linucb_cost_lotte-technology-search-638k_heldout-test_test_corpus-full_q596_prequential_rankings.json,0.40939597315436244,0.7399328859060402,0.6291946308724832,,gated_cost_aware,task22_9_lotte_638k_linucb_smoke
task24_online_baselines_638k:uniform_random_ensemble:seed13,task24_online_baselines_638k,uniform_random_ensemble,13,596,0,100.0,100.0,100.0,100.0,1.0,10.0,5.0,131.498322147651,1646.0755033557048,733.9546979865772,100.0,100.0,0.0,0.0,0.0,300.0,300.0,,0.0,120.4563758389263,0.0,1.0,1.0789557325719892,1.0,source_candidate_proxy_and_final_context_tokens,lotte_technology_search_638k,1.0,1.0,0.0,0.0,0.19176458521806822,0.5160056329570042,0.3849749008833999,0.41946308724832215,0.761744966442953,0.6258389261744967,0.0,0.03355704697986572,0.0,1167.0,5912.0,5060.0,90.0,1463.0,604.0,/home/damon/.openclaw/workspace/IntentWeight/paper/experiments/results/task24_online_baselines_638k/linucb_cost_lotte-technology-search-638k_heldout-test_test_corpus-full_q596_prequential_metrics.json,0.41946308724832215,0.5155674070523063,0.49644854586129744,0.41946308724832215,0.43529468462180926,0.391653021120072,393.25,3004.75,1623.75,/home/damon/.openclaw/workspace/IntentWeight/paper/experiments/results/task24_online_baselines_638k/linucb_cost_lotte-technology-search-638k_heldout-test_test_corpus-full_q596_prequential_rankings.json,0.41946308724832215,0.761744966442953,0.6258389261744967,,uniform_random_ensemble,task24_online_baselines_638k
task24_online_baselines_638k:uniform_random_ensemble:seed17,task24_online_baselines_638k,uniform_random_ensemble,17,596,0,100.0,100.0,100.0,100.0,1.0,10.0,5.0,131.498322147651,1623.2281879194632,733.9546979865772,100.0,100.0,0.0,0.0,0.0,300.0,300.0,,0.0,97.60906040268469,0.0,1.0,1.063979966324597,1.0,source_candidate_proxy_and_final_context_tokens,lotte_technology_search_638k,1.0,1.0,0.0,0.0,0.19176458521806822,0.5172634169329089,0.3849749008833999,0.41946308724832215,0.7684563758389261,0.6258389261744967,0.0,0.04026845637583887,0.0,1167.0,6077.0,5060.0,90.0,1463.5,604.0,/home/damon/.openclaw/workspace/IntentWeight/paper/experiments/results/task24_online_baselines_638k/linucb_cost_lotte-technology-search-638k_heldout-test_test_corpus-full_q596_prequential_metrics.json,0.41946308724832215,0.5155214658570361,0.49644854586129744,0.41946308724832215,0.4350092932041204,0.391653021120072,393.25,2999.25,1623.75,/home/damon/.openclaw/workspace/IntentWeight/paper/experiments/results/task24_online_baselines_638k/linucb_cost_lotte-technology-search-638k_heldout-test_test_corpus-full_q596_prequential_rankings.json,0.41946308724832215,0.7684563758389261,0.6258389261744967,,uniform_random_ensemble,task24_online_baselines_638k
task24_online_baselines_638k:uniform_random_ensemble:seed19,task24_online_baselines_638k,uniform_random_ensemble,19,596,0,100.0,100.0,100.0,100.0,1.0,10.0,5.0,131.498322147651,1644.8506711409395,733.9546979865772,100.0,100.0,0.0,0.0,0.0,300.0,300.0,,0.0,119.23154362416108,0.0,1.0,1.0781528898488786,1.0,source_candidate_proxy_and_final_context_tokens,lotte_technology_search_638k,1.0,1.0,0.0,0.0,0.19176458521806822,0.5177208919709207,0.3849749008833999,0.41946308724832215,0.7600671140939598,0.6258389261744967,0.0,0.03187919463087252,0.0,1167.0,6562.0,5060.0,90.0,1453.5,604.0,/home/damon/.openclaw/workspace/IntentWeight/paper/experiments/results/task24_online_baselines_638k/linucb_cost_lotte-technology-search-638k_heldout-test_test_corpus-full_q596_prequential_metrics.json,0.41946308724832215,0.5153849739000743,0.49644854586129744,0.41946308724832215,0.43542068212578944,0.391653021120072,393.25,3063.5,1623.75,/home/damon/.openclaw/workspace/IntentWeight/paper/experiments/results/task24_online_baselines_638k/linucb_cost_lotte-technology-search-638k_heldout-test_test_corpus-full_q596_prequential_rankings.json,0.41946308724832215,0.7600671140939598,0.6258389261744967,,uniform_random_ensemble,task24_online_baselines_638k
task24_online_baselines_638k:epsilon_greedy_ensemble:seed13,task24_online_baselines_638k,epsilon_greedy_ensemble,13,596,0,100.0,100.0,100.0,100.0,1.0,10.0,5.0,131.498322147651,1648.5318791946308,733.9546979865772,100.0,100.0,0.0,0.0,0.0,300.0,300.0,,0.0,122.91275167785238,0.0,1.0,1.080565817156419,1.0,source_candidate_proxy_and_final_context_tokens,lotte_technology_search_638k,1.0,1.0,0.0,0.0,0.19176458521806822,0.5168333696922276,0.3849749008833999,0.41946308724832215,0.761744966442953,0.6258389261744967,0.0,0.03355704697986572,0.0,1167.0,6892.0,5060.0,90.0,1506.5,604.0,/home/damon/.openclaw/workspace/IntentWeight/paper/experiments/results/task24_online_baselines_638k/linucb_cost_lotte-technology-search-638k_heldout-test_test_corpus-full_q596_prequential_metrics.json,0.41946308724832215,0.5150360871417917,0.49644854586129744,0.41946308724832215,0.4352734703769429,0.391653021120072,393.25,3010.5,1623.75,/home/damon/.openclaw/workspace/IntentWeight/paper/experiments/results/task24_online_baselines_638k/linucb_cost_lotte-technology-search-638k_heldout-test_test_corpus-full_q596_prequential_rankings.json,0.41946308724832215,0.761744966442953,0.6258389261744967,,epsilon_greedy_ensemble,task24_online_baselines_638k
task24_online_baselines_638k:epsilon_greedy_ensemble:seed17,task24_online_baselines_638k,epsilon_greedy_ensemble,17,596,0,100.0,100.0,100.0,100.0,1.0,10.0,5.0,131.498322147651,1609.3305369127518,733.9546979865772,100.0,100.0,0.0,0.0,0.0,300.0,300.0,,0.0,83.7114093959733,0.0,1.0,1.054870450878673,1.0,source_candidate_proxy_and_final_context_tokens,lotte_technology_search_638k,1.0,1.0,0.0,0.0,0.19176458521806822,0.5154385406533349,0.3849749008833999,0.41946308724832215,0.761744966442953,0.6258389261744967,0.0,0.03355704697986572,0.0,1167.0,6125.0,5060.0,90.0,1436.0,604.0,/home/damon/.openclaw/workspace/IntentWeight/paper/experiments/results/task24_online_baselines_638k/linucb_cost_lotte-technology-search-638k_heldout-test_test_corpus-full_q596_prequential_metrics.json,0.41946308724832215,0.5150454085437305,0.49644854586129744,0.41946308724832215,0.43505096804967736,0.391653021120072,393.25,2978.75,1623.75,/home/damon/.openclaw/workspace/IntentWeight/paper/experiments/results/task24_online_baselines_638k/linucb_cost_lotte-technology-search-638k_heldout-test_test_corpus-full_q596_prequential_rankings.json,0.41946308724832215,0.761744966442953,0.6258389261744967,,epsilon_greedy_ensemble,task24_online_baselines_638k
task24_online_baselines_638k:epsilon_greedy_ensemble:seed19,task24_online_baselines_638k,epsilon_greedy_ensemble,19,596,0,100.0,100.0,100.0,100.0,1.0,10.0,5.0,131.498322147651,1617.5117449664428,733.9546979865772,100.0,100.0,0.0,0.0,0.0,300.0,300.0,,0.0,91.89261744966439,0.0,1.0,1.0602330003552305,1.0,source_candidate_proxy_and_final_context_tokens,lotte_technology_search_638k,1.0,1.0,0.0,0.0,0.19176458521806822,0.5070558765240264,0.3849749008833999,0.41946308724832215,0.75,0.6258389261744967,0.0,0.021812080536912748,0.0,1167.0,6125.0,5060.0,90.0,1461.5,604.0,/home/damon/.openclaw/workspace/IntentWeight/paper/experiments/results/task24_online_baselines_638k/linucb_cost_lotte-technology-search-638k_heldout-test_test_corpus-full_q596_prequential_metrics.json,0.41946308724832215,0.5131271971875997,0.49644854586129744,0.41946308724832215,0.43150820444711324,0.391653021120072,393.25,2992.0,1623.75,/home/damon/.openclaw/workspace/IntentWeight/paper/experiments/results/task24_online_baselines_638k/linucb_cost_lotte-technology-search-638k_heldout-test_test_corpus-full_q596_prequential_rankings.json,0.41946308724832215,0.75,0.6258389261744967,,epsilon_greedy_ensemble,task24_online_baselines_638k
task24_static_ensemble_638k:static_nearest_ensemble:seed13,task24_static_ensemble_638k,static_nearest_ensemble,13,596,0,100.0,100.0,100.0,100.0,1.0,10.0,5.0,131.498322147651,1634.020134228188,733.9546979865772,100.0,100.0,0.0,0.0,0.0,300.0,300.0,,0.0,108.40100671140954,0.0,1.0,1.0710537805643876,1.0,source_candidate_proxy_and_final_context_tokens,lotte_technology_search_638k,1.0,1.0,0.0,0.0,0.19176458521806822,0.510661789690805,0.3849749008833999,0.41946308724832215,0.7533557046979866,0.6258389261744967,0.0,0.025167785234899376,0.0,1167.0,6892.0,5060.0,90.0,1456.0,604.0,/home/damon/.openclaw/workspace/IntentWeight/paper/experiments/results/task24_static_ensemble_638k/linucb_cost_lotte-technology-search-638k_heldout-test_test_corpus-full_q596_prequential_metrics.json,0.41946308724832215,0.5140260466602746,0.49644854586129744,0.41946308724832215,0.4331385474204345,0.391653021120072,393.25,3189.75,1623.75,/home/damon/.openclaw/workspace/IntentWeight/paper/experiments/results/task24_static_ensemble_638k/linucb_cost_lotte-technology-search-638k_heldout-test_test_corpus-full_q596_prequential_rankings.json,0.41946308724832215,0.7533557046979866,0.6258389261744967,,static_nearest_ensemble,task24_static_ensemble_638k
task24_static_ensemble_638k:static_nearest_ensemble:seed17,task24_static_ensemble_638k,static_nearest_ensemble,17,596,0,100.0,100.0,100.0,100.0,1.0,10.0,5.0,131.498322147651,1617.0939597315437,733.9546979865772,100.0,100.0,0.0,0.0,0.0,300.0,300.0,,0.0,91.47483221476523,0.0,1.0,1.0599591540017312,1.0,source_candidate_proxy_and_final_context_tokens,lotte_technology_search_638k,1.0,1.0,0.0,0.0,0.19176458521806822,0.516515033171334,0.3849749008833999,0.41946308724832215,0.7600671140939598,0.6258389261744967,0.0,0.03187919463087252,0.0,1167.0,5812.0,5060.0,90.0,1437.0,604.0,/home/damon/.openclaw/workspace/IntentWeight/paper/experiments/results/task24_static_ensemble_638k/linucb_cost_lotte-technology-search-638k_heldout-test_test_corpus-full_q596_prequential_metrics.json,0.41946308724832215,0.5151013369553636,0.49644854586129744,0.41946308724832215,0.43600774789949165,0.391653021120072,393.25,3037.5,1623.75,/home/damon/.openclaw/workspace/IntentWeight/paper/experiments/results/task24_static_ensemble_638k/linucb_cost_lotte-technology-search-638k_heldout-test_test_corpus-full_q596_prequential_rankings.json,0.41946308724832215,0.7600671140939598,0.6258389261744967,,static_nearest_ensemble,task24_static_ensemble_638k
task24_static_ensemble_638k:static_nearest_ensemble:seed19,task24_static_ensemble_638k,static_nearest_ensemble,19,596,0,100.0,100.0,100.0,100.0,1.0,10.0,5.0,131.498322147651,1631.211409395973,733.9546979865772,100.0,100.0,0.0,0.0,0.0,300.0,300.0,,0.0,105.59228187919462,0.0,1.0,1.0692127412239942,1.0,source_candidate_proxy_and_final_context_tokens,lotte_technology_search_638k,1.0,1.0,0.0,0.0,0.19176458521806822,0.5191653074868766,0.3849749008833999,0.41946308724832215,0.7701342281879194,0.6258389261744967,0.0,0.04194630872483218,0.0,1167.0,7523.0,5060.0,90.0,1476.5,604.0,/home/damon/.openclaw/workspace/IntentWeight/paper/experiments/results/task24_static_ensemble_638k/linucb_cost_lotte-technology-search-638k_heldout-test_test_corpus-full_q596_prequential_metrics.json,0.41946308724832215,0.5162631831255992,0.49644854586129744,0.41946308724832215,0.436975769726003,0.391653021120072,393.25,3001.5,1623.75,/home/damon/.openclaw/workspace/IntentWeight/paper/experiments/results/task24_static_ensemble_638k/linucb_cost_lotte-technology-search-638k_heldout-test_test_corpus-full_q596_prequential_rankings.json,0.41946308724832215,0.7701342281879194,0.6258389261744967,,static_nearest_ensemble,task24_static_ensemble_638k
task24_static_gated_638k:static_nearest_gated:seed13,task24_static_gated_638k,static_nearest_gated,13,596,0,55.16778523489933,59.23937360178971,100.0,100.0,1.0,10.0,5.0,131.6258389261745,1618.3221476510066,766.4211409395973,60.62080536912752,64.25055928411633,0.0,0.0,0.0,215.78859060402684,223.48993288590603,,0.12751677852349985,92.70302013422815,32.46644295302008,1.0009697217153868,1.060764196293946,1.0442349412601128,source_candidate_proxy_and_final_context_tokens,lotte_technology_search_638k,0.9949664429530202,0.9972035794183446,0.005033557046979831,0.0027964205816554863,0.19092565904357156,0.49993097967308237,0.40211695904894806,0.41778523489932884,0.7365771812080537,0.6476510067114094,-0.001677852348993314,0.008389261744966459,0.021812080536912748,1167.0,6892.0,5060.0,90.0,1442.0,654.0,/home/damon/.openclaw/workspace/IntentWeight/paper/experiments/results/task24_static_gated_638k/linucb_cost_lotte-technology-search-638k_heldout-test_test_corpus-full_q596_prequential_metrics.json,0.41778523489932884,0.5131431767337805,0.5009228187919462,0.41778523489932884,0.4298221316742809,0.39922076333529893,393.25,3088.75,1644.0,/home/damon/.openclaw/workspace/IntentWeight/paper/experiments/results/task24_static_gated_638k/linucb_cost_lotte-technology-search-638k_heldout-test_test_corpus-full_q596_prequential_rankings.json,0.41778523489932884,0.7365771812080537,0.6476510067114094,,static_nearest_gated,task24_static_gated_638k
task24_static_gated_638k:static_nearest_gated:seed17,task24_static_gated_638k,static_nearest_gated,17,596,0,62.281879194630875,59.23937360178971,100.0,100.0,1.0,10.0,5.0,131.498322147651,1608.1090604026845,752.9563758389262,66.99664429530202,64.25055928411633,0.0,0.0,0.0,229.2785234899329,223.48993288590603,,0.0,82.489932885906,19.001677852348962,1.0,1.0540698077246666,1.0258894423654148,source_candidate_proxy_and_final_context_tokens,lotte_technology_search_638k,1.0,0.9972035794183446,0.0,0.0027964205816554863,0.19176458521806822,0.5056276878865693,0.39474173267204393,0.41946308724832215,0.75,0.6375838926174496,0.0,0.021812080536912748,0.011744966442952975,1167.0,5812.0,5060.0,90.0,1429.5,629.0,/home/damon/.openclaw/workspace/IntentWeight/paper/experiments/results/task24_static_gated_638k/linucb_cost_lotte-technology-search-638k_heldout-test_test_corpus-full_q596_prequential_metrics.json,0.41946308724832215,0.5144068925109191,0.4992170022371364,0.41946308724832215,0.4321671093197299,0.39561840189197756,393.25,3018.5,1623.75,/home/damon/.openclaw/workspace/IntentWeight/paper/experiments/results/task24_static_gated_638k/linucb_cost_lotte-technology-search-638k_heldout-test_test_corpus-full_q596_prequential_rankings.json,0.41946308724832215,0.75,0.6375838926174496,,static_nearest_gated,task24_static_gated_638k
task24_static_gated_638k:static_nearest_gated:seed19,task24_static_gated_638k,static_nearest_gated,19,596,0,60.26845637583892,59.23937360178971,100.0,100.0,1.0,10.0,5.0,131.6258389261745,1614.6157718120805,760.6325503355705,65.13422818791946,64.25055928411633,0.0,0.0,0.0,225.40268456375838,223.48993288590603,,0.12751677852349985,88.99664429530208,26.67785234899327,1.0009697217153868,1.0583347722181224,1.0363480912679996,source_candidate_proxy_and_final_context_tokens,lotte_technology_search_638k,0.9966442953020134,0.9972035794183446,0.003355704697986628,0.0027964205816554863,0.19092565904357156,0.509804341769599,0.39663630761611535,0.41778523489932884,0.7634228187919463,0.6426174496644296,-0.001677852348993314,0.03523489932885904,0.016778523489932917,1167.0,7523.0,5060.0,90.0,1447.0,644.0,/home/damon/.openclaw/workspace/IntentWeight/paper/experiments/results/task24_static_gated_638k/linucb_cost_lotte-technology-search-638k_heldout-test_test_corpus-full_q596_prequential_metrics.json,0.41778523489932884,0.5158883296047725,0.49983221476510065,0.41778523489932884,0.4338006753283672,0.39674479958253295,393.25,3012.75,1636.5,/home/damon/.openclaw/workspace/IntentWeight/paper/experiments/results/task24_static_gated_638k/linucb_cost_lotte-technology-search-638k_heldout-test_test_corpus-full_q596_prequential_rankings.json,0.41778523489932884,0.7634228187919463,0.6426174496644296,,static_nearest_gated,task24_static_gated_638k
