hit@10,hit_delta_vs_dense_pp,method,policy,queries,seed,split,token_saving_vs_dense_pct,tokens
0.8770949720670391,1.6759776536312887,intentroute,token_budget_r1.00_m4,179,13,calibration,-1.4328759976257155,1498.8435754189943
0.8770949720670391,1.6759776536312887,intentroute,token_budget_r1.00_m5,179,13,calibration,-1.4328759976257155,1498.8435754189943
0.8770949720670391,1.6759776536312887,intentroute,token_budget_r1.00_m6,179,13,calibration,-1.4328759976257155,1498.8435754189943
0.8770949720670391,1.6759776536312887,intentroute,token_budget_r1.00_m7,179,13,calibration,-1.4328759976257155,1498.8435754189943
0.8770949720670391,1.6759776536312887,intentroute,token_budget_r1.00_m8,179,13,calibration,-1.4328759976257155,1498.8435754189943
0.8603351955307262,0.0,intentroute,token_budget_r0.99_m4,179,13,calibration,8.961713099662393,1345.2458100558658
0.8603351955307262,0.0,intentroute,token_budget_r0.99_m5,179,13,calibration,8.961713099662393,1345.2458100558658
0.8603351955307262,0.0,intentroute,token_budget_r0.99_m6,179,13,calibration,8.961713099662393,1345.2458100558658
0.8603351955307262,0.0,intentroute,token_budget_r0.99_m7,179,13,calibration,8.961713099662393,1345.2458100558658
0.8603351955307262,0.0,intentroute,token_budget_r0.99_m8,179,13,calibration,8.961713099662393,1345.2458100558658
0.8603351955307262,0.0,intentroute,token_budget_r0.98_m4,179,13,calibration,9.617282223642087,1335.558659217877
0.8603351955307262,0.0,intentroute,token_budget_r0.98_m5,179,13,calibration,9.617282223642087,1335.558659217877
0.8603351955307262,0.0,intentroute,token_budget_r0.98_m6,179,13,calibration,9.617282223642087,1335.558659217877
0.8603351955307262,0.0,intentroute,token_budget_r0.98_m7,179,13,calibration,9.617282223642087,1335.558659217877
0.8603351955307262,0.0,intentroute,token_budget_r0.98_m8,179,13,calibration,9.574938658540733,1336.1843575418995
0.8603351955307262,0.0,intentroute,token_budget_r0.97_m4,179,13,calibration,9.897808342438463,1331.4134078212292
0.8603351955307262,0.0,intentroute,token_budget_r0.97_m5,179,13,calibration,9.897808342438463,1331.4134078212292
0.8603351955307262,0.0,intentroute,token_budget_r0.97_m6,179,13,calibration,9.897808342438463,1331.4134078212292
0.8603351955307262,0.0,intentroute,token_budget_r0.97_m7,179,13,calibration,9.897808342438463,1331.4134078212292
0.8603351955307262,0.0,intentroute,token_budget_r0.97_m8,179,13,calibration,9.855464777337119,1332.0391061452515
0.8603351955307262,0.0,intentroute,token_budget_r0.96_m4,179,13,calibration,10.335610560182683,1324.9441340782123
0.8603351955307262,0.0,intentroute,token_budget_r0.96_m5,179,13,calibration,10.335610560182683,1324.9441340782123
0.8603351955307262,0.0,intentroute,token_budget_r0.96_m6,179,13,calibration,10.335610560182683,1324.9441340782123
0.8603351955307262,0.0,intentroute,token_budget_r0.96_m7,179,13,calibration,10.335610560182683,1324.9441340782123
0.8603351955307262,0.0,intentroute,token_budget_r0.96_m8,179,13,calibration,10.293266995081352,1325.5698324022346
0.8603351955307262,0.0,intentroute,token_budget_r0.95_m4,179,13,calibration,11.3718937025289,1309.6312849162011
0.8603351955307262,0.0,intentroute,token_budget_r0.95_m5,179,13,calibration,11.3718937025289,1309.6312849162011
0.8603351955307262,0.0,intentroute,token_budget_r0.95_m6,179,13,calibration,11.3718937025289,1309.6312849162011
0.8603351955307262,0.0,intentroute,token_budget_r0.95_m7,179,13,calibration,11.3718937025289,1309.6312849162011
0.8603351955307262,0.0,intentroute,token_budget_r0.95_m8,179,13,calibration,11.261876046774521,1311.2569832402235
0.8547486033519553,-0.5586592178770888,intentroute,token_budget_r0.94_m4,179,13,calibration,12.422165344060376,1294.1117318435754
0.8547486033519553,-0.5586592178770888,intentroute,token_budget_r0.94_m5,179,13,calibration,12.422165344060376,1294.1117318435754
0.8547486033519553,-0.5586592178770888,intentroute,token_budget_r0.94_m6,179,13,calibration,12.422165344060376,1294.1117318435754
0.8547486033519553,-0.5586592178770888,intentroute,token_budget_r0.94_m7,179,13,calibration,12.422165344060376,1294.1117318435754
0.8547486033519553,-0.5586592178770888,intentroute,token_budget_r0.94_m8,179,13,calibration,11.748827045439947,1304.0614525139665
0.8547486033519553,-0.5586592178770888,intentroute,token_budget_r0.93_m4,179,13,calibration,12.94352048937063,1286.4078212290503
0.8547486033519553,-0.5586592178770888,intentroute,token_budget_r0.93_m5,179,13,calibration,12.94352048937063,1286.4078212290503
0.8547486033519553,-0.5586592178770888,intentroute,token_budget_r0.93_m6,179,13,calibration,12.94352048937063,1286.4078212290503
0.8547486033519553,-0.5586592178770888,intentroute,token_budget_r0.93_m7,179,13,calibration,12.930288125276467,1286.6033519553073
0.8547486033519553,-0.5586592178770888,intentroute,token_budget_r0.93_m8,179,13,calibration,12.162811007814668,1297.9441340782123
0.8547486033519553,-0.5586592178770888,intentroute,token_budget_r0.92_m4,179,13,calibration,14.12384736657052,1268.9664804469273
0.8547486033519553,-0.5586592178770888,intentroute,token_budget_r0.92_m5,179,13,calibration,14.12384736657052,1268.9664804469273
0.8547486033519553,-0.5586592178770888,intentroute,token_budget_r0.92_m6,179,13,calibration,14.103431719110937,1269.268156424581
0.8547486033519553,-0.5586592178770888,intentroute,token_budget_r0.92_m7,179,13,calibration,14.090199355016775,1269.463687150838
0.8547486033519553,-0.5586592178770888,intentroute,token_budget_r0.92_m8,179,13,calibration,12.889456830357314,1287.2067039106146
0.8547486033519553,-0.5586592178770888,intentroute,token_budget_r0.91_m4,179,13,calibration,15.426668128527844,1249.7150837988827
0.8547486033519553,-0.5586592178770888,intentroute,token_budget_r0.91_m5,179,13,calibration,15.421753250435732,1249.7877094972066
0.8547486033519553,-0.5586592178770888,intentroute,token_budget_r0.91_m6,179,13,calibration,15.394154319610752,1250.195530726257
0.8547486033519553,-0.5586592178770888,intentroute,token_budget_r0.91_m7,179,13,calibration,15.38092195551658,1250.391061452514
0.8491620111731844,-1.1173184357541888,intentroute,token_budget_r0.91_m8,179,13,calibration,13.553343440339061,1277.3966480446927
0.8547486033519553,-0.5586592178770888,intentroute,token_budget_r0.90_m4,179,13,calibration,16.08526179287192,1239.9832402234638
0.8547486033519553,-0.5586592178770888,intentroute,token_budget_r0.90_m5,179,13,calibration,16.080346914779795,1240.0558659217877
0.8547486033519553,-0.5586592178770888,intentroute,token_budget_r0.90_m6,179,13,calibration,16.052747983954816,1240.463687150838
0.8547486033519553,-0.5586592178770888,intentroute,token_budget_r0.90_m7,179,13,calibration,16.039515619860644,1240.659217877095
0.8491620111731844,-1.1173184357541888,intentroute,token_budget_r0.90_m8,179,13,calibration,14.105322056838677,1269.2402234636872
0.8491620111731844,-1.1173184357541888,intentroute,token_budget_r0.89_m4,179,13,calibration,17.232696793609147,1223.0279329608938
0.8491620111731844,-1.1173184357541888,intentroute,token_budget_r0.89_m5,179,13,calibration,17.22778191551704,1223.1005586592178
0.8491620111731844,-1.1173184357541888,intentroute,token_budget_r0.89_m6,179,13,calibration,17.20018298469206,1223.508379888268
0.8491620111731844,-1.1173184357541888,intentroute,token_budget_r0.89_m7,179,13,calibration,17.10566609830514,1224.9050279329608
0.8491620111731844,-1.1173184357541888,intentroute,token_budget_r0.89_m8,179,13,calibration,14.846334446112142,1258.2905027932961
0.8491620111731844,-1.1173184357541888,intentroute,token_budget_r0.88_m4,179,13,calibration,18.219453087488624,1208.4469273743016
0.8491620111731844,-1.1173184357541888,intentroute,token_budget_r0.88_m5,179,13,calibration,18.21453820939649,1208.5195530726257
0.8491620111731844,-1.1173184357541888,intentroute,token_budget_r0.88_m6,179,13,calibration,18.18693927857151,1208.927374301676
0.8491620111731844,-1.1173184357541888,intentroute,token_budget_r0.88_m7,179,13,calibration,17.988831884704524,1211.854748603352
0.8491620111731844,-1.1173184357541888,intentroute,token_budget_r0.88_m8,179,13,calibration,15.332151242140924,1251.1117318435754
0.8491620111731844,-1.1173184357541888,intentroute,token_budget_r0.87_m4,179,13,calibration,18.869351198285102,1198.8435754189943
0.8491620111731844,-1.1173184357541888,intentroute,token_budget_r0.87_m5,179,13,calibration,18.86443632019297,1198.9162011173185
0.8491620111731844,-1.1173184357541888,intentroute,token_budget_r0.87_m6,179,13,calibration,18.83683738936799,1199.3240223463688
0.8491620111731844,-1.1173184357541888,intentroute,token_budget_r0.87_m7,179,13,calibration,18.441000669179562,1205.173184357542
0.8491620111731844,-1.1173184357541888,intentroute,token_budget_r0.87_m8,179,13,calibration,15.507196515729504,1248.5251396648046
0.8547486033519553,-0.5586592178770888,intentroute,token_budget_r0.86_m4,179,13,calibration,19.640987058747918,1187.441340782123
0.8547486033519553,-0.5586592178770888,intentroute,token_budget_r0.86_m5,179,13,calibration,19.636072180655805,1187.513966480447
0.8547486033519553,-0.5586592178770888,intentroute,token_budget_r0.86_m6,179,13,calibration,19.608473249830816,1187.9217877094973
0.8547486033519553,-0.5586592178770888,intentroute,token_budget_r0.86_m7,179,13,calibration,19.14912118199038,1194.7094972067039
0.8547486033519553,-0.5586592178770888,intentroute,token_budget_r0.86_m8,179,13,calibration,15.864848413817612,1243.2402234636872
0.8547486033519553,-0.5586592178770888,intentroute,token_budget_r0.85_m4,179,13,calibration,20.30865434418514,1177.5754189944134
0.8547486033519553,-0.5586592178770888,intentroute,token_budget_r0.85_m5,179,13,calibration,20.303739466093017,1177.6480446927374
0.8547486033519553,-0.5586592178770888,intentroute,token_budget_r0.85_m6,179,13,calibration,20.26101783344614,1178.2793296089385
0.8547486033519553,-0.5586592178770888,intentroute,token_budget_r0.85_m7,179,13,calibration,19.67841574575714,1186.8882681564246
0.8547486033519553,-0.5586592178770888,intentroute,token_budget_r0.85_m8,179,13,calibration,16.151423613342764,1239.0055865921788
0.8547486033519553,-0.5586592178770888,intentroute,token_budget_r0.84_m4,179,13,calibration,21.087851555558924,1166.0614525139665
0.8547486033519553,-0.5586592178770888,intentroute,token_budget_r0.84_m5,179,13,calibration,21.0829366774668,1166.1340782122904
0.8547486033519553,-0.5586592178770888,intentroute,token_budget_r0.84_m6,179,13,calibration,20.983126845442214,1167.608938547486
0.8547486033519553,-0.5586592178770888,intentroute,token_budget_r0.84_m7,179,13,calibration,20.127938057413353,1180.2458100558658
0.8547486033519553,-0.5586592178770888,intentroute,token_budget_r0.84_m8,179,13,calibration,16.3189075360204,1236.5307262569831
0.8491620111731844,-1.1173184357541888,intentroute,token_budget_r0.83_m4,179,13,calibration,21.916197547853912,1153.8212290502793
0.8491620111731844,-1.1173184357541888,intentroute,token_budget_r0.83_m5,179,13,calibration,21.91128266976178,1153.8938547486034
0.8491620111731844,-1.1173184357541888,intentroute,token_budget_r0.83_m6,179,13,calibration,21.8114728377372,1155.3687150837989
0.8491620111731844,-1.1173184357541888,intentroute,token_budget_r0.83_m7,179,13,calibration,20.677648268639683,1172.122905027933
0.8491620111731844,-1.1173184357541888,intentroute,token_budget_r0.83_m8,179,13,calibration,16.591494236360283,1232.5027932960893
0.8547486033519553,-0.5586592178770888,intentroute,token_budget_r0.82_m4,179,13,calibration,23.174028271891057,1135.2346368715084
0.8547486033519553,-0.5586592178770888,intentroute,token_budget_r0.82_m5,179,13,calibration,23.169113393798945,1135.3072625698323
0.8547486033519553,-0.5586592178770888,intentroute,token_budget_r0.82_m6,179,13,calibration,23.048887914314776,1137.0837988826815
0.8547486033519553,-0.5586592178770888,intentroute,token_budget_r0.82_m7,179,13,calibration,21.452308669466902,1160.6759776536312
0.8491620111731844,-1.1173184357541888,intentroute,token_budget_r0.82_m8,179,13,calibration,16.836482005875176,1228.8826815642458
0.8547486033519553,-0.5586592178770888,intentroute,token_budget_r0.81_m4,179,13,calibration,23.806535275592346,1125.8882681564246
0.8547486033519553,-0.5586592178770888,intentroute,token_budget_r0.81_m5,179,13,calibration,23.801620397500233,1125.9608938547485
0.8547486033519553,-0.5586592178770888,intentroute,token_budget_r0.81_m6,179,13,calibration,23.616745367727397,1128.6927374301677
0.8547486033519553,-0.5586592178770888,intentroute,token_budget_r0.81_m7,179,13,calibration,21.772909948091336,1155.9385474860335
0.8491620111731844,-1.1173184357541888,intentroute,token_budget_r0.81_m8,179,13,calibration,16.836482005875176,1228.8826815642458
0.8547486033519553,-0.5586592178770888,intentroute,token_budget_r0.80_m4,179,13,calibration,24.487812992669276,1115.8212290502793
0.8547486033519553,-0.5586592178770888,intentroute,token_budget_r0.80_m5,179,13,calibration,24.482898114577157,1115.8938547486034
0.8547486033519553,-0.5586592178770888,intentroute,token_budget_r0.80_m6,179,13,calibration,24.209933346691713,1119.927374301676
0.8547486033519553,-0.5586592178770888,intentroute,token_budget_r0.80_m7,179,13,calibration,22.183113235010577,1149.877094972067
0.8491620111731844,-1.1173184357541888,intentroute,token_budget_r0.80_m8,179,13,calibration,16.836482005875176,1228.8826815642458
0.8715083798882681,1.1173184357541888,intentroute,token_budget_r1.00_m4,179,17,calibration,-1.7372203717916257,1503.340782122905
0.8715083798882681,1.1173184357541888,intentroute,token_budget_r1.00_m5,179,17,calibration,-1.7372203717916257,1503.340782122905
0.8715083798882681,1.1173184357541888,intentroute,token_budget_r1.00_m6,179,17,calibration,-1.7372203717916257,1503.340782122905
0.8715083798882681,1.1173184357541888,intentroute,token_budget_r1.00_m7,179,17,calibration,-1.7372203717916257,1503.340782122905
0.8715083798882681,1.1173184357541888,intentroute,token_budget_r1.00_m8,179,17,calibration,-1.7372203717916257,1503.340782122905
0.8603351955307262,0.0,intentroute,token_budget_r0.99_m4,179,17,calibration,8.838463079813842,1347.0670391061453
0.8603351955307262,0.0,intentroute,token_budget_r0.99_m5,179,17,calibration,8.838463079813842,1347.0670391061453
0.8603351955307262,0.0,intentroute,token_budget_r0.99_m6,179,17,calibration,8.838463079813842,1347.0670391061453
0.8603351955307262,0.0,intentroute,token_budget_r0.99_m7,179,17,calibration,8.838463079813842,1347.0670391061453
0.8603351955307262,0.0,intentroute,token_budget_r0.99_m8,179,17,calibration,8.838463079813842,1347.0670391061453
0.8603351955307262,0.0,intentroute,token_budget_r0.98_m4,179,17,calibration,9.220689368362567,1341.4189944134077
0.8603351955307262,0.0,intentroute,token_budget_r0.98_m5,179,17,calibration,9.220689368362567,1341.4189944134077
0.8603351955307262,0.0,intentroute,token_budget_r0.98_m6,179,17,calibration,9.220689368362567,1341.4189944134077
0.8603351955307262,0.0,intentroute,token_budget_r0.98_m7,179,17,calibration,9.220689368362567,1341.4189944134077
0.8603351955307262,0.0,intentroute,token_budget_r0.98_m8,179,17,calibration,9.220689368362567,1341.4189944134077
0.8603351955307262,0.0,intentroute,token_budget_r0.97_m4,179,17,calibration,9.734483162761865,1333.826815642458
0.8603351955307262,0.0,intentroute,token_budget_r0.97_m5,179,17,calibration,9.734483162761865,1333.826815642458
0.8603351955307262,0.0,intentroute,token_budget_r0.97_m6,179,17,calibration,9.734483162761865,1333.826815642458
0.8603351955307262,0.0,intentroute,token_budget_r0.97_m7,179,17,calibration,9.734483162761865,1333.826815642458
0.8603351955307262,0.0,intentroute,token_budget_r0.97_m8,179,17,calibration,9.734483162761865,1333.826815642458
0.8603351955307262,0.0,intentroute,token_budget_r0.96_m4,179,17,calibration,10.470958741488756,1322.9441340782123
0.8603351955307262,0.0,intentroute,token_budget_r0.96_m5,179,17,calibration,10.470958741488756,1322.9441340782123
0.8603351955307262,0.0,intentroute,token_budget_r0.96_m6,179,17,calibration,10.470958741488756,1322.9441340782123
0.8603351955307262,0.0,intentroute,token_budget_r0.96_m7,179,17,calibration,10.470958741488756,1322.9441340782123
0.8603351955307262,0.0,intentroute,token_budget_r0.96_m8,179,17,calibration,10.44789662121035,1323.2849162011173
0.8603351955307262,0.0,intentroute,token_budget_r0.95_m4,179,17,calibration,11.23163064313072,1311.703910614525
0.8603351955307262,0.0,intentroute,token_budget_r0.95_m5,179,17,calibration,11.23163064313072,1311.703910614525
0.8603351955307262,0.0,intentroute,token_budget_r0.95_m6,179,17,calibration,11.23163064313072,1311.703910614525
0.8603351955307262,0.0,intentroute,token_budget_r0.95_m7,179,17,calibration,11.23163064313072,1311.703910614525
0.8603351955307262,0.0,intentroute,token_budget_r0.95_m8,179,17,calibration,11.179079254299584,1312.4804469273743
0.8603351955307262,0.0,intentroute,token_budget_r0.94_m4,179,17,calibration,12.955240583282613,1286.2346368715084
0.8603351955307262,0.0,intentroute,token_budget_r0.94_m5,179,17,calibration,12.955240583282613,1286.2346368715084
0.8603351955307262,0.0,intentroute,token_budget_r0.94_m6,179,17,calibration,12.955240583282613,1286.2346368715084
0.8603351955307262,0.0,intentroute,token_budget_r0.94_m7,179,17,calibration,12.955240583282613,1286.2346368715084
0.8603351955307262,0.0,intentroute,token_budget_r0.94_m8,179,17,calibration,12.382846319323415,1294.6927374301677
0.8603351955307262,0.0,intentroute,token_budget_r0.93_m4,179,17,calibration,13.586613384347256,1276.9050279329608
0.8603351955307262,0.0,intentroute,token_budget_r0.93_m5,179,17,calibration,13.586613384347256,1276.9050279329608
0.8603351955307262,0.0,intentroute,token_budget_r0.93_m6,179,17,calibration,13.586613384347256,1276.9050279329608
0.8603351955307262,0.0,intentroute,token_budget_r0.93_m7,179,17,calibration,13.586613384347256,1276.9050279329608
0.8603351955307262,0.0,intentroute,token_budget_r0.93_m8,179,17,calibration,12.948057299917215,1286.340782122905
0.8603351955307262,0.0,intentroute,token_budget_r0.92_m4,179,17,calibration,14.31250307179881,1266.1787709497207
0.8603351955307262,0.0,intentroute,token_budget_r0.92_m5,179,17,calibration,14.31250307179881,1266.1787709497207
0.8603351955307262,0.0,intentroute,token_budget_r0.92_m6,179,17,calibration,14.31250307179881,1266.1787709497207
0.8603351955307262,0.0,intentroute,token_budget_r0.92_m7,179,17,calibration,14.306453991070045,1266.268156424581
0.8603351955307262,0.0,intentroute,token_budget_r0.92_m8,179,17,calibration,13.413080380940857,1279.4692737430169
0.8603351955307262,0.0,intentroute,token_budget_r0.91_m4,179,17,calibration,14.86410362075289,1258.0279329608938
0.8603351955307262,0.0,intentroute,token_budget_r0.91_m5,179,17,calibration,14.86410362075289,1258.0279329608938
0.8603351955307262,0.0,intentroute,token_budget_r0.91_m6,179,17,calibration,14.832724014472431,1258.491620111732
0.8603351955307262,0.0,intentroute,token_budget_r0.91_m7,179,17,calibration,14.817979380196078,1258.7094972067039
0.8603351955307262,0.0,intentroute,token_budget_r0.91_m8,179,17,calibration,13.651262934635898,1275.9497206703911
0.8603351955307262,0.0,intentroute,token_budget_r0.90_m4,179,17,calibration,15.47392657172132,1249.0167597765362
0.8603351955307262,0.0,intentroute,token_budget_r0.90_m5,179,17,calibration,15.47392657172132,1249.0167597765362
0.8603351955307262,0.0,intentroute,token_budget_r0.90_m6,179,17,calibration,15.442546965440851,1249.4804469273743
0.8603351955307262,0.0,intentroute,token_budget_r0.90_m7,179,17,calibration,15.365421186149131,1250.6201117318435
0.8603351955307262,0.0,intentroute,token_budget_r0.90_m8,179,17,calibration,14.022903331909287,1270.4581005586592
0.8603351955307262,0.0,intentroute,token_budget_r0.89_m4,179,17,calibration,16.30945584738169,1236.6703910614526
0.8603351955307262,0.0,intentroute,token_budget_r0.89_m5,179,17,calibration,16.30945584738169,1236.6703910614526
0.8603351955307262,0.0,intentroute,token_budget_r0.89_m6,179,17,calibration,16.278076241101246,1237.1340782122904
0.8603351955307262,0.0,intentroute,token_budget_r0.89_m7,179,17,calibration,16.16389984234584,1238.8212290502793
0.8603351955307262,0.0,intentroute,token_budget_r0.89_m8,179,17,calibration,14.577906488773296,1262.2569832402235
0.8547486033519553,-0.5586592178770888,intentroute,token_budget_r0.88_m4,179,17,calibration,17.25462471125092,1222.703910614525
0.8547486033519553,-0.5586592178770888,intentroute,token_budget_r0.88_m5,179,17,calibration,17.25462471125092,1222.703910614525
0.8547486033519553,-0.5586592178770888,intentroute,token_budget_r0.88_m6,179,17,calibration,17.205097862784168,1223.4357541899442
0.8547486033519553,-0.5586592178770888,intentroute,token_budget_r0.88_m7,179,17,calibration,16.917010393076826,1227.6927374301677
0.8547486033519553,-0.5586592178770888,intentroute,token_budget_r0.88_m8,179,17,calibration,14.95332756150215,1256.7094972067039
0.8547486033519553,-0.5586592178770888,intentroute,token_budget_r0.87_m4,179,17,calibration,18.276541286866312,1207.6033519553073
0.8547486033519553,-0.5586592178770888,intentroute,token_budget_r0.87_m5,179,17,calibration,18.276541286866312,1207.6033519553073
0.8547486033519553,-0.5586592178770888,intentroute,token_budget_r0.87_m6,179,17,calibration,17.999039708434317,1211.703910614525
0.8547486033519553,-0.5586592178770888,intentroute,token_budget_r0.87_m7,179,17,calibration,17.31322518081081,1221.8379888268157
0.8547486033519553,-0.5586592178770888,intentroute,token_budget_r0.87_m8,179,17,calibration,15.04784444788907,1255.3128491620112
0.8547486033519553,-0.5586592178770888,intentroute,token_budget_r0.86_m4,179,17,calibration,19.452709421065173,1190.2234636871508
0.8547486033519553,-0.5586592178770888,intentroute,token_budget_r0.86_m5,179,17,calibration,19.452709421065173,1190.2234636871508
0.8547486033519553,-0.5586592178770888,intentroute,token_budget_r0.86_m6,179,17,calibration,19.019444013867528,1196.6256983240223
0.8547486033519553,-0.5586592178770888,intentroute,token_budget_r0.86_m7,179,17,calibration,18.082214568454813,1210.4748603351954
0.8547486033519553,-0.5586592178770888,intentroute,token_budget_r0.86_m8,179,17,calibration,15.448596046169616,1249.391061452514
0.8547486033519553,-0.5586592178770888,intentroute,token_budget_r0.85_m4,179,17,calibration,20.147597569781816,1179.95530726257
0.8547486033519553,-0.5586592178770888,intentroute,token_budget_r0.85_m5,179,17,calibration,20.147597569781816,1179.95530726257
0.8547486033519553,-0.5586592178770888,intentroute,token_budget_r0.85_m6,179,17,calibration,19.675391205392767,1186.9329608938547
0.8547486033519553,-0.5586592178770888,intentroute,token_budget_r0.85_m7,179,17,calibration,18.534761420475398,1203.7877094972066
0.8547486033519553,-0.5586592178770888,intentroute,token_budget_r0.85_m8,179,17,calibration,15.658423533948573,1246.2905027932961
0.8491620111731844,-1.1173184357541888,intentroute,token_budget_r0.84_m4,179,17,calibration,20.88596348623646,1169.04469273743
0.8491620111731844,-1.1173184357541888,intentroute,token_budget_r0.84_m5,179,17,calibration,20.879536337962147,1169.1396648044692
0.8491620111731844,-1.1173184357541888,intentroute,token_budget_r0.84_m6,179,17,calibration,20.253078414989634,1178.3966480446927
0.8491620111731844,-1.1173184357541888,intentroute,token_budget_r0.84_m7,179,17,calibration,18.8829616299248,1198.6424581005588
0.8491620111731844,-1.1173184357541888,intentroute,token_budget_r0.84_m8,179,17,calibration,15.794149782800204,1244.2849162011173
0.8491620111731844,-1.1173184357541888,intentroute,token_budget_r0.83_m4,179,17,calibration,21.631890753602047,1158.022346368715
0.8491620111731844,-1.1173184357541888,intentroute,token_budget_r0.83_m5,179,17,calibration,21.61071897105138,1158.3351955307262
0.8491620111731844,-1.1173184357541888,intentroute,token_budget_r0.83_m6,179,17,calibration,20.97972423753228,1167.659217877095
0.8491620111731844,-1.1173184357541888,intentroute,token_budget_r0.83_m7,179,17,calibration,19.346094373220723,1191.7988826815642
0.8491620111731844,-1.1173184357541888,intentroute,token_budget_r0.83_m8,179,17,calibration,15.86371421118098,1243.2569832402235
0.8491620111731844,-1.1173184357541888,intentroute,token_budget_r0.82_m4,179,17,calibration,22.372525075329964,1147.0782122905027
0.8491620111731844,-1.1173184357541888,intentroute,token_budget_r0.82_m5,179,17,calibration,22.351353292779297,1147.391061452514
0.8491620111731844,-1.1173184357541888,intentroute,token_budget_r0.82_m6,179,17,calibration,21.659867751972573,1157.608938547486
0.8491620111731844,-1.1173184357541888,intentroute,token_budget_r0.82_m7,179,17,calibration,19.576337508459275,1188.3966480446927
0.8491620111731844,-1.1173184357541888,intentroute,token_budget_r0.82_m8,179,17,calibration,15.942352260654891,1242.0949720670392
0.8491620111731844,-1.1173184357541888,intentroute,token_budget_r0.81_m4,179,17,calibration,23.339243789295406,1132.7932960893854
0.8491620111731844,-1.1173184357541888,intentroute,token_budget_r0.81_m5,179,17,calibration,23.313157128652605,1133.1787709497207
0.8491620111731844,-1.1173184357541888,intentroute,token_budget_r0.81_m6,179,17,calibration,22.584620968382218,1143.9441340782123
0.8491620111731844,-1.1173184357541888,intentroute,token_budget_r0.81_m7,179,17,calibration,20.154402785601675,1179.854748603352
0.8491620111731844,-1.1173184357541888,intentroute,token_budget_r0.81_m8,179,17,calibration,16.138947384339698,1239.1899441340781
0.8491620111731844,-1.1173184357541888,intentroute,token_budget_r0.80_m4,179,17,calibration,24.36720944563956,1117.6033519553073
0.8491620111731844,-1.1173184357541888,intentroute,token_budget_r0.80_m5,179,17,calibration,24.318438732263903,1118.3240223463688
0.8491620111731844,-1.1173184357541888,intentroute,token_budget_r0.80_m6,179,17,calibration,23.560791370986344,1129.5195530726257
0.8491620111731844,-1.1173184357541888,intentroute,token_budget_r0.80_m7,179,17,calibration,20.616779393806507,1173.022346368715
0.8491620111731844,-1.1173184357541888,intentroute,token_budget_r0.80_m8,179,17,calibration,16.24783083745742,1237.5810055865923
0.8715083798882681,1.1173184357541888,intentroute,token_budget_r1.00_m4,179,19,calibration,-3.2215135556118213,1525.2737430167597
0.8715083798882681,1.1173184357541888,intentroute,token_budget_r1.00_m5,179,19,calibration,-3.2215135556118213,1525.2737430167597
0.8715083798882681,1.1173184357541888,intentroute,token_budget_r1.00_m6,179,19,calibration,-3.2215135556118213,1525.2737430167597
0.8715083798882681,1.1173184357541888,intentroute,token_budget_r1.00_m7,179,19,calibration,-3.2215135556118213,1525.2737430167597
0.8715083798882681,1.1173184357541888,intentroute,token_budget_r1.00_m8,179,19,calibration,-3.2215135556118213,1525.2737430167597
0.8659217877094972,0.5586592178770999,intentroute,token_budget_r0.99_m4,179,19,calibration,8.725798951240638,1348.731843575419
0.8659217877094972,0.5586592178770999,intentroute,token_budget_r0.99_m5,179,19,calibration,8.725798951240638,1348.731843575419
0.8659217877094972,0.5586592178770999,intentroute,token_budget_r0.99_m6,179,19,calibration,8.725798951240638,1348.731843575419
0.8659217877094972,0.5586592178770999,intentroute,token_budget_r0.99_m7,179,19,calibration,8.725798951240638,1348.731843575419
0.8659217877094972,0.5586592178770999,intentroute,token_budget_r0.99_m8,179,19,calibration,8.725798951240638,1348.731843575419
0.8659217877094972,0.5586592178770999,intentroute,token_budget_r0.98_m4,179,19,calibration,9.242239218458781,1341.1005586592178
0.8659217877094972,0.5586592178770999,intentroute,token_budget_r0.98_m5,179,19,calibration,9.242239218458781,1341.1005586592178
0.8659217877094972,0.5586592178770999,intentroute,token_budget_r0.98_m6,179,19,calibration,9.242239218458781,1341.1005586592178
0.8659217877094972,0.5586592178770999,intentroute,token_budget_r0.98_m7,179,19,calibration,9.242239218458781,1341.1005586592178
0.8659217877094972,0.5586592178770999,intentroute,token_budget_r0.98_m8,179,19,calibration,9.199895653357427,1341.7262569832403
0.8659217877094972,0.5586592178770999,intentroute,token_budget_r0.97_m4,179,19,calibration,9.462652597513088,1337.8435754189943
0.8659217877094972,0.5586592178770999,intentroute,token_budget_r0.97_m5,179,19,calibration,9.462652597513088,1337.8435754189943
0.8659217877094972,0.5586592178770999,intentroute,token_budget_r0.97_m6,179,19,calibration,9.462652597513088,1337.8435754189943
0.8659217877094972,0.5586592178770999,intentroute,token_budget_r0.97_m7,179,19,calibration,9.462652597513088,1337.8435754189943
0.8659217877094972,0.5586592178770999,intentroute,token_budget_r0.97_m8,179,19,calibration,9.291387999379975,1340.3743016759777
0.8659217877094972,0.5586592178770999,intentroute,token_budget_r0.96_m4,179,19,calibration,10.397235570106956,1324.0335195530727
0.8659217877094972,0.5586592178770999,intentroute,token_budget_r0.96_m5,179,19,calibration,10.397235570106956,1324.0335195530727
0.8659217877094972,0.5586592178770999,intentroute,token_budget_r0.96_m6,179,19,calibration,10.397235570106956,1324.0335195530727
0.8659217877094972,0.5586592178770999,intentroute,token_budget_r0.96_m7,179,19,calibration,10.397235570106956,1324.0335195530727
0.8659217877094972,0.5586592178770999,intentroute,token_budget_r0.96_m8,179,19,calibration,9.64601535710371,1335.1340782122904
0.8659217877094972,0.5586592178770999,intentroute,token_budget_r0.95_m4,179,19,calibration,11.324635259335448,1310.3296089385474
0.8659217877094972,0.5586592178770999,intentroute,token_budget_r0.95_m5,179,19,calibration,11.324635259335448,1310.3296089385474
0.8659217877094972,0.5586592178770999,intentroute,token_budget_r0.95_m6,179,19,calibration,11.324635259335448,1310.3296089385474
0.8659217877094972,0.5586592178770999,intentroute,token_budget_r0.95_m7,179,19,calibration,11.324635259335448,1310.3296089385474
0.8659217877094972,0.5586592178770999,intentroute,token_budget_r0.95_m8,179,19,calibration,10.467556133578837,1322.9944134078212
0.8547486033519553,-0.5586592178770888,intentroute,token_budget_r0.94_m4,179,19,calibration,11.986253464043884,1300.5530726256984
0.8547486033519553,-0.5586592178770888,intentroute,token_budget_r0.94_m5,179,19,calibration,11.986253464043884,1300.5530726256984
0.8547486033519553,-0.5586592178770888,intentroute,token_budget_r0.94_m6,179,19,calibration,11.986253464043884,1300.5530726256984
0.8547486033519553,-0.5586592178770888,intentroute,token_budget_r0.94_m7,179,19,calibration,11.986253464043884,1300.5530726256984
0.8547486033519553,-0.5586592178770888,intentroute,token_budget_r0.94_m8,179,19,calibration,11.019156682532916,1314.8435754189943
0.8547486033519553,-0.5586592178770888,intentroute,token_budget_r0.93_m4,179,19,calibration,12.800989024699161,1288.513966480447
0.8547486033519553,-0.5586592178770888,intentroute,token_budget_r0.93_m5,179,19,calibration,12.800989024699161,1288.513966480447
0.8547486033519553,-0.5586592178770888,intentroute,token_budget_r0.93_m6,179,19,calibration,12.800989024699161,1288.513966480447
0.8547486033519553,-0.5586592178770888,intentroute,token_budget_r0.93_m7,179,19,calibration,12.787756660604988,1288.7094972067039
0.8547486033519553,-0.5586592178770888,intentroute,token_budget_r0.93_m8,179,19,calibration,11.46111764327815,1308.3128491620112
0.8491620111731844,-1.1173184357541888,intentroute,token_budget_r0.92_m4,179,19,calibration,13.539354941153793,1277.6033519553073
0.8491620111731844,-1.1173184357541888,intentroute,token_budget_r0.92_m5,179,19,calibration,13.539354941153793,1277.6033519553073
0.8491620111731844,-1.1173184357541888,intentroute,token_budget_r0.92_m6,179,19,calibration,13.52574450951407,1277.804469273743
0.8491620111731844,-1.1173184357541888,intentroute,token_budget_r0.92_m7,179,19,calibration,13.512512145419908,1278.0
0.8491620111731844,-1.1173184357541888,intentroute,token_budget_r0.92_m8,179,19,calibration,11.8134765957286,1303.1061452513966
0.8491620111731844,-1.1173184357541888,intentroute,token_budget_r0.91_m4,179,19,calibration,14.133677122754762,1268.8212290502793
0.8491620111731844,-1.1173184357541888,intentroute,token_budget_r0.91_m5,179,19,calibration,14.12876224466263,1268.8938547486034
0.8491620111731844,-1.1173184357541888,intentroute,token_budget_r0.91_m6,179,19,calibration,14.11515181302292,1269.0949720670392
0.8491620111731844,-1.1173184357541888,intentroute,token_budget_r0.91_m7,179,19,calibration,14.03046468282023,1270.3463687150838
0.8491620111731844,-1.1173184357541888,intentroute,token_budget_r0.91_m8,179,19,calibration,12.199483559732782,1297.4022346368715
0.8491620111731844,-1.1173184357541888,intentroute,token_budget_r0.90_m4,179,19,calibration,15.407008616159368,1250.0055865921788
0.8491620111731844,-1.1173184357541888,intentroute,token_budget_r0.90_m5,179,19,calibration,15.402093738067258,1250.0782122905027
0.8491620111731844,-1.1173184357541888,intentroute,token_budget_r0.90_m6,179,19,calibration,15.388483306427537,1250.2793296089385
0.8491620111731844,-1.1173184357541888,intentroute,token_budget_r0.90_m7,179,19,calibration,15.252378990030358,1252.2905027932961
0.8491620111731844,-1.1173184357541888,intentroute,token_budget_r0.90_m8,179,19,calibration,12.730668461227278,1289.5530726256984
0.8491620111731844,-1.1173184357541888,intentroute,token_budget_r0.89_m4,179,19,calibration,16.299248023651913,1236.8212290502793
0.8491620111731844,-1.1173184357541888,intentroute,token_budget_r0.89_m5,179,19,calibration,16.29433314555979,1236.8938547486034
0.8491620111731844,-1.1173184357541888,intentroute,token_budget_r0.89_m6,179,19,calibration,16.28072271392007,1237.0949720670392
0.8491620111731844,-1.1173184357541888,intentroute,token_budget_r0.89_m7,179,19,calibration,16.0621996725935,1240.3240223463688
0.8491620111731844,-1.1173184357541888,intentroute,token_budget_r0.89_m8,179,19,calibration,13.098528183045188,1284.1173184357542
0.8491620111731844,-1.1173184357541888,intentroute,token_budget_r0.88_m4,179,19,calibration,16.927974351897724,1227.5307262569831
0.8491620111731844,-1.1173184357541888,intentroute,token_budget_r0.88_m5,179,19,calibration,16.92305947380559,1227.6033519553073
0.8491620111731844,-1.1173184357541888,intentroute,token_budget_r0.88_m6,179,19,calibration,16.909449042165882,1227.804469273743
0.8491620111731844,-1.1173184357541888,intentroute,token_budget_r0.88_m7,179,19,calibration,16.578261872266097,1232.6983240223465
0.8491620111731844,-1.1173184357541888,intentroute,token_budget_r0.88_m8,179,19,calibration,13.38699372029808,1279.854748603352
0.8491620111731844,-1.1173184357541888,intentroute,token_budget_r0.87_m4,179,19,calibration,17.965013629335015,1212.2067039106146
0.8491620111731844,-1.1173184357541888,intentroute,token_budget_r0.87_m5,179,19,calibration,17.960098751242903,1212.2793296089385
0.8491620111731844,-1.1173184357541888,intentroute,token_budget_r0.87_m6,179,19,calibration,17.93817083360113,1212.6033519553073
0.8491620111731844,-1.1173184357541888,intentroute,token_budget_r0.87_m7,179,19,calibration,17.13969217740442,1224.4022346368715
0.8491620111731844,-1.1173184357541888,intentroute,token_budget_r0.87_m8,179,19,calibration,13.571868750070893,1277.122905027933
0.8435754189944135,-1.6759776536312776,intentroute,token_budget_r0.86_m4,179,19,calibration,18.80583585063308,1199.782122905028
0.8435754189944135,-1.6759776536312776,intentroute,token_budget_r0.86_m5,179,19,calibration,18.800920972540958,1199.854748603352
0.8435754189944135,-1.6759776536312776,intentroute,token_budget_r0.86_m6,179,19,calibration,18.74005209770777,1200.7541899441342
0.8435754189944135,-1.6759776536312776,intentroute,token_budget_r0.86_m7,179,19,calibration,17.89355886322651,1213.2625698324023
0.8435754189944135,-1.6759776536312776,intentroute,token_budget_r0.86_m8,179,19,calibration,14.08755288219795,1269.5027932960893
0.8491620111731844,-1.1173184357541888,intentroute,token_budget_r0.85_m4,179,19,calibration,19.806202576152266,1185.0
0.8491620111731844,-1.1173184357541888,intentroute,token_budget_r0.85_m5,179,19,calibration,19.797507022604655,1185.1284916201118
0.8491620111731844,-1.1173184357541888,intentroute,token_budget_r0.85_m6,179,19,calibration,19.65535362547873,1187.2290502793296
0.8491620111731844,-1.1173184357541888,intentroute,token_budget_r0.85_m7,179,19,calibration,18.497332733466166,1204.340782122905
0.8435754189944135,-1.6759776536312776,intentroute,token_budget_r0.85_m8,179,19,calibration,14.313259206889906,1266.167597765363
0.8491620111731844,-1.1173184357541888,intentroute,token_budget_r0.84_m4,179,19,calibration,20.678782471276325,1172.1061452513966
0.8491620111731844,-1.1173184357541888,intentroute,token_budget_r0.84_m5,179,19,calibration,20.661391364181135,1172.36312849162
0.8491620111731844,-1.1173184357541888,intentroute,token_budget_r0.84_m6,179,19,calibration,20.372547759382698,1176.6312849162011
0.8491620111731844,-1.1173184357541888,intentroute,token_budget_r0.84_m7,179,19,calibration,19.11622930552773,1195.195530726257
0.8435754189944135,-1.6759776536312776,intentroute,token_budget_r0.84_m8,179,19,calibration,14.655788403156123,1261.1061452513966
0.8491620111731844,-1.1173184357541888,intentroute,token_budget_r0.83_m4,179,19,calibration,21.52943444875862,1159.536312849162
0.8491620111731844,-1.1173184357541888,intentroute,token_budget_r0.83_m5,179,19,calibration,21.487468951202814,1160.1564245810057
0.8491620111731844,-1.1173184357541888,intentroute,token_budget_r0.83_m6,179,19,calibration,21.140402944390047,1165.2849162011173
0.8491620111731844,-1.1173184357541888,intentroute,token_budget_r0.83_m7,179,19,calibration,19.50337047216857,1189.4748603351954
0.8435754189944135,-1.6759776536312776,intentroute,token_budget_r0.83_m8,179,19,calibration,14.753707897452962,1259.659217877095
0.8435754189944135,-1.6759776536312776,intentroute,token_budget_r0.82_m4,179,19,calibration,22.220541922019788,1149.3240223463688
0.8435754189944135,-1.6759776536312776,intentroute,token_budget_r0.82_m5,179,19,calibration,22.178576424464,1149.9441340782123
0.8435754189944135,-1.6759776536312776,intentroute,token_budget_r0.82_m6,179,19,calibration,21.82735167465021,1155.1340782122904
0.8435754189944135,-1.6759776536312776,intentroute,token_budget_r0.82_m7,179,19,calibration,19.967259350555576,1182.6201117318435
0.8435754189944135,-1.6759776536312776,intentroute,token_budget_r0.82_m8,179,19,calibration,14.944253940409002,1256.8435754189943
0.8435754189944135,-1.6759776536312776,intentroute,token_budget_r0.81_m4,179,19,calibration,23.122989153242134,1135.9888268156424
0.8435754189944135,-1.6759776536312776,intentroute,token_budget_r0.81_m5,179,19,calibration,23.067791291592155,1136.804469273743
0.8435754189944135,-1.6759776536312776,intentroute,token_budget_r0.81_m6,179,19,calibration,22.664393220492784,1142.7653631284916
0.8435754189944135,-1.6759776536312776,intentroute,token_budget_r0.81_m7,179,19,calibration,20.4613936325864,1175.31843575419
0.8435754189944135,-1.6759776536312776,intentroute,token_budget_r0.81_m8,179,19,calibration,15.082626662079457,1254.7988826815642
0.8435754189944135,-1.6759776536312776,intentroute,token_budget_r0.80_m4,179,19,calibration,24.496886613762413,1115.6871508379888
0.8435754189944135,-1.6759776536312776,intentroute,token_budget_r0.80_m5,179,19,calibration,24.225812183604724,1119.6927374301677
0.8435754189944135,-1.6759776536312776,intentroute,token_budget_r0.80_m6,179,19,calibration,23.745288333213622,1126.7932960893854
0.8435754189944135,-1.6759776536312776,intentroute,token_budget_r0.80_m7,179,19,calibration,20.94418588825079,1168.1843575418995
0.8435754189944135,-1.6759776536312776,intentroute,token_budget_r0.80_m8,179,19,calibration,15.11816501136094,1254.2737430167597
0.8603351955307262,0.0,dense,token_budget_r1.00_m4,179,,calibration,0.0,1477.6703910614526
0.8603351955307262,0.0,dense,token_budget_r1.00_m5,179,,calibration,0.0,1477.6703910614526
0.8603351955307262,0.0,dense,token_budget_r1.00_m6,179,,calibration,0.0,1477.6703910614526
0.8603351955307262,0.0,dense,token_budget_r1.00_m7,179,,calibration,0.0,1477.6703910614526
0.8603351955307262,0.0,dense,token_budget_r1.00_m8,179,,calibration,0.0,1477.6703910614526
0.8491620111731844,-1.1173184357541888,dense,token_budget_r0.99_m4,179,,calibration,9.897430274892926,1331.4189944134077
0.8491620111731844,-1.1173184357541888,dense,token_budget_r0.99_m5,179,,calibration,9.897430274892926,1331.4189944134077
0.8491620111731844,-1.1173184357541888,dense,token_budget_r0.99_m6,179,,calibration,9.897430274892926,1331.4189944134077
0.8491620111731844,-1.1173184357541888,dense,token_budget_r0.99_m7,179,,calibration,9.897430274892926,1331.4189944134077
0.8491620111731844,-1.1173184357541888,dense,token_budget_r0.99_m8,179,,calibration,9.897430274892926,1331.4189944134077
0.8491620111731844,-1.1173184357541888,dense,token_budget_r0.98_m4,179,,calibration,10.6267225702544,1320.6424581005588
0.8491620111731844,-1.1173184357541888,dense,token_budget_r0.98_m5,179,,calibration,10.6267225702544,1320.6424581005588
0.8491620111731844,-1.1173184357541888,dense,token_budget_r0.98_m6,179,,calibration,10.6267225702544,1320.6424581005588
0.8491620111731844,-1.1173184357541888,dense,token_budget_r0.98_m7,179,,calibration,10.6267225702544,1320.6424581005588
0.8491620111731844,-1.1173184357541888,dense,token_budget_r0.98_m8,179,,calibration,10.584379005153066,1321.268156424581
0.8491620111731844,-1.1173184357541888,dense,token_budget_r0.97_m4,179,,calibration,11.030120641353792,1314.68156424581
0.8491620111731844,-1.1173184357541888,dense,token_budget_r0.97_m5,179,,calibration,11.030120641353792,1314.68156424581
0.8491620111731844,-1.1173184357541888,dense,token_budget_r0.97_m6,179,,calibration,11.030120641353792,1314.68156424581
0.8491620111731844,-1.1173184357541888,dense,token_budget_r0.97_m7,179,,calibration,11.030120641353792,1314.68156424581
0.8491620111731844,-1.1173184357541888,dense,token_budget_r0.97_m8,179,,calibration,10.987777076252458,1315.3072625698323
0.8491620111731844,-1.1173184357541888,dense,token_budget_r0.96_m4,179,,calibration,13.380566572023756,1279.9497206703911
0.8491620111731844,-1.1173184357541888,dense,token_budget_r0.96_m5,179,,calibration,13.380566572023756,1279.9497206703911
0.8491620111731844,-1.1173184357541888,dense,token_budget_r0.96_m6,179,,calibration,13.380566572023756,1279.9497206703911
0.8491620111731844,-1.1173184357541888,dense,token_budget_r0.96_m7,179,,calibration,13.380566572023756,1279.9497206703911
0.8491620111731844,-1.1173184357541888,dense,token_budget_r0.96_m8,179,,calibration,11.961679073583287,1300.9162011173185
0.8491620111731844,-1.1173184357541888,dense,token_budget_r0.95_m4,179,,calibration,15.932900572016194,1242.2346368715084
0.8491620111731844,-1.1173184357541888,dense,token_budget_r0.95_m5,179,,calibration,15.932900572016194,1242.2346368715084
0.8491620111731844,-1.1173184357541888,dense,token_budget_r0.95_m6,179,,calibration,15.932900572016194,1242.2346368715084
0.8491620111731844,-1.1173184357541888,dense,token_budget_r0.95_m7,179,,calibration,15.932900572016194,1242.2346368715084
0.8491620111731844,-1.1173184357541888,dense,token_budget_r0.95_m8,179,,calibration,14.452009996105907,1264.1173184357542
0.8491620111731844,-1.1173184357541888,dense,token_budget_r0.94_m4,179,,calibration,16.49206247188123,1233.9720670391062
0.8491620111731844,-1.1173184357541888,dense,token_budget_r0.94_m5,179,,calibration,16.49206247188123,1233.9720670391062
0.8491620111731844,-1.1173184357541888,dense,token_budget_r0.94_m6,179,,calibration,16.49206247188123,1233.9720670391062
0.8491620111731844,-1.1173184357541888,dense,token_budget_r0.94_m7,179,,calibration,16.47807397269596,1234.1787709497207
0.8491620111731844,-1.1173184357541888,dense,token_budget_r0.94_m8,179,,calibration,14.944632007954539,1256.8379888268157
0.8491620111731844,-1.1173184357541888,dense,token_budget_r0.93_m4,179,,calibration,17.25991765688859,1222.6256983240223
0.8491620111731844,-1.1173184357541888,dense,token_budget_r0.93_m5,179,,calibration,17.25991765688859,1222.6256983240223
0.8491620111731844,-1.1173184357541888,dense,token_budget_r0.93_m6,179,,calibration,17.25991765688859,1222.6256983240223
0.8491620111731844,-1.1173184357541888,dense,token_budget_r0.93_m7,179,,calibration,17.208878538239645,1223.3798882681565
0.8491620111731844,-1.1173184357541888,dense,token_budget_r0.93_m8,179,,calibration,15.568821525653787,1247.6145251396647
0.8491620111731844,-1.1173184357541888,dense,token_budget_r0.92_m4,179,,calibration,17.84403201475977,1213.9944134078212
0.8491620111731844,-1.1173184357541888,dense,token_budget_r0.92_m5,179,,calibration,17.84403201475977,1213.9944134078212
0.8491620111731844,-1.1173184357541888,dense,token_budget_r0.92_m6,179,,calibration,17.83042158312005,1214.195530726257
0.8491620111731844,-1.1173184357541888,dense,token_budget_r0.92_m7,179,,calibration,17.76841850565023,1215.1117318435754
0.8491620111731844,-1.1173184357541888,dense,token_budget_r0.92_m8,179,,calibration,15.891691209551517,1242.8435754189943
0.8491620111731844,-1.1173184357541888,dense,token_budget_r0.91_m4,179,,calibration,18.871619603558376,1198.8100558659219
0.8491620111731844,-1.1173184357541888,dense,token_budget_r0.91_m5,179,,calibration,18.866704725466256,1198.8826815642458
0.8491620111731844,-1.1173184357541888,dense,token_budget_r0.91_m6,179,,calibration,18.853094293826544,1199.0837988826815
0.8491620111731844,-1.1173184357541888,dense,token_budget_r0.91_m7,179,,calibration,18.76462648816839,1200.391061452514
0.8491620111731844,-1.1173184357541888,dense,token_budget_r0.91_m8,179,,calibration,16.163143707254747,1238.832402234637
0.8491620111731844,-1.1173184357541888,dense,token_budget_r0.90_m4,179,,calibration,19.419817544602523,1190.7094972067039
0.8491620111731844,-1.1173184357541888,dense,token_budget_r0.90_m5,179,,calibration,19.414902666510404,1190.782122905028
0.8491620111731844,-1.1173184357541888,dense,token_budget_r0.90_m6,179,,calibration,19.40129223487068,1190.9832402234638
0.8491620111731844,-1.1173184357541888,dense,token_budget_r0.90_m7,179,,calibration,19.26443178338242,1193.0055865921788
0.8491620111731844,-1.1173184357541888,dense,token_budget_r0.90_m8,179,,calibration,16.43724267777681,1234.782122905028
0.8491620111731844,-1.1173184357541888,dense,token_budget_r0.89_m4,179,,calibration,20.34116815310223,1177.0949720670392
0.8491620111731844,-1.1173184357541888,dense,token_budget_r0.89_m5,179,,calibration,20.33625327501012,1177.167597765363
0.8491620111731844,-1.1173184357541888,dense,token_budget_r0.89_m6,179,,calibration,20.230016294711216,1178.7374301675977
0.8491620111731844,-1.1173184357541888,dense,token_budget_r0.89_m7,179,,calibration,19.932099068819642,1183.1396648044692
0.8491620111731844,-1.1173184357541888,dense,token_budget_r0.89_m8,179,,calibration,16.803590129412527,1229.3687150837989
0.8491620111731844,-1.1173184357541888,dense,token_budget_r0.88_m4,179,,calibration,21.658733549335928,1157.6256983240223
0.8491620111731844,-1.1173184357541888,dense,token_budget_r0.88_m5,179,,calibration,21.65381867124381,1157.6983240223465
0.8491620111731844,-1.1173184357541888,dense,token_budget_r0.88_m6,179,,calibration,21.310155272340957,1162.7765363128492
0.8491620111731844,-1.1173184357541888,dense,token_budget_r0.88_m7,179,,calibration,20.510164345962057,1174.5977653631285
0.8491620111731844,-1.1173184357541888,dense,token_budget_r0.88_m8,179,,calibration,16.974098592454535,1226.8491620111731
0.8491620111731844,-1.1173184357541888,dense,token_budget_r0.87_m4,179,,calibration,22.350597157688203,1147.4022346368715
0.8491620111731844,-1.1173184357541888,dense,token_budget_r0.87_m5,179,,calibration,22.34568227959608,1147.4748603351954
0.8491620111731844,-1.1173184357541888,dense,token_budget_r0.87_m6,179,,calibration,22.00201888069322,1152.5530726256984
0.8491620111731844,-1.1173184357541888,dense,token_budget_r0.87_m7,179,,calibration,21.137000336480128,1165.3351955307262
0.8491620111731844,-1.1173184357541888,dense,token_budget_r0.87_m8,179,,calibration,17.358971353822085,1221.1620111731843
0.8491620111731844,-1.1173184357541888,dense,token_budget_r0.86_m4,179,,calibration,23.30899838565158,1133.2402234636872
0.8491620111731844,-1.1173184357541888,dense,token_budget_r0.86_m5,179,,calibration,23.30408350755947,1133.3128491620112
0.8491620111731844,-1.1173184357541888,dense,token_budget_r0.86_m6,179,,calibration,22.96042010865662,1138.391061452514
0.8491620111731844,-1.1173184357541888,dense,token_budget_r0.86_m7,179,,calibration,22.06893683625517,1151.5642458100558
0.8491620111731844,-1.1173184357541888,dense,token_budget_r0.86_m8,179,,calibration,17.77862632938002,1214.9608938547485
0.8491620111731844,-1.1173184357541888,dense,token_budget_r0.85_m4,179,,calibration,23.97893407636209,1123.340782122905
0.8491620111731844,-1.1173184357541888,dense,token_budget_r0.85_m5,179,,calibration,23.974019198269957,1123.4134078212292
0.8491620111731844,-1.1173184357541888,dense,token_budget_r0.85_m6,179,,calibration,23.609940151907548,1128.7932960893854
0.8491620111731844,-1.1173184357541888,dense,token_budget_r0.85_m7,179,,calibration,22.580084157835635,1144.0111731843576
0.8491620111731844,-1.1173184357541888,dense,token_budget_r0.85_m8,179,,calibration,18.00886946461856,1211.558659217877
0.8491620111731844,-1.1173184357541888,dense,token_budget_r0.84_m4,179,,calibration,25.068902810176063,1107.2346368715084
0.8491620111731844,-1.1173184357541888,dense,token_budget_r0.84_m5,179,,calibration,25.063987932083954,1107.3072625698323
0.8491620111731844,-1.1173184357541888,dense,token_budget_r0.84_m6,179,,calibration,24.690835264628387,1112.8212290502793
0.8491620111731844,-1.1173184357541888,dense,token_budget_r0.84_m7,179,,calibration,23.36419624730155,1132.4245810055866
0.8491620111731844,-1.1173184357541888,dense,token_budget_r0.84_m8,179,,calibration,18.41226753571794,1205.5977653631285
0.8435754189944135,-1.6759776536312776,dense,token_budget_r0.83_m4,179,,calibration,25.944885313210065,1094.2905027932961
0.8435754189944135,-1.6759776536312776,dense,token_budget_r0.83_m5,179,,calibration,25.939970435117942,1094.36312849162
0.8435754189944135,-1.6759776536312776,dense,token_budget_r0.83_m6,179,,calibration,25.511619906012406,1100.6927374301677
0.8435754189944135,-1.6759776536312776,dense,token_budget_r0.83_m7,179,,calibration,23.898783756705978,1124.5251396648046
0.8435754189944135,-1.6759776536312776,dense,token_budget_r0.83_m8,179,,calibration,18.473136410551106,1204.6983240223465
0.8435754189944135,-1.6759776536312776,dense,token_budget_r0.82_m4,179,,calibration,26.55054952117746,1085.340782122905
0.8435754189944135,-1.6759776536312776,dense,token_budget_r0.82_m5,179,,calibration,26.545634643085336,1085.4134078212292
0.8435754189944135,-1.6759776536312776,dense,token_budget_r0.82_m6,179,,calibration,26.06586692778533,1092.5027932960893
0.8435754189944135,-1.6759776536312776,dense,token_budget_r0.82_m7,179,,calibration,24.24509362842766,1119.4078212290503
0.8435754189944135,-1.6759776536312776,dense,token_budget_r0.82_m8,179,,calibration,18.611887199767118,1202.6480446927374
0.8379888268156425,-2.2346368715083775,dense,token_budget_r0.81_m4,179,,calibration,27.440898590942254,1072.1843575418995
0.8379888268156425,-2.2346368715083775,dense,token_budget_r0.81_m5,179,,calibration,27.435983712850142,1072.2569832402235
0.8379888268156425,-2.2346368715083775,dense,token_budget_r0.81_m6,179,,calibration,26.677580216481477,1083.463687150838
0.8435754189944135,-1.6759776536312776,dense,token_budget_r0.81_m7,179,,calibration,24.650003969709232,1113.4245810055866
0.8435754189944135,-1.6759776536312776,dense,token_budget_r0.81_m8,179,,calibration,18.706404086154038,1201.2513966480446
0.8379888268156425,-2.2346368715083775,dense,token_budget_r0.80_m4,179,,calibration,27.923690846606664,1065.0502793296089
0.8379888268156425,-2.2346368715083775,dense,token_budget_r0.80_m5,179,,calibration,27.913861090422422,1065.195530726257
0.8379888268156425,-2.2346368715083775,dense,token_budget_r0.80_m6,179,,calibration,27.07606340948874,1077.5754189944134
0.8435754189944135,-1.6759776536312776,dense,token_budget_r0.80_m7,179,,calibration,24.89612594186078,1109.7877094972066
0.8435754189944135,-1.6759776536312776,dense,token_budget_r0.80_m8,179,,calibration,18.805457783087544,1199.7877094972066
0.8776978417266187,0.7194244604316502,intentroute,token_budget_r1.00_m4,417,13,test,-6.769215711862198,1569.6354916067146
0.8776978417266187,0.7194244604316502,intentroute,token_budget_r1.00_m5,417,13,test,-6.769215711862198,1569.6354916067146
0.8776978417266187,0.7194244604316502,intentroute,token_budget_r1.00_m6,417,13,test,-6.769215711862198,1569.6354916067146
0.8776978417266187,0.7194244604316502,intentroute,token_budget_r1.00_m7,417,13,test,-6.769215711862198,1569.6354916067146
0.8776978417266187,0.7194244604316502,intentroute,token_budget_r1.00_m8,417,13,test,-6.769215711862198,1569.6354916067146
0.8657074340527577,-0.47961630695444457,intentroute,token_budget_r0.99_m4,417,13,test,2.3931554221584217,1434.937649880096
0.8657074340527577,-0.47961630695444457,intentroute,token_budget_r0.99_m5,417,13,test,2.3931554221584217,1434.937649880096
0.8657074340527577,-0.47961630695444457,intentroute,token_budget_r0.99_m6,417,13,test,2.3931554221584217,1434.937649880096
0.8657074340527577,-0.47961630695444457,intentroute,token_budget_r0.99_m7,417,13,test,2.3931554221584217,1434.937649880096
0.8657074340527577,-0.47961630695444457,intentroute,token_budget_r0.99_m8,417,13,test,2.2367219104789227,1437.2374100719423
0.8657074340527577,-0.47961630695444457,intentroute,token_budget_r0.98_m4,417,13,test,3.948681978337465,1412.0695443645084
0.8657074340527577,-0.47961630695444457,intentroute,token_budget_r0.98_m5,417,13,test,3.948681978337465,1412.0695443645084
0.8657074340527577,-0.47961630695444457,intentroute,token_budget_r0.98_m6,417,13,test,3.948681978337465,1412.0695443645084
0.8657074340527577,-0.47961630695444457,intentroute,token_budget_r0.98_m7,417,13,test,3.948681978337465,1412.0695443645084
0.8657074340527577,-0.47961630695444457,intentroute,token_budget_r0.98_m8,417,13,test,3.792248466657955,1414.369304556355
0.8657074340527577,-0.47961630695444457,intentroute,token_budget_r0.97_m4,417,13,test,4.661196659271827,1401.5947242206234
0.8657074340527577,-0.47961630695444457,intentroute,token_budget_r0.97_m5,417,13,test,4.661196659271827,1401.5947242206234
0.8657074340527577,-0.47961630695444457,intentroute,token_budget_r0.97_m6,417,13,test,4.661196659271827,1401.5947242206234
0.8657074340527577,-0.47961630695444457,intentroute,token_budget_r0.97_m7,417,13,test,4.661196659271827,1401.5947242206234
0.8657074340527577,-0.47961630695444457,intentroute,token_budget_r0.97_m8,417,13,test,4.432500326242971,1404.9568345323742
0.8657074340527577,-0.47961630695444457,intentroute,token_budget_r0.96_m4,417,13,test,5.634542607333948,1387.2853717026378
0.8657074340527577,-0.47961630695444457,intentroute,token_budget_r0.96_m5,417,13,test,5.634542607333948,1387.2853717026378
0.8657074340527577,-0.47961630695444457,intentroute,token_budget_r0.96_m6,417,13,test,5.634542607333948,1387.2853717026378
0.8657074340527577,-0.47961630695444457,intentroute,token_budget_r0.96_m7,417,13,test,5.634542607333948,1387.2853717026378
0.8657074340527577,-0.47961630695444457,intentroute,token_budget_r0.96_m8,417,13,test,5.398016442646469,1390.7625899280577
0.86810551558753,-0.23980815347721673,intentroute,token_budget_r0.95_m4,417,13,test,6.426334333811812,1375.6450839328538
0.86810551558753,-0.23980815347721673,intentroute,token_budget_r0.95_m5,417,13,test,6.426334333811812,1375.6450839328538
0.86810551558753,-0.23980815347721673,intentroute,token_budget_r0.95_m6,417,13,test,6.426334333811812,1375.6450839328538
0.86810551558753,-0.23980815347721673,intentroute,token_budget_r0.95_m7,417,13,test,6.426334333811812,1375.6450839328538
0.86810551558753,-0.23980815347721673,intentroute,token_budget_r0.95_m8,417,13,test,6.08655226412631,1380.6402877697842
0.8657074340527577,-0.47961630695444457,intentroute,token_budget_r0.94_m4,417,13,test,7.257438340075684,1363.4268585131895
0.8657074340527577,-0.47961630695444457,intentroute,token_budget_r0.94_m5,417,13,test,7.257438340075684,1363.4268585131895
0.8657074340527577,-0.47961630695444457,intentroute,token_budget_r0.94_m6,417,13,test,7.257438340075684,1363.4268585131895
0.8657074340527577,-0.47961630695444457,intentroute,token_budget_r0.94_m7,417,13,test,7.251402844838828,1363.515587529976
0.8657074340527577,-0.47961630695444457,intentroute,token_budget_r0.94_m8,417,13,test,6.827286963330281,1369.7505995203837
0.8633093525179856,-0.7194244604316613,intentroute,token_budget_r0.93_m4,417,13,test,8.284777502283692,1348.3237410071943
0.8633093525179856,-0.7194244604316613,intentroute,token_budget_r0.93_m5,417,13,test,8.284777502283692,1348.3237410071943
0.8633093525179856,-0.7194244604316613,intentroute,token_budget_r0.93_m6,417,13,test,8.284777502283692,1348.3237410071943
0.8633093525179856,-0.7194244604316613,intentroute,token_budget_r0.93_m7,417,13,test,8.278742007046835,1348.4124700239809
0.8657074340527577,-0.47961630695444457,intentroute,token_budget_r0.93_m8,417,13,test,7.3722758710687675,1361.7386091127098
0.8633093525179856,-0.7194244604316613,intentroute,token_budget_r0.92_m4,417,13,test,9.112292835704029,1336.158273381295
0.8633093525179856,-0.7194244604316613,intentroute,token_budget_r0.92_m5,417,13,test,9.112292835704029,1336.158273381295
0.8633093525179856,-0.7194244604316613,intentroute,token_budget_r0.92_m6,417,13,test,9.112292835704029,1336.158273381295
0.8633093525179856,-0.7194244604316613,intentroute,token_budget_r0.92_m7,417,13,test,9.09630692940101,1336.3932853717026
0.8657074340527577,-0.47961630695444457,intentroute,token_budget_r0.92_m8,417,13,test,7.934881900039137,1353.4676258992806
0.8561151079136691,-1.4388489208633115,intentroute,token_budget_r0.91_m4,417,13,test,10.623287224324674,1313.9448441247002
0.8561151079136691,-1.4388489208633115,intentroute,token_budget_r0.91_m5,417,13,test,10.623287224324674,1313.9448441247002
0.8561151079136691,-1.4388489208633115,intentroute,token_budget_r0.91_m6,417,13,test,10.623287224324674,1313.9448441247002
0.8561151079136691,-1.4388489208633115,intentroute,token_budget_r0.91_m7,417,13,test,9.953999739005603,1323.7841726618706
0.8609112709832134,-0.959232613908878,intentroute,token_budget_r0.91_m8,417,13,test,8.412012266736257,1346.453237410072
0.8537170263788969,-1.6786570743405282,intentroute,token_budget_r0.90_m4,417,13,test,11.328298316586194,1303.5803357314148
0.8537170263788969,-1.6786570743405282,intentroute,token_budget_r0.90_m5,417,13,test,11.328298316586194,1303.5803357314148
0.8537170263788969,-1.6786570743405282,intentroute,token_budget_r0.90_m6,417,13,test,11.328298316586194,1303.5803357314148
0.8537170263788969,-1.6786570743405282,intentroute,token_budget_r0.90_m7,417,13,test,10.637152551220153,1313.7410071942445
0.8585131894484412,-1.1990407673860948,intentroute,token_budget_r0.90_m8,417,13,test,8.923398146939832,1338.9352517985612
0.8537170263788969,-1.6786570743405282,intentroute,token_budget_r0.89_m4,417,13,test,12.295608769411459,1289.3597122302158
0.8537170263788969,-1.6786570743405282,intentroute,token_budget_r0.89_m5,417,13,test,12.295608769411459,1289.3597122302158
0.8537170263788969,-1.6786570743405282,intentroute,token_budget_r0.89_m6,417,13,test,12.292835704032356,1289.400479616307
0.8537170263788969,-1.6786570743405282,intentroute,token_budget_r0.89_m7,417,13,test,11.463852277176034,1301.5875299760191
0.8585131894484412,-1.1990407673860948,intentroute,token_budget_r0.89_m8,417,13,test,9.259102179303136,1334.0
0.8513189448441247,-1.918465227817745,intentroute,token_budget_r0.88_m4,417,13,test,13.040095262951844,1278.4148681055156
0.8513189448441247,-1.918465227817745,intentroute,token_budget_r0.88_m5,417,13,test,13.040095262951844,1278.4148681055156
0.8513189448441247,-1.918465227817745,intentroute,token_budget_r0.88_m6,417,13,test,13.020846926791075,1278.6978417266187
0.8513189448441247,-1.918465227817745,intentroute,token_budget_r0.88_m7,417,13,test,12.086976380007819,1292.4268585131895
0.8561151079136691,-1.4388489208633115,intentroute,token_budget_r0.88_m8,417,13,test,9.478174344251588,1330.779376498801
0.8513189448441247,-1.918465227817745,intentroute,token_budget_r0.87_m4,417,13,test,14.112129714211141,1262.6546762589928
0.8513189448441247,-1.918465227817745,intentroute,token_budget_r0.87_m5,417,13,test,14.111477228239588,1262.6642685851318
0.8513189448441247,-1.918465227817745,intentroute,token_budget_r0.87_m6,417,13,test,14.077058593240233,1263.170263788969
0.8513189448441247,-1.918465227817745,intentroute,token_budget_r0.87_m7,417,13,test,12.787746313454251,1282.1247002398081
0.8561151079136691,-1.4388489208633115,intentroute,token_budget_r0.87_m8,417,13,test,9.845034581756485,1325.3860911270983
0.8537170263788969,-1.6786570743405282,intentroute,token_budget_r0.86_m4,417,13,test,15.188242202792635,1246.8345323741007
0.8537170263788969,-1.6786570743405282,intentroute,token_budget_r0.86_m5,417,13,test,15.18481665144199,1246.8848920863309
0.8537170263788969,-1.6786570743405282,intentroute,token_budget_r0.86_m6,417,13,test,15.008808560615938,1249.4724220623502
0.8537170263788969,-1.6786570743405282,intentroute,token_budget_r0.86_m7,417,13,test,13.567793292444208,1270.6570743405275
0.8561151079136691,-1.4388489208633115,intentroute,token_budget_r0.86_m8,417,13,test,10.275512201487668,1319.0575539568345
0.8537170263788969,-1.6786570743405282,intentroute,token_budget_r0.85_m4,417,13,test,15.787224324677018,1238.0287769784172
0.8537170263788969,-1.6786570743405282,intentroute,token_budget_r0.85_m5,417,13,test,15.781841315411704,1238.1079136690648
0.8537170263788969,-1.6786570743405282,intentroute,token_budget_r0.85_m6,417,13,test,15.5812018791596,1241.0575539568345
0.8537170263788969,-1.6786570743405282,intentroute,token_budget_r0.85_m7,417,13,test,14.028285266866746,1263.8872901678658
0.8561151079136691,-1.4388489208633115,intentroute,token_budget_r0.85_m8,417,13,test,10.479577189090438,1316.0575539568345
0.8537170263788969,-1.6786570743405282,intentroute,token_budget_r0.84_m4,417,13,test,16.942287615816255,1221.0479616306955
0.8537170263788969,-1.6786570743405282,intentroute,token_budget_r0.84_m5,417,13,test,16.93690460655096,1221.1270983213428
0.8537170263788969,-1.6786570743405282,intentroute,token_budget_r0.84_m6,417,13,test,16.486526164687465,1227.7482014388488
0.8537170263788969,-1.6786570743405282,intentroute,token_budget_r0.84_m7,417,13,test,14.713395536995954,1253.8153477218225
0.8561151079136691,-1.4388489208633115,intentroute,token_budget_r0.84_m8,417,13,test,10.806962025316459,1311.2446043165467
0.8513189448441247,-1.918465227817745,intentroute,token_budget_r0.83_m4,417,13,test,18.129812084040186,1203.589928057554
0.8513189448441247,-1.918465227817745,intentroute,token_budget_r0.83_m5,417,13,test,18.124429074774884,1203.6690647482014
0.8513189448441247,-1.918465227817745,intentroute,token_budget_r0.83_m6,417,13,test,17.604887119926904,1211.306954436451
0.8537170263788969,-1.6786570743405282,intentroute,token_budget_r0.83_m7,417,13,test,15.611216233850978,1240.6163069544364
0.8561151079136691,-1.4388489208633115,intentroute,token_budget_r0.83_m8,417,13,test,11.157183870546772,1306.095923261391
0.8513189448441247,-1.918465227817745,intentroute,token_budget_r0.82_m4,417,13,test,19.38601070076993,1185.1223021582734
0.8513189448441247,-1.918465227817745,intentroute,token_budget_r0.82_m5,417,13,test,19.266279524990203,1186.8824940047962
0.8513189448441247,-1.918465227817745,intentroute,token_budget_r0.82_m6,417,13,test,18.393416416547037,1199.7146282973622
0.8537170263788969,-1.6786570743405282,intentroute,token_budget_r0.82_m7,417,13,test,16.1420135717082,1232.8129496402878
0.8561151079136691,-1.4388489208633115,intentroute,token_budget_r0.82_m8,417,13,test,11.396972465091991,1302.5707434052758
0.8513189448441247,-1.918465227817745,intentroute,token_budget_r0.81_m4,417,13,test,20.041759102179302,1175.4820143884892
0.8513189448441247,-1.918465227817745,intentroute,token_budget_r0.81_m5,417,13,test,19.911588150854755,1177.3956834532373
0.8513189448441247,-1.918465227817745,intentroute,token_budget_r0.81_m6,417,13,test,18.95732741746051,1191.4244604316548
0.8537170263788969,-1.6786570743405282,intentroute,token_budget_r0.81_m7,417,13,test,16.487831136630547,1227.7290167865708
0.8561151079136691,-1.4388489208633115,intentroute,token_budget_r0.81_m8,417,13,test,11.490114837530996,1301.2014388489208
0.8489208633093526,-2.1582733812949617,intentroute,token_budget_r0.80_m4,417,13,test,20.759493670886066,1164.9304556354916
0.8489208633093526,-2.1582733812949617,intentroute,token_budget_r0.80_m5,417,13,test,20.607301318021666,1167.167865707434
0.8489208633093526,-2.1582733812949617,intentroute,token_budget_r0.80_m6,417,13,test,19.551579016051146,1182.6882494004797
0.8537170263788969,-1.6786570743405282,intentroute,token_budget_r0.80_m7,417,13,test,16.810322328069947,1222.988009592326
0.8561151079136691,-1.4388489208633115,intentroute,token_budget_r0.80_m8,417,13,test,11.62224324677018,1299.2589928057555
0.8776978417266187,0.7194244604316502,intentroute,token_budget_r1.00_m4,417,17,test,-5.621329766410033,1552.7601918465227
0.8776978417266187,0.7194244604316502,intentroute,token_budget_r1.00_m5,417,17,test,-5.621329766410033,1552.7601918465227
0.8776978417266187,0.7194244604316502,intentroute,token_budget_r1.00_m6,417,17,test,-5.621329766410033,1552.7601918465227
0.8776978417266187,0.7194244604316502,intentroute,token_budget_r1.00_m7,417,17,test,-5.621329766410033,1552.7601918465227
0.8776978417266187,0.7194244604316502,intentroute,token_budget_r1.00_m8,417,17,test,-5.621329766410033,1552.7601918465227
0.8657074340527577,-0.47961630695444457,intentroute,token_budget_r0.99_m4,417,17,test,4.620416286049844,1402.1942446043165
0.8657074340527577,-0.47961630695444457,intentroute,token_budget_r0.99_m5,417,17,test,4.620416286049844,1402.1942446043165
0.8657074340527577,-0.47961630695444457,intentroute,token_budget_r0.99_m6,417,17,test,4.620416286049844,1402.1942446043165
0.8657074340527577,-0.47961630695444457,intentroute,token_budget_r0.99_m7,417,17,test,4.620416286049844,1402.1942446043165
0.8657074340527577,-0.47961630695444457,intentroute,token_budget_r0.99_m8,417,17,test,4.463982774370335,1404.4940047961632
0.8657074340527577,-0.47961630695444457,intentroute,token_budget_r0.98_m4,417,17,test,5.025936317369162,1396.232613908873
0.8657074340527577,-0.47961630695444457,intentroute,token_budget_r0.98_m5,417,17,test,5.025936317369162,1396.232613908873
0.8657074340527577,-0.47961630695444457,intentroute,token_budget_r0.98_m6,417,17,test,5.025936317369162,1396.232613908873
0.8657074340527577,-0.47961630695444457,intentroute,token_budget_r0.98_m7,417,17,test,5.025936317369162,1396.232613908873
0.8657074340527577,-0.47961630695444457,intentroute,token_budget_r0.98_m8,417,17,test,4.869502805689674,1398.5323741007194
0.8657074340527577,-0.47961630695444457,intentroute,token_budget_r0.97_m4,417,17,test,5.737961633824861,1385.7649880095923
0.8657074340527577,-0.47961630695444457,intentroute,token_budget_r0.97_m5,417,17,test,5.737961633824861,1385.7649880095923
0.8657074340527577,-0.47961630695444457,intentroute,token_budget_r0.97_m6,417,17,test,5.737961633824861,1385.7649880095923
0.8657074340527577,-0.47961630695444457,intentroute,token_budget_r0.97_m7,417,17,test,5.737961633824861,1385.7649880095923
0.8657074340527577,-0.47961630695444457,intentroute,token_budget_r0.97_m8,417,17,test,5.574840140936955,1388.1630695443646
0.8657074340527577,-0.47961630695444457,intentroute,token_budget_r0.96_m4,417,17,test,6.401213623907087,1376.0143884892086
0.8657074340527577,-0.47961630695444457,intentroute,token_budget_r0.96_m5,417,17,test,6.401213623907087,1376.0143884892086
0.8657074340527577,-0.47961630695444457,intentroute,token_budget_r0.96_m6,417,17,test,6.401213623907087,1376.0143884892086
0.8657074340527577,-0.47961630695444457,intentroute,token_budget_r0.96_m7,417,17,test,6.369241811301052,1376.484412470024
0.8657074340527577,-0.47961630695444457,intentroute,token_budget_r0.96_m8,417,17,test,6.086226021140528,1380.6450839328538
0.8657074340527577,-0.47961630695444457,intentroute,token_budget_r0.95_m4,417,17,test,7.1370546783244055,1365.1966426858514
0.8657074340527577,-0.47961630695444457,intentroute,token_budget_r0.95_m5,417,17,test,7.1370546783244055,1365.1966426858514
0.8657074340527577,-0.47961630695444457,intentroute,token_budget_r0.95_m6,417,17,test,7.1370546783244055,1365.1966426858514
0.8657074340527577,-0.47961630695444457,intentroute,token_budget_r0.95_m7,417,17,test,7.105082865718382,1365.6666666666667
0.8657074340527577,-0.47961630695444457,intentroute,token_budget_r0.95_m8,417,17,test,6.766116403497325,1370.6498800959232
0.8633093525179856,-0.7194244604316613,intentroute,token_budget_r0.94_m4,417,17,test,7.842392013571697,1354.8273381294964
0.8633093525179856,-0.7194244604316613,intentroute,token_budget_r0.94_m5,417,17,test,7.842392013571697,1354.8273381294964
0.8633093525179856,-0.7194244604316613,intentroute,token_budget_r0.94_m6,417,17,test,7.842392013571697,1354.8273381294964
0.8633093525179856,-0.7194244604316613,intentroute,token_budget_r0.94_m7,417,17,test,7.778774631345408,1355.7625899280577
0.8633093525179856,-0.7194244604316613,intentroute,token_budget_r0.94_m8,417,17,test,7.277012919222237,1363.1390887290167
0.8633093525179856,-0.7194244604316613,intentroute,token_budget_r0.93_m4,417,17,test,9.152583844447337,1335.5659472422062
0.8633093525179856,-0.7194244604316613,intentroute,token_budget_r0.93_m5,417,17,test,9.152583844447337,1335.5659472422062
0.8633093525179856,-0.7194244604316613,intentroute,token_budget_r0.93_m6,417,17,test,9.152583844447337,1335.5659472422062
0.8633093525179856,-0.7194244604316613,intentroute,token_budget_r0.93_m7,417,17,test,9.076242985775796,1336.6882494004797
0.8633093525179856,-0.7194244604316613,intentroute,token_budget_r0.93_m8,417,17,test,7.938144329896901,1353.4196642685852
0.8609112709832134,-0.959232613908878,intentroute,token_budget_r0.92_m4,417,17,test,10.46799556309539,1316.2278177458033
0.8609112709832134,-0.959232613908878,intentroute,token_budget_r0.92_m5,417,17,test,10.46799556309539,1316.2278177458033
0.8609112709832134,-0.959232613908878,intentroute,token_budget_r0.92_m6,417,17,test,10.466038105180742,1316.2565947242206
0.8609112709832134,-0.959232613908878,intentroute,token_budget_r0.92_m7,417,17,test,10.115326895471743,1321.4124700239809
0.8633093525179856,-0.7194244604316613,intentroute,token_budget_r0.92_m8,417,17,test,8.586715385619204,1343.8848920863309
0.8609112709832134,-0.959232613908878,intentroute,token_budget_r0.91_m4,417,17,test,12.662469006916343,1283.9664268585132
0.8609112709832134,-0.959232613908878,intentroute,token_budget_r0.91_m5,417,17,test,12.154508678063413,1291.4340527577938
0.8609112709832134,-0.959232613908878,intentroute,token_budget_r0.91_m6,417,17,test,12.152551220148766,1291.462829736211
0.8609112709832134,-0.959232613908878,intentroute,token_budget_r0.91_m7,417,17,test,11.042346339553688,1307.7841726618706
0.8633093525179856,-0.7194244604316613,intentroute,token_budget_r0.91_m8,417,17,test,9.244258123450333,1334.2182254196643
0.8609112709832134,-0.959232613908878,intentroute,token_budget_r0.90_m4,417,17,test,13.422778285266867,1272.78896882494
0.8609112709832134,-0.959232613908878,intentroute,token_budget_r0.90_m5,417,17,test,12.914817956413938,1280.2565947242206
0.8609112709832134,-0.959232613908878,intentroute,token_budget_r0.90_m6,417,17,test,12.91286049849928,1280.2853717026378
0.8609112709832134,-0.959232613908878,intentroute,token_budget_r0.90_m7,417,17,test,11.78308103875766,1296.89448441247
0.8633093525179856,-0.7194244604316613,intentroute,token_budget_r0.90_m8,417,17,test,9.633466005480873,1328.4964028776978
0.8585131894484412,-1.1990407673860948,intentroute,token_budget_r0.89_m4,417,17,test,14.720246639697232,1253.7146282973622
0.8585131894484412,-1.1990407673860948,intentroute,token_budget_r0.89_m5,417,17,test,14.212286310844313,1261.1822541966426
0.8585131894484412,-1.1990407673860948,intentroute,token_budget_r0.89_m6,417,17,test,14.193527339162204,1261.4580335731414
0.8609112709832134,-0.959232613908878,intentroute,token_budget_r0.89_m7,417,17,test,12.674866240375826,1283.7841726618706
0.8633093525179856,-0.7194244604316613,intentroute,token_budget_r0.89_m8,417,17,test,10.183837922484662,1320.4052757793766
0.8609112709832134,-0.959232613908878,intentroute,token_budget_r0.88_m4,417,17,test,15.432924442124495,1243.2374100719423
0.8609112709832134,-0.959232613908878,intentroute,token_budget_r0.88_m5,417,17,test,14.924964113271566,1250.705035971223
0.8609112709832134,-0.959232613908878,intentroute,token_budget_r0.88_m6,417,17,test,14.89511288007307,1251.1438848920864
0.8633093525179856,-0.7194244604316613,intentroute,token_budget_r0.88_m7,417,17,test,13.296522249771614,1274.6450839328538
0.8657074340527577,-0.47961630695444457,intentroute,token_budget_r0.88_m8,417,17,test,10.477293488189998,1316.0911270983213
0.8609112709832134,-0.959232613908878,intentroute,token_budget_r0.87_m4,417,17,test,16.502675192483363,1227.5107913669065
0.8609112709832134,-0.959232613908878,intentroute,token_budget_r0.87_m5,417,17,test,15.99471486363042,1234.978417266187
0.8609112709832134,-0.959232613908878,intentroute,token_budget_r0.87_m6,417,17,test,15.9250619861673,1236.0023980815347
0.8633093525179856,-0.7194244604316613,intentroute,token_budget_r0.87_m7,417,17,test,13.875114185045023,1266.1390887290167
0.8657074340527577,-0.47961630695444457,intentroute,token_budget_r0.87_m8,417,17,test,10.779557614511281,1311.6474820143885
0.8561151079136691,-1.4388489208633115,intentroute,token_budget_r0.86_m4,417,17,test,17.265431293227195,1216.2973621103117
0.8561151079136691,-1.4388489208633115,intentroute,token_budget_r0.86_m5,417,17,test,16.757470964374257,1223.7649880095923
0.8561151079136691,-1.4388489208633115,intentroute,token_budget_r0.86_m6,417,17,test,16.678846404802282,1224.9208633093526
0.8585131894484412,-1.1990407673860948,intentroute,token_budget_r0.86_m7,417,17,test,14.513408586715371,1256.7553956834533
0.8633093525179856,-0.7194244604316613,intentroute,token_budget_r0.86_m8,417,17,test,11.150169646352593,1306.1990407673861
0.8561151079136691,-1.4388489208633115,intentroute,token_budget_r0.85_m4,417,17,test,17.906825003262426,1206.8681055155876
0.8561151079136691,-1.4388489208633115,intentroute,token_budget_r0.85_m5,417,17,test,17.36428291791726,1214.8441247002397
0.8561151079136691,-1.4388489208633115,intentroute,token_budget_r0.85_m6,417,17,test,17.22856583583452,1216.8393285371703
0.8585131894484412,-1.1990407673860948,intentroute,token_budget_r0.85_m7,417,17,test,14.958567140806467,1250.21103117506
0.8633093525179856,-0.7194244604316613,intentroute,token_budget_r0.85_m8,417,17,test,11.342000521988771,1303.378896882494
0.8561151079136691,-1.4388489208633115,intentroute,token_budget_r0.84_m4,417,17,test,18.923398146939828,1191.9232613908873
0.8561151079136691,-1.4388489208633115,intentroute,token_budget_r0.84_m5,417,17,test,18.37074252903562,1200.0479616306955
0.8561151079136691,-1.4388489208633115,intentroute,token_budget_r0.84_m6,417,17,test,18.103712645178128,1203.9736211031175
0.8585131894484412,-1.1990407673860948,intentroute,token_budget_r0.84_m7,417,17,test,15.566520944799677,1241.273381294964
0.8633093525179856,-0.7194244604316613,intentroute,token_budget_r0.84_m8,417,17,test,11.594512592979244,1299.6666666666667
0.8561151079136691,-1.4388489208633115,intentroute,token_budget_r0.83_m4,417,17,test,19.747814171995305,1179.8033573141486
0.8561151079136691,-1.4388489208633115,intentroute,token_budget_r0.83_m5,417,17,test,19.17982513375962,1188.1534772182254
0.8561151079136691,-1.4388489208633115,intentroute,token_budget_r0.83_m6,417,17,test,18.83792248466658,1193.179856115108
0.8585131894484412,-1.1990407673860948,intentroute,token_budget_r0.83_m7,417,17,test,16.16664491713429,1232.450839328537
0.8633093525179856,-0.7194244604316613,intentroute,token_budget_r0.83_m8,417,17,test,11.712938796815864,1297.925659472422
0.8561151079136691,-1.4388489208633115,intentroute,token_budget_r0.82_m4,417,17,test,20.787550567662795,1164.5179856115108
0.8561151079136691,-1.4388489208633115,intentroute,token_budget_r0.82_m5,417,17,test,20.11304319457131,1174.4340527577938
0.8561151079136691,-1.4388489208633115,intentroute,token_budget_r0.82_m6,417,17,test,19.63542346339553,1181.4556354916067
0.8585131894484412,-1.1990407673860948,intentroute,token_budget_r0.82_m7,417,17,test,16.633335508286564,1225.589928057554
0.8633093525179856,-0.7194244604316613,intentroute,token_budget_r0.82_m8,417,17,test,11.855180738614113,1295.8345323741007
0.8537170263788969,-1.6786570743405282,intentroute,token_budget_r0.81_m4,417,17,test,21.631051807386136,1152.1175059952038
0.8537170263788969,-1.6786570743405282,intentroute,token_budget_r0.81_m5,417,17,test,20.944147200835182,1162.2158273381294
0.8537170263788969,-1.6786570743405282,intentroute,token_budget_r0.81_m6,417,17,test,20.40927182565575,1170.0791366906474
0.8585131894484412,-1.1990407673860948,intentroute,token_budget_r0.81_m7,417,17,test,17.176040715124618,1217.611510791367
0.8633093525179856,-0.7194244604316613,intentroute,token_budget_r0.81_m8,417,17,test,12.024500848231757,1293.3453237410072
0.8561151079136691,-1.4388489208633115,intentroute,token_budget_r0.80_m4,417,17,test,22.34715516116402,1141.589928057554
0.8561151079136691,-1.4388489208633115,intentroute,token_budget_r0.80_m5,417,17,test,21.62909434947149,1152.146282973621
0.8561151079136691,-1.4388489208633115,intentroute,token_budget_r0.80_m6,417,17,test,21.025871068772016,1161.0143884892086
0.8609112709832134,-0.959232613908878,intentroute,token_budget_r0.80_m7,417,17,test,17.60635521336291,1211.2853717026378
0.8633093525179856,-0.7194244604316613,intentroute,token_budget_r0.80_m8,417,17,test,12.144884509983033,1291.5755395683452
0.882494004796163,1.1990407673860837,intentroute,token_budget_r1.00_m4,417,19,test,-8.183479055200316,1590.4268585131895
0.882494004796163,1.1990407673860837,intentroute,token_budget_r1.00_m5,417,19,test,-8.183479055200316,1590.4268585131895
0.882494004796163,1.1990407673860837,intentroute,token_budget_r1.00_m6,417,19,test,-8.183479055200316,1590.4268585131895
0.882494004796163,1.1990407673860837,intentroute,token_budget_r1.00_m7,417,19,test,-8.183479055200316,1590.4268585131895
0.882494004796163,1.1990407673860837,intentroute,token_budget_r1.00_m8,417,19,test,-8.183479055200316,1590.4268585131895
0.8752997601918465,0.47961630695443347,intentroute,token_budget_r0.99_m4,417,19,test,1.9228761581626008,1441.851318944844
0.8752997601918465,0.47961630695443347,intentroute,token_budget_r0.99_m5,417,19,test,1.9228761581626008,1441.851318944844
0.8752997601918465,0.47961630695443347,intentroute,token_budget_r0.99_m6,417,19,test,1.9228761581626008,1441.851318944844
0.8752997601918465,0.47961630695443347,intentroute,token_budget_r0.99_m7,417,19,test,1.9228761581626008,1441.851318944844
0.8752997601918465,0.47961630695443347,intentroute,token_budget_r0.99_m8,417,19,test,1.9228761581626008,1441.851318944844
0.8752997601918465,0.47961630695443347,intentroute,token_budget_r0.98_m4,417,19,test,2.3031123580842916,1436.2613908872902
0.8752997601918465,0.47961630695443347,intentroute,token_budget_r0.98_m5,417,19,test,2.3031123580842916,1436.2613908872902
0.8752997601918465,0.47961630695443347,intentroute,token_budget_r0.98_m6,417,19,test,2.3031123580842916,1436.2613908872902
0.8752997601918465,0.47961630695443347,intentroute,token_budget_r0.98_m7,417,19,test,2.3031123580842916,1436.2613908872902
0.8752997601918465,0.47961630695443347,intentroute,token_budget_r0.98_m8,417,19,test,2.3031123580842916,1436.2613908872902
0.8752997601918465,0.47961630695443347,intentroute,token_budget_r0.97_m4,417,19,test,3.320664230719028,1421.3021582733813
0.8752997601918465,0.47961630695443347,intentroute,token_budget_r0.97_m5,417,19,test,3.320664230719028,1421.3021582733813
0.8752997601918465,0.47961630695443347,intentroute,token_budget_r0.97_m6,417,19,test,3.320664230719028,1421.3021582733813
0.8752997601918465,0.47961630695443347,intentroute,token_budget_r0.97_m7,417,19,test,3.320664230719028,1421.3021582733813
0.8752997601918465,0.47961630695443347,intentroute,token_budget_r0.97_m8,417,19,test,3.246770194440818,1422.388489208633
0.8752997601918465,0.47961630695443347,intentroute,token_budget_r0.96_m4,417,19,test,4.332343729609811,1406.4292565947242
0.8752997601918465,0.47961630695443347,intentroute,token_budget_r0.96_m5,417,19,test,4.332343729609811,1406.4292565947242
0.8752997601918465,0.47961630695443347,intentroute,token_budget_r0.96_m6,417,19,test,4.330386271695163,1406.4580335731414
0.8752997601918465,0.47961630695443347,intentroute,token_budget_r0.96_m7,417,19,test,4.29645700117447,1406.9568345323742
0.8752997601918465,0.47961630695443347,intentroute,token_budget_r0.96_m8,417,19,test,4.10397363956675,1409.7865707434053
0.8776978417266187,0.7194244604316502,intentroute,token_budget_r0.95_m4,417,19,test,4.98042542085344,1396.9016786570744
0.8776978417266187,0.7194244604316502,intentroute,token_budget_r0.95_m5,417,19,test,4.9732480751663815,1397.0071942446043
0.8776978417266187,0.7194244604316502,intentroute,token_budget_r0.95_m6,417,19,test,4.971290617251722,1397.0359712230215
0.8776978417266187,0.7194244604316502,intentroute,token_budget_r0.95_m7,417,19,test,4.937361346731029,1397.5347721822543
0.8776978417266187,0.7194244604316502,intentroute,token_budget_r0.95_m8,417,19,test,4.666416547044239,1401.5179856115108
0.8776978417266187,0.7194244604316502,intentroute,token_budget_r0.94_m4,417,19,test,5.798153464700495,1384.8800959232615
0.8776978417266187,0.7194244604316502,intentroute,token_budget_r0.94_m5,417,19,test,5.784614380790821,1385.0791366906474
0.8776978417266187,0.7194244604316502,intentroute,token_budget_r0.94_m6,417,19,test,5.78265692287615,1385.1079136690648
0.8776978417266187,0.7194244604316502,intentroute,token_budget_r0.94_m7,417,19,test,5.748727652355468,1385.6067146282974
0.8776978417266187,0.7194244604316502,intentroute,token_budget_r0.94_m8,417,19,test,5.363597807647125,1391.2685851318945
0.8752997601918465,0.47961630695443347,intentroute,token_budget_r0.93_m4,417,19,test,6.467277828526685,1375.0431654676258
0.8752997601918465,0.47961630695443347,intentroute,token_budget_r0.93_m5,417,19,test,6.453738744616988,1375.242206235012
0.8752997601918465,0.47961630695443347,intentroute,token_budget_r0.93_m6,417,19,test,6.45178128670233,1375.2709832134292
0.8752997601918465,0.47961630695443347,intentroute,token_budget_r0.93_m7,417,19,test,6.413284614380787,1375.8369304556354
0.8776978417266187,0.7194244604316502,intentroute,token_budget_r0.93_m8,417,19,test,5.7601461568576156,1385.4388489208634
0.8729016786570744,0.23980815347721673,intentroute,token_budget_r0.92_m4,417,19,test,7.9410805167688725,1353.3764988009593
0.8729016786570744,0.23980815347721673,intentroute,token_budget_r0.92_m5,417,19,test,7.927541432859197,1353.5755395683452
0.8729016786570744,0.23980815347721673,intentroute,token_budget_r0.92_m6,417,19,test,7.915307320892584,1353.7553956834533
0.8729016786570744,0.23980815347721673,intentroute,token_budget_r0.92_m7,417,19,test,7.859356648832039,1354.5779376498801
0.8752997601918465,0.47961630695443347,intentroute,token_budget_r0.92_m8,417,19,test,6.262560354952362,1378.052757793765
0.8705035971223022,0.0,intentroute,token_budget_r0.91_m4,417,19,test,8.649027795902386,1342.9688249400479
0.8705035971223022,0.0,intentroute,token_budget_r0.91_m5,417,19,test,8.63548871199269,1343.167865707434
0.8705035971223022,0.0,intentroute,token_budget_r0.91_m6,417,19,test,8.623254600026097,1343.3477218225419
0.8705035971223022,0.0,intentroute,token_budget_r0.91_m7,417,19,test,8.526686676236462,1344.767386091127
0.8729016786570744,0.23980815347721673,intentroute,token_budget_r0.91_m8,417,19,test,6.733328983426857,1371.1318944844124
0.8657074340527577,-0.47961630695444457,intentroute,token_budget_r0.90_m4,417,19,test,9.39269868197834,1332.0359712230215
0.8657074340527577,-0.47961630695444457,intentroute,token_budget_r0.90_m5,417,19,test,9.379159598068643,1332.2350119904077
0.8657074340527577,-0.47961630695444457,intentroute,token_budget_r0.90_m6,417,19,test,9.363010570272722,1332.4724220623502
0.8657074340527577,-0.47961630695444457,intentroute,token_budget_r0.90_m7,417,19,test,9.187654965418247,1335.0503597122301
0.86810551558753,-0.23980815347721673,intentroute,token_budget_r0.90_m8,417,19,test,7.143905781025706,1365.095923261391
0.8657074340527577,-0.47961630695444457,intentroute,token_budget_r0.89_m4,417,19,test,10.228206968550168,1319.7529976019184
0.8657074340527577,-0.47961630695444457,intentroute,token_budget_r0.89_m5,417,19,test,10.214667884640471,1319.9520383693045
0.8657074340527577,-0.47961630695444457,intentroute,token_budget_r0.89_m6,417,19,test,10.185142894427768,1320.3860911270983
0.8657074340527577,-0.47961630695444457,intentroute,token_budget_r0.89_m7,417,19,test,9.763310713819651,1326.5875299760191
0.86810551558753,-0.23980815347721673,intentroute,token_budget_r0.89_m8,417,19,test,7.392666057679753,1361.4388489208634
0.8657074340527577,-0.47961630695444457,intentroute,token_budget_r0.88_m4,417,19,test,11.24673757014224,1304.779376498801
0.8657074340527577,-0.47961630695444457,intentroute,token_budget_r0.88_m5,417,19,test,11.233198486232542,1304.978417266187
0.8657074340527577,-0.47961630695444457,intentroute,token_budget_r0.88_m6,417,19,test,11.189481926138589,1305.621103117506
0.8657074340527577,-0.47961630695444457,intentroute,token_budget_r0.88_m7,417,19,test,10.593272869633296,1314.3860911270983
0.86810551558753,-0.23980815347721673,intentroute,token_budget_r0.88_m8,417,19,test,7.848101265822772,1354.7434052757794
0.8657074340527577,-0.47961630695444457,intentroute,token_budget_r0.87_m4,417,19,test,12.457914654834923,1286.9736211031175
0.8657074340527577,-0.47961630695444457,intentroute,token_budget_r0.87_m5,417,19,test,12.444375570925226,1287.1726618705036
0.8657074340527577,-0.47961630695444457,intentroute,token_budget_r0.87_m6,417,19,test,12.363467310452814,1288.3621103117507
0.8657074340527577,-0.47961630695444457,intentroute,token_budget_r0.87_m7,417,19,test,11.254404280307961,1304.6666666666667
0.86810551558753,-0.23980815347721673,intentroute,token_budget_r0.87_m8,417,19,test,8.246770194440812,1348.8824940047962
0.8657074340527577,-0.47961630695444457,intentroute,token_budget_r0.86_m4,417,19,test,13.36666449171342,1273.6139088729017
0.8657074340527577,-0.47961630695444457,intentroute,token_budget_r0.86_m5,417,19,test,13.3452955761451,1273.928057553957
0.8657074340527577,-0.47961630695444457,intentroute,token_budget_r0.86_m6,417,19,test,13.207947279133503,1275.947242206235
0.8657074340527577,-0.47961630695444457,intentroute,token_budget_r0.86_m7,417,19,test,11.917656270390175,1294.916067146283
0.8657074340527577,-0.47961630695444457,intentroute,token_budget_r0.86_m8,417,19,test,8.536800208795503,1344.6187050359713
0.8657074340527577,-0.47961630695444457,intentroute,token_budget_r0.85_m4,417,19,test,14.309343599112612,1259.7553956834533
0.8657074340527577,-0.47961630695444457,intentroute,token_budget_r0.85_m5,417,19,test,14.25926530079603,1260.4916067146282
0.8657074340527577,-0.47961630695444457,intentroute,token_budget_r0.85_m6,417,19,test,14.066292574709639,1263.3285371702639
0.8657074340527577,-0.47961630695444457,intentroute,token_budget_r0.85_m7,417,19,test,12.666873287224313,1283.9016786570744
0.8657074340527577,-0.47961630695444457,intentroute,token_budget_r0.85_m8,417,19,test,8.845262951846532,1340.083932853717
0.8633093525179856,-0.7194244604316613,intentroute,token_budget_r0.84_m4,417,19,test,15.528350515463918,1241.8345323741007
0.8633093525179856,-0.7194244604316613,intentroute,token_budget_r0.84_m5,417,19,test,15.45070468484926,1242.9760191846524
0.8633093525179856,-0.7194244604316613,intentroute,token_budget_r0.84_m6,417,19,test,14.758906433511676,1253.146282973621
0.8633093525179856,-0.7194244604316613,intentroute,token_budget_r0.84_m7,417,19,test,13.06505285136369,1278.0479616306955
0.8657074340527577,-0.47961630695444457,intentroute,token_budget_r0.84_m8,417,19,test,9.033668276132046,1337.3141486810553
0.8633093525179856,-0.7194244604316613,intentroute,token_budget_r0.83_m4,417,19,test,16.406270390186595,1228.928057553957
0.8633093525179856,-0.7194244604316613,intentroute,token_budget_r0.83_m5,417,19,test,16.324872765235543,1230.1247002398081
0.8633093525179856,-0.7194244604316613,intentroute,token_budget_r0.83_m6,417,19,test,15.453803993214144,1242.9304556354916
0.8633093525179856,-0.7194244604316613,intentroute,token_budget_r0.83_m7,417,19,test,13.56306276915047,1270.726618705036
0.8657074340527577,-0.47961630695444457,intentroute,token_budget_r0.83_m8,417,19,test,9.23120840401932,1334.410071942446
0.8633093525179856,-0.7194244604316613,intentroute,token_budget_r0.82_m4,417,19,test,17.905193788333552,1206.8920863309352
0.8633093525179856,-0.7194244604316613,intentroute,token_budget_r0.82_m5,417,19,test,17.707001174474748,1209.8057553956835
0.8633093525179856,-0.7194244604316613,intentroute,token_budget_r0.82_m6,417,19,test,16.680314498238292,1224.8992805755395
0.8633093525179856,-0.7194244604316613,intentroute,token_budget_r0.82_m7,417,19,test,14.544564791856974,1256.2973621103117
0.8657074340527577,-0.47961630695444457,intentroute,token_budget_r0.82_m8,417,19,test,9.695941537256935,1327.5779376498801
0.8585131894484412,-1.1990407673860948,intentroute,token_budget_r0.81_m4,417,19,test,18.75326242985774,1194.4244604316548
0.8585131894484412,-1.1990407673860948,intentroute,token_budget_r0.81_m5,417,19,test,18.535332115359516,1197.6282973621103
0.8609112709832134,-0.959232613908878,intentroute,token_budget_r0.81_m6,417,19,test,17.440297533603033,1213.726618705036
0.8633093525179856,-0.7194244604316613,intentroute,token_budget_r0.81_m7,417,19,test,15.093468615424765,1248.2278177458033
0.8657074340527577,-0.47961630695444457,intentroute,token_budget_r0.81_m8,417,19,test,9.867055983296357,1325.062350119904
0.8585131894484412,-1.1990407673860948,intentroute,token_budget_r0.80_m4,417,19,test,19.58518204358606,1182.1942446043165
0.8585131894484412,-1.1990407673860948,intentroute,token_budget_r0.80_m5,417,19,test,19.242300665535684,1187.2350119904077
0.8609112709832134,-0.959232613908878,intentroute,token_budget_r0.80_m6,417,19,test,18.058364870155287,1204.6402877697842
0.8657074340527577,-0.47961630695444457,intentroute,token_budget_r0.80_m7,417,19,test,15.49295315150725,1242.3549160671462
0.8657074340527577,-0.47961630695444457,intentroute,token_budget_r0.80_m8,417,19,test,10.008482317630163,1322.9832134292567
0.8705035971223022,0.0,dense,token_budget_r1.00_m4,417,,test,0.0,1470.1199040767385
0.8705035971223022,0.0,dense,token_budget_r1.00_m5,417,,test,0.0,1470.1199040767385
0.8705035971223022,0.0,dense,token_budget_r1.00_m6,417,,test,0.0,1470.1199040767385
0.8705035971223022,0.0,dense,token_budget_r1.00_m7,417,,test,0.0,1470.1199040767385
0.8705035971223022,0.0,dense,token_budget_r1.00_m8,417,,test,0.0,1470.1199040767385
0.8609112709832134,-0.959232613908878,dense,token_budget_r0.99_m4,417,,test,9.619763800078296,1328.6978417266187
0.8609112709832134,-0.959232613908878,dense,token_budget_r0.99_m5,417,,test,9.619763800078296,1328.6978417266187
0.8609112709832134,-0.959232613908878,dense,token_budget_r0.99_m6,417,,test,9.619763800078296,1328.6978417266187
0.8609112709832134,-0.959232613908878,dense,token_budget_r0.99_m7,417,,test,9.619763800078296,1328.6978417266187
0.8609112709832134,-0.959232613908878,dense,token_budget_r0.99_m8,417,,test,9.612423332898334,1328.8057553956835
0.8609112709832134,-0.959232613908878,dense,token_budget_r0.98_m4,417,,test,10.210752968811176,1320.009592326139
0.8609112709832134,-0.959232613908878,dense,token_budget_r0.98_m5,417,,test,10.210752968811176,1320.009592326139
0.8609112709832134,-0.959232613908878,dense,token_budget_r0.98_m6,417,,test,10.210752968811176,1320.009592326139
0.8609112709832134,-0.959232613908878,dense,token_budget_r0.98_m7,417,,test,10.05758188698942,1322.2613908872902
0.8609112709832134,-0.959232613908878,dense,token_budget_r0.98_m8,417,,test,10.04795771890904,1322.4028776978416
0.8609112709832134,-0.959232613908878,dense,token_budget_r0.97_m4,417,,test,11.106779329244421,1306.8369304556354
0.8609112709832134,-0.959232613908878,dense,token_budget_r0.97_m5,417,,test,11.106779329244421,1306.8369304556354
0.8609112709832134,-0.959232613908878,dense,token_budget_r0.97_m6,417,,test,11.106779329244421,1306.8369304556354
0.8609112709832134,-0.959232613908878,dense,token_budget_r0.97_m7,417,,test,10.953608247422675,1309.0887290167866
0.8609112709832134,-0.959232613908878,dense,token_budget_r0.97_m8,417,,test,10.790812997520549,1311.4820143884892
0.8609112709832134,-0.959232613908878,dense,token_budget_r0.96_m4,417,,test,12.185664883204995,1290.9760191846524
0.8609112709832134,-0.959232613908878,dense,token_budget_r0.96_m5,417,,test,12.185664883204995,1290.9760191846524
0.8609112709832134,-0.959232613908878,dense,token_budget_r0.96_m6,417,,test,12.183707425290347,1291.0047961630696
0.8609112709832134,-0.959232613908878,dense,token_budget_r0.96_m7,417,,test,12.028089521075302,1293.292565947242
0.8609112709832134,-0.959232613908878,dense,token_budget_r0.96_m8,417,,test,11.727619731175775,1297.7098321342926
0.8561151079136691,-1.4388489208633115,dense,token_budget_r0.95_m4,417,,test,13.834660054808822,1266.7338129496402
0.8561151079136691,-1.4388489208633115,dense,token_budget_r0.95_m5,417,,test,13.290160511548999,1274.7386091127098
0.8561151079136691,-1.4388489208633115,dense,token_budget_r0.95_m6,417,,test,13.288203053634351,1274.767386091127
0.8561151079136691,-1.4388489208633115,dense,token_budget_r0.95_m7,417,,test,13.12932271956152,1277.1031175059952
0.8585131894484412,-1.1990407673860948,dense,token_budget_r0.95_m8,417,,test,12.326275610074378,1288.9088729016787
0.8561151079136691,-1.4388489208633115,dense,token_budget_r0.94_m4,417,,test,14.305918047761967,1259.8057553956835
0.8561151079136691,-1.4388489208633115,dense,token_budget_r0.94_m5,417,,test,13.761418504502142,1267.810551558753
0.8561151079136691,-1.4388489208633115,dense,token_budget_r0.94_m6,417,,test,13.759461046587484,1267.8393285371703
0.8561151079136691,-1.4388489208633115,dense,token_budget_r0.94_m7,417,,test,13.5989494975858,1270.1990407673861
0.8585131894484412,-1.1990407673860948,dense,token_budget_r0.94_m8,417,,test,12.612390708599763,1284.7026378896883
0.8561151079136691,-1.4388489208633115,dense,token_budget_r0.93_m4,417,,test,15.29851233198486,1245.2134292565947
0.8561151079136691,-1.4388489208633115,dense,token_budget_r0.93_m5,417,,test,14.754012788725035,1253.2182254196643
0.8561151079136691,-1.4388489208633115,dense,token_budget_r0.93_m6,417,,test,14.750260994388608,1253.273381294964
0.8561151079136691,-1.4388489208633115,dense,token_budget_r0.93_m7,417,,test,14.418634999347502,1258.148681055156
0.8585131894484412,-1.1990407673860948,dense,token_budget_r0.93_m8,417,,test,13.021173169776857,1278.693045563549
0.8561151079136691,-1.4388489208633115,dense,token_budget_r0.92_m4,417,,test,16.3997455304711,1229.0239808153476
0.8561151079136691,-1.4388489208633115,dense,token_budget_r0.92_m5,417,,test,15.851820435860631,1237.0791366906474
0.8561151079136691,-1.4388489208633115,dense,token_budget_r0.92_m6,417,,test,15.846437426595328,1237.158273381295
0.8561151079136691,-1.4388489208633115,dense,token_budget_r0.92_m7,417,,test,15.508939057810256,1242.1199040767385
0.8585131894484412,-1.1990407673860948,dense,token_budget_r0.92_m8,417,,test,13.842816129453217,1266.6139088729017
0.8561151079136691,-1.4388489208633115,dense,token_budget_r0.91_m4,417,,test,17.07882030536343,1219.0407673860911
0.8561151079136691,-1.4388489208633115,dense,token_budget_r0.91_m5,417,,test,16.53089521075296,1227.095923261391
0.8561151079136691,-1.4388489208633115,dense,token_budget_r0.91_m6,417,,test,16.480001304971946,1227.8441247002397
0.8561151079136691,-1.4388489208633115,dense,token_budget_r0.91_m7,417,,test,16.112488581495487,1233.2470023980816
0.8585131894484412,-1.1990407673860948,dense,token_budget_r0.91_m8,417,,test,14.24947801122276,1260.6354916067146
0.8561151079136691,-1.4388489208633115,dense,token_budget_r0.90_m4,417,,test,17.58400756883727,1211.6139088729017
0.8561151079136691,-1.4388489208633115,dense,token_budget_r0.90_m5,417,,test,17.032493801383264,1219.7218225419665
0.8561151079136691,-1.4388489208633115,dense,token_budget_r0.90_m6,417,,test,16.973280699464954,1220.5923261390888
0.8561151079136691,-1.4388489208633115,dense,token_budget_r0.90_m7,417,,test,16.532363304188948,1227.074340527578
0.8585131894484412,-1.1990407673860948,dense,token_budget_r0.90_m8,417,,test,14.465940232285002,1257.453237410072
0.8561151079136691,-1.4388489208633115,dense,token_budget_r0.89_m4,417,,test,18.43680673365522,1199.0767386091127
0.8561151079136691,-1.4388489208633115,dense,token_budget_r0.89_m5,417,,test,17.884151115751013,1207.2014388489208
0.8561151079136691,-1.4388489208633115,dense,token_budget_r0.89_m6,417,,test,17.824938013832703,1208.071942446043
0.8561151079136691,-1.4388489208633115,dense,token_budget_r0.89_m7,417,,test,17.28125407803732,1216.0647482014388
0.8585131894484412,-1.1990407673860948,dense,token_budget_r0.89_m8,417,,test,14.863793553438587,1251.6043165467627
0.8537170263788969,-1.6786570743405282,dense,token_budget_r0.88_m4,417,,test,19.624168080386273,1181.621103117506
0.8537170263788969,-1.6786570743405282,dense,token_budget_r0.88_m5,417,,test,19.06792378963852,1189.7985611510792
0.8537170263788969,-1.6786570743405282,dense,token_budget_r0.88_m6,417,,test,18.989299230066557,1190.9544364508392
0.8537170263788969,-1.6786570743405282,dense,token_budget_r0.88_m7,417,,test,17.964406890251862,1206.021582733813
0.8561151079136691,-1.4388489208633115,dense,token_budget_r0.88_m8,417,,test,15.259036930705982,1245.7937649880096
0.8513189448441247,-1.918465227817745,dense,token_budget_r0.87_m4,417,,test,20.547435730131802,1168.0479616306955
0.8513189448441247,-1.918465227817745,dense,token_budget_r0.87_m5,417,,test,19.989560224455172,1176.2494004796163
0.8513189448441247,-1.918465227817745,dense,token_budget_r0.87_m6,417,,test,19.8558006002871,1178.2158273381294
0.8537170263788969,-1.6786570743405282,dense,token_budget_r0.87_m7,417,,test,18.5746443951455,1197.0503597122301
0.8561151079136691,-1.4388489208633115,dense,token_budget_r0.87_m8,417,,test,15.522315020227062,1241.9232613908873
0.8489208633093526,-2.1582733812949617,dense,token_budget_r0.86_m4,417,,test,21.49908651963983,1154.0575539568345
0.8489208633093526,-2.1582733812949617,dense,token_budget_r0.86_m5,417,,test,20.937948584105428,1162.306954436451
0.8489208633093526,-2.1582733812949617,dense,token_budget_r0.86_m6,417,,test,20.79603288529296,1164.3932853717026
0.8537170263788969,-1.6786570743405282,dense,token_budget_r0.86_m7,417,,test,19.295315150724257,1186.4556354916067
0.8561151079136691,-1.4388489208633115,dense,token_budget_r0.86_m8,417,,test,15.895047631475922,1236.4436450839328
0.8513189448441247,-1.918465227817745,dense,token_budget_r0.85_m4,417,,test,22.889207882030536,1133.621103117506
0.8513189448441247,-1.918465227817745,dense,token_budget_r0.85_m5,417,,test,22.245530471094867,1143.083932853717
0.8513189448441247,-1.918465227817745,dense,token_budget_r0.85_m6,417,,test,21.456838052981865,1154.6786570743404
0.8561151079136691,-1.4388489208633115,dense,token_budget_r0.85_m7,417,,test,19.750424115881504,1179.7649880095923
0.8561151079136691,-1.4388489208633115,dense,token_budget_r0.85_m8,417,,test,16.104821871329765,1233.3597122302158
0.8489208633093526,-2.1582733812949617,dense,token_budget_r0.84_m4,417,,test,23.636630562442896,1122.63309352518
0.8489208633093526,-2.1582733812949617,dense,token_budget_r0.84_m5,417,,test,22.991158815085466,1132.1223021582734
0.8489208633093526,-2.1582733812949617,dense,token_budget_r0.84_m6,417,,test,22.178813780503724,1144.0647482014388
0.8537170263788969,-1.6786570743405282,dense,token_budget_r0.84_m7,417,,test,20.352016181652075,1170.9208633093526
0.8561151079136691,-1.4388489208633115,dense,token_budget_r0.84_m8,417,,test,16.360270129192212,1229.6043165467627
0.8465227817745803,-2.3980815347721895,dense,token_budget_r0.83_m4,417,,test,24.28242855278612,1113.1390887290167
0.8465227817745803,-2.3980815347721895,dense,token_budget_r0.83_m5,417,,test,23.63532559049979,1122.6522781774581
0.8465227817745803,-2.3980815347721895,dense,token_budget_r0.83_m6,417,,test,22.796881117055978,1134.978417266187
0.8513189448441247,-1.918465227817745,dense,token_budget_r0.83_m7,417,,test,20.840075688372693,1163.7458033573141
0.8537170263788969,-1.6786570743405282,dense,token_budget_r0.83_m8,417,,test,16.643775283831395,1225.4364508393285
0.8465227817745803,-2.3980815347721895,dense,token_budget_r0.82_m4,417,,test,25.21858280046978,1099.3764988009593
0.8465227817745803,-2.3980815347721895,dense,token_budget_r0.82_m5,417,,test,24.550437165600936,1109.1990407673861
0.8465227817745803,-2.3980815347721895,dense,token_budget_r0.82_m6,417,,test,23.633694375570926,1122.6762589928057
0.8513189448441247,-1.918465227817745,dense,token_budget_r0.82_m7,417,,test,21.324872765235536,1156.6187050359713
0.8537170263788969,-1.6786570743405282,dense,token_budget_r0.82_m8,417,,test,16.880627691504635,1221.9544364508392
0.8441247002398081,-2.6378896882494063,dense,token_budget_r0.81_m4,417,,test,25.96649484536082,1088.3812949640287
0.8441247002398081,-2.6378896882494063,dense,token_budget_r0.81_m5,417,,test,25.285951977032482,1098.3860911270983
0.8441247002398081,-2.6378896882494063,dense,token_budget_r0.81_m6,417,,test,24.28520161816521,1113.0983213429256
0.8489208633093526,-2.1582733812949617,dense,token_budget_r0.81_m7,417,,test,21.766442646483096,1150.1270983213428
0.8537170263788969,-1.6786570743405282,dense,token_budget_r0.81_m8,417,,test,17.029720736004162,1219.7625899280577
0.841726618705036,-2.877697841726623,dense,token_budget_r0.80_m4,417,,test,26.824513897951196,1075.767386091127
0.841726618705036,-2.877697841726623,dense,token_budget_r0.80_m5,417,,test,26.11591413284614,1086.1846522781775
0.841726618705036,-2.877697841726623,dense,token_budget_r0.80_m6,417,,test,24.98760276654052,1102.7721822541967
0.8465227817745803,-2.3980815347721895,dense,token_budget_r0.80_m7,417,,test,22.207196920266203,1143.6474820143885
0.8513189448441247,-1.918465227817745,dense,token_budget_r0.80_m8,417,,test,17.213558658488836,1217.0599520383694
