selector,split,budget_ratio,min_keep,target_coverage,final_hit@10,hit_delta_vs_dense_pp,token_saving_vs_dense_pct,actual_coverage,source_selective_risk,dense_selective_risk,hit_delta_vs_source_pp,num_seeds,token_saving_vs_source_pct
dense_budget_only,calibration,0.75,4,1.0,0.8324022346368715,-2.7932960893854775,31.941036585596382,1.0,0.032467532467532464,0.032467532467532464,-2.7932960893854775,3,31.941036585596382
dense_budget_only,calibration,0.75,5,1.0,0.8324022346368715,-2.7932960893854775,31.488867801121355,1.0,0.032467532467532464,0.032467532467532464,-2.7932960893854775,3,31.488867801121355
dense_budget_only,calibration,0.75,6,1.0,0.8379888268156425,-2.2346368715083775,30.068846100044233,1.0,0.025974025974025976,0.025974025974025976,-2.2346368715083775,3,30.068846100044233
dense_budget_only,calibration,0.75,7,1.0,0.8435754189944135,-1.6759776536312776,26.611418396010635,1.0,0.01948051948051948,0.01948051948051948,-1.6759776536312776,3,26.611418396010635
dense_budget_only,calibration,0.75,8,1.0,0.8435754189944135,-1.6759776536312776,19.49127231071104,1.0,0.01948051948051948,0.01948051948051948,-1.6759776536312776,3,19.49127231071104
dense_budget_only,calibration,0.8,4,1.0,0.8379888268156425,-2.2346368715083775,27.923690846606664,1.0,0.025974025974025976,0.025974025974025976,-2.2346368715083775,3,27.923690846606664
dense_budget_only,calibration,0.8,5,1.0,0.8379888268156425,-2.2346368715083775,27.913861090422422,1.0,0.025974025974025976,0.025974025974025976,-2.2346368715083775,3,27.913861090422422
dense_budget_only,calibration,0.8,6,1.0,0.8379888268156425,-2.2346368715083775,27.07606340948874,1.0,0.025974025974025976,0.025974025974025976,-2.2346368715083775,3,27.07606340948874
dense_budget_only,calibration,0.8,7,1.0,0.8435754189944135,-1.6759776536312776,24.89612594186078,1.0,0.01948051948051948,0.01948051948051948,-1.6759776536312776,3,24.89612594186078
dense_budget_only,calibration,0.8,8,1.0,0.8435754189944135,-1.6759776536312776,18.805457783087544,1.0,0.01948051948051948,0.01948051948051948,-1.6759776536312776,3,18.805457783087544
dense_budget_only,calibration,0.85,4,1.0,0.8491620111731844,-1.1173184357541888,23.97893407636209,1.0,0.012987012987012988,0.012987012987012988,-1.1173184357541888,3,23.97893407636209
dense_budget_only,calibration,0.85,5,1.0,0.8491620111731844,-1.1173184357541888,23.974019198269957,1.0,0.012987012987012988,0.012987012987012988,-1.1173184357541888,3,23.974019198269957
dense_budget_only,calibration,0.85,6,1.0,0.8491620111731844,-1.1173184357541888,23.609940151907548,1.0,0.012987012987012988,0.012987012987012988,-1.1173184357541888,3,23.609940151907548
dense_budget_only,calibration,0.85,7,1.0,0.8491620111731844,-1.1173184357541888,22.580084157835635,1.0,0.012987012987012988,0.012987012987012988,-1.1173184357541888,3,22.580084157835635
dense_budget_only,calibration,0.85,8,1.0,0.8491620111731844,-1.1173184357541888,18.00886946461856,1.0,0.012987012987012988,0.012987012987012988,-1.1173184357541888,3,18.00886946461856
dense_budget_only,calibration,0.88,4,1.0,0.8491620111731844,-1.1173184357541888,21.658733549335928,1.0,0.012987012987012988,0.012987012987012988,-1.1173184357541888,3,21.658733549335928
dense_budget_only,calibration,0.88,5,1.0,0.8491620111731844,-1.1173184357541888,21.65381867124381,1.0,0.012987012987012988,0.012987012987012988,-1.1173184357541888,3,21.65381867124381
dense_budget_only,calibration,0.88,6,1.0,0.8491620111731844,-1.1173184357541888,21.310155272340957,1.0,0.012987012987012988,0.012987012987012988,-1.1173184357541888,3,21.310155272340957
dense_budget_only,calibration,0.88,7,1.0,0.8491620111731844,-1.1173184357541888,20.510164345962057,1.0,0.012987012987012988,0.012987012987012988,-1.1173184357541888,3,20.510164345962057
dense_budget_only,calibration,0.88,8,1.0,0.8491620111731844,-1.1173184357541888,16.974098592454535,1.0,0.012987012987012988,0.012987012987012988,-1.1173184357541888,3,16.974098592454535
dense_budget_only,calibration,0.9,4,1.0,0.8491620111731844,-1.1173184357541888,19.419817544602523,1.0,0.012987012987012988,0.012987012987012988,-1.1173184357541888,3,19.419817544602523
dense_budget_only,calibration,0.9,5,1.0,0.8491620111731844,-1.1173184357541888,19.414902666510404,1.0,0.012987012987012988,0.012987012987012988,-1.1173184357541888,3,19.414902666510404
dense_budget_only,calibration,0.9,6,1.0,0.8491620111731844,-1.1173184357541888,19.40129223487068,1.0,0.012987012987012988,0.012987012987012988,-1.1173184357541888,3,19.40129223487068
dense_budget_only,calibration,0.9,7,1.0,0.8491620111731844,-1.1173184357541888,19.26443178338242,1.0,0.012987012987012988,0.012987012987012988,-1.1173184357541888,3,19.26443178338242
dense_budget_only,calibration,0.9,8,1.0,0.8491620111731844,-1.1173184357541888,16.43724267777681,1.0,0.012987012987012988,0.012987012987012988,-1.1173184357541888,3,16.43724267777681
dense_budget_only,calibration,0.92,4,1.0,0.8491620111731844,-1.1173184357541888,17.84403201475977,1.0,0.012987012987012988,0.012987012987012988,-1.1173184357541888,3,17.84403201475977
dense_budget_only,calibration,0.92,5,1.0,0.8491620111731844,-1.1173184357541888,17.84403201475977,1.0,0.012987012987012988,0.012987012987012988,-1.1173184357541888,3,17.84403201475977
dense_budget_only,calibration,0.92,6,1.0,0.8491620111731844,-1.1173184357541888,17.83042158312005,1.0,0.012987012987012988,0.012987012987012988,-1.1173184357541888,3,17.83042158312005
dense_budget_only,calibration,0.92,7,1.0,0.8491620111731844,-1.1173184357541888,17.76841850565023,1.0,0.012987012987012988,0.012987012987012988,-1.1173184357541888,3,17.76841850565023
dense_budget_only,calibration,0.92,8,1.0,0.8491620111731844,-1.1173184357541888,15.891691209551517,1.0,0.012987012987012988,0.012987012987012988,-1.1173184357541888,3,15.891691209551517
dense_budget_only,calibration,0.95,4,1.0,0.8491620111731844,-1.1173184357541888,15.932900572016194,1.0,0.012987012987012988,0.012987012987012988,-1.1173184357541888,3,15.932900572016194
dense_budget_only,calibration,0.95,5,1.0,0.8491620111731844,-1.1173184357541888,15.932900572016194,1.0,0.012987012987012988,0.012987012987012988,-1.1173184357541888,3,15.932900572016194
dense_budget_only,calibration,0.95,6,1.0,0.8491620111731844,-1.1173184357541888,15.932900572016194,1.0,0.012987012987012988,0.012987012987012988,-1.1173184357541888,3,15.932900572016194
dense_budget_only,calibration,0.95,7,1.0,0.8491620111731844,-1.1173184357541888,15.932900572016194,1.0,0.012987012987012988,0.012987012987012988,-1.1173184357541888,3,15.932900572016194
dense_budget_only,calibration,0.95,8,1.0,0.8491620111731844,-1.1173184357541888,14.452009996105907,1.0,0.012987012987012988,0.012987012987012988,-1.1173184357541888,3,14.452009996105907
dense_budget_only,calibration,0.98,4,1.0,0.8491620111731844,-1.1173184357541888,10.6267225702544,1.0,0.012987012987012988,0.012987012987012988,-1.1173184357541888,3,10.6267225702544
dense_budget_only,calibration,0.98,5,1.0,0.8491620111731844,-1.1173184357541888,10.6267225702544,1.0,0.012987012987012988,0.012987012987012988,-1.1173184357541888,3,10.6267225702544
dense_budget_only,calibration,0.98,6,1.0,0.8491620111731844,-1.1173184357541888,10.6267225702544,1.0,0.012987012987012988,0.012987012987012988,-1.1173184357541888,3,10.6267225702544
dense_budget_only,calibration,0.98,7,1.0,0.8491620111731844,-1.1173184357541888,10.6267225702544,1.0,0.012987012987012988,0.012987012987012988,-1.1173184357541888,3,10.6267225702544
dense_budget_only,calibration,0.98,8,1.0,0.8491620111731844,-1.1173184357541888,10.584379005153066,1.0,0.012987012987012988,0.012987012987012988,-1.1173184357541888,3,10.584379005153066
dense_budget_only,test,0.75,4,1.0,0.8369304556354916,-3.3573141486810565,30.832735221192742,1.0,0.03856749311294766,0.03856749311294766,-3.3573141486810565,3,30.832735221192742
dense_budget_only,test,0.75,5,1.0,0.8369304556354916,-3.3573141486810565,29.8420983948845,1.0,0.03856749311294766,0.03856749311294766,-3.3573141486810565,3,29.8420983948845
dense_budget_only,test,0.75,6,1.0,0.8369304556354916,-3.3573141486810565,28.00045674018008,1.0,0.03856749311294766,0.03856749311294766,-3.3573141486810565,3,28.00045674018008
dense_budget_only,test,0.75,7,1.0,0.8465227817745803,-2.3980815347721895,24.123548218713285,1.0,0.027548209366391185,0.027548209366391185,-2.3980815347721895,3,24.123548218713285
dense_budget_only,test,0.75,8,1.0,0.8513189448441247,-1.918465227817745,17.885129844708338,1.0,0.02203856749311295,0.02203856749311295,-1.918465227817745,3,17.885129844708338
dense_budget_only,test,0.8,4,1.0,0.841726618705036,-2.877697841726623,26.824513897951196,1.0,0.03305785123966942,0.03305785123966942,-2.877697841726623,3,26.824513897951196
dense_budget_only,test,0.8,5,1.0,0.841726618705036,-2.877697841726623,26.11591413284614,1.0,0.03305785123966942,0.03305785123966942,-2.877697841726623,3,26.11591413284614
dense_budget_only,test,0.8,6,1.0,0.841726618705036,-2.877697841726623,24.98760276654052,1.0,0.03305785123966942,0.03305785123966942,-2.877697841726623,3,24.98760276654052
dense_budget_only,test,0.8,7,1.0,0.8465227817745803,-2.3980815347721895,22.207196920266203,1.0,0.027548209366391185,0.027548209366391185,-2.3980815347721895,3,22.207196920266203
dense_budget_only,test,0.8,8,1.0,0.8513189448441247,-1.918465227817745,17.213558658488836,1.0,0.02203856749311295,0.02203856749311295,-1.918465227817745,3,17.213558658488836
dense_budget_only,test,0.85,4,1.0,0.8513189448441247,-1.918465227817745,22.889207882030536,1.0,0.02203856749311295,0.02203856749311295,-1.918465227817745,3,22.889207882030536
dense_budget_only,test,0.85,5,1.0,0.8513189448441247,-1.918465227817745,22.245530471094867,1.0,0.02203856749311295,0.02203856749311295,-1.918465227817745,3,22.245530471094867
dense_budget_only,test,0.85,6,1.0,0.8513189448441247,-1.918465227817745,21.456838052981865,1.0,0.02203856749311295,0.02203856749311295,-1.918465227817745,3,21.456838052981865
dense_budget_only,test,0.85,7,1.0,0.8561151079136691,-1.4388489208633115,19.750424115881504,1.0,0.01652892561983471,0.01652892561983471,-1.4388489208633115,3,19.750424115881504
dense_budget_only,test,0.85,8,1.0,0.8561151079136691,-1.4388489208633115,16.104821871329765,1.0,0.01652892561983471,0.01652892561983471,-1.4388489208633115,3,16.104821871329765
dense_budget_only,test,0.88,4,1.0,0.8537170263788969,-1.6786570743405282,19.624168080386273,1.0,0.01928374655647383,0.01928374655647383,-1.6786570743405282,3,19.624168080386273
dense_budget_only,test,0.88,5,1.0,0.8537170263788969,-1.6786570743405282,19.06792378963852,1.0,0.01928374655647383,0.01928374655647383,-1.6786570743405282,3,19.06792378963852
dense_budget_only,test,0.88,6,1.0,0.8537170263788969,-1.6786570743405282,18.989299230066557,1.0,0.01928374655647383,0.01928374655647383,-1.6786570743405282,3,18.989299230066557
dense_budget_only,test,0.88,7,1.0,0.8537170263788969,-1.6786570743405282,17.964406890251862,1.0,0.01928374655647383,0.01928374655647383,-1.6786570743405282,3,17.964406890251862
dense_budget_only,test,0.88,8,1.0,0.8561151079136691,-1.4388489208633115,15.259036930705982,1.0,0.01652892561983471,0.01652892561983471,-1.4388489208633115,3,15.259036930705982
dense_budget_only,test,0.9,4,1.0,0.8561151079136691,-1.4388489208633115,17.58400756883727,1.0,0.01652892561983471,0.01652892561983471,-1.4388489208633115,3,17.58400756883727
dense_budget_only,test,0.9,5,1.0,0.8561151079136691,-1.4388489208633115,17.032493801383264,1.0,0.01652892561983471,0.01652892561983471,-1.4388489208633115,3,17.032493801383264
dense_budget_only,test,0.9,6,1.0,0.8561151079136691,-1.4388489208633115,16.973280699464954,1.0,0.01652892561983471,0.01652892561983471,-1.4388489208633115,3,16.973280699464954
dense_budget_only,test,0.9,7,1.0,0.8561151079136691,-1.4388489208633115,16.532363304188948,1.0,0.01652892561983471,0.01652892561983471,-1.4388489208633115,3,16.532363304188948
dense_budget_only,test,0.9,8,1.0,0.8585131894484412,-1.1990407673860948,14.465940232285002,1.0,0.013774104683195593,0.013774104683195593,-1.1990407673860948,3,14.465940232285002
dense_budget_only,test,0.92,4,1.0,0.8561151079136691,-1.4388489208633115,16.3997455304711,1.0,0.01652892561983471,0.01652892561983471,-1.4388489208633115,3,16.3997455304711
dense_budget_only,test,0.92,5,1.0,0.8561151079136691,-1.4388489208633115,15.851820435860631,1.0,0.01652892561983471,0.01652892561983471,-1.4388489208633115,3,15.851820435860631
dense_budget_only,test,0.92,6,1.0,0.8561151079136691,-1.4388489208633115,15.846437426595328,1.0,0.01652892561983471,0.01652892561983471,-1.4388489208633115,3,15.846437426595328
dense_budget_only,test,0.92,7,1.0,0.8561151079136691,-1.4388489208633115,15.508939057810256,1.0,0.01652892561983471,0.01652892561983471,-1.4388489208633115,3,15.508939057810256
dense_budget_only,test,0.92,8,1.0,0.8585131894484412,-1.1990407673860948,13.842816129453217,1.0,0.013774104683195593,0.013774104683195593,-1.1990407673860948,3,13.842816129453217
dense_budget_only,test,0.95,4,1.0,0.8561151079136691,-1.4388489208633115,13.834660054808822,1.0,0.01652892561983471,0.01652892561983471,-1.4388489208633115,3,13.834660054808822
dense_budget_only,test,0.95,5,1.0,0.8561151079136691,-1.4388489208633115,13.290160511548999,1.0,0.01652892561983471,0.01652892561983471,-1.4388489208633115,3,13.290160511548999
dense_budget_only,test,0.95,6,1.0,0.8561151079136691,-1.4388489208633115,13.288203053634351,1.0,0.01652892561983471,0.01652892561983471,-1.4388489208633115,3,13.288203053634351
dense_budget_only,test,0.95,7,1.0,0.8561151079136691,-1.4388489208633115,13.12932271956152,1.0,0.01652892561983471,0.01652892561983471,-1.4388489208633115,3,13.12932271956152
dense_budget_only,test,0.95,8,1.0,0.8585131894484412,-1.1990407673860948,12.326275610074378,1.0,0.013774104683195593,0.013774104683195593,-1.1990407673860948,3,12.326275610074378
dense_budget_only,test,0.98,4,1.0,0.8609112709832134,-0.959232613908878,10.210752968811176,1.0,0.011019283746556474,0.011019283746556474,-0.959232613908878,3,10.210752968811176
dense_budget_only,test,0.98,5,1.0,0.8609112709832134,-0.959232613908878,10.210752968811176,1.0,0.011019283746556474,0.011019283746556474,-0.959232613908878,3,10.210752968811176
dense_budget_only,test,0.98,6,1.0,0.8609112709832134,-0.959232613908878,10.210752968811176,1.0,0.011019283746556474,0.011019283746556474,-0.959232613908878,3,10.210752968811176
dense_budget_only,test,0.98,7,1.0,0.8609112709832134,-0.959232613908878,10.05758188698942,1.0,0.011019283746556474,0.011019283746556474,-0.959232613908878,3,10.05758188698942
dense_budget_only,test,0.98,8,1.0,0.8609112709832134,-0.959232613908878,10.04795771890904,1.0,0.011019283746556474,0.011019283746556474,-0.959232613908878,3,10.04795771890904
geometry_feedback,calibration,0.75,4,0.1,0.8584729981378026,-0.18621973929236293,4.432337881485907,0.1005586592178771,0.020833333333333332,0.020833333333333332,-0.18621973929236293,3,4.432337881485907
geometry_feedback,calibration,0.75,4,0.2,0.8566108007448789,-0.37243947858472587,7.528585057006294,0.2011173184357542,0.021169354838709676,0.021169354838709676,-0.37243947858472587,3,7.528585057006294
geometry_feedback,calibration,0.75,4,0.3,0.8528864059590316,-0.7448789571694555,10.885068726378659,0.3016759776536313,0.026844863731656184,0.026844863731656184,-0.7448789571694555,3,10.885068726378659
geometry_feedback,calibration,0.75,4,0.4,0.8491620111731844,-1.1173184357541888,14.51590341130347,0.4022346368715084,0.029428741193447076,0.029428741193447076,-1.1173184357541888,3,14.51590341130347
geometry_feedback,calibration,0.75,4,0.5,0.8435754189944135,-1.6759776536312776,17.397156175922397,0.5027932960893855,0.035590638415731894,0.035590638415731894,-1.6759776536312776,3,17.397156175922397
geometry_feedback,calibration,0.75,4,0.6,0.8435754189944135,-1.6759776536312776,20.400902825298765,0.6033519553072626,0.030005941770647655,0.030005941770647655,-1.6759776536312776,3,20.400902825298765
geometry_feedback,calibration,0.75,4,0.7,0.8398510242085662,-2.0484171322160107,23.228469998449924,0.7039106145251397,0.03181611108068234,0.03181611108068234,-2.0484171322160107,3,23.228469998449924
geometry_feedback,calibration,0.75,4,0.8,0.8398510242085662,-2.0484171322160107,26.14236259450114,0.8044692737430168,0.02845243532266433,0.02845243532266433,-2.0484171322160107,3,26.14236259450114
geometry_feedback,calibration,0.75,4,0.9,0.8361266294227188,-2.4208566108007443,29.218320145077126,0.9050279329608939,0.030452613236550904,0.030452613236550904,-2.4208566108007443,3,29.218320145077126
geometry_feedback,calibration,0.75,4,1.0,0.8324022346368715,-2.7932960893854775,31.941036585596382,1.0,0.032467532467532464,0.032467532467532464,-2.7932960893854775,3,31.941036585596382
geometry_feedback,calibration,0.75,5,0.1,0.8584729981378026,-0.18621973929236293,4.396295442143705,0.1005586592178771,0.020833333333333332,0.020833333333333332,-0.18621973929236293,3,4.396295442143705
geometry_feedback,calibration,0.75,5,0.2,0.8566108007448789,-0.37243947858472587,7.486997626996039,0.2011173184357542,0.021169354838709676,0.021169354838709676,-0.37243947858472587,3,7.486997626996039
geometry_feedback,calibration,0.75,5,0.3,0.8528864059590316,-0.7448789571694555,10.813739982785334,0.3016759776536313,0.026844863731656184,0.026844863731656184,-0.7448789571694555,3,10.813739982785334
geometry_feedback,calibration,0.75,5,0.4,0.8491620111731844,-1.1173184357541888,14.444574667710137,0.4022346368715084,0.029428741193447076,0.029428741193447076,-1.1173184357541888,3,14.444574667710137
geometry_feedback,calibration,0.75,5,0.5,0.8435754189944135,-1.6759776536312776,17.324189139631688,0.5027932960893855,0.035590638415731894,0.035590638415731894,-1.6759776536312776,3,17.324189139631688
geometry_feedback,calibration,0.75,5,0.6,0.8435754189944135,-1.6759776536312776,20.275006332631392,0.6033519553072626,0.030005941770647655,0.030005941770647655,-1.6759776536312776,3,20.275006332631392
geometry_feedback,calibration,0.75,5,0.7,0.8398510242085662,-2.0484171322160107,23.075856732563853,0.7039106145251397,0.03181611108068234,0.03181611108068234,-2.0484171322160107,3,23.075856732563853
geometry_feedback,calibration,0.75,5,0.8,0.8398510242085662,-2.0484171322160107,25.974752649308332,0.8044692737430168,0.02845243532266433,0.02845243532266433,-2.0484171322160107,3,25.974752649308332
geometry_feedback,calibration,0.75,5,0.9,0.8361266294227188,-2.4208566108007443,28.93413937334045,0.9050279329608939,0.030452613236550904,0.030452613236550904,-2.4208566108007443,3,28.93413937334045
geometry_feedback,calibration,0.75,5,1.0,0.8324022346368715,-2.7932960893854775,31.488867801121355,1.0,0.032467532467532464,0.032467532467532464,-2.7932960893854775,3,31.488867801121355
geometry_feedback,calibration,0.75,6,0.1,0.8603351955307262,0.0,4.311104221880287,0.1005586592178771,0.0,0.0,0.0,3,4.311104221880287
geometry_feedback,calibration,0.75,6,0.2,0.8584729981378026,-0.18621973929236293,7.354673986054354,0.2011173184357542,0.010416666666666666,0.010416666666666666,-0.18621973929236293,3,7.354673986054354
geometry_feedback,calibration,0.75,6,0.3,0.8547486033519553,-0.5586592178770888,10.537372606989969,0.3016759776536313,0.01990041928721174,0.01990041928721174,-0.5586592178770888,3,10.537372606989969
geometry_feedback,calibration,0.75,6,0.4,0.8528864059590316,-0.7448789571694555,14.019626746514536,0.4022346368715084,0.0194762753586283,0.0194762753586283,-0.7448789571694555,3,14.019626746514536
geometry_feedback,calibration,0.75,6,0.5,0.8491620111731844,-1.1173184357541888,16.809639210141288,0.5027932960893855,0.023727092277154596,0.023727092277154596,-1.1173184357541888,3,16.809639210141288
geometry_feedback,calibration,0.75,6,0.6,0.8491620111731844,-1.1173184357541888,19.50689910259368,0.6033519553072626,0.02000396118043177,0.02000396118043177,-1.1173184357541888,3,19.50689910259368
geometry_feedback,calibration,0.75,6,0.7,0.845437616387337,-1.4897579143389146,22.23528655629615,0.7039106145251397,0.02314369250591405,0.02314369250591405,-1.4897579143389146,3,22.23528655629615
geometry_feedback,calibration,0.75,6,0.8,0.845437616387337,-1.4897579143389146,24.88906868101055,0.8044692737430168,0.020698300850972608,0.020698300850972608,-1.4897579143389146,3,24.88906868101055
geometry_feedback,calibration,0.75,6,0.9,0.8417132216014898,-1.8621973929236442,27.712729156191052,0.9050279329608939,0.023426314387507075,0.023426314387507075,-1.8621973929236442,3,27.712729156191052
geometry_feedback,calibration,0.75,6,1.0,0.8379888268156425,-2.2346368715083775,30.068846100044233,1.0,0.025974025974025976,0.025974025974025976,-2.2346368715083775,3,30.068846100044233
geometry_feedback,calibration,0.75,7,0.1,0.8603351955307262,0.0,3.5140118133505815,0.1005586592178771,0.0,0.0,0.0,3,3.5140118133505815
geometry_feedback,calibration,0.75,7,0.2,0.8584729981378026,-0.18621973929236293,6.3188949337688705,0.2011173184357542,0.010416666666666666,0.010416666666666666,-0.18621973929236293,3,6.3188949337688705
geometry_feedback,calibration,0.75,7,0.3,0.8547486033519553,-0.5586592178770888,9.150746872436237,0.3016759776536313,0.01990041928721174,0.01990041928721174,-0.5586592178770888,3,9.150746872436237
geometry_feedback,calibration,0.75,7,0.4,0.8528864059590316,-0.7448789571694555,12.335335831099588,0.4022346368715084,0.0194762753586283,0.0194762753586283,-0.7448789571694555,3,12.335335831099588
geometry_feedback,calibration,0.75,7,0.5,0.851024208566108,-0.9310986964618221,14.751439492179681,0.5027932960893855,0.019711028020126482,0.019711028020126482,-0.9310986964618221,3,14.751439492179681
geometry_feedback,calibration,0.75,7,0.6,0.851024208566108,-0.9310986964618221,17.11146313400353,0.6033519553072626,0.016636957813428402,0.016636957813428402,-0.9310986964618221,3,17.11146313400353
geometry_feedback,calibration,0.75,7,0.7,0.8472998137802608,-1.3035381750465518,19.56877615754831,0.7039106145251397,0.02019383999853942,0.02019383999853942,-1.3035381750465518,3,19.56877615754831
geometry_feedback,calibration,0.75,7,0.8,0.8472998137802608,-1.3035381750465518,21.99634786751001,0.8044692737430168,0.018052798205469962,0.018052798205469962,-1.3035381750465518,3,21.99634786751001
geometry_feedback,calibration,0.75,7,0.9,0.845437616387337,-1.4897579143389146,24.494366163458768,0.9050279329608939,0.01871483035327806,0.01871483035327806,-1.4897579143389146,3,24.494366163458768
geometry_feedback,calibration,0.75,7,1.0,0.8435754189944135,-1.6759776536312776,26.611418396010635,1.0,0.01948051948051948,0.01948051948051948,-1.6759776536312776,3,26.611418396010635
geometry_feedback,calibration,0.75,8,0.1,0.8584729981378026,-0.18621973929236293,2.8565523516431566,0.1005586592178771,0.0196078431372549,0.0196078431372549,-0.18621973929236293,3,2.8565523516431566
geometry_feedback,calibration,0.75,8,0.2,0.8584729981378026,-0.18621973929236293,4.858546027833343,0.2011173184357542,0.010416666666666666,0.010416666666666666,-0.18621973929236293,3,4.858546027833343
geometry_feedback,calibration,0.75,8,0.3,0.8547486033519553,-0.5586592178770888,7.058143007829787,0.3016759776536313,0.01990041928721174,0.01990041928721174,-0.5586592178770888,3,7.058143007829787
geometry_feedback,calibration,0.75,8,0.4,0.851024208566108,-0.9310986964618221,9.718982393394413,0.4022346368715084,0.02452678040913335,0.02452678040913335,-0.9310986964618221,3,9.718982393394413
geometry_feedback,calibration,0.75,8,0.5,0.851024208566108,-0.9310986964618221,11.695897589063268,0.5027932960893855,0.019711028020126482,0.019711028020126482,-0.9310986964618221,3,11.695897589063268
geometry_feedback,calibration,0.75,8,0.6,0.851024208566108,-0.9310986964618221,13.429211262884237,0.6033519553072626,0.016636957813428402,0.016636957813428402,-0.9310986964618221,3,13.429211262884237
geometry_feedback,calibration,0.75,8,0.7,0.8472998137802608,-1.3035381750465518,15.208523154746837,0.7039106145251397,0.02019383999853942,0.02019383999853942,-1.3035381750465518,3,15.208523154746837
geometry_feedback,calibration,0.75,8,0.8,0.8472998137802608,-1.3035381750465518,16.67681147913887,0.8044692737430168,0.018052798205469962,0.018052798205469962,-1.3035381750465518,3,16.67681147913887
geometry_feedback,calibration,0.75,8,0.9,0.845437616387337,-1.4897579143389146,18.266081418106168,0.9050279329608939,0.01871483035327806,0.01871483035327806,-1.4897579143389146,3,18.266081418106168
geometry_feedback,calibration,0.75,8,1.0,0.8435754189944135,-1.6759776536312776,19.49127231071104,1.0,0.01948051948051948,0.01948051948051948,-1.6759776536312776,3,19.49127231071104
geometry_feedback,calibration,0.8,4,0.1,0.8584729981378026,-0.18621973929236293,4.021252436960399,0.1005586592178771,0.0196078431372549,0.0196078431372549,-0.18621973929236293,3,4.021252436960399
geometry_feedback,calibration,0.8,4,0.2,0.8584729981378026,-0.18621973929236293,6.614165686841618,0.2011173184357542,0.010416666666666666,0.010416666666666666,-0.18621973929236293,3,6.614165686841618
geometry_feedback,calibration,0.8,4,0.3,0.8547486033519553,-0.5586592178770888,9.468323610696295,0.3016759776536313,0.01990041928721174,0.01990041928721174,-0.5586592178770888,3,9.468323610696295
geometry_feedback,calibration,0.8,4,0.4,0.851024208566108,-0.9310986964618221,12.732306753924664,0.4022346368715084,0.02452678040913335,0.02452678040913335,-0.9310986964618221,3,12.732306753924664
geometry_feedback,calibration,0.8,4,0.5,0.8491620111731844,-1.1173184357541888,15.195290790652663,0.5027932960893855,0.023727092277154596,0.023727092277154596,-1.1173184357541888,3,15.195290790652663
geometry_feedback,calibration,0.8,4,0.6,0.8491620111731844,-1.1173184357541888,17.811896273388207,0.6033519553072626,0.02000396118043177,0.02000396118043177,-1.1173184357541888,3,17.811896273388207
geometry_feedback,calibration,0.8,4,0.7,0.845437616387337,-1.4897579143389146,20.323903068522227,0.7039106145251397,0.02314369250591405,0.02314369250591405,-1.4897579143389146,3,20.323903068522227
geometry_feedback,calibration,0.8,4,0.8,0.845437616387337,-1.4897579143389146,22.9164382508579,0.8044692737430168,0.020698300850972608,0.020698300850972608,-1.4897579143389146,3,22.9164382508579
geometry_feedback,calibration,0.8,4,0.9,0.8417132216014898,-1.8621973929236442,25.627686642495554,0.9050279329608939,0.023426314387507075,0.023426314387507075,-1.8621973929236442,3,25.627686642495554
geometry_feedback,calibration,0.8,4,1.0,0.8379888268156425,-2.2346368715083775,27.923690846606664,1.0,0.025974025974025976,0.025974025974025976,-2.2346368715083775,3,27.923690846606664
geometry_feedback,calibration,0.8,5,0.1,0.8584729981378026,-0.18621973929236293,4.021252436960399,0.1005586592178771,0.0196078431372549,0.0196078431372549,-0.18621973929236293,3,4.021252436960399
geometry_feedback,calibration,0.8,5,0.2,0.8584729981378026,-0.18621973929236293,6.614165686841618,0.2011173184357542,0.010416666666666666,0.010416666666666666,-0.18621973929236293,3,6.614165686841618
geometry_feedback,calibration,0.8,5,0.3,0.8547486033519553,-0.5586592178770888,9.466685317998916,0.3016759776536313,0.01990041928721174,0.01990041928721174,-0.5586592178770888,3,9.466685317998916
geometry_feedback,calibration,0.8,5,0.4,0.851024208566108,-0.9310986964618221,12.73066846122729,0.4022346368715084,0.02452678040913335,0.02452678040913335,-0.9310986964618221,3,12.73066846122729
geometry_feedback,calibration,0.8,5,0.5,0.8491620111731844,-1.1173184357541888,15.192014205257916,0.5027932960893855,0.023727092277154596,0.023727092277154596,-1.1173184357541888,3,15.192014205257916
geometry_feedback,calibration,0.8,5,0.6,0.8491620111731844,-1.1173184357541888,17.808619687993467,0.6033519553072626,0.02000396118043177,0.02000396118043177,-1.1173184357541888,3,17.808619687993467
geometry_feedback,calibration,0.8,5,0.7,0.845437616387337,-1.4897579143389146,20.315711605035354,0.7039106145251397,0.02314369250591405,0.02314369250591405,-1.4897579143389146,3,20.315711605035354
geometry_feedback,calibration,0.8,5,0.8,0.845437616387337,-1.4897579143389146,22.90824678737104,0.8044692737430168,0.020698300850972608,0.020698300850972608,-1.4897579143389146,3,22.90824678737104
geometry_feedback,calibration,0.8,5,0.9,0.8417132216014898,-1.8621973929236442,25.61949517900868,0.9050279329608939,0.023426314387507075,0.023426314387507075,-1.8621973929236442,3,25.61949517900868
geometry_feedback,calibration,0.8,5,1.0,0.8379888268156425,-2.2346368715083775,27.913861090422422,1.0,0.025974025974025976,0.025974025974025976,-2.2346368715083775,3,27.913861090422422
geometry_feedback,calibration,0.8,6,0.1,0.8584729981378026,-0.18621973929236293,4.008902230472503,0.1005586592178771,0.0196078431372549,0.0196078431372549,-0.18621973929236293,3,4.008902230472503
geometry_feedback,calibration,0.8,6,0.2,0.8584729981378026,-0.18621973929236293,6.599547075080436,0.2011173184357542,0.010416666666666666,0.010416666666666666,-0.18621973929236293,3,6.599547075080436
geometry_feedback,calibration,0.8,6,0.3,0.8547486033519553,-0.5586592178770888,9.335117812148326,0.3016759776536313,0.01990041928721174,0.01990041928721174,-0.5586592178770888,3,9.335117812148326
geometry_feedback,calibration,0.8,6,0.4,0.851024208566108,-0.9310986964618221,12.512145419900726,0.4022346368715084,0.02452678040913335,0.02452678040913335,-0.9310986964618221,3,12.512145419900726
geometry_feedback,calibration,0.8,6,0.5,0.8491620111731844,-1.1173184357541888,14.940977355014248,0.5027932960893855,0.023727092277154596,0.023727092277154596,-1.1173184357541888,3,14.940977355014248
geometry_feedback,calibration,0.8,6,0.6,0.8491620111731844,-1.1173184357541888,17.3435966069698,0.6033519553072626,0.02000396118043177,0.02000396118043177,-1.1173184357541888,3,17.3435966069698
geometry_feedback,calibration,0.8,6,0.7,0.845437616387337,-1.4897579143389146,19.807840868849627,0.7039106145251397,0.02314369250591405,0.02314369250591405,-1.4897579143389146,3,19.807840868849627
geometry_feedback,calibration,0.8,6,0.8,0.845437616387337,-1.4897579143389146,22.262507419575584,0.8044692737430168,0.020698300850972608,0.020698300850972608,-1.4897579143389146,3,22.262507419575584
geometry_feedback,calibration,0.8,6,0.9,0.8417132216014898,-1.8621973929236442,24.86083963760966,0.9050279329608939,0.023426314387507075,0.023426314387507075,-1.8621973929236442,3,24.86083963760966
geometry_feedback,calibration,0.8,6,1.0,0.8379888268156425,-2.2346368715083775,27.07606340948874,1.0,0.025974025974025976,0.025974025974025976,-2.2346368715083775,3,27.07606340948874
geometry_feedback,calibration,0.8,7,0.1,0.8584729981378026,-0.18621973929236293,3.35509742170537,0.1005586592178771,0.0196078431372549,0.0196078431372549,-0.18621973929236293,3,3.35509742170537
geometry_feedback,calibration,0.8,7,0.2,0.8584729981378026,-0.18621973929236293,5.852863672623761,0.2011173184357542,0.010416666666666666,0.010416666666666666,-0.18621973929236293,3,5.852863672623761
geometry_feedback,calibration,0.8,7,0.3,0.8547486033519553,-0.5586592178770888,8.409860505677953,0.3016759776536313,0.01990041928721174,0.01990041928721174,-0.5586592178770888,3,8.409860505677953
geometry_feedback,calibration,0.8,7,0.4,0.851024208566108,-0.9310986964618221,11.413733177569508,0.4022346368715084,0.02452678040913335,0.02452678040913335,-0.9310986964618221,3,11.413733177569508
geometry_feedback,calibration,0.8,7,0.5,0.851024208566108,-0.9310986964618221,13.663361096093437,0.5027932960893855,0.019711028020126482,0.019711028020126482,-0.9310986964618221,3,13.663361096093437
geometry_feedback,calibration,0.8,7,0.6,0.851024208566108,-0.9310986964618221,15.866864774060533,0.6033519553072626,0.016636957813428402,0.016636957813428402,-0.9310986964618221,3,15.866864774060533
geometry_feedback,calibration,0.8,7,0.7,0.8472998137802608,-1.3035381750465518,18.191476089118087,0.7039106145251397,0.02019383999853942,0.02019383999853942,-1.3035381750465518,3,18.191476089118087
geometry_feedback,calibration,0.8,7,0.8,0.8472998137802608,-1.3035381750465518,20.493025283897225,0.8044692737430168,0.018052798205469962,0.018052798205469962,-1.3035381750465518,3,20.493025283897225
geometry_feedback,calibration,0.8,7,0.9,0.845437616387337,-1.4897579143389146,22.87144821293772,0.9050279329608939,0.01871483035327806,0.01871483035327806,-1.4897579143389146,3,22.87144821293772
geometry_feedback,calibration,0.8,7,1.0,0.8435754189944135,-1.6759776536312776,24.89612594186078,1.0,0.01948051948051948,0.01948051948051948,-1.6759776536312776,3,24.89612594186078
geometry_feedback,calibration,0.8,8,0.1,0.8584729981378026,-0.18621973929236293,2.8046310753879387,0.1005586592178771,0.0196078431372549,0.0196078431372549,-0.18621973929236293,3,2.8046310753879387
geometry_feedback,calibration,0.8,8,0.2,0.8584729981378026,-0.18621973929236293,4.689675857488707,0.2011173184357542,0.010416666666666666,0.010416666666666666,-0.18621973929236293,3,4.689675857488707
geometry_feedback,calibration,0.8,8,0.3,0.8547486033519553,-0.5586592178770888,6.754050678694264,0.3016759776536313,0.01990041928721174,0.01990041928721174,-0.5586592178770888,3,6.754050678694264
geometry_feedback,calibration,0.8,8,0.4,0.851024208566108,-0.9310986964618221,9.350996649061324,0.4022346368715084,0.02452678040913335,0.02452678040913335,-0.9310986964618221,3,9.350996649061324
geometry_feedback,calibration,0.8,8,0.5,0.851024208566108,-0.9310986964618221,11.252676403166195,0.5027932960893855,0.019711028020126482,0.019711028020126482,-0.9310986964618221,3,11.252676403166195
geometry_feedback,calibration,0.8,8,0.6,0.851024208566108,-0.9310986964618221,12.935455048398952,0.6033519553072626,0.016636957813428402,0.016636957813428402,-0.9310986964618221,3,12.935455048398952
geometry_feedback,calibration,0.8,8,0.7,0.8472998137802608,-1.3035381750465518,14.666878384492174,0.7039106145251397,0.02019383999853942,0.02019383999853942,-1.3035381750465518,3,14.666878384492174
geometry_feedback,calibration,0.8,8,0.8,0.8472998137802608,-1.3035381750465518,16.081229072386076,0.8044692737430168,0.018052798205469962,0.018052798205469962,-1.3035381750465518,3,16.081229072386076
geometry_feedback,calibration,0.8,8,0.9,0.845437616387337,-1.4897579143389146,17.60547139351917,0.9050279329608939,0.01871483035327806,0.01871483035327806,-1.4897579143389146,3,17.60547139351917
geometry_feedback,calibration,0.8,8,1.0,0.8435754189944135,-1.6759776536312776,18.805457783087544,1.0,0.01948051948051948,0.01948051948051948,-1.6759776536312776,3,18.805457783087544
geometry_feedback,calibration,0.85,4,0.1,0.8603351955307262,0.0,3.6285662796515314,0.1005586592178771,0.0,0.0,0.0,3,3.6285662796515314
geometry_feedback,calibration,0.85,4,0.2,0.8603351955307262,0.0,5.894577125149189,0.2011173184357542,0.0,0.0,0.0,3,5.894577125149189
geometry_feedback,calibration,0.85,4,0.3,0.8584729981378026,-0.18621973929236293,8.226371723572143,0.3016759776536313,0.006944444444444444,0.006944444444444444,-0.18621973929236293,3,8.226371723572143
geometry_feedback,calibration,0.85,4,0.4,0.8566108007448789,-0.37243947858472587,10.972276306884991,0.4022346368715084,0.009812409812409812,0.009812409812409812,-0.37243947858472587,3,10.972276306884991
geometry_feedback,calibration,0.85,4,0.5,0.8566108007448789,-0.37243947858472587,13.177040210003929,0.5027932960893855,0.007847481881549186,0.007847481881549186,-0.37243947858472587,3,13.177040210003929
geometry_feedback,calibration,0.85,4,0.6,0.8566108007448789,-0.37243947858472587,15.333411467292754,0.6033519553072626,0.006634977223212517,0.006634977223212517,-0.37243947858472587,3,15.333411467292754
geometry_feedback,calibration,0.85,4,0.7,0.8528864059590316,-0.7448789571694555,17.40320525665116,0.7039106145251397,0.011521421423771135,0.011521421423771135,-0.7448789571694555,3,17.40320525665116
geometry_feedback,calibration,0.85,4,0.8,0.8528864059590316,-0.7448789571694555,19.71584443276636,0.8044692737430168,0.010298663733778237,0.010298663733778237,-0.7448789571694555,3,19.71584443276636
geometry_feedback,calibration,0.85,4,0.9,0.851024208566108,-0.9310986964618221,22.020922257970614,0.9050279329608939,0.011688531504234231,0.011688531504234231,-0.9310986964618221,3,22.020922257970614
geometry_feedback,calibration,0.85,4,1.0,0.8491620111731844,-1.1173184357541888,23.97893407636209,1.0,0.012987012987012988,0.012987012987012988,-1.1173184357541888,3,23.97893407636209
geometry_feedback,calibration,0.85,5,0.1,0.8603351955307262,0.0,3.6285662796515314,0.1005586592178771,0.0,0.0,0.0,3,3.6285662796515314
geometry_feedback,calibration,0.85,5,0.2,0.8603351955307262,0.0,5.894577125149189,0.2011173184357542,0.0,0.0,0.0,3,5.894577125149189
geometry_feedback,calibration,0.85,5,0.3,0.8584729981378026,-0.18621973929236293,8.224733430874764,0.3016759776536313,0.006944444444444444,0.006944444444444444,-0.18621973929236293,3,8.224733430874764
geometry_feedback,calibration,0.85,5,0.4,0.8566108007448789,-0.37243947858472587,10.970638014187621,0.4022346368715084,0.009812409812409812,0.009812409812409812,-0.37243947858472587,3,10.970638014187621
geometry_feedback,calibration,0.85,5,0.5,0.8566108007448789,-0.37243947858472587,13.17376362460918,0.5027932960893855,0.007847481881549186,0.007847481881549186,-0.37243947858472587,3,13.17376362460918
geometry_feedback,calibration,0.85,5,0.6,0.8566108007448789,-0.37243947858472587,15.330134881898006,0.6033519553072626,0.006634977223212517,0.006634977223212517,-0.37243947858472587,3,15.330134881898006
geometry_feedback,calibration,0.85,5,0.7,0.8528864059590316,-0.7448789571694555,17.39829037855904,0.7039106145251397,0.011521421423771135,0.011521421423771135,-0.7448789571694555,3,17.39829037855904
geometry_feedback,calibration,0.85,5,0.8,0.8528864059590316,-0.7448789571694555,19.71092955467424,0.8044692737430168,0.010298663733778237,0.010298663733778237,-0.7448789571694555,3,19.71092955467424
geometry_feedback,calibration,0.85,5,0.9,0.851024208566108,-0.9310986964618221,22.01600737987849,0.9050279329608939,0.011688531504234231,0.011688531504234231,-0.9310986964618221,3,22.01600737987849
geometry_feedback,calibration,0.85,5,1.0,0.8491620111731844,-1.1173184357541888,23.974019198269957,1.0,0.012987012987012988,0.012987012987012988,-1.1173184357541888,3,23.974019198269957
geometry_feedback,calibration,0.85,6,0.1,0.8603351955307262,0.0,3.6285662796515314,0.1005586592178771,0.0,0.0,0.0,3,3.6285662796515314
geometry_feedback,calibration,0.85,6,0.2,0.8603351955307262,0.0,5.894577125149189,0.2011173184357542,0.0,0.0,0.0,3,5.894577125149189
geometry_feedback,calibration,0.85,6,0.3,0.8584729981378026,-0.18621973929236293,8.220196620328194,0.3016759776536313,0.006944444444444444,0.006944444444444444,-0.18621973929236293,3,8.220196620328194
geometry_feedback,calibration,0.85,6,0.4,0.8566108007448789,-0.37243947858472587,10.966101203641047,0.4022346368715084,0.009812409812409812,0.009812409812409812,-0.37243947858472587,3,10.966101203641047
geometry_feedback,calibration,0.85,6,0.5,0.8566108007448789,-0.37243947858472587,13.14994536923968,0.5027932960893855,0.007847481881549186,0.007847481881549186,-0.37243947858472587,3,13.14994536923968
geometry_feedback,calibration,0.85,6,0.6,0.8566108007448789,-0.37243947858472587,15.21104360505049,0.6033519553072626,0.006634977223212517,0.006634977223212517,-0.37243947858472587,3,15.21104360505049
geometry_feedback,calibration,0.85,6,0.7,0.8528864059590316,-0.7448789571694555,17.258531409221582,0.7039106145251397,0.011521421423771135,0.011521421423771135,-0.7448789571694555,3,17.258531409221582
geometry_feedback,calibration,0.85,6,0.8,0.8528864059590316,-0.7448789571694555,19.461152929582408,0.8044692737430168,0.010298663733778237,0.010298663733778237,-0.7448789571694555,3,19.461152929582408
geometry_feedback,calibration,0.85,6,0.9,0.851024208566108,-0.9310986964618221,21.680283399432145,0.9050279329608939,0.011688531504234231,0.011688531504234231,-0.9310986964618221,3,21.680283399432145
geometry_feedback,calibration,0.85,6,1.0,0.8491620111731844,-1.1173184357541888,23.609940151907548,1.0,0.012987012987012988,0.012987012987012988,-1.1173184357541888,3,23.609940151907548
geometry_feedback,calibration,0.85,7,0.1,0.8603351955307262,0.0,3.2131960696098028,0.1005586592178771,0.0,0.0,0.0,3,3.2131960696098028
geometry_feedback,calibration,0.85,7,0.2,0.8603351955307262,0.0,5.432956652035459,0.2011173184357542,0.0,0.0,0.0,3,5.432956652035459
geometry_feedback,calibration,0.85,7,0.3,0.8584729981378026,-0.18621973929236293,7.668974138919671,0.3016759776536313,0.006944444444444444,0.006944444444444444,-0.18621973929236293,3,7.668974138919671
geometry_feedback,calibration,0.85,7,0.4,0.8566108007448789,-0.37243947858472587,10.397361592622149,0.4022346368715084,0.009812409812409812,0.009812409812409812,-0.37243947858472587,3,10.397361592622149
geometry_feedback,calibration,0.85,7,0.5,0.8566108007448789,-0.37243947858472587,12.455939378129303,0.5027932960893855,0.007847481881549186,0.007847481881549186,-0.37243947858472587,3,12.455939378129303
geometry_feedback,calibration,0.85,7,0.6,0.8566108007448789,-0.37243947858472587,14.432854573798163,0.6033519553072626,0.006634977223212517,0.006634977223212517,-0.37243947858472587,3,14.432854573798163
geometry_feedback,calibration,0.85,7,0.7,0.8528864059590316,-0.7448789571694555,16.44593823132442,0.7039106145251397,0.011521421423771135,0.011521421423771135,-0.7448789571694555,3,16.44593823132442
geometry_feedback,calibration,0.85,7,0.8,0.8528864059590316,-0.7448789571694555,18.59449609267192,0.8044692737430168,0.010298663733778237,0.010298663733778237,-0.7448789571694555,3,18.59449609267192
geometry_feedback,calibration,0.85,7,0.9,0.851024208566108,-0.9310986964618221,20.721630126438395,0.9050279329608939,0.011688531504234231,0.011688531504234231,-0.9310986964618221,3,20.721630126438395
geometry_feedback,calibration,0.85,7,1.0,0.8491620111731844,-1.1173184357541888,22.580084157835635,1.0,0.012987012987012988,0.012987012987012988,-1.1173184357541888,3,22.580084157835635
geometry_feedback,calibration,0.85,8,0.1,0.8603351955307262,0.0,2.758506834831117,0.1005586592178771,0.0,0.0,0.0,3,2.758506834831117
geometry_feedback,calibration,0.85,8,0.2,0.8603351955307262,0.0,4.59112625061594,0.2011173184357542,0.0,0.0,0.0,3,4.59112625061594
geometry_feedback,calibration,0.85,8,0.3,0.8584729981378026,-0.18621973929236293,6.472390357261234,0.3016759776536313,0.006944444444444444,0.006944444444444444,-0.18621973929236293,3,6.472390357261234
geometry_feedback,calibration,0.85,8,0.4,0.8566108007448789,-0.37243947858472587,8.969022405542985,0.4022346368715084,0.009812409812409812,0.009812409812409812,-0.37243947858472587,3,8.969022405542985
geometry_feedback,calibration,0.85,8,0.5,0.8566108007448789,-0.37243947858472587,10.835415855396736,0.5027932960893855,0.007847481881549186,0.007847481881549186,-0.37243947858472587,3,10.835415855396736
geometry_feedback,calibration,0.85,8,0.6,0.8566108007448789,-0.37243947858472587,12.479505588468443,0.6033519553072626,0.006634977223212517,0.006634977223212517,-0.37243947858472587,3,12.479505588468443
geometry_feedback,calibration,0.85,8,0.7,0.8528864059590316,-0.7448789571694555,14.125359636752714,0.7039106145251397,0.011521421423771135,0.011521421423771135,-0.7448789571694555,3,14.125359636752714
geometry_feedback,calibration,0.85,8,0.8,0.8528864059590316,-0.7448789571694555,15.477455202146425,0.8044692737430168,0.010298663733778237,0.010298663733778237,-0.7448789571694555,3,15.477455202146425
geometry_feedback,calibration,0.85,8,0.9,0.851024208566108,-0.9310986964618221,16.902139736285292,0.9050279329608939,0.011688531504234231,0.011688531504234231,-0.9310986964618221,3,16.902139736285292
geometry_feedback,calibration,0.85,8,1.0,0.8491620111731844,-1.1173184357541888,18.00886946461856,1.0,0.012987012987012988,0.012987012987012988,-1.1173184357541888,3,18.00886946461856
geometry_feedback,calibration,0.88,4,0.1,0.8603351955307262,0.0,3.4235276474495016,0.1005586592178771,0.0,0.0,0.0,3,3.4235276474495016
geometry_feedback,calibration,0.88,4,0.2,0.8603351955307262,0.0,5.362636088563588,0.2011173184357542,0.0,0.0,0.0,3,5.362636088563588
geometry_feedback,calibration,0.88,4,0.3,0.8584729981378026,-0.18621973929236293,7.390590402881384,0.3016759776536313,0.006944444444444444,0.006944444444444444,-0.18621973929236293,3,7.390590402881384
geometry_feedback,calibration,0.88,4,0.4,0.8566108007448789,-0.37243947858472587,9.884954045889842,0.4022346368715084,0.009812409812409812,0.009812409812409812,-0.37243947858472587,3,9.884954045889842
geometry_feedback,calibration,0.88,4,0.5,0.8566108007448789,-0.37243947858472587,11.892492712748059,0.5027932960893855,0.007847481881549186,0.007847481881549186,-0.37243947858472587,3,11.892492712748059
geometry_feedback,calibration,0.88,4,0.6,0.8566108007448789,-0.37243947858472587,13.814714136827687,0.6033519553072626,0.006634977223212517,0.006634977223212517,-0.37243947858472587,3,13.814714136827687
geometry_feedback,calibration,0.88,4,0.7,0.8528864059590316,-0.7448789571694555,15.661448074312963,0.7039106145251397,0.011521421423771135,0.011521421423771135,-0.7448789571694555,3,15.661448074312963
geometry_feedback,calibration,0.88,4,0.8,0.8528864059590316,-0.7448789571694555,17.760983177254452,0.8044692737430168,0.010298663733778237,0.010298663733778237,-0.7448789571694555,3,17.760983177254452
geometry_feedback,calibration,0.88,4,0.9,0.851024208566108,-0.9310986964618221,19.906390475722404,0.9050279329608939,0.011688531504234231,0.011688531504234231,-0.9310986964618221,3,19.906390475722404
geometry_feedback,calibration,0.88,4,1.0,0.8491620111731844,-1.1173184357541888,21.658733549335928,1.0,0.012987012987012988,0.012987012987012988,-1.1173184357541888,3,21.658733549335928
geometry_feedback,calibration,0.88,5,0.1,0.8603351955307262,0.0,3.4235276474495016,0.1005586592178771,0.0,0.0,0.0,3,3.4235276474495016
geometry_feedback,calibration,0.88,5,0.2,0.8603351955307262,0.0,5.362636088563588,0.2011173184357542,0.0,0.0,0.0,3,5.362636088563588
geometry_feedback,calibration,0.88,5,0.3,0.8584729981378026,-0.18621973929236293,7.388952110184014,0.3016759776536313,0.006944444444444444,0.006944444444444444,-0.18621973929236293,3,7.388952110184014
geometry_feedback,calibration,0.88,5,0.4,0.8566108007448789,-0.37243947858472587,9.883315753192472,0.4022346368715084,0.009812409812409812,0.009812409812409812,-0.37243947858472587,3,9.883315753192472
geometry_feedback,calibration,0.88,5,0.5,0.8566108007448789,-0.37243947858472587,11.889216127353315,0.5027932960893855,0.007847481881549186,0.007847481881549186,-0.37243947858472587,3,11.889216127353315
geometry_feedback,calibration,0.88,5,0.6,0.8566108007448789,-0.37243947858472587,13.811437551432943,0.6033519553072626,0.006634977223212517,0.006634977223212517,-0.37243947858472587,3,13.811437551432943
geometry_feedback,calibration,0.88,5,0.7,0.8528864059590316,-0.7448789571694555,15.656533196220845,0.7039106145251397,0.011521421423771135,0.011521421423771135,-0.7448789571694555,3,15.656533196220845
geometry_feedback,calibration,0.88,5,0.8,0.8528864059590316,-0.7448789571694555,17.75606829916233,0.8044692737430168,0.010298663733778237,0.010298663733778237,-0.7448789571694555,3,17.75606829916233
geometry_feedback,calibration,0.88,5,0.9,0.851024208566108,-0.9310986964618221,19.901475597630277,0.9050279329608939,0.011688531504234231,0.011688531504234231,-0.9310986964618221,3,19.901475597630277
geometry_feedback,calibration,0.88,5,1.0,0.8491620111731844,-1.1173184357541888,21.65381867124381,1.0,0.012987012987012988,0.012987012987012988,-1.1173184357541888,3,21.65381867124381
geometry_feedback,calibration,0.88,6,0.1,0.8603351955307262,0.0,3.4235276474495016,0.1005586592178771,0.0,0.0,0.0,3,3.4235276474495016
geometry_feedback,calibration,0.88,6,0.2,0.8603351955307262,0.0,5.362636088563588,0.2011173184357542,0.0,0.0,0.0,3,5.362636088563588
geometry_feedback,calibration,0.88,6,0.3,0.8584729981378026,-0.18621973929236293,7.38441529963744,0.3016759776536313,0.006944444444444444,0.006944444444444444,-0.18621973929236293,3,7.38441529963744
geometry_feedback,calibration,0.88,6,0.4,0.8566108007448789,-0.37243947858472587,9.878778942645898,0.4022346368715084,0.009812409812409812,0.009812409812409812,-0.37243947858472587,3,9.878778942645898
geometry_feedback,calibration,0.88,6,0.5,0.8566108007448789,-0.37243947858472587,11.865397871983818,0.5027932960893855,0.007847481881549186,0.007847481881549186,-0.37243947858472587,3,11.865397871983818
geometry_feedback,calibration,0.88,6,0.6,0.8566108007448789,-0.37243947858472587,13.69234627458542,0.6033519553072626,0.006634977223212517,0.006634977223212517,-0.37243947858472587,3,13.69234627458542
geometry_feedback,calibration,0.88,6,0.7,0.8528864059590316,-0.7448789571694555,15.516774226883381,0.7039106145251397,0.011521421423771135,0.011521421423771135,-0.7448789571694555,3,15.516774226883381
geometry_feedback,calibration,0.88,6,0.8,0.8528864059590316,-0.7448789571694555,17.506291674070496,0.8044692737430168,0.010298663733778237,0.010298663733778237,-0.7448789571694555,3,17.506291674070496
geometry_feedback,calibration,0.88,6,0.9,0.851024208566108,-0.9310986964618221,19.572556833003787,0.9050279329608939,0.011688531504234231,0.011688531504234231,-0.9310986964618221,3,19.572556833003787
geometry_feedback,calibration,0.88,6,1.0,0.8491620111731844,-1.1173184357541888,21.310155272340957,1.0,0.012987012987012988,0.012987012987012988,-1.1173184357541888,3,21.310155272340957
geometry_feedback,calibration,0.88,7,0.1,0.8603351955307262,0.0,3.0358823907479384,0.1005586592178771,0.0,0.0,0.0,3,3.0358823907479384
geometry_feedback,calibration,0.88,7,0.2,0.8603351955307262,0.0,4.949534283795158,0.2011173184357542,0.0,0.0,0.0,3,4.949534283795158
geometry_feedback,calibration,0.88,7,0.3,0.8584729981378026,-0.18621973929236293,6.908932349853632,0.3016759776536313,0.006944444444444444,0.006944444444444444,-0.18621973929236293,3,6.908932349853632
geometry_feedback,calibration,0.88,7,0.4,0.8566108007448789,-0.37243947858472587,9.399011227345884,0.4022346368715084,0.009812409812409812,0.009812409812409812,-0.37243947858472587,3,9.399011227345884
geometry_feedback,calibration,0.88,7,0.5,0.8566108007448789,-0.37243947858472587,11.276368636020518,0.5027932960893855,0.007847481881549186,0.007847481881549186,-0.37243947858472587,3,11.276368636020518
geometry_feedback,calibration,0.88,7,0.6,0.8566108007448789,-0.37243947858472587,13.050765649790996,0.6033519553072626,0.006634977223212517,0.006634977223212517,-0.37243947858472587,3,13.050765649790996
geometry_feedback,calibration,0.88,7,0.7,0.8528864059590316,-0.7448789571694555,14.863851575722524,0.7039106145251397,0.011521421423771135,0.011521421423771135,-0.7448789571694555,3,14.863851575722524
geometry_feedback,calibration,0.88,7,0.8,0.8528864059590316,-0.7448789571694555,16.81972101135589,0.8044692737430168,0.010298663733778237,0.010298663733778237,-0.7448789571694555,3,16.81972101135589
geometry_feedback,calibration,0.88,7,0.9,0.851024208566108,-0.9310986964618221,18.81541356178696,0.9050279329608939,0.011688531504234231,0.011688531504234231,-0.9310986964618221,3,18.81541356178696
geometry_feedback,calibration,0.88,7,1.0,0.8491620111731844,-1.1173184357541888,20.510164345962057,1.0,0.012987012987012988,0.012987012987012988,-1.1173184357541888,3,20.510164345962057
geometry_feedback,calibration,0.88,8,0.1,0.8603351955307262,0.0,2.7132647518805766,0.1005586592178771,0.0,0.0,0.0,3,2.7132647518805766
geometry_feedback,calibration,0.88,8,0.2,0.8603351955307262,0.0,4.3485329088895055,0.2011173184357542,0.0,0.0,0.0,3,4.3485329088895055
geometry_feedback,calibration,0.88,8,0.3,0.8584729981378026,-0.18621973929236293,6.145235907847302,0.3016759776536313,0.006944444444444444,0.006944444444444444,-0.18621973929236293,3,6.145235907847302
geometry_feedback,calibration,0.88,8,0.4,0.8566108007448789,-0.37243947858472587,8.489254690242968,0.4022346368715084,0.009812409812409812,0.009812409812409812,-0.37243947858472587,3,8.489254690242968
geometry_feedback,calibration,0.88,8,0.5,0.8566108007448789,-0.37243947858472587,10.212864630394876,0.5027932960893855,0.007847481881549186,0.007847481881549186,-0.37243947858472587,3,10.212864630394876
geometry_feedback,calibration,0.88,8,0.6,0.8566108007448789,-0.37243947858472587,11.773905525961274,0.6033519553072626,0.006634977223212517,0.006634977223212517,-0.37243947858472587,3,11.773905525961274
geometry_feedback,calibration,0.88,8,0.7,0.8528864059590316,-0.7448789571694555,13.307977603278612,0.7039106145251397,0.011521421423771135,0.011521421423771135,-0.7448789571694555,3,13.307977603278612
geometry_feedback,calibration,0.88,8,0.8,0.8528864059590316,-0.7448789571694555,14.54841722022057,0.8044692737430168,0.010298663733778237,0.010298663733778237,-0.7448789571694555,3,14.54841722022057
geometry_feedback,calibration,0.88,8,0.9,0.851024208566108,-0.9310986964618221,15.926473423741898,0.9050279329608939,0.011688531504234231,0.011688531504234231,-0.9310986964618221,3,15.926473423741898
geometry_feedback,calibration,0.88,8,1.0,0.8491620111731844,-1.1173184357541888,16.974098592454535,1.0,0.012987012987012988,0.012987012987012988,-1.1173184357541888,3,16.974098592454535
geometry_feedback,calibration,0.9,4,0.1,0.8603351955307262,0.0,2.8682724455551347,0.1005586592178771,0.0,0.0,0.0,3,2.8682724455551347
geometry_feedback,calibration,0.9,4,0.2,0.8603351955307262,0.0,4.586967507614918,0.2011173184357542,0.0,0.0,0.0,3,4.586967507614918
geometry_feedback,calibration,0.9,4,0.3,0.8584729981378026,-0.18621973929236293,6.441640863556686,0.3016759776536313,0.006944444444444444,0.006944444444444444,-0.18621973929236293,3,6.441640863556686
geometry_feedback,calibration,0.9,4,0.4,0.8566108007448789,-0.37243947858472587,8.864675762971823,0.4022346368715084,0.009812409812409812,0.009812409812409812,-0.37243947858472587,3,8.864675762971823
geometry_feedback,calibration,0.9,4,0.5,0.8566108007448789,-0.37243947858472587,10.578077879393936,0.5027932960893855,0.007847481881549186,0.007847481881549186,-0.37243947858472587,3,10.578077879393936
geometry_feedback,calibration,0.9,4,0.6,0.8566108007448789,-0.37243947858472587,12.222545680011194,0.6033519553072626,0.006634977223212517,0.006634977223212517,-0.37243947858472587,3,12.222545680011194
geometry_feedback,calibration,0.9,4,0.7,0.8528864059590316,-0.7448789571694555,13.93682995403959,0.7039106145251397,0.011521421423771135,0.011521421423771135,-0.7448789571694555,3,13.93682995403959
geometry_feedback,calibration,0.9,4,0.8,0.8528864059590316,-0.7448789571694555,15.830444267172782,0.8044692737430168,0.010298663733778237,0.010298663733778237,-0.7448789571694555,3,15.830444267172782
geometry_feedback,calibration,0.9,4,0.9,0.851024208566108,-0.9310986964618221,17.7259489180337,0.9050279329608939,0.011688531504234231,0.011688531504234231,-0.9310986964618221,3,17.7259489180337
geometry_feedback,calibration,0.9,4,1.0,0.8491620111731844,-1.1173184357541888,19.419817544602523,1.0,0.012987012987012988,0.012987012987012988,-1.1173184357541888,3,19.419817544602523
geometry_feedback,calibration,0.9,5,0.1,0.8603351955307262,0.0,2.8682724455551347,0.1005586592178771,0.0,0.0,0.0,3,2.8682724455551347
geometry_feedback,calibration,0.9,5,0.2,0.8603351955307262,0.0,4.586967507614918,0.2011173184357542,0.0,0.0,0.0,3,4.586967507614918
geometry_feedback,calibration,0.9,5,0.3,0.8584729981378026,-0.18621973929236293,6.440002570859316,0.3016759776536313,0.006944444444444444,0.006944444444444444,-0.18621973929236293,3,6.440002570859316
geometry_feedback,calibration,0.9,5,0.4,0.8566108007448789,-0.37243947858472587,8.863037470274445,0.4022346368715084,0.009812409812409812,0.009812409812409812,-0.37243947858472587,3,8.863037470274445
geometry_feedback,calibration,0.9,5,0.5,0.8566108007448789,-0.37243947858472587,10.574801293999188,0.5027932960893855,0.007847481881549186,0.007847481881549186,-0.37243947858472587,3,10.574801293999188
geometry_feedback,calibration,0.9,5,0.6,0.8566108007448789,-0.37243947858472587,12.21926909461645,0.6033519553072626,0.006634977223212517,0.006634977223212517,-0.37243947858472587,3,12.21926909461645
geometry_feedback,calibration,0.9,5,0.7,0.8528864059590316,-0.7448789571694555,13.931915075947472,0.7039106145251397,0.011521421423771135,0.011521421423771135,-0.7448789571694555,3,13.931915075947472
geometry_feedback,calibration,0.9,5,0.8,0.8528864059590316,-0.7448789571694555,15.825529389080662,0.8044692737430168,0.010298663733778237,0.010298663733778237,-0.7448789571694555,3,15.825529389080662
geometry_feedback,calibration,0.9,5,0.9,0.851024208566108,-0.9310986964618221,17.721034039941586,0.9050279329608939,0.011688531504234231,0.011688531504234231,-0.9310986964618221,3,17.721034039941586
geometry_feedback,calibration,0.9,5,1.0,0.8491620111731844,-1.1173184357541888,19.414902666510404,1.0,0.012987012987012988,0.012987012987012988,-1.1173184357541888,3,19.414902666510404
geometry_feedback,calibration,0.9,6,0.1,0.8603351955307262,0.0,2.8682724455551347,0.1005586592178771,0.0,0.0,0.0,3,2.8682724455551347
geometry_feedback,calibration,0.9,6,0.2,0.8603351955307262,0.0,4.586967507614918,0.2011173184357542,0.0,0.0,0.0,3,4.586967507614918
geometry_feedback,calibration,0.9,6,0.3,0.8584729981378026,-0.18621973929236293,6.435465760312746,0.3016759776536313,0.006944444444444444,0.006944444444444444,-0.18621973929236293,3,6.435465760312746
geometry_feedback,calibration,0.9,6,0.4,0.8566108007448789,-0.37243947858472587,8.858500659727872,0.4022346368715084,0.009812409812409812,0.009812409812409812,-0.37243947858472587,3,8.858500659727872
geometry_feedback,calibration,0.9,6,0.5,0.8566108007448789,-0.37243947858472587,10.565727672906048,0.5027932960893855,0.007847481881549186,0.007847481881549186,-0.37243947858472587,3,10.565727672906048
geometry_feedback,calibration,0.9,6,0.6,0.8566108007448789,-0.37243947858472587,12.210195473523306,0.6033519553072626,0.006634977223212517,0.006634977223212517,-0.37243947858472587,3,12.210195473523306
geometry_feedback,calibration,0.9,6,0.7,0.8528864059590316,-0.7448789571694555,13.918304644307758,0.7039106145251397,0.011521421423771135,0.011521421423771135,-0.7448789571694555,3,13.918304644307758
geometry_feedback,calibration,0.9,6,0.8,0.8528864059590316,-0.7448789571694555,15.811918957440945,0.8044692737430168,0.010298663733778237,0.010298663733778237,-0.7448789571694555,3,15.811918957440945
geometry_feedback,calibration,0.9,6,0.9,0.851024208566108,-0.9310986964618221,17.70742360830187,0.9050279329608939,0.011688531504234231,0.011688531504234231,-0.9310986964618221,3,17.70742360830187
geometry_feedback,calibration,0.9,6,1.0,0.8491620111731844,-1.1173184357541888,19.40129223487068,1.0,0.012987012987012988,0.012987012987012988,-1.1173184357541888,3,19.40129223487068
geometry_feedback,calibration,0.9,7,0.1,0.8603351955307262,0.0,2.861215184704909,0.1005586592178771,0.0,0.0,0.0,3,2.861215184704909
geometry_feedback,calibration,0.9,7,0.2,0.8603351955307262,0.0,4.579910246764696,0.2011173184357542,0.0,0.0,0.0,3,4.579910246764696
geometry_feedback,calibration,0.9,7,0.3,0.8584729981378026,-0.18621973929236293,6.416940450580907,0.3016759776536313,0.006944444444444444,0.006944444444444444,-0.18621973929236293,3,6.416940450580907
geometry_feedback,calibration,0.9,7,0.4,0.8566108007448789,-0.37243947858472587,8.835690584479831,0.4022346368715084,0.009812409812409812,0.009812409812409812,-0.37243947858472587,3,8.835690584479831
geometry_feedback,calibration,0.9,7,0.5,0.8566108007448789,-0.37243947858472587,10.528172963381643,0.5027932960893855,0.007847481881549186,0.007847481881549186,-0.37243947858472587,3,10.528172963381643
geometry_feedback,calibration,0.9,7,0.6,0.8566108007448789,-0.37243947858472587,12.148822508629397,0.6033519553072626,0.006634977223212517,0.006634977223212517,-0.37243947858472587,3,12.148822508629397
geometry_feedback,calibration,0.9,7,0.7,0.8528864059590316,-0.7448789571694555,13.84558965304742,0.7039106145251397,0.011521421423771135,0.011521421423771135,-0.7448789571694555,3,13.84558965304742
geometry_feedback,calibration,0.9,7,0.8,0.8528864059590316,-0.7448789571694555,15.709336630082335,0.8044692737430168,0.010298663733778237,0.010298663733778237,-0.7448789571694555,3,15.709336630082335
geometry_feedback,calibration,0.9,7,0.9,0.851024208566108,-0.9310986964618221,17.587954263908795,0.9050279329608939,0.011688531504234231,0.011688531504234231,-0.9310986964618221,3,17.587954263908795
geometry_feedback,calibration,0.9,7,1.0,0.8491620111731844,-1.1173184357541888,19.26443178338242,1.0,0.012987012987012988,0.012987012987012988,-1.1173184357541888,3,19.26443178338242
geometry_feedback,calibration,0.9,8,0.1,0.8603351955307262,0.0,2.658697002806528,0.1005586592178771,0.0,0.0,0.0,3,2.658697002806528
geometry_feedback,calibration,0.9,8,0.2,0.8603351955307262,0.0,4.2252828890409635,0.2011173184357542,0.0,0.0,0.0,3,4.2252828890409635
geometry_feedback,calibration,0.9,8,0.3,0.8584729981378026,-0.18621973929236293,5.953051572193894,0.3016759776536313,0.006944444444444444,0.006944444444444444,-0.18621973929236293,3,5.953051572193894
geometry_feedback,calibration,0.9,8,0.4,0.8566108007448789,-0.37243947858472587,8.259137577519608,0.4022346368715084,0.009812409812409812,0.009812409812409812,-0.37243947858472587,3,8.259137577519608
geometry_feedback,calibration,0.9,8,0.5,0.8566108007448789,-0.37243947858472587,9.88318973067729,0.5027932960893855,0.007847481881549186,0.007847481881549186,-0.37243947858472587,3,9.88318973067729
geometry_feedback,calibration,0.9,8,0.6,0.8566108007448789,-0.37243947858472587,11.379959143500585,0.6033519553072626,0.006634977223212517,0.006634977223212517,-0.37243947858472587,3,11.379959143500585
geometry_feedback,calibration,0.9,8,0.7,0.8528864059590316,-0.7448789571694555,12.823547054916832,0.7039106145251397,0.011521421423771135,0.011521421423771135,-0.7448789571694555,3,12.823547054916832
geometry_feedback,calibration,0.9,8,0.8,0.8528864059590316,-0.7448789571694555,14.044075114459954,0.8044692737430168,0.010298663733778237,0.010298663733778237,-0.7448789571694555,3,14.044075114459954
geometry_feedback,calibration,0.9,8,0.9,0.851024208566108,-0.9310986964618221,15.394154319610745,0.9050279329608939,0.011688531504234231,0.011688531504234231,-0.9310986964618221,3,15.394154319610745
geometry_feedback,calibration,0.9,8,1.0,0.8491620111731844,-1.1173184357541888,16.43724267777681,1.0,0.012987012987012988,0.012987012987012988,-1.1173184357541888,3,16.43724267777681
geometry_feedback,calibration,0.92,4,0.1,0.8603351955307262,0.0,2.6712992543247847,0.1005586592178771,0.0,0.0,0.0,3,2.6712992543247847
geometry_feedback,calibration,0.92,4,0.2,0.8603351955307262,0.0,4.211042344825333,0.2011173184357542,0.0,0.0,0.0,3,4.211042344825333
geometry_feedback,calibration,0.92,4,0.3,0.8584729981378026,-0.18621973929236293,5.943347838524837,0.3016759776536313,0.006944444444444444,0.006944444444444444,-0.18621973929236293,3,5.943347838524837
geometry_feedback,calibration,0.92,4,0.4,0.8566108007448789,-0.37243947858472587,8.24855168624427,0.4022346368715084,0.009812409812409812,0.009812409812409812,-0.37243947858472587,3,8.24855168624427
geometry_feedback,calibration,0.92,4,0.5,0.8566108007448789,-0.37243947858472587,9.899572657651015,0.5027932960893855,0.007847481881549186,0.007847481881549186,-0.37243947858472587,3,9.899572657651015
geometry_feedback,calibration,0.92,4,0.6,0.8566108007448789,-0.37243947858472587,11.47346784976605,0.6033519553072626,0.006634977223212517,0.006634977223212517,-0.37243947858472587,3,11.47346784976605
geometry_feedback,calibration,0.92,4,0.7,0.8528864059590316,-0.7448789571694555,12.940621971521438,0.7039106145251397,0.011521421423771135,0.011521421423771135,-0.7448789571694555,3,12.940621971521438
geometry_feedback,calibration,0.92,4,0.8,0.8528864059590316,-0.7448789571694555,14.665744181855533,0.8044692737430168,0.010298663733778237,0.010298663733778237,-0.7448789571694555,3,14.665744181855533
geometry_feedback,calibration,0.92,4,0.9,0.851024208566108,-0.9310986964618221,16.392126617341468,0.9050279329608939,0.011688531504234231,0.011688531504234231,-0.9310986964618221,3,16.392126617341468
geometry_feedback,calibration,0.92,4,1.0,0.8491620111731844,-1.1173184357541888,17.84403201475977,1.0,0.012987012987012988,0.012987012987012988,-1.1173184357541888,3,17.84403201475977
geometry_feedback,calibration,0.92,5,0.1,0.8603351955307262,0.0,2.6712992543247847,0.1005586592178771,0.0,0.0,0.0,3,2.6712992543247847
geometry_feedback,calibration,0.92,5,0.2,0.8603351955307262,0.0,4.211042344825333,0.2011173184357542,0.0,0.0,0.0,3,4.211042344825333
geometry_feedback,calibration,0.92,5,0.3,0.8584729981378026,-0.18621973929236293,5.943347838524837,0.3016759776536313,0.006944444444444444,0.006944444444444444,-0.18621973929236293,3,5.943347838524837
geometry_feedback,calibration,0.92,5,0.4,0.8566108007448789,-0.37243947858472587,8.24855168624427,0.4022346368715084,0.009812409812409812,0.009812409812409812,-0.37243947858472587,3,8.24855168624427
geometry_feedback,calibration,0.92,5,0.5,0.8566108007448789,-0.37243947858472587,9.899572657651015,0.5027932960893855,0.007847481881549186,0.007847481881549186,-0.37243947858472587,3,9.899572657651015
geometry_feedback,calibration,0.92,5,0.6,0.8566108007448789,-0.37243947858472587,11.47346784976605,0.6033519553072626,0.006634977223212517,0.006634977223212517,-0.37243947858472587,3,11.47346784976605
geometry_feedback,calibration,0.92,5,0.7,0.8528864059590316,-0.7448789571694555,12.940621971521438,0.7039106145251397,0.011521421423771135,0.011521421423771135,-0.7448789571694555,3,12.940621971521438
geometry_feedback,calibration,0.92,5,0.8,0.8528864059590316,-0.7448789571694555,14.665744181855533,0.8044692737430168,0.010298663733778237,0.010298663733778237,-0.7448789571694555,3,14.665744181855533
geometry_feedback,calibration,0.92,5,0.9,0.851024208566108,-0.9310986964618221,16.392126617341468,0.9050279329608939,0.011688531504234231,0.011688531504234231,-0.9310986964618221,3,16.392126617341468
geometry_feedback,calibration,0.92,5,1.0,0.8491620111731844,-1.1173184357541888,17.84403201475977,1.0,0.012987012987012988,0.012987012987012988,-1.1173184357541888,3,17.84403201475977
geometry_feedback,calibration,0.92,6,0.1,0.8603351955307262,0.0,2.6712992543247847,0.1005586592178771,0.0,0.0,0.0,3,2.6712992543247847
geometry_feedback,calibration,0.92,6,0.2,0.8603351955307262,0.0,4.211042344825333,0.2011173184357542,0.0,0.0,0.0,3,4.211042344825333
geometry_feedback,calibration,0.92,6,0.3,0.8584729981378026,-0.18621973929236293,5.938811027978267,0.3016759776536313,0.006944444444444444,0.006944444444444444,-0.18621973929236293,3,5.938811027978267
geometry_feedback,calibration,0.92,6,0.4,0.8566108007448789,-0.37243947858472587,8.244014875697696,0.4022346368715084,0.009812409812409812,0.009812409812409812,-0.37243947858472587,3,8.244014875697696
geometry_feedback,calibration,0.92,6,0.5,0.8566108007448789,-0.37243947858472587,9.890499036557875,0.5027932960893855,0.007847481881549186,0.007847481881549186,-0.37243947858472587,3,9.890499036557875
geometry_feedback,calibration,0.92,6,0.6,0.8566108007448789,-0.37243947858472587,11.464394228672903,0.6033519553072626,0.006634977223212517,0.006634977223212517,-0.37243947858472587,3,11.464394228672903
geometry_feedback,calibration,0.92,6,0.7,0.8528864059590316,-0.7448789571694555,12.927011539881716,0.7039106145251397,0.011521421423771135,0.011521421423771135,-0.7448789571694555,3,12.927011539881716
geometry_feedback,calibration,0.92,6,0.8,0.8528864059590316,-0.7448789571694555,14.652133750215816,0.8044692737430168,0.010298663733778237,0.010298663733778237,-0.7448789571694555,3,14.652133750215816
geometry_feedback,calibration,0.92,6,0.9,0.851024208566108,-0.9310986964618221,16.37851618570175,0.9050279329608939,0.011688531504234231,0.011688531504234231,-0.9310986964618221,3,16.37851618570175
geometry_feedback,calibration,0.92,6,1.0,0.8491620111731844,-1.1173184357541888,17.83042158312005,1.0,0.012987012987012988,0.012987012987012988,-1.1173184357541888,3,17.83042158312005
geometry_feedback,calibration,0.92,7,0.1,0.8603351955307262,0.0,2.6712992543247847,0.1005586592178771,0.0,0.0,0.0,3,2.6712992543247847
geometry_feedback,calibration,0.92,7,0.2,0.8603351955307262,0.0,4.211042344825333,0.2011173184357542,0.0,0.0,0.0,3,4.211042344825333
geometry_feedback,calibration,0.92,7,0.3,0.8584729981378026,-0.18621973929236293,5.934400239946877,0.3016759776536313,0.006944444444444444,0.006944444444444444,-0.18621973929236293,3,5.934400239946877
geometry_feedback,calibration,0.92,7,0.4,0.8566108007448789,-0.37243947858472587,8.239604087666308,0.4022346368715084,0.009812409812409812,0.009812409812409812,-0.37243947858472587,3,8.239604087666308
geometry_feedback,calibration,0.92,7,0.5,0.8566108007448789,-0.37243947858472587,9.878022807554801,0.5027932960893855,0.007847481881549186,0.007847481881549186,-0.37243947858472587,3,9.878022807554801
geometry_feedback,calibration,0.92,7,0.6,0.8566108007448789,-0.37243947858472587,11.439315748151571,0.6033519553072626,0.006634977223212517,0.006634977223212517,-0.37243947858472587,3,11.439315748151571
geometry_feedback,calibration,0.92,7,0.7,0.8528864059590316,-0.7448789571694555,12.89361557335834,0.7039106145251397,0.011521421423771135,0.011521421423771135,-0.7448789571694555,3,12.89361557335834
geometry_feedback,calibration,0.92,7,0.8,0.8528864059590316,-0.7448789571694555,14.602480879233891,0.8044692737430168,0.010298663733778237,0.010298663733778237,-0.7448789571694555,3,14.602480879233891
geometry_feedback,calibration,0.92,7,0.9,0.851024208566108,-0.9310986964618221,16.32016776117222,0.9050279329608939,0.011688531504234231,0.011688531504234231,-0.9310986964618221,3,16.32016776117222
geometry_feedback,calibration,0.92,7,1.0,0.8491620111731844,-1.1173184357541888,17.76841850565023,1.0,0.012987012987012988,0.012987012987012988,-1.1173184357541888,3,17.76841850565023
geometry_feedback,calibration,0.92,8,0.1,0.8603351955307262,0.0,2.626813306465344,0.1005586592178771,0.0,0.0,0.0,3,2.626813306465344
geometry_feedback,calibration,0.92,8,0.2,0.8603351955307262,0.0,4.148535177294784,0.2011173184357542,0.0,0.0,0.0,3,4.148535177294784
geometry_feedback,calibration,0.92,8,0.3,0.8584729981378026,-0.18621973929236293,5.781786974060795,0.3016759776536313,0.006944444444444444,0.006944444444444444,-0.18621973929236293,3,5.781786974060795
geometry_feedback,calibration,0.92,8,0.4,0.8566108007448789,-0.37243947858472587,8.003815961759734,0.4022346368715084,0.009812409812409812,0.009812409812409812,-0.37243947858472587,3,8.003815961759734
geometry_feedback,calibration,0.92,8,0.5,0.8566108007448789,-0.37243947858472587,9.592077720605571,0.5027932960893855,0.007847481881549186,0.007847481881549186,-0.37243947858472587,3,9.592077720605571
geometry_feedback,calibration,0.92,8,0.6,0.8566108007448789,-0.37243947858472587,11.067171260817465,0.6033519553072626,0.006634977223212517,0.006634977223212517,-0.37243947858472587,3,11.067171260817465
geometry_feedback,calibration,0.92,8,0.7,0.8528864059590316,-0.7448789571694555,12.446865757036155,0.7039106145251397,0.011521421423771135,0.011521421423771135,-0.7448789571694555,3,12.446865757036155
geometry_feedback,calibration,0.92,8,0.8,0.8528864059590316,-0.7448789571694555,13.637652502996188,0.8044692737430168,0.010298663733778237,0.010298663733778237,-0.7448789571694555,3,13.637652502996188
geometry_feedback,calibration,0.92,8,0.9,0.851024208566108,-0.9310986964618221,14.92220000025205,0.9050279329608939,0.011688531504234231,0.011688531504234231,-0.9310986964618221,3,14.92220000025205
geometry_feedback,calibration,0.92,8,1.0,0.8491620111731844,-1.1173184357541888,15.891691209551517,1.0,0.012987012987012988,0.012987012987012988,-1.1173184357541888,3,15.891691209551517
geometry_feedback,calibration,0.95,4,0.1,0.8603351955307262,0.0,2.491465125159268,0.1005586592178771,0.0,0.0,0.0,3,2.491465125159268
geometry_feedback,calibration,0.95,4,0.2,0.8603351955307262,0.0,3.853264424222036,0.2011173184357542,0.0,0.0,0.0,3,3.853264424222036
geometry_feedback,calibration,0.95,4,0.3,0.8584729981378026,-0.18621973929236293,5.437241417551664,0.3016759776536313,0.006944444444444444,0.006944444444444444,-0.18621973929236293,3,5.437241417551664
geometry_feedback,calibration,0.95,4,0.4,0.8566108007448789,-0.37243947858472587,7.5495047945266,0.4022346368715084,0.009812409812409812,0.009812409812409812,-0.37243947858472587,3,7.5495047945266
geometry_feedback,calibration,0.95,4,0.5,0.8566108007448789,-0.37243947858472587,9.050432950350913,0.5027932960893855,0.007847481881549186,0.007847481881549186,-0.37243947858472587,3,9.050432950350913
geometry_feedback,calibration,0.95,4,0.6,0.8566108007448789,-0.37243947858472587,10.361319153279933,0.6033519553072626,0.006634977223212517,0.006634977223212517,-0.37243947858472587,3,10.361319153279933
geometry_feedback,calibration,0.95,4,0.7,0.8528864059590316,-0.7448789571694555,11.660863329842515,0.7039106145251397,0.011521421423771135,0.011521421423771135,-0.7448789571694555,3,11.660863329842515
geometry_feedback,calibration,0.95,4,0.8,0.8528864059590316,-0.7448789571694555,13.075466062766779,0.8044692737430168,0.010298663733778237,0.010298663733778237,-0.7448789571694555,3,13.075466062766779
geometry_feedback,calibration,0.95,4,0.9,0.851024208566108,-0.9310986964618221,14.640917746364572,0.9050279329608939,0.011688531504234231,0.011688531504234231,-0.9310986964618221,3,14.640917746364572
geometry_feedback,calibration,0.95,4,1.0,0.8491620111731844,-1.1173184357541888,15.932900572016194,1.0,0.012987012987012988,0.012987012987012988,-1.1173184357541888,3,15.932900572016194
geometry_feedback,calibration,0.95,5,0.1,0.8603351955307262,0.0,2.491465125159268,0.1005586592178771,0.0,0.0,0.0,3,2.491465125159268
geometry_feedback,calibration,0.95,5,0.2,0.8603351955307262,0.0,3.853264424222036,0.2011173184357542,0.0,0.0,0.0,3,3.853264424222036
geometry_feedback,calibration,0.95,5,0.3,0.8584729981378026,-0.18621973929236293,5.437241417551664,0.3016759776536313,0.006944444444444444,0.006944444444444444,-0.18621973929236293,3,5.437241417551664
geometry_feedback,calibration,0.95,5,0.4,0.8566108007448789,-0.37243947858472587,7.5495047945266,0.4022346368715084,0.009812409812409812,0.009812409812409812,-0.37243947858472587,3,7.5495047945266
geometry_feedback,calibration,0.95,5,0.5,0.8566108007448789,-0.37243947858472587,9.050432950350913,0.5027932960893855,0.007847481881549186,0.007847481881549186,-0.37243947858472587,3,9.050432950350913
geometry_feedback,calibration,0.95,5,0.6,0.8566108007448789,-0.37243947858472587,10.361319153279933,0.6033519553072626,0.006634977223212517,0.006634977223212517,-0.37243947858472587,3,10.361319153279933
geometry_feedback,calibration,0.95,5,0.7,0.8528864059590316,-0.7448789571694555,11.660863329842515,0.7039106145251397,0.011521421423771135,0.011521421423771135,-0.7448789571694555,3,11.660863329842515
geometry_feedback,calibration,0.95,5,0.8,0.8528864059590316,-0.7448789571694555,13.075466062766779,0.8044692737430168,0.010298663733778237,0.010298663733778237,-0.7448789571694555,3,13.075466062766779
geometry_feedback,calibration,0.95,5,0.9,0.851024208566108,-0.9310986964618221,14.640917746364572,0.9050279329608939,0.011688531504234231,0.011688531504234231,-0.9310986964618221,3,14.640917746364572
geometry_feedback,calibration,0.95,5,1.0,0.8491620111731844,-1.1173184357541888,15.932900572016194,1.0,0.012987012987012988,0.012987012987012988,-1.1173184357541888,3,15.932900572016194
geometry_feedback,calibration,0.95,6,0.1,0.8603351955307262,0.0,2.491465125159268,0.1005586592178771,0.0,0.0,0.0,3,2.491465125159268
geometry_feedback,calibration,0.95,6,0.2,0.8603351955307262,0.0,3.853264424222036,0.2011173184357542,0.0,0.0,0.0,3,3.853264424222036
geometry_feedback,calibration,0.95,6,0.3,0.8584729981378026,-0.18621973929236293,5.437241417551664,0.3016759776536313,0.006944444444444444,0.006944444444444444,-0.18621973929236293,3,5.437241417551664
geometry_feedback,calibration,0.95,6,0.4,0.8566108007448789,-0.37243947858472587,7.5495047945266,0.4022346368715084,0.009812409812409812,0.009812409812409812,-0.37243947858472587,3,7.5495047945266
geometry_feedback,calibration,0.95,6,0.5,0.8566108007448789,-0.37243947858472587,9.050432950350913,0.5027932960893855,0.007847481881549186,0.007847481881549186,-0.37243947858472587,3,9.050432950350913
geometry_feedback,calibration,0.95,6,0.6,0.8566108007448789,-0.37243947858472587,10.361319153279933,0.6033519553072626,0.006634977223212517,0.006634977223212517,-0.37243947858472587,3,10.361319153279933
geometry_feedback,calibration,0.95,6,0.7,0.8528864059590316,-0.7448789571694555,11.660863329842515,0.7039106145251397,0.011521421423771135,0.011521421423771135,-0.7448789571694555,3,11.660863329842515
geometry_feedback,calibration,0.95,6,0.8,0.8528864059590316,-0.7448789571694555,13.075466062766779,0.8044692737430168,0.010298663733778237,0.010298663733778237,-0.7448789571694555,3,13.075466062766779
geometry_feedback,calibration,0.95,6,0.9,0.851024208566108,-0.9310986964618221,14.640917746364572,0.9050279329608939,0.011688531504234231,0.011688531504234231,-0.9310986964618221,3,14.640917746364572
geometry_feedback,calibration,0.95,6,1.0,0.8491620111731844,-1.1173184357541888,15.932900572016194,1.0,0.012987012987012988,0.012987012987012988,-1.1173184357541888,3,15.932900572016194
geometry_feedback,calibration,0.95,7,0.1,0.8603351955307262,0.0,2.491465125159268,0.1005586592178771,0.0,0.0,0.0,3,2.491465125159268
geometry_feedback,calibration,0.95,7,0.2,0.8603351955307262,0.0,3.853264424222036,0.2011173184357542,0.0,0.0,0.0,3,3.853264424222036
geometry_feedback,calibration,0.95,7,0.3,0.8584729981378026,-0.18621973929236293,5.437241417551664,0.3016759776536313,0.006944444444444444,0.006944444444444444,-0.18621973929236293,3,5.437241417551664
geometry_feedback,calibration,0.95,7,0.4,0.8566108007448789,-0.37243947858472587,7.5495047945266,0.4022346368715084,0.009812409812409812,0.009812409812409812,-0.37243947858472587,3,7.5495047945266
geometry_feedback,calibration,0.95,7,0.5,0.8566108007448789,-0.37243947858472587,9.050432950350913,0.5027932960893855,0.007847481881549186,0.007847481881549186,-0.37243947858472587,3,9.050432950350913
geometry_feedback,calibration,0.95,7,0.6,0.8566108007448789,-0.37243947858472587,10.361319153279933,0.6033519553072626,0.006634977223212517,0.006634977223212517,-0.37243947858472587,3,10.361319153279933
geometry_feedback,calibration,0.95,7,0.7,0.8528864059590316,-0.7448789571694555,11.660863329842515,0.7039106145251397,0.011521421423771135,0.011521421423771135,-0.7448789571694555,3,11.660863329842515
geometry_feedback,calibration,0.95,7,0.8,0.8528864059590316,-0.7448789571694555,13.075466062766779,0.8044692737430168,0.010298663733778237,0.010298663733778237,-0.7448789571694555,3,13.075466062766779
geometry_feedback,calibration,0.95,7,0.9,0.851024208566108,-0.9310986964618221,14.640917746364572,0.9050279329608939,0.011688531504234231,0.011688531504234231,-0.9310986964618221,3,14.640917746364572
geometry_feedback,calibration,0.95,7,1.0,0.8491620111731844,-1.1173184357541888,15.932900572016194,1.0,0.012987012987012988,0.012987012987012988,-1.1173184357541888,3,15.932900572016194
geometry_feedback,calibration,0.95,8,0.1,0.8603351955307262,0.0,2.485668089460872,0.1005586592178771,0.0,0.0,0.0,3,2.485668089460872
geometry_feedback,calibration,0.95,8,0.2,0.8603351955307262,0.0,3.847467388523636,0.2011173184357542,0.0,0.0,0.0,3,3.847467388523636
geometry_feedback,calibration,0.95,8,0.3,0.8584729981378026,-0.18621973929236293,5.40145102323982,0.3016759776536313,0.006944444444444444,0.006944444444444444,-0.18621973929236293,3,5.40145102323982
geometry_feedback,calibration,0.95,8,0.4,0.8566108007448789,-0.37243947858472587,7.513714400214755,0.4022346368715084,0.009812409812409812,0.009812409812409812,-0.37243947858472587,3,7.513714400214755
geometry_feedback,calibration,0.95,8,0.5,0.8566108007448789,-0.37243947858472587,8.983893062334522,0.5027932960893855,0.007847481881549186,0.007847481881549186,-0.37243947858472587,3,8.983893062334522
geometry_feedback,calibration,0.95,8,0.6,0.8566108007448789,-0.37243947858472587,10.240085493674307,0.6033519553072626,0.006634977223212517,0.006634977223212517,-0.37243947858472587,3,10.240085493674307
geometry_feedback,calibration,0.95,8,0.7,0.8528864059590316,-0.7448789571694555,11.479642953009991,0.7039106145251397,0.011521421423771135,0.011521421423771135,-0.7448789571694555,3,11.479642953009991
geometry_feedback,calibration,0.95,8,0.8,0.8528864059590316,-0.7448789571694555,12.457577670826673,0.8044692737430168,0.010298663733778237,0.010298663733778237,-0.7448789571694555,3,12.457577670826673
geometry_feedback,calibration,0.95,8,0.9,0.851024208566108,-0.9310986964618221,13.59896359083514,0.9050279329608939,0.011688531504234231,0.011688531504234231,-0.9310986964618221,3,13.59896359083514
geometry_feedback,calibration,0.95,8,1.0,0.8491620111731844,-1.1173184357541888,14.452009996105907,1.0,0.012987012987012988,0.012987012987012988,-1.1173184357541888,3,14.452009996105907
geometry_feedback,calibration,0.98,4,0.1,0.8603351955307262,0.0,0.8971542855846707,0.1005586592178771,0.0,0.0,0.0,3,0.8971542855846707
geometry_feedback,calibration,0.98,4,0.2,0.8603351955307262,0.0,2.0458495114737296,0.2011173184357542,0.0,0.0,0.0,3,2.0458495114737296
geometry_feedback,calibration,0.98,4,0.3,0.8584729981378026,-0.18621973929236293,3.4497403306074723,0.3016759776536313,0.006944444444444444,0.006944444444444444,-0.18621973929236293,3,3.4497403306074723
geometry_feedback,calibration,0.98,4,0.4,0.8566108007448789,-0.37243947858472587,4.8277965341287885,0.4022346368715084,0.009812409812409812,0.009812409812409812,-0.37243947858472587,3,4.8277965341287885
geometry_feedback,calibration,0.98,4,0.5,0.8566108007448789,-0.37243947858472587,6.1636351950639545,0.5027932960893855,0.007847481881549186,0.007847481881549186,-0.37243947858472587,3,6.1636351950639545
geometry_feedback,calibration,0.98,4,0.6,0.8566108007448789,-0.37243947858472587,7.234322484055011,0.6033519553072626,0.006634977223212517,0.006634977223212517,-0.37243947858472587,3,7.234322484055011
geometry_feedback,calibration,0.98,4,0.7,0.8528864059590316,-0.7448789571694555,8.318494182170587,0.7039106145251397,0.011521421423771135,0.011521421423771135,-0.7448789571694555,3,8.318494182170587
geometry_feedback,calibration,0.98,4,0.8,0.8528864059590316,-0.7448789571694555,9.10134604648467,0.8044692737430168,0.010298663733778237,0.010298663733778237,-0.7448789571694555,3,9.10134604648467
geometry_feedback,calibration,0.98,4,0.9,0.851024208566108,-0.9310986964618221,9.967120725788872,0.9050279329608939,0.011688531504234231,0.011688531504234231,-0.9310986964618221,3,9.967120725788872
geometry_feedback,calibration,0.98,4,1.0,0.8491620111731844,-1.1173184357541888,10.6267225702544,1.0,0.012987012987012988,0.012987012987012988,-1.1173184357541888,3,10.6267225702544
geometry_feedback,calibration,0.98,5,0.1,0.8603351955307262,0.0,0.8971542855846707,0.1005586592178771,0.0,0.0,0.0,3,0.8971542855846707
geometry_feedback,calibration,0.98,5,0.2,0.8603351955307262,0.0,2.0458495114737296,0.2011173184357542,0.0,0.0,0.0,3,2.0458495114737296
geometry_feedback,calibration,0.98,5,0.3,0.8584729981378026,-0.18621973929236293,3.4497403306074723,0.3016759776536313,0.006944444444444444,0.006944444444444444,-0.18621973929236293,3,3.4497403306074723
geometry_feedback,calibration,0.98,5,0.4,0.8566108007448789,-0.37243947858472587,4.8277965341287885,0.4022346368715084,0.009812409812409812,0.009812409812409812,-0.37243947858472587,3,4.8277965341287885
geometry_feedback,calibration,0.98,5,0.5,0.8566108007448789,-0.37243947858472587,6.1636351950639545,0.5027932960893855,0.007847481881549186,0.007847481881549186,-0.37243947858472587,3,6.1636351950639545
geometry_feedback,calibration,0.98,5,0.6,0.8566108007448789,-0.37243947858472587,7.234322484055011,0.6033519553072626,0.006634977223212517,0.006634977223212517,-0.37243947858472587,3,7.234322484055011
geometry_feedback,calibration,0.98,5,0.7,0.8528864059590316,-0.7448789571694555,8.318494182170587,0.7039106145251397,0.011521421423771135,0.011521421423771135,-0.7448789571694555,3,8.318494182170587
geometry_feedback,calibration,0.98,5,0.8,0.8528864059590316,-0.7448789571694555,9.10134604648467,0.8044692737430168,0.010298663733778237,0.010298663733778237,-0.7448789571694555,3,9.10134604648467
geometry_feedback,calibration,0.98,5,0.9,0.851024208566108,-0.9310986964618221,9.967120725788872,0.9050279329608939,0.011688531504234231,0.011688531504234231,-0.9310986964618221,3,9.967120725788872
geometry_feedback,calibration,0.98,5,1.0,0.8491620111731844,-1.1173184357541888,10.6267225702544,1.0,0.012987012987012988,0.012987012987012988,-1.1173184357541888,3,10.6267225702544
geometry_feedback,calibration,0.98,6,0.1,0.8603351955307262,0.0,0.8971542855846707,0.1005586592178771,0.0,0.0,0.0,3,0.8971542855846707
geometry_feedback,calibration,0.98,6,0.2,0.8603351955307262,0.0,2.0458495114737296,0.2011173184357542,0.0,0.0,0.0,3,2.0458495114737296
geometry_feedback,calibration,0.98,6,0.3,0.8584729981378026,-0.18621973929236293,3.4497403306074723,0.3016759776536313,0.006944444444444444,0.006944444444444444,-0.18621973929236293,3,3.4497403306074723
geometry_feedback,calibration,0.98,6,0.4,0.8566108007448789,-0.37243947858472587,4.8277965341287885,0.4022346368715084,0.009812409812409812,0.009812409812409812,-0.37243947858472587,3,4.8277965341287885
geometry_feedback,calibration,0.98,6,0.5,0.8566108007448789,-0.37243947858472587,6.1636351950639545,0.5027932960893855,0.007847481881549186,0.007847481881549186,-0.37243947858472587,3,6.1636351950639545
geometry_feedback,calibration,0.98,6,0.6,0.8566108007448789,-0.37243947858472587,7.234322484055011,0.6033519553072626,0.006634977223212517,0.006634977223212517,-0.37243947858472587,3,7.234322484055011
geometry_feedback,calibration,0.98,6,0.7,0.8528864059590316,-0.7448789571694555,8.318494182170587,0.7039106145251397,0.011521421423771135,0.011521421423771135,-0.7448789571694555,3,8.318494182170587
geometry_feedback,calibration,0.98,6,0.8,0.8528864059590316,-0.7448789571694555,9.10134604648467,0.8044692737430168,0.010298663733778237,0.010298663733778237,-0.7448789571694555,3,9.10134604648467
geometry_feedback,calibration,0.98,6,0.9,0.851024208566108,-0.9310986964618221,9.967120725788872,0.9050279329608939,0.011688531504234231,0.011688531504234231,-0.9310986964618221,3,9.967120725788872
geometry_feedback,calibration,0.98,6,1.0,0.8491620111731844,-1.1173184357541888,10.6267225702544,1.0,0.012987012987012988,0.012987012987012988,-1.1173184357541888,3,10.6267225702544
geometry_feedback,calibration,0.98,7,0.1,0.8603351955307262,0.0,0.8971542855846707,0.1005586592178771,0.0,0.0,0.0,3,0.8971542855846707
geometry_feedback,calibration,0.98,7,0.2,0.8603351955307262,0.0,2.0458495114737296,0.2011173184357542,0.0,0.0,0.0,3,2.0458495114737296
geometry_feedback,calibration,0.98,7,0.3,0.8584729981378026,-0.18621973929236293,3.4497403306074723,0.3016759776536313,0.006944444444444444,0.006944444444444444,-0.18621973929236293,3,3.4497403306074723
geometry_feedback,calibration,0.98,7,0.4,0.8566108007448789,-0.37243947858472587,4.8277965341287885,0.4022346368715084,0.009812409812409812,0.009812409812409812,-0.37243947858472587,3,4.8277965341287885
geometry_feedback,calibration,0.98,7,0.5,0.8566108007448789,-0.37243947858472587,6.1636351950639545,0.5027932960893855,0.007847481881549186,0.007847481881549186,-0.37243947858472587,3,6.1636351950639545
geometry_feedback,calibration,0.98,7,0.6,0.8566108007448789,-0.37243947858472587,7.234322484055011,0.6033519553072626,0.006634977223212517,0.006634977223212517,-0.37243947858472587,3,7.234322484055011
geometry_feedback,calibration,0.98,7,0.7,0.8528864059590316,-0.7448789571694555,8.318494182170587,0.7039106145251397,0.011521421423771135,0.011521421423771135,-0.7448789571694555,3,8.318494182170587
geometry_feedback,calibration,0.98,7,0.8,0.8528864059590316,-0.7448789571694555,9.10134604648467,0.8044692737430168,0.010298663733778237,0.010298663733778237,-0.7448789571694555,3,9.10134604648467
geometry_feedback,calibration,0.98,7,0.9,0.851024208566108,-0.9310986964618221,9.967120725788872,0.9050279329608939,0.011688531504234231,0.011688531504234231,-0.9310986964618221,3,9.967120725788872
geometry_feedback,calibration,0.98,7,1.0,0.8491620111731844,-1.1173184357541888,10.6267225702544,1.0,0.012987012987012988,0.012987012987012988,-1.1173184357541888,3,10.6267225702544
geometry_feedback,calibration,0.98,8,0.1,0.8603351955307262,0.0,0.8971542855846707,0.1005586592178771,0.0,0.0,0.0,3,0.8971542855846707
geometry_feedback,calibration,0.98,8,0.2,0.8603351955307262,0.0,2.0458495114737296,0.2011173184357542,0.0,0.0,0.0,3,2.0458495114737296
geometry_feedback,calibration,0.98,8,0.3,0.8584729981378026,-0.18621973929236293,3.4356258089070244,0.3016759776536313,0.006944444444444444,0.006944444444444444,-0.18621973929236293,3,3.4356258089070244
geometry_feedback,calibration,0.98,8,0.4,0.8566108007448789,-0.37243947858472587,4.813682012428345,0.4022346368715084,0.009812409812409812,0.009812409812409812,-0.37243947858472587,3,4.813682012428345
geometry_feedback,calibration,0.98,8,0.5,0.8566108007448789,-0.37243947858472587,6.135406151663066,0.5027932960893855,0.007847481881549186,0.007847481881549186,-0.37243947858472587,3,6.135406151663066
geometry_feedback,calibration,0.98,8,0.6,0.8566108007448789,-0.37243947858472587,7.206093440654115,0.6033519553072626,0.006634977223212517,0.006634977223212517,-0.37243947858472587,3,7.206093440654115
geometry_feedback,calibration,0.98,8,0.7,0.8528864059590316,-0.7448789571694555,8.276150617069252,0.7039106145251397,0.011521421423771135,0.011521421423771135,-0.7448789571694555,3,8.276150617069252
geometry_feedback,calibration,0.98,8,0.8,0.8528864059590316,-0.7448789571694555,9.059002481383331,0.8044692737430168,0.010298663733778237,0.010298663733778237,-0.7448789571694555,3,9.059002481383331
geometry_feedback,calibration,0.98,8,0.9,0.851024208566108,-0.9310986964618221,9.92477716068754,0.9050279329608939,0.011688531504234231,0.011688531504234231,-0.9310986964618221,3,9.92477716068754
geometry_feedback,calibration,0.98,8,1.0,0.8491620111731844,-1.1173184357541888,10.584379005153066,1.0,0.012987012987012988,0.012987012987012988,-1.1173184357541888,3,10.584379005153066
geometry_feedback,test,0.75,4,0.1,0.8657074340527577,-0.47961630695444085,3.6254295532645995,0.10951239008792965,0.046405228758169936,0.046405228758169936,-0.47961630695444085,3,3.6254295532645995
geometry_feedback,test,0.75,4,0.2,0.864908073541167,-0.5595523581135131,6.965178998651522,0.20943245403677058,0.029125752296484005,0.029125752296484005,-0.5595523581135131,3,6.965178998651522
geometry_feedback,test,0.75,4,0.3,0.8593125499600319,-1.1191047162270225,10.095426073339416,0.2973621103117506,0.041510537085758324,0.041510537085758324,-1.1191047162270225,3,10.095426073339416
geometry_feedback,test,0.75,4,0.4,0.8545163868904876,-1.598721023181456,13.12448344860585,0.3980815347721823,0.04429578849083493,0.04429578849083493,-1.598721023181456,3,13.12448344860585
geometry_feedback,test,0.75,4,0.5,0.8497202238209433,-2.0783373301358967,17.147711949193088,0.5123900879296563,0.044416063226624294,0.044416063226624294,-2.0783373301358967,3,17.147711949193088
geometry_feedback,test,0.75,4,0.6,0.8489208633093525,-2.1582733812949693,20.003643046674487,0.601119104716227,0.03957845546630593,0.03957845546630593,-2.1582733812949693,3,20.003643046674487
geometry_feedback,test,0.75,4,0.7,0.8433253397282174,-2.717825739408475,23.351657314367735,0.7178257394084733,0.0417522463333631,0.0417522463333631,-2.717825739408475,3,23.351657314367735
geometry_feedback,test,0.75,4,0.8,0.841726618705036,-2.877697841726623,26.061540301883504,0.8145483613109512,0.0397176624911922,0.0397176624911922,-2.877697841726623,3,26.061540301883504
geometry_feedback,test,0.75,4,0.9,0.8369304556354916,-3.3573141486810565,28.81682543825307,0.9160671462829736,0.04166740702571119,0.04166740702571119,-3.3573141486810565,3,28.81682543825307
geometry_feedback,test,0.75,4,1.0,0.8369304556354916,-3.3573141486810565,30.832735221192742,1.0,0.03856749311294766,0.03856749311294766,-3.3573141486810565,3,30.832735221192742
geometry_feedback,test,0.75,5,0.1,0.8657074340527577,-0.47961630695444085,3.3808016877637015,0.10951239008792965,0.046405228758169936,0.046405228758169936,-0.47961630695444085,3,3.3808016877637015
geometry_feedback,test,0.75,5,0.2,0.864908073541167,-0.5595523581135131,6.675040236634899,0.20943245403677058,0.029125752296484005,0.029125752296484005,-0.5595523581135131,3,6.675040236634899
geometry_feedback,test,0.75,5,0.3,0.8593125499600319,-1.1191047162270225,9.5967636695811,0.2973621103117506,0.041510537085758324,0.041510537085758324,-1.1191047162270225,3,9.5967636695811
geometry_feedback,test,0.75,5,0.4,0.8545163868904876,-1.598721023181456,12.564052372873979,0.3980815347721823,0.04429578849083493,0.04429578849083493,-1.598721023181456,3,12.564052372873979
geometry_feedback,test,0.75,5,0.5,0.8497202238209433,-2.0783373301358967,16.536821958327888,0.5123900879296563,0.044416063226624294,0.044416063226624294,-2.0783373301358967,3,16.536821958327888
geometry_feedback,test,0.75,5,0.6,0.8489208633093525,-2.1582733812949693,19.349090869546295,0.601119104716227,0.03957845546630593,0.03957845546630593,-2.1582733812949693,3,19.349090869546295
geometry_feedback,test,0.75,5,0.7,0.8433253397282174,-2.717825739408475,22.648603680020877,0.7178257394084733,0.0417522463333631,0.0417522463333631,-2.717825739408475,3,22.648603680020877
geometry_feedback,test,0.75,5,0.8,0.841726618705036,-2.877697841726623,25.1181543346818,0.8145483613109512,0.0397176624911922,0.0397176624911922,-2.877697841726623,3,25.1181543346818
geometry_feedback,test,0.75,5,0.9,0.8369304556354916,-3.3573141486810565,27.858160424550867,0.9160671462829736,0.04166740702571119,0.04166740702571119,-3.3573141486810565,3,27.858160424550867
geometry_feedback,test,0.75,5,1.0,0.8369304556354916,-3.3573141486810565,29.8420983948845,1.0,0.03856749311294766,0.03856749311294766,-3.3573141486810565,3,29.8420983948845
geometry_feedback,test,0.75,6,0.1,0.8657074340527577,-0.47961630695444085,3.2593305493931766,0.10951239008792965,0.046405228758169936,0.046405228758169936,-0.47961630695444085,3,3.2593305493931766
geometry_feedback,test,0.75,6,0.2,0.864908073541167,-0.5595523581135131,6.245269476706243,0.20943245403677058,0.029125752296484005,0.029125752296484005,-0.5595523581135131,3,6.245269476706243
geometry_feedback,test,0.75,6,0.3,0.8593125499600319,-1.1191047162270225,8.855920222715204,0.2973621103117506,0.041510537085758324,0.041510537085758324,-1.1191047162270225,3,8.855920222715204
geometry_feedback,test,0.75,6,0.4,0.8545163868904876,-1.598721023181456,11.53470137892035,0.3980815347721823,0.04429578849083493,0.04429578849083493,-1.598721023181456,3,11.53470137892035
geometry_feedback,test,0.75,6,0.5,0.8497202238209433,-2.0783373301358967,15.341630779938221,0.5123900879296563,0.044416063226624294,0.044416063226624294,-2.0783373301358967,3,15.341630779938221
geometry_feedback,test,0.75,6,0.6,0.8489208633093525,-2.1582733812949693,17.991811301057023,0.601119104716227,0.03957845546630593,0.03957845546630593,-2.1582733812949693,3,17.991811301057023
geometry_feedback,test,0.75,6,0.7,0.8433253397282174,-2.717825739408475,21.13826177737178,0.7178257394084733,0.0417522463333631,0.0417522463333631,-2.717825739408475,3,21.13826177737178
geometry_feedback,test,0.75,6,0.8,0.841726618705036,-2.877697841726623,23.529894732263248,0.8145483613109512,0.0397176624911922,0.0397176624911922,-2.877697841726623,3,23.529894732263248
geometry_feedback,test,0.75,6,0.9,0.8369304556354916,-3.3573141486810565,26.117980338422722,0.9160671462829736,0.04166740702571119,0.04166740702571119,-3.3573141486810565,3,26.117980338422722
geometry_feedback,test,0.75,6,1.0,0.8369304556354916,-3.3573141486810565,28.00045674018008,1.0,0.03856749311294766,0.03856749311294766,-3.3573141486810565,3,28.00045674018008
geometry_feedback,test,0.75,7,0.1,0.8689048760991207,-0.1598721023181445,2.7262495106355145,0.10951239008792965,0.013943355119825708,0.013943355119825708,-0.1598721023181445,3,2.7262495106355145
geometry_feedback,test,0.75,7,0.2,0.86810551558753,-0.23980815347722043,5.161490277959021,0.20943245403677058,0.012398373983739839,0.012398373983739839,-0.23980815347722043,3,5.161490277959021
geometry_feedback,test,0.75,7,0.3,0.8641087130295763,-0.6394884092725891,7.338346600548085,0.2973621103117506,0.023705121050253793,0.023705121050253793,-0.6394884092725891,3,7.338346600548085
geometry_feedback,test,0.75,7,0.4,0.8609112709832134,-0.959232613908878,9.564846230806031,0.3980815347721823,0.02655682155903297,0.02655682155903297,-0.959232613908878,3,9.564846230806031
geometry_feedback,test,0.75,7,0.5,0.8561151079136691,-1.4388489208633115,13.006274740093087,0.5123900879296563,0.03074220411902095,0.03074220411902095,-1.4388489208633115,3,13.006274740093087
geometry_feedback,test,0.75,7,0.6,0.8553157474020784,-1.5187849720223838,15.240441080516765,0.601119104716227,0.027860682066289544,0.027860682066289544,-1.5187849720223838,3,15.240441080516765
geometry_feedback,test,0.75,7,0.7,0.8505195843325339,-1.9984012789768208,18.01791073991909,0.7178257394084733,0.030658144845446312,0.030658144845446312,-1.9984012789768208,3,18.01791073991909
geometry_feedback,test,0.75,7,0.8,0.8505195843325339,-1.9984012789768208,20.1519204837096,0.8145483613109512,0.027458351723913015,0.027458351723913015,-1.9984012789768208,3,20.1519204837096
geometry_feedback,test,0.75,7,0.9,0.8465227817745803,-2.3980815347721895,22.391632954891463,0.9160671462829736,0.029762433589793708,0.029762433589793708,-2.3980815347721895,3,22.391632954891463
geometry_feedback,test,0.75,7,1.0,0.8465227817745803,-2.3980815347721895,24.123548218713285,1.0,0.027548209366391185,0.027548209366391185,-2.3980815347721895,3,24.123548218713285
geometry_feedback,test,0.75,8,0.1,0.8697042366107115,-0.07993605115907225,1.8807908129975164,0.10951239008792965,0.006535947712418301,0.006535947712418301,-0.07993605115907225,3,1.8807908129975164
geometry_feedback,test,0.75,8,0.2,0.8689048760991207,-0.1598721023181445,3.8148136065074576,0.20943245403677058,0.008231707317073171,0.008231707317073171,-0.1598721023181445,3,3.8148136065074576
geometry_feedback,test,0.75,8,0.3,0.864908073541167,-0.5595523581135168,5.4171560311453275,0.2973621103117506,0.020755268542879162,0.020755268542879162,-0.5595523581135168,3,5.4171560311453275
geometry_feedback,test,0.75,8,0.4,0.8625099920063949,-0.7993605115907335,6.9834486058549725,0.3980815347721823,0.02218518986541985,0.02218518986541985,-0.7993605115907335,3,6.9834486058549725
geometry_feedback,test,0.75,8,0.5,0.8593125499600319,-1.1191047162270225,9.467353951890022,0.5123900879296563,0.023866406406015298,0.023866406406015298,-1.1191047162270225,3,9.467353951890022
geometry_feedback,test,0.75,8,0.6,0.8585131894484412,-1.1990407673860948,11.25239244856235,0.601119104716227,0.021992545357031337,0.021992545357031337,-1.1990407673860948,3,11.25239244856235
geometry_feedback,test,0.75,8,0.7,0.8537170263788969,-1.6786570743405282,13.340619426682322,0.7178257394084733,0.02579424309302988,0.02579424309302988,-1.6786570743405282,3,13.340619426682322
geometry_feedback,test,0.75,8,0.8,0.8537170263788969,-1.6786570743405282,14.900387141676449,0.8145483613109512,0.02308735893282467,0.02308735893282467,-1.6786570743405282,3,14.900387141676449
geometry_feedback,test,0.75,8,0.9,0.8513189448441247,-1.918465227817745,16.60587672365044,0.9160671462829736,0.023809946871834967,0.023809946871834967,-1.918465227817745,3,16.60587672365044
geometry_feedback,test,0.75,8,1.0,0.8513189448441247,-1.918465227817745,17.885129844708338,1.0,0.02203856749311295,0.02203856749311295,-1.918465227817745,3,17.885129844708338
geometry_feedback,test,0.8,4,0.1,0.8657074340527577,-0.47961630695444085,3.1933207186045456,0.10951239008792965,0.046405228758169936,0.046405228758169936,-0.47961630695444085,3,3.1933207186045456
geometry_feedback,test,0.8,4,0.2,0.864908073541167,-0.5595523581135131,6.144188524946714,0.20943245403677058,0.029125752296484005,0.029125752296484005,-0.5595523581135131,3,6.144188524946714
geometry_feedback,test,0.8,4,0.3,0.8593125499600319,-1.1191047162270225,8.953086258645435,0.2973621103117506,0.041510537085758324,0.041510537085758324,-1.1191047162270225,3,8.953086258645435
geometry_feedback,test,0.8,4,0.4,0.8561151079136691,-1.4388489208633115,11.576406107268689,0.3980815347721823,0.03983523233854945,0.03983523233854945,-1.4388489208633115,3,11.576406107268689
geometry_feedback,test,0.8,4,0.5,0.8513189448441247,-1.918465227817745,15.090206185567013,0.5123900879296563,0.04102157732281003,0.04102157732281003,-1.918465227817745,3,15.090206185567013
geometry_feedback,test,0.8,4,0.6,0.850519584332534,-1.9984012789768173,17.55714689634172,0.601119104716227,0.03671095259880307,0.03671095259880307,-1.9984012789768173,3,17.55714689634172
geometry_feedback,test,0.8,4,0.7,0.8457234212629896,-2.478017585931258,20.4067162556005,0.7178257394084733,0.03808709777556653,0.03808709777556653,-2.478017585931258,3,20.4067162556005
geometry_feedback,test,0.8,4,0.8,0.8457234212629896,-2.478017585931258,22.75849319239636,0.8145483613109512,0.034110473147260026,0.034110473147260026,-2.478017585931258,3,22.75849319239636
geometry_feedback,test,0.8,4,0.9,0.841726618705036,-2.877697841726623,25.123646091609025,0.9160671462829736,0.035714920307752446,0.035714920307752446,-2.877697841726623,3,25.123646091609025
geometry_feedback,test,0.8,4,1.0,0.841726618705036,-2.877697841726623,26.824513897951196,1.0,0.03305785123966942,0.03305785123966942,-2.877697841726623,3,26.824513897951196
geometry_feedback,test,0.8,5,0.1,0.8657074340527577,-0.47961630695444085,2.9789247031188757,0.10951239008792965,0.046405228758169936,0.046405228758169936,-0.47961630695444085,3,2.9789247031188757
geometry_feedback,test,0.8,5,0.2,0.864908073541167,-0.5595523581135131,5.899451911783893,0.20943245403677058,0.029125752296484005,0.029125752296484005,-0.5595523581135131,3,5.899451911783893
geometry_feedback,test,0.8,5,0.3,0.8593125499600319,-1.1191047162270225,8.525001087476618,0.2973621103117506,0.041510537085758324,0.041510537085758324,-1.1191047162270225,3,8.525001087476618
geometry_feedback,test,0.8,5,0.4,0.8561151079136691,-1.4388489208633115,11.121351515942393,0.3980815347721823,0.03983523233854945,0.03983523233854945,-1.4388489208633115,3,11.121351515942393
geometry_feedback,test,0.8,5,0.5,0.8513189448441247,-1.918465227817745,14.630475444777927,0.5123900879296563,0.04102157732281003,0.04102157732281003,-1.918465227817745,3,14.630475444777927
geometry_feedback,test,0.8,5,0.6,0.850519584332534,-1.9984012789768173,17.07925529601113,0.601119104716227,0.03671095259880307,0.03671095259880307,-1.9984012789768173,3,17.07925529601113
geometry_feedback,test,0.8,5,0.7,0.8457234212629896,-2.478017585931258,19.915557440515023,0.7178257394084733,0.03808709777556653,0.03808709777556653,-2.478017585931258,3,19.915557440515023
geometry_feedback,test,0.8,5,0.8,0.8457234212629896,-2.478017585931258,22.073709165252943,0.8145483613109512,0.034110473147260026,0.034110473147260026,-2.478017585931258,3,22.073709165252943
geometry_feedback,test,0.8,5,0.9,0.841726618705036,-2.877697841726623,24.43886206446561,0.9160671462829736,0.035714920307752446,0.035714920307752446,-2.877697841726623,3,24.43886206446561
geometry_feedback,test,0.8,5,1.0,0.841726618705036,-2.877697841726623,26.11591413284614,1.0,0.03305785123966942,0.03305785123966942,-2.877697841726623,3,26.11591413284614
geometry_feedback,test,0.8,6,0.1,0.8657074340527577,-0.47961630695444085,2.928030797337855,0.10951239008792965,0.046405228758169936,0.046405228758169936,-0.47961630695444085,3,2.928030797337855
geometry_feedback,test,0.8,6,0.2,0.864908073541167,-0.5595523581135131,5.62345034581756,0.20943245403677058,0.029125752296484005,0.029125752296484005,-0.5595523581135131,3,5.62345034581756
geometry_feedback,test,0.8,6,0.3,0.8593125499600319,-1.1191047162270225,7.991920048718945,0.2973621103117506,0.041510537085758324,0.041510537085758324,-1.1191047162270225,3,7.991920048718945
geometry_feedback,test,0.8,6,0.4,0.8561151079136691,-1.4388489208633115,10.359302275001081,0.3980815347721823,0.03983523233854945,0.03983523233854945,-1.4388489208633115,3,10.359302275001081
geometry_feedback,test,0.8,6,0.5,0.8513189448441247,-1.918465227817745,13.796272130149202,0.5123900879296563,0.04102157732281003,0.04102157732281003,-1.918465227817745,3,13.796272130149202
geometry_feedback,test,0.8,6,0.6,0.850519584332534,-1.9984012789768173,16.153758319196132,0.601119104716227,0.03671095259880307,0.03671095259880307,-1.9984012789768173,3,16.153758319196132
geometry_feedback,test,0.8,6,0.7,0.8457234212629896,-2.478017585931258,18.940906520509806,0.7178257394084733,0.03808709777556653,0.03808709777556653,-2.478017585931258,3,18.940906520509806
geometry_feedback,test,0.8,6,0.8,0.8457234212629896,-2.478017585931258,21.06001783461656,0.8145483613109512,0.034110473147260026,0.034110473147260026,-2.478017585931258,3,21.06001783461656
geometry_feedback,test,0.8,6,0.9,0.841726618705036,-2.877697841726623,23.353397276958535,0.9160671462829736,0.035714920307752446,0.035714920307752446,-2.877697841726623,3,23.353397276958535
geometry_feedback,test,0.8,6,1.0,0.841726618705036,-2.877697841726623,24.98760276654052,1.0,0.03305785123966942,0.03305785123966942,-2.877697841726623,3,24.98760276654052
geometry_feedback,test,0.8,7,0.1,0.8689048760991207,-0.1598721023181445,2.550567662795241,0.10951239008792965,0.013943355119825708,0.013943355119825708,-0.1598721023181445,3,2.550567662795241
geometry_feedback,test,0.8,7,0.2,0.86810551558753,-0.23980815347722043,4.8283961894819205,0.20943245403677058,0.012398373983739839,0.012398373983739839,-0.23980815347722043,3,4.8283961894819205
geometry_feedback,test,0.8,7,0.3,0.8641087130295763,-0.6394884092725891,6.8595306450911275,0.2973621103117506,0.023705121050253793,0.023705121050253793,-0.6394884092725891,3,6.8595306450911275
geometry_feedback,test,0.8,7,0.4,0.8609112709832134,-0.959232613908878,8.89833181086606,0.3980815347721823,0.02655682155903297,0.02655682155903297,-0.959232613908878,3,8.89833181086606
geometry_feedback,test,0.8,7,0.5,0.8561151079136691,-1.4388489208633115,12.122319370133539,0.5123900879296563,0.03074220411902095,0.03074220411902095,-1.4388489208633115,3,12.122319370133539
geometry_feedback,test,0.8,7,0.6,0.8553157474020784,-1.5187849720223838,14.136924181130102,0.601119104716227,0.027860682066289544,0.027860682066289544,-1.5187849720223838,3,14.136924181130102
geometry_feedback,test,0.8,7,0.7,0.8505195843325339,-1.9984012789768208,16.671995302101003,0.7178257394084733,0.030658144845446312,0.030658144845446312,-1.9984012789768208,3,16.671995302101003
geometry_feedback,test,0.8,7,0.8,0.8505195843325339,-1.9984012789768208,18.630323198051244,0.8145483613109512,0.027458351723913015,0.027458351723913015,-1.9984012789768208,3,18.630323198051244
geometry_feedback,test,0.8,7,0.9,0.8465227817745803,-2.3980815347721895,20.676138588020358,0.9160671462829736,0.029762433589793708,0.029762433589793708,-2.3980815347721895,3,20.676138588020358
geometry_feedback,test,0.8,7,1.0,0.8465227817745803,-2.3980815347721895,22.207196920266203,1.0,0.027548209366391185,0.027548209366391185,-2.3980815347721895,3,22.207196920266203
geometry_feedback,test,0.8,8,0.1,0.8697042366107115,-0.07993605115907225,1.821305841924396,0.10951239008792965,0.006535947712418301,0.006535947712418301,-0.07993605115907225,3,1.821305841924396
geometry_feedback,test,0.8,8,0.2,0.8689048760991207,-0.1598721023181445,3.6930705989821178,0.20943245403677058,0.008231707317073171,0.008231707317073171,-0.1598721023181445,3,3.6930705989821178
geometry_feedback,test,0.8,8,0.3,0.864908073541167,-0.5595523581135168,5.23565618339205,0.2973621103117506,0.020755268542879162,0.020755268542879162,-0.5595523581135168,3,5.23565618339205
geometry_feedback,test,0.8,8,0.4,0.8625099920063949,-0.7993605115907335,6.739745095480439,0.3980815347721823,0.02218518986541985,0.02218518986541985,-0.7993605115907335,3,6.739745095480439
geometry_feedback,test,0.8,8,0.5,0.8593125499600319,-1.1191047162270225,9.170853451650785,0.5123900879296563,0.023866406406015298,0.023866406406015298,-1.1191047162270225,3,9.170853451650785
geometry_feedback,test,0.8,8,0.6,0.8585131894484412,-1.1990407673860948,10.845023706990293,0.601119104716227,0.021992545357031337,0.021992545357031337,-1.1990407673860948,3,10.845023706990293
geometry_feedback,test,0.8,8,0.7,0.8537170263788969,-1.6786570743405282,12.852831789116529,0.7178257394084733,0.02579424309302988,0.02579424309302988,-1.6786570743405282,3,12.852831789116529
geometry_feedback,test,0.8,8,0.8,0.8537170263788969,-1.6786570743405282,14.37867023358997,0.8145483613109512,0.02308735893282467,0.02308735893282467,-1.6786570743405282,3,14.37867023358997
geometry_feedback,test,0.8,8,0.9,0.8513189448441247,-1.918465227817745,16.0148331810866,0.9160671462829736,0.023809946871834967,0.023809946871834967,-1.918465227817745,3,16.0148331810866
geometry_feedback,test,0.8,8,1.0,0.8513189448441247,-1.918465227817745,17.213558658488836,1.0,0.02203856749311295,0.02203856749311295,-1.918465227817745,3,17.213558658488836
geometry_feedback,test,0.85,4,0.1,0.8665067945643485,-0.3996802557953649,2.7745334725303383,0.10951239008792965,0.03986928104575163,0.03986928104575163,-0.3996802557953649,3,2.7745334725303383
geometry_feedback,test,0.85,4,0.2,0.8665067945643485,-0.3996802557953649,5.323198051241892,0.20943245403677058,0.020894044979410834,0.020894044979410834,-0.3996802557953649,3,5.323198051241892
geometry_feedback,test,0.85,4,0.3,0.8633093525179856,-0.7194244604316613,7.79138936012875,0.2973621103117506,0.026761274548885168,0.026761274548885168,-0.7194244604316613,3,7.79138936012875
geometry_feedback,test,0.85,4,0.4,0.8609112709832134,-0.959232613908878,10.022293270694675,0.3980815347721823,0.026571154777700553,0.026571154777700553,-0.959232613908878,3,10.022293270694675
geometry_feedback,test,0.85,4,0.5,0.8585131894484412,-1.1990407673860948,13.055809300100048,0.5123900879296563,0.02560251751712641,0.02560251751712641,-1.1990407673860948,3,13.055809300100048
geometry_feedback,test,0.85,4,0.6,0.8577138289368506,-1.278976818545167,15.1491474183305,0.601119104716227,0.02343554680003278,0.02343554680003278,-1.278976818545167,3,15.1491474183305
geometry_feedback,test,0.85,4,0.7,0.8537170263788969,-1.6786570743405282,17.46721257992953,0.7178257394084733,0.02579424309302988,0.02579424309302988,-1.6786570743405282,3,17.46721257992953
geometry_feedback,test,0.85,4,0.8,0.8537170263788969,-1.6786570743405282,19.45180303623472,0.8145483613109512,0.02308735893282467,0.02308735893282467,-1.6786570743405282,3,19.45180303623472
geometry_feedback,test,0.85,4,0.9,0.8513189448441247,-1.918465227817745,21.411653399451907,0.9160671462829736,0.023809946871834967,0.023809946871834967,-1.918465227817745,3,21.411653399451907
geometry_feedback,test,0.85,4,1.0,0.8513189448441247,-1.918465227817745,22.889207882030536,1.0,0.02203856749311295,0.02203856749311295,-1.918465227817745,3,22.889207882030536
geometry_feedback,test,0.85,5,0.1,0.8665067945643485,-0.3996802557953649,2.5660642046196003,0.10951239008792965,0.03986928104575163,0.03986928104575163,-0.3996802557953649,3,2.5660642046196003
geometry_feedback,test,0.85,5,0.2,0.8665067945643485,-0.3996802557953649,5.087759363173682,0.20943245403677058,0.020894044979410834,0.020894044979410834,-0.3996802557953649,3,5.087759363173682
geometry_feedback,test,0.85,5,0.3,0.8633093525179856,-0.7194244604316613,7.374450824307266,0.2973621103117506,0.026761274548885168,0.026761274548885168,-0.7194244604316613,3,7.374450824307266
geometry_feedback,test,0.85,5,0.4,0.8609112709832134,-0.959232613908878,9.578385314715732,0.3980815347721823,0.026571154777700553,0.026571154777700553,-0.959232613908878,3,9.578385314715732
geometry_feedback,test,0.85,5,0.5,0.8585131894484412,-1.1990407673860948,12.611901344121094,0.5123900879296563,0.02560251751712641,0.02560251751712641,-1.1990407673860948,3,12.611901344121094
geometry_feedback,test,0.85,5,0.6,0.8577138289368506,-1.278976818545167,14.699149593283737,0.601119104716227,0.02343554680003278,0.02343554680003278,-1.278976818545167,3,14.699149593283737
geometry_feedback,test,0.85,5,0.7,0.8537170263788969,-1.6786570743405282,17.01721475488276,0.7178257394084733,0.02579424309302988,0.02579424309302988,-1.6786570743405282,3,17.01721475488276
geometry_feedback,test,0.85,5,0.8,0.8537170263788969,-1.6786570743405282,18.820305363434684,0.8145483613109512,0.02308735893282467,0.02308735893282467,-1.6786570743405282,3,18.820305363434684
geometry_feedback,test,0.85,5,0.9,0.8513189448441247,-1.918465227817745,20.780155726651873,0.9160671462829736,0.023809946871834967,0.023809946871834967,-1.918465227817745,3,20.780155726651873
geometry_feedback,test,0.85,5,1.0,0.8513189448441247,-1.918465227817745,22.245530471094867,1.0,0.02203856749311295,0.02203856749311295,-1.918465227817745,3,22.245530471094867
geometry_feedback,test,0.85,6,0.1,0.8665067945643485,-0.3996802557953649,2.5493714385140662,0.10951239008792965,0.03986928104575163,0.03986928104575163,-0.3996802557953649,3,2.5493714385140662
geometry_feedback,test,0.85,6,0.2,0.8665067945643485,-0.3996802557953649,4.861346731045276,0.20943245403677058,0.020894044979410834,0.020894044979410834,-0.3996802557953649,3,4.861346731045276
geometry_feedback,test,0.85,6,0.3,0.8633093525179856,-0.7194244604316613,6.918091261037877,0.2973621103117506,0.026761274548885168,0.026761274548885168,-0.7194244604316613,3,6.918091261037877
geometry_feedback,test,0.85,6,0.4,0.8609112709832134,-0.959232613908878,8.912305885423455,0.3980815347721823,0.026571154777700553,0.026571154777700553,-0.959232613908878,3,8.912305885423455
geometry_feedback,test,0.85,6,0.5,0.8585131894484412,-1.1990407673860948,11.923909260950886,0.5123900879296563,0.02560251751712641,0.02560251751712641,-1.1990407673860948,3,11.923909260950886
geometry_feedback,test,0.85,6,0.6,0.8577138289368506,-1.278976818545167,13.985873678715903,0.601119104716227,0.02343554680003278,0.02343554680003278,-1.278976818545167,3,13.985873678715903
geometry_feedback,test,0.85,6,0.7,0.8537170263788969,-1.6786570743405282,16.303938840314935,0.7178257394084733,0.02579424309302988,0.02579424309302988,-1.6786570743405282,3,16.303938840314935
geometry_feedback,test,0.85,6,0.8,0.8537170263788969,-1.6786570743405282,18.094414720083513,0.8145483613109512,0.02308735893282467,0.02308735893282467,-1.6786570743405282,3,18.094414720083513
geometry_feedback,test,0.85,6,0.9,0.8513189448441247,-1.918465227817745,20.01794336421766,0.9160671462829736,0.023809946871834967,0.023809946871834967,-1.918465227817745,3,20.01794336421766
geometry_feedback,test,0.85,6,1.0,0.8513189448441247,-1.918465227817745,21.456838052981865,1.0,0.02203856749311295,0.02203856749311295,-1.918465227817745,3,21.456838052981865
geometry_feedback,test,0.85,7,0.1,0.8697042366107115,-0.07993605115907225,2.2903888816390383,0.10951239008792965,0.007407407407407408,0.007407407407407408,-0.07993605115907225,3,2.2903888816390383
geometry_feedback,test,0.85,7,0.2,0.8697042366107115,-0.07993605115907225,4.314182870068287,0.20943245403677058,0.004166666666666667,0.004166666666666667,-0.07993605115907225,3,4.314182870068287
geometry_feedback,test,0.85,7,0.3,0.86810551558753,-0.23980815347722043,6.126082039236155,0.2973621103117506,0.008955858513380637,0.008955858513380637,-0.23980815347722043,3,6.126082039236155
geometry_feedback,test,0.85,7,0.4,0.8657074340527577,-0.47961630695444085,7.890567227804598,0.3980815347721823,0.01329274399818407,0.01329274399818407,-0.47961630695444085,3,7.890567227804598
geometry_feedback,test,0.85,7,0.5,0.8633093525179856,-0.7194244604316576,10.794727913349863,0.5123900879296563,0.015323144313337327,0.015323144313337327,-0.7194244604316576,3,10.794727913349863
geometry_feedback,test,0.85,7,0.6,0.8625099920063949,-0.7993605115907335,12.62413545608769,0.601119104716227,0.014585276267519258,0.014585276267519258,-0.7993605115907335,3,12.62413545608769
geometry_feedback,test,0.85,7,0.7,0.8585131894484412,-1.1990407673860948,14.83698725477402,0.7178257394084733,0.018365290162909664,0.018365290162909664,-1.1990407673860948,3,14.83698725477402
geometry_feedback,test,0.85,7,0.8,0.8585131894484412,-1.1990407673860948,16.55405846274305,0.8145483613109512,0.016435237509477656,0.016435237509477656,-1.1990407673860948,3,16.55405846274305
geometry_feedback,test,0.85,7,0.9,0.8561151079136691,-1.4388489208633115,18.346654921919175,0.9160671462829736,0.017857460153876223,0.017857460153876223,-1.4388489208633115,3,18.346654921919175
geometry_feedback,test,0.85,7,1.0,0.8561151079136691,-1.4388489208633115,19.750424115881504,1.0,0.01652892561983471,0.01652892561983471,-1.4388489208633115,3,19.750424115881504
geometry_feedback,test,0.85,8,0.1,0.8705035971223022,0.0,1.7486624037583127,0.10951239008792965,0.0,0.0,0.0,3,1.7486624037583127
geometry_feedback,test,0.85,8,0.2,0.8705035971223022,0.0,3.5183674800991716,0.20943245403677058,0.0,0.0,0.0,3,3.5183674800991716
geometry_feedback,test,0.85,8,0.3,0.86810551558753,-0.23980815347722043,4.96275392579059,0.2973621103117506,0.008955858513380637,0.008955858513380637,-0.23980815347722043,3,4.96275392579059
geometry_feedback,test,0.85,8,0.4,0.8657074340527577,-0.47961630695444085,6.37136239070859,0.3980815347721823,0.01329274399818407,0.01329274399818407,-0.47961630695444085,3,6.37136239070859
geometry_feedback,test,0.85,8,0.5,0.8633093525179856,-0.7194244604316576,8.658760711644698,0.5123900879296563,0.015323144313337327,0.015323144313337327,-0.7194244604316576,3,8.658760711644698
geometry_feedback,test,0.85,8,0.6,0.8625099920063949,-0.7993605115907335,10.23967984688328,0.601119104716227,0.014585276267519258,0.014585276267519258,-0.7993605115907335,3,10.23967984688328
geometry_feedback,test,0.85,8,0.7,0.8585131894484412,-1.1990407673860948,12.048316586193392,0.7178257394084733,0.018365290162909664,0.018365290162909664,-1.1990407673860948,3,12.048316586193392
geometry_feedback,test,0.85,8,0.8,0.8585131894484412,-1.1990407673860948,13.471714733133236,0.8145483613109512,0.016435237509477656,0.016435237509477656,-1.1990407673860948,3,13.471714733133236
geometry_feedback,test,0.85,8,0.9,0.8561151079136691,-1.4388489208633115,14.974281177954675,0.9160671462829736,0.017857460153876223,0.017857460153876223,-1.4388489208633115,3,14.974281177954675
geometry_feedback,test,0.85,8,1.0,0.8561151079136691,-1.4388489208633115,16.104821871329765,1.0,0.01652892561983471,0.01652892561983471,-1.4388489208633115,3,16.104821871329765
geometry_feedback,test,0.88,4,0.1,0.8689048760991207,-0.1598721023181445,2.430347122536858,0.10951239008792965,0.013943355119825708,0.013943355119825708,-0.1598721023181445,3,2.430347122536858
geometry_feedback,test,0.88,4,0.2,0.86810551558753,-0.23980815347722043,4.512266736265166,0.20943245403677058,0.012398373983739839,0.012398373983739839,-0.23980815347722043,3,4.512266736265166
geometry_feedback,test,0.88,4,0.3,0.8657074340527577,-0.47961630695444085,6.394308147374824,0.2973621103117506,0.01780541603550453,0.01780541603550453,-0.47961630695444085,3,6.394308147374824
geometry_feedback,test,0.88,4,0.4,0.8641087130295763,-0.6394884092725891,8.190167036408717,0.3980815347721823,0.017724633713134375,0.017724633713134375,-0.6394884092725891,3,8.190167036408717
geometry_feedback,test,0.88,4,0.5,0.8609112709832134,-0.959232613908878,10.94925834094566,0.5123900879296563,0.020471920502201035,0.020471920502201035,-0.959232613908878,3,10.94925834094566
geometry_feedback,test,0.88,4,0.6,0.8609112709832134,-0.959232613908878,12.836519639827737,0.601119104716227,0.017567410090774577,0.017567410090774577,-0.959232613908878,3,12.836519639827737
geometry_feedback,test,0.88,4,0.7,0.8561151079136691,-1.4388489208633115,14.879235721431982,0.7178257394084733,0.022079766627969774,0.022079766627969774,-1.4388489208633115,3,14.879235721431982
geometry_feedback,test,0.88,4,0.8,0.8561151079136691,-1.4388489208633115,16.597775022837,0.8145483613109512,0.019761298221151163,0.019761298221151163,-1.4388489208633115,3,16.597775022837
geometry_feedback,test,0.88,4,0.9,0.8537170263788969,-1.6786570743405282,18.32941841750402,0.9160671462829736,0.020833703512855593,0.020833703512855593,-1.6786570743405282,3,18.32941841750402
geometry_feedback,test,0.88,4,1.0,0.8537170263788969,-1.6786570743405282,19.624168080386273,1.0,0.01928374655647383,0.01928374655647383,-1.6786570743405282,3,19.624168080386273
geometry_feedback,test,0.88,5,0.1,0.8689048760991207,-0.1598721023181445,2.248847274783583,0.10951239008792965,0.013943355119825708,0.013943355119825708,-0.1598721023181445,3,2.248847274783583
geometry_feedback,test,0.88,5,0.2,0.86810551558753,-0.23980815347722043,4.33076688851189,0.20943245403677058,0.012398373983739839,0.012398373983739839,-0.23980815347722043,3,4.33076688851189
geometry_feedback,test,0.88,5,0.3,0.8657074340527577,-0.47961630695444085,6.031308451868282,0.2973621103117506,0.01780541603550453,0.01780541603550453,-0.47961630695444085,3,6.031308451868282
geometry_feedback,test,0.88,5,0.4,0.8641087130295763,-0.6394884092725891,7.827167340902167,0.3980815347721823,0.017724633713134375,0.017724633713134375,-0.6394884092725891,3,7.827167340902167
geometry_feedback,test,0.88,5,0.5,0.8609112709832134,-0.959232613908878,10.586258645439115,0.5123900879296563,0.020471920502201035,0.020471920502201035,-0.959232613908878,3,10.586258645439115
geometry_feedback,test,0.88,5,0.6,0.8609112709832134,-0.959232613908878,12.469605028491886,0.601119104716227,0.017567410090774577,0.017567410090774577,-0.959232613908878,3,12.469605028491886
geometry_feedback,test,0.88,5,0.7,0.8561151079136691,-1.4388489208633115,14.512321110096131,0.7178257394084733,0.022079766627969774,0.022079766627969774,-1.4388489208633115,3,14.512321110096131
geometry_feedback,test,0.88,5,0.8,0.8561151079136691,-1.4388489208633115,16.049360563747882,0.8145483613109512,0.019761298221151163,0.019761298221151163,-1.4388489208633115,3,16.049360563747882
geometry_feedback,test,0.88,5,0.9,0.8537170263788969,-1.6786570743405282,17.78100395841489,0.9160671462829736,0.020833703512855593,0.020833703512855593,-1.6786570743405282,3,17.78100395841489
geometry_feedback,test,0.88,5,1.0,0.8537170263788969,-1.6786570743405282,19.06792378963852,1.0,0.01928374655647383,0.01928374655647383,-1.6786570743405282,3,19.06792378963852
geometry_feedback,test,0.88,6,0.1,0.8689048760991207,-0.1598721023181445,2.24819478881203,0.10951239008792965,0.013943355119825708,0.013943355119825708,-0.1598721023181445,3,2.24819478881203
geometry_feedback,test,0.88,6,0.2,0.86810551558753,-0.23980815347722043,4.330114402540338,0.20943245403677058,0.012398373983739839,0.012398373983739839,-0.23980815347722043,3,4.330114402540338
geometry_feedback,test,0.88,6,0.3,0.8657074340527577,-0.47961630695444085,6.020759928661523,0.2973621103117506,0.01780541603550453,0.01780541603550453,-0.47961630695444085,3,6.020759928661523
geometry_feedback,test,0.88,6,0.4,0.8641087130295763,-0.6394884092725891,7.816618817695413,0.3980815347721823,0.017724633713134375,0.017724633713134375,-0.6394884092725891,3,7.816618817695413
geometry_feedback,test,0.88,6,0.5,0.8609112709832134,-0.959232613908878,10.557223019705068,0.5123900879296563,0.020471920502201035,0.020471920502201035,-0.959232613908878,3,10.557223019705068
geometry_feedback,test,0.88,6,0.6,0.8609112709832134,-0.959232613908878,12.424257253469044,0.601119104716227,0.017567410090774577,0.017567410090774577,-0.959232613908878,3,12.424257253469044
geometry_feedback,test,0.88,6,0.7,0.8561151079136691,-1.4388489208633115,14.466973335073293,0.7178257394084733,0.022079766627969774,0.022079766627969774,-1.4388489208633115,3,14.466973335073293
geometry_feedback,test,0.88,6,0.8,0.8561151079136691,-1.4388489208633115,16.003360302753485,0.8145483613109512,0.019761298221151163,0.019761298221151163,-1.4388489208633115,3,16.003360302753485
geometry_feedback,test,0.88,6,0.9,0.8537170263788969,-1.6786570743405282,17.704663099743353,0.9160671462829736,0.020833703512855593,0.020833703512855593,-1.6786570743405282,3,17.704663099743353
geometry_feedback,test,0.88,6,1.0,0.8537170263788969,-1.6786570743405282,18.989299230066557,1.0,0.01928374655647383,0.01928374655647383,-1.6786570743405282,3,18.989299230066557
geometry_feedback,test,0.88,7,0.1,0.8689048760991207,-0.1598721023181445,2.124548697202999,0.10951239008792965,0.013943355119825708,0.013943355119825708,-0.1598721023181445,3,2.124548697202999
geometry_feedback,test,0.88,7,0.2,0.86810551558753,-0.23980815347722043,3.9954978467962885,0.20943245403677058,0.012398373983739839,0.012398373983739839,-0.23980815347722043,3,3.9954978467962885
geometry_feedback,test,0.88,7,0.3,0.8657074340527577,-0.47961630695444085,5.545097655400407,0.2973621103117506,0.01780541603550453,0.01780541603550453,-0.47961630695444085,3,5.545097655400407
geometry_feedback,test,0.88,7,0.4,0.8641087130295763,-0.6394884092725891,7.139501500717727,0.3980815347721823,0.017724633713134375,0.017724633713134375,-0.6394884092725891,3,7.139501500717727
geometry_feedback,test,0.88,7,0.5,0.8609112709832134,-0.959232613908878,9.840140936969851,0.5123900879296563,0.020471920502201035,0.020471920502201035,-0.959232613908878,3,9.840140936969851
geometry_feedback,test,0.88,7,0.6,0.8609112709832134,-0.959232613908878,11.522304145460872,0.601119104716227,0.017567410090774577,0.017567410090774577,-0.959232613908878,3,11.522304145460872
geometry_feedback,test,0.88,7,0.7,0.8561151079136691,-1.4388489208633115,13.551209274000609,0.7178257394084733,0.022079766627969774,0.022079766627969774,-1.4388489208633115,3,13.551209274000609
geometry_feedback,test,0.88,7,0.8,0.8561151079136691,-1.4388489208633115,15.058560615946748,0.8145483613109512,0.019761298221151163,0.019761298221151163,-1.4388489208633115,3,15.058560615946748
geometry_feedback,test,0.88,7,0.9,0.8537170263788969,-1.6786570743405282,16.698964722258467,0.9160671462829736,0.020833703512855593,0.020833703512855593,-1.6786570743405282,3,16.698964722258467
geometry_feedback,test,0.88,7,1.0,0.8537170263788969,-1.6786570743405282,17.964406890251862,1.0,0.01928374655647383,0.01928374655647383,-1.6786570743405282,3,17.964406890251862
geometry_feedback,test,0.88,8,0.1,0.8697042366107115,-0.07993605115907225,1.6713971899604145,0.10951239008792965,0.006535947712418301,0.006535947712418301,-0.07993605115907225,3,1.6713971899604145
geometry_feedback,test,0.88,8,0.2,0.8689048760991207,-0.1598721023181445,3.3384988472747734,0.20943245403677058,0.008231707317073171,0.008231707317073171,-0.1598721023181445,3,3.3384988472747734
geometry_feedback,test,0.88,8,0.3,0.8665067945643485,-0.39968025579536864,4.689307929879501,0.2973621103117506,0.0148555635281299,0.0148555635281299,-0.39968025579536864,3,4.689307929879501
geometry_feedback,test,0.88,8,0.4,0.864908073541167,-0.5595523581135168,6.029785984601321,0.3980815347721823,0.01554598447566161,0.01554598447566161,-0.5595523581135168,3,6.029785984601321
geometry_feedback,test,0.88,8,0.5,0.8633093525179856,-0.7194244604316613,8.221431989212228,0.5123900879296563,0.015332233900306495,0.015332233900306495,-0.7194244604316613,3,8.221431989212228
geometry_feedback,test,0.88,8,0.6,0.8633093525179856,-0.7194244604316613,9.737428770281435,0.601119104716227,0.013142274824517816,0.013142274824517816,-0.7194244604316613,3,9.737428770281435
geometry_feedback,test,0.88,8,0.7,0.8585131894484412,-1.1990407673860948,11.452760015659662,0.7178257394084733,0.018365290162909664,0.018365290162909664,-1.1990407673860948,3,11.452760015659662
geometry_feedback,test,0.88,8,0.8,0.8585131894484412,-1.1990407673860948,12.76615990256209,0.8145483613109512,0.016435237509477656,0.016435237509477656,-1.1990407673860948,3,12.76615990256209
geometry_feedback,test,0.88,8,0.9,0.8561151079136691,-1.4388489208633115,14.190482404628302,0.9160671462829736,0.017857460153876223,0.017857460153876223,-1.4388489208633115,3,14.190482404628302
geometry_feedback,test,0.88,8,1.0,0.8561151079136691,-1.4388489208633115,15.259036930705982,1.0,0.01652892561983471,0.01652892561983471,-1.4388489208633115,3,15.259036930705982
geometry_feedback,test,0.9,4,0.1,0.8689048760991207,-0.1598721023181445,2.1957240419330892,0.10951239008792965,0.013943355119825708,0.013943355119825708,-0.1598721023181445,3,2.1957240419330892
geometry_feedback,test,0.9,4,0.2,0.86810551558753,-0.23980815347722043,4.020292313715253,0.20943245403677058,0.012398373983739839,0.012398373983739839,-0.23980815347722043,3,4.020292313715253
geometry_feedback,test,0.9,4,0.3,0.8657074340527577,-0.47961630695444085,5.765583539953882,0.2973621103117506,0.01780541603550453,0.01780541603550453,-0.47961630695444085,3,5.765583539953882
geometry_feedback,test,0.9,4,0.4,0.8641087130295763,-0.6394884092725891,7.2679868632824345,0.3980815347721823,0.017724633713134375,0.017724633713134375,-0.6394884092725891,3,7.2679868632824345
geometry_feedback,test,0.9,4,0.5,0.8609112709832134,-0.959232613908878,9.830843011875245,0.5123900879296563,0.020471920502201035,0.020471920502201035,-0.959232613908878,3,9.830843011875245
geometry_feedback,test,0.9,4,0.6,0.8609112709832134,-0.959232613908878,11.476412632128408,0.601119104716227,0.017567410090774577,0.017567410090774577,-0.959232613908878,3,11.476412632128408
geometry_feedback,test,0.9,4,0.7,0.8577138289368506,-1.278976818545167,13.25427378311366,0.7178257394084733,0.019672479705393327,0.019672479705393327,-1.278976818545167,3,13.25427378311366
geometry_feedback,test,0.9,4,0.8,0.8577138289368506,-1.278976818545167,14.842315890208358,0.8145483613109512,0.01760894642966545,0.01760894642966545,-1.278976818545167,3,14.842315890208358
geometry_feedback,test,0.9,4,0.9,0.8561151079136691,-1.4388489208633115,16.449171342816125,0.9160671462829736,0.017857460153876223,0.017857460153876223,-1.4388489208633115,3,16.449171342816125
geometry_feedback,test,0.9,4,1.0,0.8561151079136691,-1.4388489208633115,17.58400756883727,1.0,0.01652892561983471,0.01652892561983471,-1.4388489208633115,3,17.58400756883727
geometry_feedback,test,0.9,5,0.1,0.8689048760991207,-0.1598721023181445,2.0142241941798145,0.10951239008792965,0.013943355119825708,0.013943355119825708,-0.1598721023181445,3,2.0142241941798145
geometry_feedback,test,0.9,5,0.2,0.86810551558753,-0.23980815347722043,3.8387924659619785,0.20943245403677058,0.012398373983739839,0.012398373983739839,-0.23980815347722043,3,3.8387924659619785
geometry_feedback,test,0.9,5,0.3,0.8657074340527577,-0.47961630695444085,5.402583844447343,0.2973621103117506,0.01780541603550453,0.01780541603550453,-0.47961630695444085,3,5.402583844447343
geometry_feedback,test,0.9,5,0.4,0.8641087130295763,-0.6394884092725891,6.904987167775886,0.3980815347721823,0.017724633713134375,0.017724633713134375,-0.6394884092725891,3,6.904987167775886
geometry_feedback,test,0.9,5,0.5,0.8609112709832134,-0.959232613908878,9.467843316368697,0.5123900879296563,0.020471920502201035,0.020471920502201035,-0.959232613908878,3,9.467843316368697
geometry_feedback,test,0.9,5,0.6,0.8609112709832134,-0.959232613908878,11.111074861890465,0.601119104716227,0.017567410090774577,0.017567410090774577,-0.959232613908878,3,11.111074861890465
geometry_feedback,test,0.9,5,0.7,0.8577138289368506,-1.278976818545167,12.888936012875718,0.7178257394084733,0.019672479705393327,0.019672479705393327,-1.278976818545167,3,12.888936012875718
geometry_feedback,test,0.9,5,0.8,0.8577138289368506,-1.278976818545167,14.29547827221714,0.8145483613109512,0.01760894642966545,0.01760894642966545,-1.278976818545167,3,14.29547827221714
geometry_feedback,test,0.9,5,0.9,0.8561151079136691,-1.4388489208633115,15.902333724824917,0.9160671462829736,0.017857460153876223,0.017857460153876223,-1.4388489208633115,3,15.902333724824917
geometry_feedback,test,0.9,5,1.0,0.8561151079136691,-1.4388489208633115,17.032493801383264,1.0,0.01652892561983471,0.01652892561983471,-1.4388489208633115,3,17.032493801383264
geometry_feedback,test,0.9,6,0.1,0.8689048760991207,-0.1598721023181445,2.013571708208265,0.10951239008792965,0.013943355119825708,0.013943355119825708,-0.1598721023181445,3,2.013571708208265
geometry_feedback,test,0.9,6,0.2,0.86810551558753,-0.23980815347722043,3.8381399799904257,0.20943245403677058,0.012398373983739839,0.012398373983739839,-0.23980815347722043,3,3.8381399799904257
geometry_feedback,test,0.9,6,0.3,0.8657074340527577,-0.47961630695444085,5.398505807125131,0.2973621103117506,0.01780541603550453,0.01780541603550453,-0.47961630695444085,3,5.398505807125131
geometry_feedback,test,0.9,6,0.4,0.8641087130295763,-0.6394884092725891,6.900909130453692,0.3980815347721823,0.017724633713134375,0.017724633713134375,-0.6394884092725891,3,6.900909130453692
geometry_feedback,test,0.9,6,0.5,0.8609112709832134,-0.959232613908878,9.458219148288306,0.5123900879296563,0.020471920502201035,0.020471920502201035,-0.959232613908878,3,9.458219148288306
geometry_feedback,test,0.9,6,0.6,0.8609112709832134,-0.959232613908878,11.085138544521289,0.601119104716227,0.017567410090774577,0.017567410090774577,-0.959232613908878,3,11.085138544521289
geometry_feedback,test,0.9,6,0.7,0.8577138289368506,-1.278976818545167,12.862999695506542,0.7178257394084733,0.019672479705393327,0.019672479705393327,-1.278976818545167,3,12.862999695506542
geometry_feedback,test,0.9,6,0.8,0.8577138289368506,-1.278976818545167,14.268889468876415,0.8145483613109512,0.01760894642966545,0.01760894642966545,-1.278976818545167,3,14.268889468876415
geometry_feedback,test,0.9,6,0.9,0.8561151079136691,-1.4388489208633115,15.845404323807037,0.9160671462829736,0.017857460153876223,0.017857460153876223,-1.4388489208633115,3,15.845404323807037
geometry_feedback,test,0.9,6,1.0,0.8561151079136691,-1.4388489208633115,16.973280699464954,1.0,0.01652892561983471,0.01652892561983471,-1.4388489208633115,3,16.973280699464954
geometry_feedback,test,0.9,7,0.1,0.8689048760991207,-0.1598721023181445,1.9366327373961378,0.10951239008792965,0.013943355119825708,0.013943355119825708,-0.1598721023181445,3,1.9366327373961378
geometry_feedback,test,0.9,7,0.2,0.86810551558753,-0.23980815347722043,3.6973117577972023,0.20943245403677058,0.012398373983739839,0.012398373983739839,-0.23980815347722043,3,3.6973117577972023
geometry_feedback,test,0.9,7,0.3,0.8657074340527577,-0.47961630695444085,5.152736091174034,0.2973621103117506,0.01780541603550453,0.01780541603550453,-0.47961630695444085,3,5.152736091174034
geometry_feedback,test,0.9,7,0.4,0.8641087130295763,-0.6394884092725891,6.599623733089736,0.3980815347721823,0.017724633713134375,0.017724633713134375,-0.6394884092725891,3,6.599623733089736
geometry_feedback,test,0.9,7,0.5,0.8609112709832134,-0.959232613908878,9.12952934011918,0.5123900879296563,0.020471920502201035,0.020471920502201035,-0.959232613908878,3,9.12952934011918
geometry_feedback,test,0.9,7,0.6,0.8609112709832134,-0.959232613908878,10.712840923920126,0.601119104716227,0.017567410090774577,0.017567410090774577,-0.959232613908878,3,10.712840923920126
geometry_feedback,test,0.9,7,0.7,0.8577138289368506,-1.278976818545167,12.477652355474353,0.7178257394084733,0.019672479705393327,0.019672479705393327,-1.278976818545167,3,12.477652355474353
geometry_feedback,test,0.9,7,0.8,0.8577138289368506,-1.278976818545167,13.879246596198177,0.8145483613109512,0.01760894642966545,0.01760894642966545,-1.278976818545167,3,13.879246596198177
geometry_feedback,test,0.9,7,0.9,0.8561151079136691,-1.4388489208633115,15.408836835008044,0.9160671462829736,0.017857460153876223,0.017857460153876223,-1.4388489208633115,3,15.408836835008044
geometry_feedback,test,0.9,7,1.0,0.8561151079136691,-1.4388489208633115,16.532363304188948,1.0,0.01652892561983471,0.01652892561983471,-1.4388489208633115,3,16.532363304188948
geometry_feedback,test,0.9,8,0.1,0.8697042366107115,-0.07993605115907225,1.5436730610291864,0.10951239008792965,0.006535947712418301,0.006535947712418301,-0.07993605115907225,3,1.5436730610291864
geometry_feedback,test,0.9,8,0.2,0.8689048760991207,-0.1598721023181445,3.1498760276654028,0.20943245403677058,0.008231707317073171,0.008231707317073171,-0.1598721023181445,3,3.1498760276654028
geometry_feedback,test,0.9,8,0.3,0.8665067945643485,-0.39968025579536864,4.449573709165248,0.2973621103117506,0.0148555635281299,0.0148555635281299,-0.39968025579536864,3,4.449573709165248
geometry_feedback,test,0.9,8,0.4,0.864908073541167,-0.5595523581135168,5.711155335160286,0.3980815347721823,0.01554598447566161,0.01554598447566161,-0.5595523581135168,3,5.711155335160286
geometry_feedback,test,0.9,8,0.5,0.8633093525179856,-0.7194244604316613,7.804384705728821,0.5123900879296563,0.015332233900306495,0.015332233900306495,-0.7194244604316613,3,7.804384705728821
geometry_feedback,test,0.9,8,0.6,0.8633093525179856,-0.7194244604316613,9.2735656183392,0.601119104716227,0.013142274824517816,0.013142274824517816,-0.7194244604316613,3,9.2735656183392
geometry_feedback,test,0.9,8,0.7,0.8601119104716227,-1.0391686650679504,10.87873548218713,0.7178257394084733,0.015958003240333217,0.015958003240333217,-1.0391686650679504,3,10.87873548218713
geometry_feedback,test,0.9,8,0.8,0.8601119104716227,-1.0391686650679504,12.121721257992945,0.8145483613109512,0.014282885717991944,0.014282885717991944,-1.0391686650679504,3,12.121721257992945
geometry_feedback,test,0.9,8,0.9,0.8585131894484412,-1.1990407673860948,13.463613032319802,0.9160671462829736,0.014881216794896854,0.014881216794896854,-1.1990407673860948,3,13.463613032319802
geometry_feedback,test,0.9,8,1.0,0.8585131894484412,-1.1990407673860948,14.465940232285002,1.0,0.013774104683195593,0.013774104683195593,-1.1990407673860948,3,14.465940232285002
geometry_feedback,test,0.92,4,0.1,0.8689048760991207,-0.1598721023181445,2.054025838444462,0.10951239008792965,0.013943355119825708,0.013943355119825708,-0.1598721023181445,3,2.054025838444462
geometry_feedback,test,0.92,4,0.2,0.86810551558753,-0.23980815347722043,3.7420070468484834,0.20943245403677058,0.012398373983739839,0.012398373983739839,-0.23980815347722043,3,3.7420070468484834
geometry_feedback,test,0.92,4,0.3,0.8657074340527577,-0.47961630695444085,5.349243116272992,0.2973621103117506,0.01780541603550453,0.01780541603550453,-0.47961630695444085,3,5.349243116272992
geometry_feedback,test,0.92,4,0.4,0.8641087130295763,-0.6394884092725891,6.739636347818512,0.3980815347721823,0.017724633713134375,0.017724633713134375,-0.6394884092725891,3,6.739636347818512
geometry_feedback,test,0.92,4,0.5,0.8609112709832134,-0.959232613908878,9.154704423854879,0.5123900879296563,0.020471920502201035,0.020471920502201035,-0.959232613908878,3,9.154704423854879
geometry_feedback,test,0.92,4,0.6,0.8609112709832134,-0.959232613908878,10.703597372656482,0.601119104716227,0.017567410090774577,0.017567410090774577,-0.959232613908878,3,10.703597372656482
geometry_feedback,test,0.92,4,0.7,0.8577138289368506,-1.278976818545167,12.37657140371482,0.7178257394084733,0.019672479705393327,0.019672479705393327,-1.278976818545167,3,12.37657140371482
geometry_feedback,test,0.92,4,0.8,0.8577138289368506,-1.278976818545167,13.869296185132015,0.8145483613109512,0.01760894642966545,0.01760894642966545,-1.278976818545167,3,13.869296185132015
geometry_feedback,test,0.92,4,0.9,0.8561151079136691,-1.4388489208633115,15.326841097916391,0.9160671462829736,0.017857460153876223,0.017857460153876223,-1.4388489208633115,3,15.326841097916391
geometry_feedback,test,0.92,4,1.0,0.8561151079136691,-1.4388489208633115,16.3997455304711,1.0,0.01652892561983471,0.01652892561983471,-1.4388489208633115,3,16.3997455304711
geometry_feedback,test,0.92,5,0.1,0.8689048760991207,-0.1598721023181445,1.8725259906911873,0.10951239008792965,0.013943355119825708,0.013943355119825708,-0.1598721023181445,3,1.8725259906911873
geometry_feedback,test,0.92,5,0.2,0.86810551558753,-0.23980815347722043,3.560507199095212,0.20943245403677058,0.012398373983739839,0.012398373983739839,-0.23980815347722043,3,3.560507199095212
geometry_feedback,test,0.92,5,0.3,0.8657074340527577,-0.47961630695444085,4.986243420766453,0.2973621103117506,0.01780541603550453,0.01780541603550453,-0.47961630695444085,3,4.986243420766453
geometry_feedback,test,0.92,5,0.4,0.8641087130295763,-0.6394884092725891,6.376636652311962,0.3980815347721823,0.017724633713134375,0.017724633713134375,-0.6394884092725891,3,6.376636652311962
geometry_feedback,test,0.92,5,0.5,0.8609112709832134,-0.959232613908878,8.79170472834833,0.5123900879296563,0.020471920502201035,0.020471920502201035,-0.959232613908878,3,8.79170472834833
geometry_feedback,test,0.92,5,0.6,0.8609112709832134,-0.959232613908878,10.339455826699721,0.601119104716227,0.017567410090774577,0.017567410090774577,-0.959232613908878,3,10.339455826699721
geometry_feedback,test,0.92,5,0.7,0.8577138289368506,-1.278976818545167,12.012429857758056,0.7178257394084733,0.019672479705393327,0.019672479705393327,-1.278976818545167,3,12.012429857758056
geometry_feedback,test,0.92,5,0.8,0.8577138289368506,-1.278976818545167,13.32365479142198,0.8145483613109512,0.01760894642966545,0.01760894642966545,-1.278976818545167,3,13.32365479142198
geometry_feedback,test,0.92,5,0.9,0.8561151079136691,-1.4388489208633115,14.781199704206353,0.9160671462829736,0.017857460153876223,0.017857460153876223,-1.4388489208633115,3,14.781199704206353
geometry_feedback,test,0.92,5,1.0,0.8561151079136691,-1.4388489208633115,15.851820435860631,1.0,0.01652892561983471,0.01652892561983471,-1.4388489208633115,3,15.851820435860631
geometry_feedback,test,0.92,6,0.1,0.8689048760991207,-0.1598721023181445,1.8718735047196382,0.10951239008792965,0.013943355119825708,0.013943355119825708,-0.1598721023181445,3,1.8718735047196382
geometry_feedback,test,0.92,6,0.2,0.86810551558753,-0.23980815347722043,3.5598547131236633,0.20943245403677058,0.012398373983739839,0.012398373983739839,-0.23980815347722043,3,3.5598547131236633
geometry_feedback,test,0.92,6,0.3,0.8657074340527577,-0.47961630695444085,4.98493844882334,0.2973621103117506,0.01780541603550453,0.01780541603550453,-0.47961630695444085,3,4.98493844882334
geometry_feedback,test,0.92,6,0.4,0.8641087130295763,-0.6394884092725891,6.3753316803688636,0.3980815347721823,0.017724633713134375,0.017724633713134375,-0.6394884092725891,3,6.3753316803688636
geometry_feedback,test,0.92,6,0.5,0.8609112709832134,-0.959232613908878,8.790399756405229,0.5123900879296563,0.020471920502201035,0.020471920502201035,-0.959232613908878,3,8.790399756405229
geometry_feedback,test,0.92,6,0.6,0.8609112709832134,-0.959232613908878,10.3370090043064,0.601119104716227,0.017567410090774577,0.017567410090774577,-0.959232613908878,3,10.3370090043064
geometry_feedback,test,0.92,6,0.7,0.8577138289368506,-1.278976818545167,12.009983035364735,0.7178257394084733,0.019672479705393327,0.019672479705393327,-1.278976818545167,3,12.009983035364735
geometry_feedback,test,0.92,6,0.8,0.8577138289368506,-1.278976818545167,13.32055548305711,0.8145483613109512,0.01760894642966545,0.01760894642966545,-1.278976818545167,3,13.32055548305711
geometry_feedback,test,0.92,6,0.9,0.8561151079136691,-1.4388489208633115,14.778100395841482,0.9160671462829736,0.017857460153876223,0.017857460153876223,-1.4388489208633115,3,14.778100395841482
geometry_feedback,test,0.92,6,1.0,0.8561151079136691,-1.4388489208633115,15.846437426595328,1.0,0.01652892561983471,0.01652892561983471,-1.4388489208633115,3,15.846437426595328
geometry_feedback,test,0.92,7,0.1,0.8689048760991207,-0.1598721023181445,1.8259819913871784,0.10951239008792965,0.013943355119825708,0.013943355119825708,-0.1598721023181445,3,1.8259819913871784
geometry_feedback,test,0.92,7,0.2,0.86810551558753,-0.23980815347722043,3.452466396972461,0.20943245403677058,0.012398373983739839,0.012398373983739839,-0.23980815347722043,3,3.452466396972461
geometry_feedback,test,0.92,7,0.3,0.8657074340527577,-0.47961630695444085,4.795010657270867,0.2973621103117506,0.01780541603550453,0.01780541603550453,-0.47961630695444085,3,4.795010657270867
geometry_feedback,test,0.92,7,0.4,0.8641087130295763,-0.6394884092725891,6.1332593849232175,0.3980815347721823,0.017724633713134375,0.017724633713134375,-0.6394884092725891,3,6.1332593849232175
geometry_feedback,test,0.92,7,0.5,0.8609112709832134,-0.959232613908878,8.548055591804767,0.5123900879296563,0.020471920502201035,0.020471920502201035,-0.959232613908878,3,8.548055591804767
geometry_feedback,test,0.92,7,0.6,0.8609112709832134,-0.959232613908878,10.054101961807815,0.601119104716227,0.017567410090774577,0.017567410090774577,-0.959232613908878,3,10.054101961807815
geometry_feedback,test,0.92,7,0.7,0.8577138289368506,-1.278976818545167,11.715113750054362,0.7178257394084733,0.019672479705393327,0.019672479705393327,-1.278976818545167,3,11.715113750054362
geometry_feedback,test,0.92,7,0.8,0.8577138289368506,-1.278976818545167,13.02459872112749,0.8145483613109512,0.01760894642966545,0.01760894642966545,-1.278976818545167,3,13.02459872112749
geometry_feedback,test,0.92,7,0.9,0.8561151079136691,-1.4388489208633115,14.443864456914172,0.9160671462829736,0.017857460153876223,0.017857460153876223,-1.4388489208633115,3,14.443864456914172
geometry_feedback,test,0.92,7,1.0,0.8561151079136691,-1.4388489208633115,15.508939057810256,1.0,0.01652892561983471,0.01652892561983471,-1.4388489208633115,3,15.508939057810256
geometry_feedback,test,0.92,8,0.1,0.8697042366107115,-0.07993605115907225,1.4784244638740174,0.10951239008792965,0.006535947712418301,0.006535947712418301,-0.07993605115907225,3,1.4784244638740174
geometry_feedback,test,0.92,8,0.2,0.8689048760991207,-0.1598721023181445,3.011603375527424,0.20943245403677058,0.008231707317073171,0.008231707317073171,-0.1598721023181445,3,3.011603375527424
geometry_feedback,test,0.92,8,0.3,0.8665067945643485,-0.39968025579536864,4.2521967027708865,0.2973621103117506,0.0148555635281299,0.0148555635281299,-0.39968025579536864,3,4.2521967027708865
geometry_feedback,test,0.92,8,0.4,0.864908073541167,-0.5595523581135168,5.454347731523767,0.3980815347721823,0.01554598447566161,0.01554598447566161,-0.5595523581135168,3,5.454347731523767
geometry_feedback,test,0.92,8,0.5,0.8633093525179856,-0.7194244604316613,7.466614467788935,0.5123900879296563,0.015332233900306495,0.015332233900306495,-0.7194244604316613,3,7.466614467788935
geometry_feedback,test,0.92,8,0.6,0.8633093525179856,-0.7194244604316613,8.889142633433375,0.601119104716227,0.013142274824517816,0.013142274824517816,-0.7194244604316613,3,8.889142633433375
geometry_feedback,test,0.92,8,0.7,0.8601119104716227,-1.0391686650679504,10.420635956326933,0.7178257394084733,0.015958003240333217,0.015958003240333217,-1.0391686650679504,3,10.420635956326933
geometry_feedback,test,0.92,8,0.8,0.8601119104716227,-1.0391686650679504,11.591304536952448,0.8145483613109512,0.014282885717991944,0.014282885717991944,-1.0391686650679504,3,11.591304536952448
geometry_feedback,test,0.92,8,0.9,0.8585131894484412,-1.1990407673860948,12.87512505981121,0.9160671462829736,0.014881216794896854,0.014881216794896854,-1.1990407673860948,3,12.87512505981121
geometry_feedback,test,0.92,8,1.0,0.8585131894484412,-1.1990407673860948,13.842816129453217,1.0,0.013774104683195593,0.013774104683195593,-1.1990407673860948,3,13.842816129453217
geometry_feedback,test,0.95,4,0.1,0.8689048760991207,-0.1598721023181445,1.661283657401369,0.10951239008792965,0.013943355119825708,0.013943355119825708,-0.1598721023181445,3,1.661283657401369
geometry_feedback,test,0.95,4,0.2,0.86810551558753,-0.23980815347722043,3.0837030753838737,0.20943245403677058,0.012398373983739839,0.012398373983739839,-0.23980815347722043,3,3.0837030753838737
geometry_feedback,test,0.95,4,0.3,0.8665067945643485,-0.3996802557953649,4.49280090478054,0.2973621103117506,0.014802413032501528,0.014802413032501528,-0.3996802557953649,3,4.49280090478054
geometry_feedback,test,0.95,4,0.4,0.8641087130295763,-0.6394884092725891,5.656998999521504,0.3980815347721823,0.017724633713134375,0.017724633713134375,-0.6394884092725891,3,5.656998999521504
geometry_feedback,test,0.95,4,0.5,0.8601119104716227,-1.0391686650679504,7.829614163295488,0.5123900879296563,0.022130295294904186,0.022130295294904186,-1.0391686650679504,3,7.829614163295488
geometry_feedback,test,0.95,4,0.6,0.8593125499600319,-1.1191047162270225,9.128931227978596,0.601119104716227,0.020549543914029893,0.020549543914029893,-1.1191047162270225,3,9.128931227978596
geometry_feedback,test,0.95,4,0.7,0.8569144684252598,-1.3589128697042392,10.537213449910817,0.7178257394084733,0.020979669247876986,0.020979669247876986,-1.3589128697042392,3,10.537213449910817
geometry_feedback,test,0.95,4,0.8,0.8569144684252598,-1.3589128697042392,11.769106964200263,0.8145483613109512,0.018782655349853246,0.018782655349853246,-1.3589128697042392,3,11.769106964200263
geometry_feedback,test,0.95,4,0.9,0.8561151079136691,-1.4388489208633115,12.938035582234978,0.9160671462829736,0.017857460153876223,0.017857460153876223,-1.4388489208633115,3,12.938035582234978
geometry_feedback,test,0.95,4,1.0,0.8561151079136691,-1.4388489208633115,13.834660054808822,1.0,0.01652892561983471,0.01652892561983471,-1.4388489208633115,3,13.834660054808822
geometry_feedback,test,0.95,5,0.1,0.8689048760991207,-0.1598721023181445,1.4797838096480942,0.10951239008792965,0.013943355119825708,0.013943355119825708,-0.1598721023181445,3,1.4797838096480942
geometry_feedback,test,0.95,5,0.2,0.86810551558753,-0.23980815347722043,2.902203227630603,0.20943245403677058,0.012398373983739839,0.012398373983739839,-0.23980815347722043,3,2.902203227630603
geometry_feedback,test,0.95,5,0.3,0.8665067945643485,-0.3996802557953649,4.129801209273994,0.2973621103117506,0.014802413032501528,0.014802413032501528,-0.3996802557953649,3,4.129801209273994
geometry_feedback,test,0.95,5,0.4,0.8641087130295763,-0.6394884092725891,5.293999304014955,0.3980815347721823,0.017724633713134375,0.017724633713134375,-0.6394884092725891,3,5.293999304014955
geometry_feedback,test,0.95,5,0.5,0.8601119104716227,-1.0391686650679504,7.466614467788938,0.5123900879296563,0.022130295294904186,0.022130295294904186,-1.0391686650679504,3,7.466614467788938
geometry_feedback,test,0.95,5,0.6,0.8593125499600319,-1.1191047162270225,8.765931532472045,0.601119104716227,0.020549543914029893,0.020549543914029893,-1.1191047162270225,3,8.765931532472045
geometry_feedback,test,0.95,5,0.7,0.8569144684252598,-1.3589128697042392,10.17421375440427,0.7178257394084733,0.020979669247876986,0.020979669247876986,-1.3589128697042392,3,10.17421375440427
geometry_feedback,test,0.95,5,0.8,0.8569144684252598,-1.3589128697042392,11.224607420940448,0.8145483613109512,0.018782655349853246,0.018782655349853246,-1.3589128697042392,3,11.224607420940448
geometry_feedback,test,0.95,5,0.9,0.8561151079136691,-1.4388489208633115,12.393536038975158,0.9160671462829736,0.017857460153876223,0.017857460153876223,-1.4388489208633115,3,12.393536038975158
geometry_feedback,test,0.95,5,1.0,0.8561151079136691,-1.4388489208633115,13.290160511548999,1.0,0.01652892561983471,0.01652892561983471,-1.4388489208633115,3,13.290160511548999
geometry_feedback,test,0.95,6,0.1,0.8689048760991207,-0.1598721023181445,1.4791313236765413,0.10951239008792965,0.013943355119825708,0.013943355119825708,-0.1598721023181445,3,1.4791313236765413
geometry_feedback,test,0.95,6,0.2,0.86810551558753,-0.23980815347722043,2.9015507416590536,0.20943245403677058,0.012398373983739839,0.012398373983739839,-0.23980815347722043,3,2.9015507416590536
geometry_feedback,test,0.95,6,0.3,0.8665067945643485,-0.3996802557953649,4.128496237330888,0.2973621103117506,0.014802413032501528,0.014802413032501528,-0.3996802557953649,3,4.128496237330888
geometry_feedback,test,0.95,6,0.4,0.8641087130295763,-0.6394884092725891,5.292694332071856,0.3980815347721823,0.017724633713134375,0.017724633713134375,-0.6394884092725891,3,5.292694332071856
geometry_feedback,test,0.95,6,0.5,0.8601119104716227,-1.0391686650679504,7.465309495845836,0.5123900879296563,0.022130295294904186,0.022130295294904186,-1.0391686650679504,3,7.465309495845836
geometry_feedback,test,0.95,6,0.6,0.8593125499600319,-1.1191047162270225,8.764626560528948,0.601119104716227,0.020549543914029893,0.020549543914029893,-1.1191047162270225,3,8.764626560528948
geometry_feedback,test,0.95,6,0.7,0.8569144684252598,-1.3589128697042392,10.172908782461173,0.7178257394084733,0.020979669247876986,0.020979669247876986,-1.3589128697042392,3,10.172908782461173
geometry_feedback,test,0.95,6,0.8,0.8569144684252598,-1.3589128697042392,11.222649963025791,0.8145483613109512,0.018782655349853246,0.018782655349853246,-1.3589128697042392,3,11.222649963025791
geometry_feedback,test,0.95,6,0.9,0.8561151079136691,-1.4388489208633115,12.391578581060502,0.9160671462829736,0.017857460153876223,0.017857460153876223,-1.4388489208633115,3,12.391578581060502
geometry_feedback,test,0.95,6,1.0,0.8561151079136691,-1.4388489208633115,13.288203053634351,1.0,0.01652892561983471,0.01652892561983471,-1.4388489208633115,3,13.288203053634351
geometry_feedback,test,0.95,7,0.1,0.8689048760991207,-0.1598721023181445,1.4783157162120975,0.10951239008792965,0.013943355119825708,0.013943355119825708,-0.1598721023181445,3,1.4783157162120975
geometry_feedback,test,0.95,7,0.2,0.86810551558753,-0.23980815347722043,2.849678106920698,0.20943245403677058,0.012398373983739839,0.012398373983739839,-0.23980815347722043,3,2.849678106920698
geometry_feedback,test,0.95,7,0.3,0.8665067945643485,-0.3996802557953649,4.024750967854184,0.2973621103117506,0.014802413032501528,0.014802413032501528,-0.3996802557953649,3,4.024750967854184
geometry_feedback,test,0.95,7,0.4,0.8641087130295763,-0.6394884092725891,5.137892035321231,0.3980815347721823,0.017724633713134375,0.017724633713134375,-0.6394884092725891,3,5.137892035321231
geometry_feedback,test,0.95,7,0.5,0.8601119104716227,-1.0391686650679504,7.3105071990952135,0.5123900879296563,0.022130295294904186,0.022130295294904186,-1.0391686650679504,3,7.3105071990952135
geometry_feedback,test,0.95,7,0.6,0.8593125499600319,-1.1191047162270225,8.608736787159065,0.601119104716227,0.020549543914029893,0.020549543914029893,-1.1191047162270225,3,8.608736787159065
geometry_feedback,test,0.95,7,0.7,0.8569144684252598,-1.3589128697042392,10.0170190090913,0.7178257394084733,0.020979669247876986,0.020979669247876986,-1.3589128697042392,3,10.0170190090913
geometry_feedback,test,0.95,7,0.8,0.8569144684252598,-1.3589128697042392,11.065944582191483,0.8145483613109512,0.018782655349853246,0.018782655349853246,-1.3589128697042392,3,11.065944582191483
geometry_feedback,test,0.95,7,0.9,0.8561151079136691,-1.4388489208633115,12.234873200226193,0.9160671462829736,0.017857460153876223,0.017857460153876223,-1.4388489208633115,3,12.234873200226193
geometry_feedback,test,0.95,7,1.0,0.8561151079136691,-1.4388489208633115,13.12932271956152,1.0,0.01652892561983471,0.01652892561983471,-1.4388489208633115,3,13.12932271956152
geometry_feedback,test,0.95,8,0.1,0.8697042366107115,-0.07993605115907225,1.2739244856235492,0.10951239008792965,0.006535947712418301,0.006535947712418301,-0.07993605115907225,3,1.2739244856235492
geometry_feedback,test,0.95,8,0.2,0.8689048760991207,-0.1598721023181445,2.612445082430722,0.20943245403677058,0.008231707317073171,0.008231707317073171,-0.1598721023181445,3,2.612445082430722
geometry_feedback,test,0.95,8,0.3,0.8673061550759392,-0.31974420463629266,3.725477402235844,0.2973621103117506,0.011852560525126897,0.011852560525126897,-0.31974420463629266,3,3.725477402235844
geometry_feedback,test,0.95,8,0.4,0.864908073541167,-0.5595523581135168,4.831495497846793,0.3980815347721823,0.01554598447566161,0.01554598447566161,-0.5595523581135168,3,4.831495497846793
geometry_feedback,test,0.95,8,0.5,0.8625099920063949,-0.7993605115907335,6.703912740876062,0.5123900879296563,0.016990608693009647,0.016990608693009647,-0.7993605115907335,3,6.703912740876062
geometry_feedback,test,0.95,8,0.6,0.8617106314948041,-0.8792965627498058,7.9723998434033625,0.601119104716227,0.016124408647773134,0.016124408647773134,-0.8792965627498058,3,7.9723998434033625
geometry_feedback,test,0.95,8,0.7,0.8593125499600319,-1.1191047162270225,9.310322328069942,0.7178257394084733,0.01726519278281688,0.01726519278281688,-1.1191047162270225,3,9.310322328069942
geometry_feedback,test,0.95,8,0.8,0.8593125499600319,-1.1191047162270225,10.351418069511501,0.8145483613109512,0.015456594638179739,0.015456594638179739,-1.1191047162270225,3,10.351418069511501
geometry_feedback,test,0.95,8,0.9,0.8585131894484412,-1.1990407673860948,11.432913567358298,0.9160671462829736,0.014881216794896854,0.014881216794896854,-1.1990407673860948,3,11.432913567358298
geometry_feedback,test,0.95,8,1.0,0.8585131894484412,-1.1990407673860948,12.326275610074378,1.0,0.013774104683195593,0.013774104683195593,-1.1990407673860948,3,12.326275610074378
geometry_feedback,test,0.98,4,0.1,0.8697042366107115,-0.07993605115907225,0.9515964156770621,0.10951239008792965,0.006535947712418301,0.006535947712418301,-0.07993605115907225,3,0.9515964156770621
geometry_feedback,test,0.98,4,0.2,0.8689048760991207,-0.1598721023181445,2.1533668276131936,0.20943245403677058,0.008231707317073171,0.008231707317073171,-0.1598721023181445,3,2.1533668276131936
geometry_feedback,test,0.98,4,0.3,0.86810551558753,-0.23980815347722043,3.0671734307712306,0.2973621103117506,0.008849557522123894,0.008849557522123894,-0.23980815347722043,3,3.0671734307712306
geometry_feedback,test,0.98,4,0.4,0.8665067945643485,-0.39968025579536864,4.033505154639168,0.3980815347721823,0.011085428323376134,0.011085428323376134,-0.39968025579536864,3,4.033505154639168
geometry_feedback,test,0.98,4,0.5,0.8641087130295763,-0.6394884092725891,5.582778720257508,0.5123900879296563,0.013596122789195385,0.013596122789195385,-0.6394884092725891,3,5.582778720257508
geometry_feedback,test,0.98,4,0.6,0.8633093525179856,-0.7194244604316613,6.641382835269038,0.601119104716227,0.013256905780270266,0.013256905780270266,-0.7194244604316613,3,6.641382835269038
geometry_feedback,test,0.98,4,0.7,0.8617106314948041,-0.8792965627498058,7.769041715603105,0.7178257394084733,0.013550716317756771,0.013550716317756771,-0.8792965627498058,3,7.769041715603105
geometry_feedback,test,0.98,4,0.8,0.8617106314948041,-0.8792965627498058,8.656966375222925,0.8145483613109512,0.012130533926506232,0.012130533926506232,-0.8792965627498058,3,8.656966375222925
geometry_feedback,test,0.98,4,0.9,0.8609112709832134,-0.959232613908878,9.506448736352166,0.9160671462829736,0.011904973435917484,0.011904973435917484,-0.959232613908878,3,9.506448736352166
geometry_feedback,test,0.98,4,1.0,0.8609112709832134,-0.959232613908878,10.210752968811176,1.0,0.011019283746556474,0.011019283746556474,-0.959232613908878,3,10.210752968811176
geometry_feedback,test,0.98,5,0.1,0.8697042366107115,-0.07993605115907225,0.9515964156770621,0.10951239008792965,0.006535947712418301,0.006535947712418301,-0.07993605115907225,3,0.9515964156770621
geometry_feedback,test,0.98,5,0.2,0.8689048760991207,-0.1598721023181445,2.1533668276131936,0.20943245403677058,0.008231707317073171,0.008231707317073171,-0.1598721023181445,3,2.1533668276131936
geometry_feedback,test,0.98,5,0.3,0.86810551558753,-0.23980815347722043,3.0671734307712306,0.2973621103117506,0.008849557522123894,0.008849557522123894,-0.23980815347722043,3,3.0671734307712306
geometry_feedback,test,0.98,5,0.4,0.8665067945643485,-0.39968025579536864,4.033505154639168,0.3980815347721823,0.011085428323376134,0.011085428323376134,-0.39968025579536864,3,4.033505154639168
geometry_feedback,test,0.98,5,0.5,0.8641087130295763,-0.6394884092725891,5.582778720257508,0.5123900879296563,0.013596122789195385,0.013596122789195385,-0.6394884092725891,3,5.582778720257508
geometry_feedback,test,0.98,5,0.6,0.8633093525179856,-0.7194244604316613,6.641382835269038,0.601119104716227,0.013256905780270266,0.013256905780270266,-0.7194244604316613,3,6.641382835269038
geometry_feedback,test,0.98,5,0.7,0.8617106314948041,-0.8792965627498058,7.769041715603105,0.7178257394084733,0.013550716317756771,0.013550716317756771,-0.8792965627498058,3,7.769041715603105
geometry_feedback,test,0.98,5,0.8,0.8617106314948041,-0.8792965627498058,8.656966375222925,0.8145483613109512,0.012130533926506232,0.012130533926506232,-0.8792965627498058,3,8.656966375222925
geometry_feedback,test,0.98,5,0.9,0.8609112709832134,-0.959232613908878,9.506448736352166,0.9160671462829736,0.011904973435917484,0.011904973435917484,-0.959232613908878,3,9.506448736352166
geometry_feedback,test,0.98,5,1.0,0.8609112709832134,-0.959232613908878,10.210752968811176,1.0,0.011019283746556474,0.011019283746556474,-0.959232613908878,3,10.210752968811176
geometry_feedback,test,0.98,6,0.1,0.8697042366107115,-0.07993605115907225,0.9515964156770621,0.10951239008792965,0.006535947712418301,0.006535947712418301,-0.07993605115907225,3,0.9515964156770621
geometry_feedback,test,0.98,6,0.2,0.8689048760991207,-0.1598721023181445,2.1533668276131936,0.20943245403677058,0.008231707317073171,0.008231707317073171,-0.1598721023181445,3,2.1533668276131936
geometry_feedback,test,0.98,6,0.3,0.86810551558753,-0.23980815347722043,3.0671734307712306,0.2973621103117506,0.008849557522123894,0.008849557522123894,-0.23980815347722043,3,3.0671734307712306
geometry_feedback,test,0.98,6,0.4,0.8665067945643485,-0.39968025579536864,4.033505154639168,0.3980815347721823,0.011085428323376134,0.011085428323376134,-0.39968025579536864,3,4.033505154639168
geometry_feedback,test,0.98,6,0.5,0.8641087130295763,-0.6394884092725891,5.582778720257508,0.5123900879296563,0.013596122789195385,0.013596122789195385,-0.6394884092725891,3,5.582778720257508
geometry_feedback,test,0.98,6,0.6,0.8633093525179856,-0.7194244604316613,6.641382835269038,0.601119104716227,0.013256905780270266,0.013256905780270266,-0.7194244604316613,3,6.641382835269038
geometry_feedback,test,0.98,6,0.7,0.8617106314948041,-0.8792965627498058,7.769041715603105,0.7178257394084733,0.013550716317756771,0.013550716317756771,-0.8792965627498058,3,7.769041715603105
geometry_feedback,test,0.98,6,0.8,0.8617106314948041,-0.8792965627498058,8.656966375222925,0.8145483613109512,0.012130533926506232,0.012130533926506232,-0.8792965627498058,3,8.656966375222925
geometry_feedback,test,0.98,6,0.9,0.8609112709832134,-0.959232613908878,9.506448736352166,0.9160671462829736,0.011904973435917484,0.011904973435917484,-0.959232613908878,3,9.506448736352166
geometry_feedback,test,0.98,6,1.0,0.8609112709832134,-0.959232613908878,10.210752968811176,1.0,0.011019283746556474,0.011019283746556474,-0.959232613908878,3,10.210752968811176
geometry_feedback,test,0.98,7,0.1,0.8697042366107115,-0.07993605115907225,0.9515964156770621,0.10951239008792965,0.006535947712418301,0.006535947712418301,-0.07993605115907225,3,0.9515964156770621
geometry_feedback,test,0.98,7,0.2,0.8689048760991207,-0.1598721023181445,2.1023098003392824,0.20943245403677058,0.008231707317073171,0.008231707317073171,-0.1598721023181445,3,2.1023098003392824
geometry_feedback,test,0.98,7,0.3,0.86810551558753,-0.23980815347722043,2.9650593762234037,0.2973621103117506,0.008849557522123894,0.008849557522123894,-0.23980815347722043,3,2.9650593762234037
geometry_feedback,test,0.98,7,0.4,0.8665067945643485,-0.39968025579536864,3.8803340728174303,0.3980815347721823,0.011085428323376134,0.011085428323376134,-0.39968025579536864,3,3.8803340728174303
geometry_feedback,test,0.98,7,0.5,0.8641087130295763,-0.6394884092725891,5.429607638435771,0.5123900879296563,0.013596122789195385,0.013596122789195385,-0.6394884092725891,3,5.429607638435771
geometry_feedback,test,0.98,7,0.6,0.8633093525179856,-0.7194244604316613,6.488211753447293,0.601119104716227,0.013256905780270266,0.013256905780270266,-0.7194244604316613,3,6.488211753447293
geometry_feedback,test,0.98,7,0.7,0.8617106314948041,-0.8792965627498058,7.615870633781371,0.7178257394084733,0.013550716317756771,0.013550716317756771,-0.8792965627498058,3,7.615870633781371
geometry_feedback,test,0.98,7,0.8,0.8617106314948041,-0.8792965627498058,8.503795293401192,0.8145483613109512,0.012130533926506232,0.012130533926506232,-0.8792965627498058,3,8.503795293401192
geometry_feedback,test,0.98,7,0.9,0.8609112709832134,-0.959232613908878,9.353277654530423,0.9160671462829736,0.011904973435917484,0.011904973435917484,-0.959232613908878,3,9.353277654530423
geometry_feedback,test,0.98,7,1.0,0.8609112709832134,-0.959232613908878,10.05758188698942,1.0,0.011019283746556474,0.011019283746556474,-0.959232613908878,3,10.05758188698942
geometry_feedback,test,0.98,8,0.1,0.8697042366107115,-0.07993605115907225,0.9515964156770621,0.10951239008792965,0.006535947712418301,0.006535947712418301,-0.07993605115907225,3,0.9515964156770621
geometry_feedback,test,0.98,8,0.2,0.8689048760991207,-0.1598721023181445,2.099101744312485,0.20943245403677058,0.008231707317073171,0.008231707317073171,-0.1598721023181445,3,2.099101744312485
geometry_feedback,test,0.98,8,0.3,0.86810551558753,-0.23980815347722043,2.9586432641698135,0.2973621103117506,0.008849557522123894,0.008849557522123894,-0.23980815347722043,3,2.9586432641698135
geometry_feedback,test,0.98,8,0.4,0.8665067945643485,-0.39968025579536864,3.870709904737043,0.3980815347721823,0.011085428323376134,0.011085428323376134,-0.39968025579536864,3,3.870709904737043
geometry_feedback,test,0.98,8,0.5,0.8641087130295763,-0.6394884092725891,5.419983470355383,0.5123900879296563,0.013596122789195385,0.013596122789195385,-0.6394884092725891,3,5.419983470355383
geometry_feedback,test,0.98,8,0.6,0.8633093525179856,-0.7194244604316613,6.478587585366913,0.601119104716227,0.013256905780270266,0.013256905780270266,-0.7194244604316613,3,6.478587585366913
geometry_feedback,test,0.98,8,0.7,0.8617106314948041,-0.8792965627498058,7.60624646570098,0.7178257394084733,0.013550716317756771,0.013550716317756771,-0.8792965627498058,3,7.60624646570098
geometry_feedback,test,0.98,8,0.8,0.8617106314948041,-0.8792965627498058,8.4941711253208,0.8145483613109512,0.012130533926506232,0.012130533926506232,-0.8792965627498058,3,8.4941711253208
geometry_feedback,test,0.98,8,0.9,0.8609112709832134,-0.959232613908878,9.34365348645004,0.9160671462829736,0.011904973435917484,0.011904973435917484,-0.959232613908878,3,9.34365348645004
geometry_feedback,test,0.98,8,1.0,0.8609112709832134,-0.959232613908878,10.04795771890904,1.0,0.011019283746556474,0.011019283746556474,-0.959232613908878,3,10.04795771890904
geometry_no_feedback,calibration,0.75,4,0.1,0.8528864059590316,-0.7448789571694555,2.290333190927892,0.1005586592178771,0.10539460539460539,0.10539460539460539,-0.7448789571694555,3,2.290333190927892
geometry_no_feedback,calibration,0.75,4,0.2,0.8528864059590316,-0.7448789571694555,4.726726476952381,0.2011173184357542,0.05202821869488536,0.05202821869488536,-0.7448789571694555,3,4.726726476952381
geometry_no_feedback,calibration,0.75,4,0.3,0.851024208566108,-0.9310986964618221,7.1662703258564235,0.3016759776536313,0.04189076506149677,0.04189076506149677,-0.9310986964618221,3,7.1662703258564235
geometry_no_feedback,calibration,0.75,4,0.4,0.8435754189944135,-1.6759776536312814,10.138259301406801,0.4022346368715084,0.05488215488215488,0.05488215488215488,-1.6759776536312814,3,10.138259301406801
geometry_no_feedback,calibration,0.75,4,0.5,0.8398510242085662,-2.0484171322160107,13.011446625054042,0.5027932960893855,0.051396966272520966,0.051396966272520966,-2.0484171322160107,3,13.011446625054042
geometry_no_feedback,calibration,0.75,4,0.6,0.8398510242085662,-2.0484171322160107,17.645420530832045,0.6033519553072626,0.0421455938697318,0.0421455938697318,-2.0484171322160107,3,17.645420530832045
geometry_no_feedback,calibration,0.75,4,0.7,0.8379888268156425,-2.2346368715083775,21.48431838832326,0.7039106145251397,0.03834180921559562,0.03834180921559562,-2.2346368715083775,3,21.48431838832326
geometry_no_feedback,calibration,0.75,4,0.8,0.8361266294227188,-2.4208566108007443,24.547547664865803,0.8044692737430168,0.03572532419539071,0.03572532419539071,-2.4208566108007443,3,24.547547664865803
geometry_no_feedback,calibration,0.75,4,0.9,0.8361266294227188,-2.4208566108007443,28.148641036207536,0.9050279329608939,0.03140096618357488,0.03140096618357488,-2.4208566108007443,3,28.148641036207536
geometry_no_feedback,calibration,0.75,4,1.0,0.8324022346368715,-2.7932960893854775,31.941036585596382,1.0,0.032467532467532464,0.032467532467532464,-2.7932960893854775,3,31.941036585596382
geometry_no_feedback,calibration,0.75,5,0.1,0.8528864059590316,-0.7448789571694555,2.290333190927892,0.1005586592178771,0.10539460539460539,0.10539460539460539,-0.7448789571694555,3,2.290333190927892
geometry_no_feedback,calibration,0.75,5,0.2,0.8528864059590316,-0.7448789571694555,4.726726476952381,0.2011173184357542,0.05202821869488536,0.05202821869488536,-0.7448789571694555,3,4.726726476952381
geometry_no_feedback,calibration,0.75,5,0.3,0.851024208566108,-0.9310986964618221,7.121154265421066,0.3016759776536313,0.04189076506149677,0.04189076506149677,-0.9310986964618221,3,7.121154265421066
geometry_no_feedback,calibration,0.75,5,0.4,0.8435754189944135,-1.6759776536312814,10.053446148688934,0.4022346368715084,0.05488215488215488,0.05488215488215488,-1.6759776536312814,3,10.053446148688934
geometry_no_feedback,calibration,0.75,5,0.5,0.8398510242085662,-2.0484171322160107,12.889960920418053,0.5027932960893855,0.051396966272520966,0.051396966272520966,-2.0484171322160107,3,12.889960920418053
geometry_no_feedback,calibration,0.75,5,0.6,0.8398510242085662,-2.0484171322160107,17.471257414849738,0.6033519553072626,0.0421455938697318,0.0421455938697318,-2.0484171322160107,3,17.471257414849738
geometry_no_feedback,calibration,0.75,5,0.7,0.8379888268156425,-2.2346368715083775,21.287093152062557,0.7039106145251397,0.03834180921559562,0.03834180921559562,-2.2346368715083775,3,21.287093152062557
geometry_no_feedback,calibration,0.75,5,0.8,0.8361266294227188,-2.4208566108007443,24.272818581767826,0.8044692737430168,0.03572532419539071,0.03572532419539071,-2.4208566108007443,3,24.272818581767826
geometry_no_feedback,calibration,0.75,5,0.9,0.8361266294227188,-2.4208566108007443,27.78796459775504,0.9050279329608939,0.03140096618357488,0.03140096618357488,-2.4208566108007443,3,27.78796459775504
geometry_no_feedback,calibration,0.75,5,1.0,0.8324022346368715,-2.7932960893854775,31.488867801121355,1.0,0.032467532467532464,0.032467532467532464,-2.7932960893854775,3,31.488867801121355
geometry_no_feedback,calibration,0.75,6,0.1,0.8547486033519553,-0.5586592178770888,2.2549208641615914,0.1005586592178771,0.07975357975357976,0.07975357975357976,-0.5586592178770888,3,2.2549208641615914
geometry_no_feedback,calibration,0.75,6,0.2,0.8547486033519553,-0.5586592178770888,4.630823342898449,0.2011173184357542,0.03813932980599647,0.03813932980599647,-0.5586592178770888,3,4.630823342898449
geometry_no_feedback,calibration,0.75,6,0.3,0.8547486033519553,-0.5586592178770888,6.957703063229277,0.3016759776536313,0.02501042318115489,0.02501042318115489,-0.5586592178770888,3,6.957703063229277
geometry_no_feedback,calibration,0.75,6,0.4,0.8472998137802608,-1.3035381750465518,9.848785584032445,0.4022346368715084,0.04264870931537598,0.04264870931537598,-1.3035381750465518,3,9.848785584032445
geometry_no_feedback,calibration,0.75,6,0.5,0.845437616387337,-1.4897579143389146,12.659591762664324,0.5027932960893855,0.037374015784202935,0.037374015784202935,-1.4897579143389146,3,12.659591762664324
geometry_no_feedback,calibration,0.75,6,0.6,0.845437616387337,-1.4897579143389146,17.119276529944845,0.6033519553072626,0.03065134099616858,0.03065134099616858,-1.4897579143389146,3,17.119276529944845
geometry_no_feedback,calibration,0.75,6,0.7,0.8435754189944135,-1.6759776536312776,20.60140464695423,0.7039106145251397,0.02875635691169672,0.02875635691169672,-1.6759776536312776,3,20.60140464695423
geometry_no_feedback,calibration,0.75,6,0.8,0.8417132216014898,-1.8621973929236442,23.442834296775466,0.8044692737430168,0.027482698380702816,0.027482698380702816,-1.8621973929236442,3,23.442834296775466
geometry_no_feedback,calibration,0.75,6,0.9,0.8417132216014898,-1.8621973929236442,26.700768359275074,0.9050279329608939,0.024154589371980676,0.024154589371980676,-1.8621973929236442,3,26.700768359275074
geometry_no_feedback,calibration,0.75,6,1.0,0.8379888268156425,-2.2346368715083775,30.068846100044233,1.0,0.025974025974025976,0.025974025974025976,-2.2346368715083775,3,30.068846100044233
geometry_no_feedback,calibration,0.75,7,0.1,0.8547486033519553,-0.5586592178770888,2.1067183863069086,0.1005586592178771,0.07975357975357976,0.07975357975357976,-0.5586592178770888,3,2.1067183863069086
geometry_no_feedback,calibration,0.75,7,0.2,0.8547486033519553,-0.5586592178770888,3.8639763380125536,0.2011173184357542,0.03813932980599647,0.03813932980599647,-0.5586592178770888,3,3.8639763380125536
geometry_no_feedback,calibration,0.75,7,0.3,0.8547486033519553,-0.5586592178770888,5.848200839561997,0.3016759776536313,0.02501042318115489,0.02501042318115489,-0.5586592178770888,3,5.848200839561997
geometry_no_feedback,calibration,0.75,7,0.4,0.8528864059590316,-0.7448789571694555,8.415909586406714,0.4022346368715084,0.02435465768799102,0.02435465768799102,-0.7448789571694555,3,8.415909586406714
geometry_no_feedback,calibration,0.75,7,0.5,0.851024208566108,-0.9310986964618221,10.949592254152133,0.5027932960893855,0.023351065295884897,0.023351065295884897,-0.9310986964618221,3,10.949592254152133
geometry_no_feedback,calibration,0.75,7,0.6,0.851024208566108,-0.9310986964618221,15.038770826795922,0.6033519553072626,0.019157088122605363,0.019157088122605363,-0.9310986964618221,3,15.038770826795922
geometry_no_feedback,calibration,0.75,7,0.7,0.8491620111731844,-1.1173184357541888,18.219327064973434,0.7039106145251397,0.01917090460779781,0.01917090460779781,-1.1173184357541888,3,18.219327064973434
geometry_no_feedback,calibration,0.75,7,0.8,0.8472998137802608,-1.3035381750465518,20.74317997653461,0.8044692737430168,0.019240072566014916,0.019240072566014916,-1.3035381750465518,3,20.74317997653461
geometry_no_feedback,calibration,0.75,7,0.9,0.8472998137802608,-1.3035381750465518,23.67559788231766,0.9050279329608939,0.016908212560386472,0.016908212560386472,-1.3035381750465518,3,23.67559788231766
geometry_no_feedback,calibration,0.75,7,1.0,0.8435754189944135,-1.6759776536312776,26.611418396010635,1.0,0.01948051948051948,0.01948051948051948,-1.6759776536312776,3,26.611418396010635
geometry_no_feedback,calibration,0.75,8,0.1,0.8603351955307262,0.0,1.5616710081423217,0.1005586592178771,0.0,0.0,0.0,3,1.5616710081423217
geometry_no_feedback,calibration,0.75,8,0.2,0.8603351955307262,0.0,2.939223121602911,0.2011173184357542,0.0,0.0,0.0,3,2.939223121602911
geometry_no_feedback,calibration,0.75,8,0.3,0.8603351955307262,0.0,4.507321278019538,0.3016759776536313,0.0,0.0,0.0,3,4.507321278019538
geometry_no_feedback,calibration,0.75,8,0.4,0.8584729981378026,-0.18621973929236293,6.364010994204235,0.4022346368715084,0.006060606060606061,0.006060606060606061,-0.18621973929236293,3,6.364010994204235
geometry_no_feedback,calibration,0.75,8,0.5,0.851024208566108,-0.9310986964618221,8.199150860292711,0.5027932960893855,0.023351065295884897,0.023351065295884897,-0.9310986964618221,3,8.199150860292711
geometry_no_feedback,calibration,0.75,8,0.6,0.851024208566108,-0.9310986964618221,11.522868675717612,0.6033519553072626,0.019157088122605363,0.019157088122605363,-0.9310986964618221,3,11.522868675717612
geometry_no_feedback,calibration,0.75,8,0.7,0.8491620111731844,-1.1173184357541888,14.058945771251492,0.7039106145251397,0.01917090460779781,0.01917090460779781,-1.1173184357541888,3,14.058945771251492
geometry_no_feedback,calibration,0.75,8,0.8,0.8472998137802608,-1.3035381750465518,16.05715877198621,0.8044692737430168,0.019240072566014916,0.019240072566014916,-1.3035381750465518,3,16.05715877198621
geometry_no_feedback,calibration,0.75,8,0.9,0.8472998137802608,-1.3035381750465518,17.899733966470457,0.9050279329608939,0.016908212560386472,0.016908212560386472,-1.3035381750465518,3,17.899733966470457
geometry_no_feedback,calibration,0.75,8,1.0,0.8435754189944135,-1.6759776536312776,19.49127231071104,1.0,0.01948051948051948,0.01948051948051948,-1.6759776536312776,3,19.49127231071104
geometry_no_feedback,calibration,0.8,4,0.1,0.8603351955307262,0.0,1.976033038062593,0.1005586592178771,0.0,0.0,0.0,3,1.976033038062593
geometry_no_feedback,calibration,0.8,4,0.2,0.8603351955307262,0.0,4.053892268392675,0.2011173184357542,0.0,0.0,0.0,3,4.053892268392675
geometry_no_feedback,calibration,0.8,4,0.3,0.8603351955307262,0.0,6.077183749648718,0.3016759776536313,0.0,0.0,0.0,3,6.077183749648718
geometry_no_feedback,calibration,0.8,4,0.4,0.8528864059590316,-0.7448789571694555,8.712188519600916,0.4022346368715084,0.02435465768799102,0.02435465768799102,-0.7448789571694555,3,8.712188519600916
geometry_no_feedback,calibration,0.8,4,0.5,0.845437616387337,-1.4897579143389146,11.217012031369526,0.5027932960893855,0.037374015784202935,0.037374015784202935,-1.4897579143389146,3,11.217012031369526
geometry_no_feedback,calibration,0.8,4,0.6,0.845437616387337,-1.4897579143389146,15.430322781468142,0.6033519553072626,0.03065134099616858,0.03065134099616858,-1.4897579143389146,3,15.430322781468142
geometry_no_feedback,calibration,0.8,4,0.7,0.8435754189944135,-1.6759776536312776,18.88296162992481,0.7039106145251397,0.02875635691169672,0.02875635691169672,-1.6759776536312776,3,18.88296162992481
geometry_no_feedback,calibration,0.8,4,0.8,0.8417132216014898,-1.8621973929236442,21.45949195283229,0.8044692737430168,0.027482698380702816,0.027482698380702816,-1.8621973929236442,3,21.45949195283229
geometry_no_feedback,calibration,0.8,4,0.9,0.8417132216014898,-1.8621973929236442,24.590143274997516,0.9050279329608939,0.024154589371980676,0.024154589371980676,-1.8621973929236442,3,24.590143274997516
geometry_no_feedback,calibration,0.8,4,1.0,0.8379888268156425,-2.2346368715083775,27.923690846606664,1.0,0.025974025974025976,0.025974025974025976,-2.2346368715083775,3,27.923690846606664
geometry_no_feedback,calibration,0.8,5,0.1,0.8603351955307262,0.0,1.976033038062593,0.1005586592178771,0.0,0.0,0.0,3,1.976033038062593
geometry_no_feedback,calibration,0.8,5,0.2,0.8603351955307262,0.0,4.053892268392675,0.2011173184357542,0.0,0.0,0.0,3,4.053892268392675
geometry_no_feedback,calibration,0.8,5,0.3,0.8603351955307262,0.0,6.077183749648718,0.3016759776536313,0.0,0.0,0.0,3,6.077183749648718
geometry_no_feedback,calibration,0.8,5,0.4,0.8528864059590316,-0.7448789571694555,8.710550226903546,0.4022346368715084,0.02435465768799102,0.02435465768799102,-0.7448789571694555,3,8.710550226903546
geometry_no_feedback,calibration,0.8,5,0.5,0.845437616387337,-1.4897579143389146,11.212097153277409,0.5027932960893855,0.037374015784202935,0.037374015784202935,-1.4897579143389146,3,11.212097153277409
geometry_no_feedback,calibration,0.8,5,0.6,0.845437616387337,-1.4897579143389146,15.423769610678654,0.6033519553072626,0.03065134099616858,0.03065134099616858,-1.4897579143389146,3,15.423769610678654
geometry_no_feedback,calibration,0.8,5,0.7,0.8435754189944135,-1.6759776536312776,18.87313187374057,0.7039106145251397,0.02875635691169672,0.02875635691169672,-1.6759776536312776,3,18.87313187374057
geometry_no_feedback,calibration,0.8,5,0.8,0.8417132216014898,-1.8621973929236442,21.449662196648053,0.8044692737430168,0.027482698380702816,0.027482698380702816,-1.8621973929236442,3,21.449662196648053
geometry_no_feedback,calibration,0.8,5,0.9,0.8417132216014898,-1.8621973929236442,24.580313518813274,0.9050279329608939,0.024154589371980676,0.024154589371980676,-1.8621973929236442,3,24.580313518813274
geometry_no_feedback,calibration,0.8,5,1.0,0.8379888268156425,-2.2346368715083775,27.913861090422422,1.0,0.025974025974025976,0.025974025974025976,-2.2346368715083775,3,27.913861090422422
geometry_no_feedback,calibration,0.8,6,0.1,0.8603351955307262,0.0,1.976033038062593,0.1005586592178771,0.0,0.0,0.0,3,1.976033038062593
geometry_no_feedback,calibration,0.8,6,0.2,0.8603351955307262,0.0,4.053892268392675,0.2011173184357542,0.0,0.0,0.0,3,4.053892268392675
geometry_no_feedback,calibration,0.8,6,0.3,0.8603351955307262,0.0,6.047946526126362,0.3016759776536313,0.0,0.0,0.0,3,6.047946526126362
geometry_no_feedback,calibration,0.8,6,0.4,0.8528864059590316,-0.7448789571694555,8.666694391620014,0.4022346368715084,0.02435465768799102,0.02435465768799102,-0.7448789571694555,3,8.666694391620014
geometry_no_feedback,calibration,0.8,6,0.5,0.845437616387337,-1.4897579143389146,11.146817490412841,0.5027932960893855,0.037374015784202935,0.037374015784202935,-1.4897579143389146,3,11.146817490412841
geometry_no_feedback,calibration,0.8,6,0.6,0.845437616387337,-1.4897579143389146,15.294722555131704,0.6033519553072626,0.03065134099616858,0.03065134099616858,-1.4897579143389146,3,15.294722555131704
geometry_no_feedback,calibration,0.8,6,0.7,0.8435754189944135,-1.6759776536312776,18.510187030014794,0.7039106145251397,0.02875635691169672,0.02875635691169672,-1.6759776536312776,3,18.510187030014794
geometry_no_feedback,calibration,0.8,6,0.8,0.8417132216014898,-1.8621973929236442,21.041223224941373,0.8044692737430168,0.027482698380702816,0.027482698380702816,-1.8621973929236442,3,21.041223224941373
geometry_no_feedback,calibration,0.8,6,0.9,0.8417132216014898,-1.8621973929236442,24.012204020370284,0.9050279329608939,0.024154589371980676,0.024154589371980676,-1.8621973929236442,3,24.012204020370284
geometry_no_feedback,calibration,0.8,6,1.0,0.8379888268156425,-2.2346368715083775,27.07606340948874,1.0,0.025974025974025976,0.025974025974025976,-2.2346368715083775,3,27.07606340948874
geometry_no_feedback,calibration,0.8,7,0.1,0.8603351955307262,0.0,1.869796057763684,0.1005586592178771,0.0,0.0,0.0,3,1.869796057763684
geometry_no_feedback,calibration,0.8,7,0.2,0.8603351955307262,0.0,3.3595082097367577,0.2011173184357542,0.0,0.0,0.0,3,3.3595082097367577
geometry_no_feedback,calibration,0.8,7,0.3,0.8603351955307262,0.0,5.14008032675118,0.3016759776536313,0.0,0.0,0.0,3,5.14008032675118
geometry_no_feedback,calibration,0.8,7,0.4,0.8584729981378026,-0.18621973929236293,7.574583275047926,0.4022346368715084,0.006060606060606061,0.006060606060606061,-0.18621973929236293,3,7.574583275047926
geometry_no_feedback,calibration,0.8,7,0.5,0.851024208566108,-0.9310986964618221,9.92994408381002,0.5027932960893855,0.023351065295884897,0.023351065295884897,-0.9310986964618221,3,9.92994408381002
geometry_no_feedback,calibration,0.8,7,0.6,0.851024208566108,-0.9310986964618221,13.877095281843058,0.6033519553072626,0.019157088122605363,0.019157088122605363,-0.9310986964618221,3,13.877095281843058
geometry_no_feedback,calibration,0.8,7,0.7,0.8491620111731844,-1.1173184357541888,16.9555732827227,0.7039106145251397,0.01917090460779781,0.01917090460779781,-1.1173184357541888,3,16.9555732827227
geometry_no_feedback,calibration,0.8,7,0.8,0.8472998137802608,-1.3035381750465518,19.319125554971656,0.8044692737430168,0.019240072566014916,0.019240072566014916,-1.3035381750465518,3,19.319125554971656
geometry_no_feedback,calibration,0.8,7,0.9,0.8472998137802608,-1.3035381750465518,22.093637249230955,0.9050279329608939,0.016908212560386472,0.016908212560386472,-1.3035381750465518,3,22.093637249230955
geometry_no_feedback,calibration,0.8,7,1.0,0.8435754189944135,-1.6759776536312776,24.89612594186078,1.0,0.01948051948051948,0.01948051948051948,-1.6759776536312776,3,24.89612594186078
geometry_no_feedback,calibration,0.8,8,0.1,0.8603351955307262,0.0,1.4912244221552722,0.1005586592178771,0.0,0.0,0.0,3,1.4912244221552722
geometry_no_feedback,calibration,0.8,8,0.2,0.8603351955307262,0.0,2.7190617875789727,0.2011173184357542,0.0,0.0,0.0,3,2.7190617875789727
geometry_no_feedback,calibration,0.8,8,0.3,0.8603351955307262,0.0,4.231079924739359,0.3016759776536313,0.0,0.0,0.0,3,4.231079924739359
geometry_no_feedback,calibration,0.8,8,0.4,0.8584729981378026,-0.18621973929236293,6.023876225726503,0.4022346368715084,0.006060606060606061,0.006060606060606061,-0.18621973929236293,3,6.023876225726503
geometry_no_feedback,calibration,0.8,8,0.5,0.851024208566108,-0.9310986964618221,7.816924571743992,0.5027932960893855,0.023351065295884897,0.023351065295884897,-0.9310986964618221,3,7.816924571743992
geometry_no_feedback,calibration,0.8,8,0.6,0.851024208566108,-0.9310986964618221,11.071203981303306,0.6033519553072626,0.019157088122605363,0.019157088122605363,-0.9310986964618221,3,11.071203981303306
geometry_no_feedback,calibration,0.8,8,0.7,0.8491620111731844,-1.1173184357541888,13.571364660010167,0.7039106145251397,0.01917090460779781,0.01917090460779781,-1.1173184357541888,3,13.571364660010167
geometry_no_feedback,calibration,0.8,8,0.8,0.8472998137802608,-1.3035381750465518,15.524461600309522,0.8044692737430168,0.019240072566014916,0.019240072566014916,-1.3035381750465518,3,15.524461600309522
geometry_no_feedback,calibration,0.8,8,0.9,0.8472998137802608,-1.3035381750465518,17.302891334565835,0.9050279329608939,0.016908212560386472,0.016908212560386472,-1.3035381750465518,3,17.302891334565835
geometry_no_feedback,calibration,0.8,8,1.0,0.8435754189944135,-1.6759776536312776,18.805457783087544,1.0,0.01948051948051948,0.01948051948051948,-1.6759776536312776,3,18.805457783087544
geometry_no_feedback,calibration,0.85,4,0.1,0.8603351955307262,0.0,1.561923053172683,0.1005586592178771,0.0,0.0,0.0,3,1.561923053172683
geometry_no_feedback,calibration,0.85,4,0.2,0.8603351955307262,0.0,3.396684851715618,0.2011173184357542,0.0,0.0,0.0,3,3.396684851715618
geometry_no_feedback,calibration,0.85,4,0.3,0.8603351955307262,0.0,5.150414172996154,0.3016759776536313,0.0,0.0,0.0,3,5.150414172996154
geometry_no_feedback,calibration,0.85,4,0.4,0.8584729981378026,-0.18621973929236293,7.283219219945843,0.4022346368715084,0.006060606060606061,0.006060606060606061,-0.18621973929236293,3,7.283219219945843
geometry_no_feedback,calibration,0.85,4,0.5,0.8566108007448789,-0.37243947858472587,9.341797005452998,0.5027932960893855,0.009328114807566863,0.009328114807566863,-0.37243947858472587,3,9.341797005452998
geometry_no_feedback,calibration,0.85,4,0.6,0.8566108007448789,-0.37243947858472587,13.068912891977291,0.6033519553072626,0.007662835249042145,0.007662835249042145,-0.37243947858472587,3,13.068912891977291
geometry_no_feedback,calibration,0.85,4,0.7,0.8547486033519553,-0.5586592178770888,16.06207365007833,0.7039106145251397,0.009585452303898906,0.009585452303898906,-0.5586592178770888,3,16.06207365007833
geometry_no_feedback,calibration,0.85,4,0.8,0.8528864059590316,-0.7448789571694555,18.34686185033819,0.8044692737430168,0.010997446751327017,0.010997446751327017,-0.7448789571694555,3,18.34686185033819
geometry_no_feedback,calibration,0.85,4,0.9,0.8528864059590316,-0.7448789571694555,21.10524266265412,0.9050279329608939,0.00966183574879227,0.00966183574879227,-0.7448789571694555,3,21.10524266265412
geometry_no_feedback,calibration,0.85,4,1.0,0.8491620111731844,-1.1173184357541888,23.97893407636209,1.0,0.012987012987012988,0.012987012987012988,-1.1173184357541888,3,23.97893407636209
geometry_no_feedback,calibration,0.85,5,0.1,0.8603351955307262,0.0,1.561923053172683,0.1005586592178771,0.0,0.0,0.0,3,1.561923053172683
geometry_no_feedback,calibration,0.85,5,0.2,0.8603351955307262,0.0,3.396684851715618,0.2011173184357542,0.0,0.0,0.0,3,3.396684851715618
geometry_no_feedback,calibration,0.85,5,0.3,0.8603351955307262,0.0,5.150414172996154,0.3016759776536313,0.0,0.0,0.0,3,5.150414172996154
geometry_no_feedback,calibration,0.85,5,0.4,0.8584729981378026,-0.18621973929236293,7.2815809272484655,0.4022346368715084,0.006060606060606061,0.006060606060606061,-0.18621973929236293,3,7.2815809272484655
geometry_no_feedback,calibration,0.85,5,0.5,0.8566108007448789,-0.37243947858472587,9.33852042005825,0.5027932960893855,0.009328114807566863,0.009328114807566863,-0.37243947858472587,3,9.33852042005825
geometry_no_feedback,calibration,0.85,5,0.6,0.8566108007448789,-0.37243947858472587,13.06399801388517,0.6033519553072626,0.007662835249042145,0.007662835249042145,-0.37243947858472587,3,13.06399801388517
geometry_no_feedback,calibration,0.85,5,0.7,0.8547486033519553,-0.5586592178770888,16.05715877198621,0.7039106145251397,0.009585452303898906,0.009585452303898906,-0.5586592178770888,3,16.05715877198621
geometry_no_feedback,calibration,0.85,5,0.8,0.8528864059590316,-0.7448789571694555,18.341946972246067,0.8044692737430168,0.010997446751327017,0.010997446751327017,-0.7448789571694555,3,18.341946972246067
geometry_no_feedback,calibration,0.85,5,0.9,0.8528864059590316,-0.7448789571694555,21.100327784561994,0.9050279329608939,0.00966183574879227,0.00966183574879227,-0.7448789571694555,3,21.100327784561994
geometry_no_feedback,calibration,0.85,5,1.0,0.8491620111731844,-1.1173184357541888,23.974019198269957,1.0,0.012987012987012988,0.012987012987012988,-1.1173184357541888,3,23.974019198269957
geometry_no_feedback,calibration,0.85,6,0.1,0.8603351955307262,0.0,1.561923053172683,0.1005586592178771,0.0,0.0,0.0,3,1.561923053172683
geometry_no_feedback,calibration,0.85,6,0.2,0.8603351955307262,0.0,3.396684851715618,0.2011173184357542,0.0,0.0,0.0,3,3.396684851715618
geometry_no_feedback,calibration,0.85,6,0.3,0.8603351955307262,0.0,5.150414172996154,0.3016759776536313,0.0,0.0,0.0,3,5.150414172996154
geometry_no_feedback,calibration,0.85,6,0.4,0.8584729981378026,-0.18621973929236293,7.277044116701892,0.4022346368715084,0.006060606060606061,0.006060606060606061,-0.18621973929236293,3,7.277044116701892
geometry_no_feedback,calibration,0.85,6,0.5,0.8566108007448789,-0.37243947858472587,9.32944679896511,0.5027932960893855,0.009328114807566863,0.009328114807566863,-0.37243947858472587,3,9.32944679896511
geometry_no_feedback,calibration,0.85,6,0.6,0.8566108007448789,-0.37243947858472587,13.018125818358712,0.6033519553072626,0.007662835249042145,0.007662835249042145,-0.37243947858472587,3,13.018125818358712
geometry_no_feedback,calibration,0.85,6,0.7,0.8547486033519553,-0.5586592178770888,15.98041106024003,0.7039106145251397,0.009585452303898906,0.009585452303898906,-0.5586592178770888,3,15.98041106024003
geometry_no_feedback,calibration,0.85,6,0.8,0.8528864059590316,-0.7448789571694555,18.25839404468003,0.8044692737430168,0.010997446751327017,0.010997446751327017,-0.7448789571694555,3,18.25839404468003
geometry_no_feedback,calibration,0.85,6,0.9,0.8528864059590316,-0.7448789571694555,20.90133823308873,0.9050279329608939,0.00966183574879227,0.00966183574879227,-0.7448789571694555,3,20.90133823308873
geometry_no_feedback,calibration,0.85,6,1.0,0.8491620111731844,-1.1173184357541888,23.609940151907548,1.0,0.012987012987012988,0.012987012987012988,-1.1173184357541888,3,23.609940151907548
geometry_no_feedback,calibration,0.85,7,0.1,0.8603351955307262,0.0,1.561923053172683,0.1005586592178771,0.0,0.0,0.0,3,1.561923053172683
geometry_no_feedback,calibration,0.85,7,0.2,0.8603351955307262,0.0,2.9509432155148896,0.2011173184357542,0.0,0.0,0.0,3,2.9509432155148896
geometry_no_feedback,calibration,0.85,7,0.3,0.8603351955307262,0.0,4.565921747579426,0.3016759776536313,0.0,0.0,0.0,3,4.565921747579426
geometry_no_feedback,calibration,0.85,7,0.4,0.8584729981378026,-0.18621973929236293,6.681083642403559,0.4022346368715084,0.006060606060606061,0.006060606060606061,-0.18621973929236293,3,6.681083642403559
geometry_no_feedback,calibration,0.85,7,0.5,0.8566108007448789,-0.37243947858472587,8.671357224681767,0.5027932960893855,0.009328114807566863,0.009328114807566863,-0.37243947858472587,3,8.671357224681767
geometry_no_feedback,calibration,0.85,7,0.6,0.8566108007448789,-0.37243947858472587,12.318196769034762,0.6033519553072626,0.007662835249042145,0.007662835249042145,-0.37243947858472587,3,12.318196769034762
geometry_no_feedback,calibration,0.85,7,0.7,0.8547486033519553,-0.5586592178770888,15.216588595718513,0.7039106145251397,0.009585452303898906,0.009585452303898906,-0.5586592178770888,3,15.216588595718513
geometry_no_feedback,calibration,0.85,7,0.8,0.8528864059590316,-0.7448789571694555,17.409380359895103,0.8044692737430168,0.010997446751327017,0.010997446751327017,-0.7448789571694555,3,17.409380359895103
geometry_no_feedback,calibration,0.85,7,0.9,0.8528864059590316,-0.7448789571694555,19.955035166582867,0.9050279329608939,0.00966183574879227,0.00966183574879227,-0.7448789571694555,3,19.955035166582867
geometry_no_feedback,calibration,0.85,7,1.0,0.8491620111731844,-1.1173184357541888,22.580084157835635,1.0,0.012987012987012988,0.012987012987012988,-1.1173184357541888,3,22.580084157835635
geometry_no_feedback,calibration,0.85,8,0.1,0.8603351955307262,0.0,1.2924869157123653,0.1005586592178771,0.0,0.0,0.0,3,1.2924869157123653
geometry_no_feedback,calibration,0.85,8,0.2,0.8603351955307262,0.0,2.4700412975782258,0.2011173184357542,0.0,0.0,0.0,3,2.4700412975782258
geometry_no_feedback,calibration,0.85,8,0.3,0.8603351955307262,0.0,3.9194262446928807,0.3016759776536313,0.0,0.0,0.0,3,3.9194262446928807
geometry_no_feedback,calibration,0.85,8,0.4,0.8584729981378026,-0.18621973929236293,5.561247572491308,0.4022346368715084,0.006060606060606061,0.006060606060606061,-0.18621973929236293,3,5.561247572491308
geometry_no_feedback,calibration,0.85,8,0.5,0.8566108007448789,-0.37243947858472587,7.236212821782743,0.5027932960893855,0.009328114807566863,0.009328114807566863,-0.37243947858472587,3,7.236212821782743
geometry_no_feedback,calibration,0.85,8,0.6,0.8566108007448789,-0.37243947858472587,10.403410673350907,0.6033519553072626,0.007662835249042145,0.007662835249042145,-0.37243947858472587,3,10.403410673350907
geometry_no_feedback,calibration,0.85,8,0.7,0.8547486033519553,-0.5586592178770888,12.895757956116446,0.7039106145251397,0.009585452303898906,0.009585452303898906,-0.5586592178770888,3,12.895757956116446
geometry_no_feedback,calibration,0.85,8,0.8,0.8528864059590316,-0.7448789571694555,14.802604633343798,0.8044692737430168,0.010997446751327017,0.010997446751327017,-0.7448789571694555,3,14.802604633343798
geometry_no_feedback,calibration,0.85,8,0.9,0.8528864059590316,-0.7448789571694555,16.533397856861114,0.9050279329608939,0.00966183574879227,0.00966183574879227,-0.7448789571694555,3,16.533397856861114
geometry_no_feedback,calibration,0.85,8,1.0,0.8491620111731844,-1.1173184357541888,18.00886946461856,1.0,0.012987012987012988,0.012987012987012988,-1.1173184357541888,3,18.00886946461856
geometry_no_feedback,calibration,0.88,4,0.1,0.8603351955307262,0.0,1.46009686090518,0.1005586592178771,0.0,0.0,0.0,3,1.46009686090518
geometry_no_feedback,calibration,0.88,4,0.2,0.8603351955307262,0.0,3.1911421294528584,0.2011173184357542,0.0,0.0,0.0,3,3.1911421294528584
geometry_no_feedback,calibration,0.88,4,0.3,0.8603351955307262,0.0,4.537818726693714,0.3016759776536313,0.0,0.0,0.0,3,4.537818726693714
geometry_no_feedback,calibration,0.88,4,0.4,0.8584729981378026,-0.18621973929236293,6.408244897033311,0.4022346368715084,0.006060606060606061,0.006060606060606061,-0.18621973929236293,3,6.408244897033311
geometry_no_feedback,calibration,0.88,4,0.5,0.8566108007448789,-0.37243947858472587,8.22107877793448,0.5027932960893855,0.009328114807566863,0.009328114807566863,-0.37243947858472587,3,8.22107877793448
geometry_no_feedback,calibration,0.88,4,0.6,0.8566108007448789,-0.37243947858472587,11.682917269999459,0.6033519553072626,0.007662835249042145,0.007662835249042145,-0.37243947858472587,3,11.682917269999459
geometry_no_feedback,calibration,0.88,4,0.7,0.8547486033519553,-0.5586592178770888,14.485658007659652,0.7039106145251397,0.009585452303898906,0.009585452303898906,-0.5586592178770888,3,14.485658007659652
geometry_no_feedback,calibration,0.88,4,0.8,0.8528864059590316,-0.7448789571694555,16.508319376339784,0.8044692737430168,0.010997446751327017,0.010997446751327017,-0.7448789571694555,3,16.508319376339784
geometry_no_feedback,calibration,0.88,4,0.9,0.8528864059590316,-0.7448789571694555,18.992727240648815,0.9050279329608939,0.00966183574879227,0.00966183574879227,-0.7448789571694555,3,18.992727240648815
geometry_no_feedback,calibration,0.88,4,1.0,0.8491620111731844,-1.1173184357541888,21.658733549335928,1.0,0.012987012987012988,0.012987012987012988,-1.1173184357541888,3,21.658733549335928
geometry_no_feedback,calibration,0.88,5,0.1,0.8603351955307262,0.0,1.46009686090518,0.1005586592178771,0.0,0.0,0.0,3,1.46009686090518
geometry_no_feedback,calibration,0.88,5,0.2,0.8603351955307262,0.0,3.1911421294528584,0.2011173184357542,0.0,0.0,0.0,3,3.1911421294528584
geometry_no_feedback,calibration,0.88,5,0.3,0.8603351955307262,0.0,4.537818726693714,0.3016759776536313,0.0,0.0,0.0,3,4.537818726693714
geometry_no_feedback,calibration,0.88,5,0.4,0.8584729981378026,-0.18621973929236293,6.406606604335937,0.4022346368715084,0.006060606060606061,0.006060606060606061,-0.18621973929236293,3,6.406606604335937
geometry_no_feedback,calibration,0.88,5,0.5,0.8566108007448789,-0.37243947858472587,8.217802192539729,0.5027932960893855,0.009328114807566863,0.009328114807566863,-0.37243947858472587,3,8.217802192539729
geometry_no_feedback,calibration,0.88,5,0.6,0.8566108007448789,-0.37243947858472587,11.67800239190735,0.6033519553072626,0.007662835249042145,0.007662835249042145,-0.37243947858472587,3,11.67800239190735
geometry_no_feedback,calibration,0.88,5,0.7,0.8547486033519553,-0.5586592178770888,14.480743129567538,0.7039106145251397,0.009585452303898906,0.009585452303898906,-0.5586592178770888,3,14.480743129567538
geometry_no_feedback,calibration,0.88,5,0.8,0.8528864059590316,-0.7448789571694555,16.503404498247665,0.8044692737430168,0.010997446751327017,0.010997446751327017,-0.7448789571694555,3,16.503404498247665
geometry_no_feedback,calibration,0.88,5,0.9,0.8528864059590316,-0.7448789571694555,18.987812362556703,0.9050279329608939,0.00966183574879227,0.00966183574879227,-0.7448789571694555,3,18.987812362556703
geometry_no_feedback,calibration,0.88,5,1.0,0.8491620111731844,-1.1173184357541888,21.65381867124381,1.0,0.012987012987012988,0.012987012987012988,-1.1173184357541888,3,21.65381867124381
geometry_no_feedback,calibration,0.88,6,0.1,0.8603351955307262,0.0,1.46009686090518,0.1005586592178771,0.0,0.0,0.0,3,1.46009686090518
geometry_no_feedback,calibration,0.88,6,0.2,0.8603351955307262,0.0,3.1911421294528584,0.2011173184357542,0.0,0.0,0.0,3,3.1911421294528584
geometry_no_feedback,calibration,0.88,6,0.3,0.8603351955307262,0.0,4.537818726693714,0.3016759776536313,0.0,0.0,0.0,3,4.537818726693714
geometry_no_feedback,calibration,0.88,6,0.4,0.8584729981378026,-0.18621973929236293,6.402069793789367,0.4022346368715084,0.006060606060606061,0.006060606060606061,-0.18621973929236293,3,6.402069793789367
geometry_no_feedback,calibration,0.88,6,0.5,0.8566108007448789,-0.37243947858472587,8.208728571446581,0.5027932960893855,0.009328114807566863,0.009328114807566863,-0.37243947858472587,3,8.208728571446581
geometry_no_feedback,calibration,0.88,6,0.6,0.8566108007448789,-0.37243947858472587,11.632130196380896,0.6033519553072626,0.007662835249042145,0.007662835249042145,-0.37243947858472587,3,11.632130196380896
geometry_no_feedback,calibration,0.88,6,0.7,0.8547486033519553,-0.5586592178770888,14.403995417821355,0.7039106145251397,0.009585452303898906,0.009585452303898906,-0.5586592178770888,3,14.403995417821355
geometry_no_feedback,calibration,0.88,6,0.8,0.8528864059590316,-0.7448789571694555,16.426656786501486,0.8044692737430168,0.010997446751327017,0.010997446751327017,-0.7448789571694555,3,16.426656786501486
geometry_no_feedback,calibration,0.88,6,0.9,0.8528864059590316,-0.7448789571694555,18.80243324272315,0.9050279329608939,0.00966183574879227,0.00966183574879227,-0.7448789571694555,3,18.80243324272315
geometry_no_feedback,calibration,0.88,6,1.0,0.8491620111731844,-1.1173184357541888,21.310155272340957,1.0,0.012987012987012988,0.012987012987012988,-1.1173184357541888,3,21.310155272340957
geometry_no_feedback,calibration,0.88,7,0.1,0.8603351955307262,0.0,1.46009686090518,0.1005586592178771,0.0,0.0,0.0,3,1.46009686090518
geometry_no_feedback,calibration,0.88,7,0.2,0.8603351955307262,0.0,2.755986384527472,0.2011173184357542,0.0,0.0,0.0,3,2.755986384527472
geometry_no_feedback,calibration,0.88,7,0.3,0.8603351955307262,0.0,4.001844969622285,0.3016759776536313,0.0,0.0,0.0,3,4.001844969622285
geometry_no_feedback,calibration,0.88,7,0.4,0.8584729981378026,-0.18621973929236293,5.861685248686539,0.4022346368715084,0.006060606060606061,0.006060606060606061,-0.18621973929236293,3,5.861685248686539
geometry_no_feedback,calibration,0.88,7,0.5,0.8566108007448789,-0.37243947858472587,7.613524232239336,0.5027932960893855,0.009328114807566863,0.009328114807566863,-0.37243947858472587,3,7.613524232239336
geometry_no_feedback,calibration,0.88,7,0.6,0.8566108007448789,-0.37243947858472587,11.018652592472177,0.6033519553072626,0.007662835249042145,0.007662835249042145,-0.37243947858472587,3,11.018652592472177
geometry_no_feedback,calibration,0.88,7,0.7,0.8547486033519553,-0.5586592178770888,13.773252729332631,0.7039106145251397,0.009585452303898906,0.009585452303898906,-0.5586592178770888,3,13.773252729332631
geometry_no_feedback,calibration,0.88,7,0.8,0.8528864059590316,-0.7448789571694555,15.748025542243383,0.8044692737430168,0.010997446751327017,0.010997446751327017,-0.7448789571694555,3,15.748025542243383
geometry_no_feedback,calibration,0.88,7,0.9,0.8528864059590316,-0.7448789571694555,18.057514155479023,0.9050279329608939,0.00966183574879227,0.00966183574879227,-0.7448789571694555,3,18.057514155479023
geometry_no_feedback,calibration,0.88,7,1.0,0.8491620111731844,-1.1173184357541888,20.510164345962057,1.0,0.012987012987012988,0.012987012987012988,-1.1173184357541888,3,20.510164345962057
geometry_no_feedback,calibration,0.88,8,0.1,0.8603351955307262,0.0,1.2139748887536328,0.1005586592178771,0.0,0.0,0.0,3,1.2139748887536328
geometry_no_feedback,calibration,0.88,8,0.2,0.8603351955307262,0.0,2.350823998215527,0.2011173184357542,0.0,0.0,0.0,3,2.350823998215527
geometry_no_feedback,calibration,0.88,8,0.3,0.8603351955307262,0.0,3.510357160410286,0.3016759776536313,0.0,0.0,0.0,3,3.510357160410286
geometry_no_feedback,calibration,0.88,8,0.4,0.8584729981378026,-0.18621973929236293,5.038758224544408,0.4022346368715084,0.006060606060606061,0.006060606060606061,-0.18621973929236293,3,5.038758224544408
geometry_no_feedback,calibration,0.88,8,0.5,0.8566108007448789,-0.37243947858472587,6.571696099225089,0.5027932960893855,0.009328114807566863,0.009328114807566863,-0.37243947858472587,3,6.571696099225089
geometry_no_feedback,calibration,0.88,8,0.6,0.8566108007448789,-0.37243947858472587,9.70020503863221,0.6033519553072626,0.007662835249042145,0.007662835249042145,-0.37243947858472587,3,9.70020503863221
geometry_no_feedback,calibration,0.88,8,0.7,0.8547486033519553,-0.5586592178770888,12.11504847456047,0.7039106145251397,0.009585452303898906,0.009585452303898906,-0.5586592178770888,3,12.11504847456047
geometry_no_feedback,calibration,0.88,8,0.8,0.8528864059590316,-0.7448789571694555,13.900409447151834,0.8044692737430168,0.010997446751327017,0.010997446751327017,-0.7448789571694555,3,13.900409447151834
geometry_no_feedback,calibration,0.88,8,0.9,0.8528864059590316,-0.7448789571694555,15.562016309833925,0.9050279329608939,0.00966183574879227,0.00966183574879227,-0.7448789571694555,3,15.562016309833925
geometry_no_feedback,calibration,0.88,8,1.0,0.8491620111731844,-1.1173184357541888,16.974098592454535,1.0,0.012987012987012988,0.012987012987012988,-1.1173184357541888,3,16.974098592454535
geometry_no_feedback,calibration,0.9,4,0.1,0.8603351955307262,0.0,1.2987880414714918,0.1005586592178771,0.0,0.0,0.0,3,1.2987880414714918
geometry_no_feedback,calibration,0.9,4,0.2,0.8603351955307262,0.0,2.4850379768849553,0.2011173184357542,0.0,0.0,0.0,3,2.4850379768849553
geometry_no_feedback,calibration,0.9,4,0.3,0.8603351955307262,0.0,3.6759507453601716,0.3016759776536313,0.0,0.0,0.0,3,3.6759507453601716
geometry_no_feedback,calibration,0.9,4,0.4,0.8584729981378026,-0.18621973929236293,5.466604663589207,0.4022346368715084,0.006060606060606061,0.006060606060606061,-0.18621973929236293,3,5.466604663589207
geometry_no_feedback,calibration,0.9,4,0.5,0.8566108007448789,-0.37243947858472587,7.119137905178141,0.5027932960893855,0.009328114807566863,0.009328114807566863,-0.37243947858472587,3,7.119137905178141
geometry_no_feedback,calibration,0.9,4,0.6,0.8566108007448789,-0.37243947858472587,10.382742980860966,0.6033519553072626,0.007662835249042145,0.007662835249042145,-0.37243947858472587,3,10.382742980860966
geometry_no_feedback,calibration,0.9,4,0.7,0.8547486033519553,-0.5586592178770888,13.024426944117844,0.7039106145251397,0.009585452303898906,0.009585452303898906,-0.5586592178770888,3,13.024426944117844
geometry_no_feedback,calibration,0.9,4,0.8,0.8528864059590316,-0.7448789571694555,14.849358986476524,0.8044692737430168,0.010997446751327017,0.010997446751327017,-0.7448789571694555,3,14.849358986476524
geometry_no_feedback,calibration,0.9,4,0.9,0.8528864059590316,-0.7448789571694555,17.061054127930507,0.9050279329608939,0.00966183574879227,0.00966183574879227,-0.7448789571694555,3,17.061054127930507
geometry_no_feedback,calibration,0.9,4,1.0,0.8491620111731844,-1.1173184357541888,19.419817544602523,1.0,0.012987012987012988,0.012987012987012988,-1.1173184357541888,3,19.419817544602523
geometry_no_feedback,calibration,0.9,5,0.1,0.8603351955307262,0.0,1.2987880414714918,0.1005586592178771,0.0,0.0,0.0,3,1.2987880414714918
geometry_no_feedback,calibration,0.9,5,0.2,0.8603351955307262,0.0,2.4850379768849553,0.2011173184357542,0.0,0.0,0.0,3,2.4850379768849553
geometry_no_feedback,calibration,0.9,5,0.3,0.8603351955307262,0.0,3.6759507453601716,0.3016759776536313,0.0,0.0,0.0,3,3.6759507453601716
geometry_no_feedback,calibration,0.9,5,0.4,0.8584729981378026,-0.18621973929236293,5.464966370891829,0.4022346368715084,0.006060606060606061,0.006060606060606061,-0.18621973929236293,3,5.464966370891829
geometry_no_feedback,calibration,0.9,5,0.5,0.8566108007448789,-0.37243947858472587,7.1158613197834,0.5027932960893855,0.009328114807566863,0.009328114807566863,-0.37243947858472587,3,7.1158613197834
geometry_no_feedback,calibration,0.9,5,0.6,0.8566108007448789,-0.37243947858472587,10.377828102768849,0.6033519553072626,0.007662835249042145,0.007662835249042145,-0.37243947858472587,3,10.377828102768849
geometry_no_feedback,calibration,0.9,5,0.7,0.8547486033519553,-0.5586592178770888,13.019512066025722,0.7039106145251397,0.009585452303898906,0.009585452303898906,-0.5586592178770888,3,13.019512066025722
geometry_no_feedback,calibration,0.9,5,0.8,0.8528864059590316,-0.7448789571694555,14.844444108384414,0.8044692737430168,0.010997446751327017,0.010997446751327017,-0.7448789571694555,3,14.844444108384414
geometry_no_feedback,calibration,0.9,5,0.9,0.8528864059590316,-0.7448789571694555,17.05613924983838,0.9050279329608939,0.00966183574879227,0.00966183574879227,-0.7448789571694555,3,17.05613924983838
geometry_no_feedback,calibration,0.9,5,1.0,0.8491620111731844,-1.1173184357541888,19.414902666510404,1.0,0.012987012987012988,0.012987012987012988,-1.1173184357541888,3,19.414902666510404
geometry_no_feedback,calibration,0.9,6,0.1,0.8603351955307262,0.0,1.2987880414714918,0.1005586592178771,0.0,0.0,0.0,3,1.2987880414714918
geometry_no_feedback,calibration,0.9,6,0.2,0.8603351955307262,0.0,2.4850379768849553,0.2011173184357542,0.0,0.0,0.0,3,2.4850379768849553
geometry_no_feedback,calibration,0.9,6,0.3,0.8603351955307262,0.0,3.6759507453601716,0.3016759776536313,0.0,0.0,0.0,3,3.6759507453601716
geometry_no_feedback,calibration,0.9,6,0.4,0.8584729981378026,-0.18621973929236293,5.460429560345263,0.4022346368715084,0.006060606060606061,0.006060606060606061,-0.18621973929236293,3,5.460429560345263
geometry_no_feedback,calibration,0.9,6,0.5,0.8566108007448789,-0.37243947858472587,7.106787698690257,0.5027932960893855,0.009328114807566863,0.009328114807566863,-0.37243947858472587,3,7.106787698690257
geometry_no_feedback,calibration,0.9,6,0.6,0.8566108007448789,-0.37243947858472587,10.364217671129131,0.6033519553072626,0.007662835249042145,0.007662835249042145,-0.37243947858472587,3,10.364217671129131
geometry_no_feedback,calibration,0.9,6,0.7,0.8547486033519553,-0.5586592178770888,13.005901634386008,0.7039106145251397,0.009585452303898906,0.009585452303898906,-0.5586592178770888,3,13.005901634386008
geometry_no_feedback,calibration,0.9,6,0.8,0.8528864059590316,-0.7448789571694555,14.830833676744696,0.8044692737430168,0.010997446751327017,0.010997446751327017,-0.7448789571694555,3,14.830833676744696
geometry_no_feedback,calibration,0.9,6,0.9,0.8528864059590316,-0.7448789571694555,17.042528818198665,0.9050279329608939,0.00966183574879227,0.00966183574879227,-0.7448789571694555,3,17.042528818198665
geometry_no_feedback,calibration,0.9,6,1.0,0.8491620111731844,-1.1173184357541888,19.40129223487068,1.0,0.012987012987012988,0.012987012987012988,-1.1173184357541888,3,19.40129223487068
geometry_no_feedback,calibration,0.9,7,0.1,0.8603351955307262,0.0,1.2987880414714918,0.1005586592178771,0.0,0.0,0.0,3,1.2987880414714918
geometry_no_feedback,calibration,0.9,7,0.2,0.8603351955307262,0.0,2.4850379768849553,0.2011173184357542,0.0,0.0,0.0,3,2.4850379768849553
geometry_no_feedback,calibration,0.9,7,0.3,0.8603351955307262,0.0,3.6759507453601716,0.3016759776536313,0.0,0.0,0.0,3,3.6759507453601716
geometry_no_feedback,calibration,0.9,7,0.4,0.8584729981378026,-0.18621973929236293,5.456018772313868,0.4022346368715084,0.006060606060606061,0.006060606060606061,-0.18621973929236293,3,5.456018772313868
geometry_no_feedback,calibration,0.9,7,0.5,0.8566108007448789,-0.37243947858472587,7.097966122627471,0.5027932960893855,0.009328114807566863,0.009328114807566863,-0.37243947858472587,3,7.097966122627471
geometry_no_feedback,calibration,0.9,7,0.6,0.8566108007448789,-0.37243947858472587,10.33712283036488,0.6033519553072626,0.007662835249042145,0.007662835249042145,-0.37243947858472587,3,10.33712283036488
geometry_no_feedback,calibration,0.9,7,0.7,0.8547486033519553,-0.5586592178770888,12.961541709041747,0.7039106145251397,0.009585452303898906,0.009585452303898906,-0.5586592178770888,3,12.961541709041747
geometry_no_feedback,calibration,0.9,7,0.8,0.8528864059590316,-0.7448789571694555,14.782188985884218,0.8044692737430168,0.010997446751327017,0.010997446751327017,-0.7448789571694555,3,14.782188985884218
geometry_no_feedback,calibration,0.9,7,0.9,0.8528864059590316,-0.7448789571694555,16.930872869746914,0.9050279329608939,0.00966183574879227,0.00966183574879227,-0.7448789571694555,3,16.930872869746914
geometry_no_feedback,calibration,0.9,7,1.0,0.8491620111731844,-1.1173184357541888,19.26443178338242,1.0,0.012987012987012988,0.012987012987012988,-1.1173184357541888,3,19.26443178338242
geometry_no_feedback,calibration,0.9,8,0.1,0.8603351955307262,0.0,1.187384138050111,0.1005586592178771,0.0,0.0,0.0,3,1.187384138050111
geometry_no_feedback,calibration,0.9,8,0.2,0.8603351955307262,0.0,2.267145048134308,0.2011173184357542,0.0,0.0,0.0,3,2.267145048134308
geometry_no_feedback,calibration,0.9,8,0.3,0.8603351955307262,0.0,3.390635770986853,0.3016759776536313,0.0,0.0,0.0,3,3.390635770986853
geometry_no_feedback,calibration,0.9,8,0.4,0.8584729981378026,-0.18621973929236293,4.919036835120964,0.4022346368715084,0.006060606060606061,0.006060606060606061,-0.18621973929236293,3,4.919036835120964
geometry_no_feedback,calibration,0.9,8,0.5,0.8566108007448789,-0.37243947858472587,6.403582063971551,0.5027932960893855,0.009328114807566863,0.009328114807566863,-0.37243947858472587,3,6.403582063971551
geometry_no_feedback,calibration,0.9,8,0.6,0.8566108007448789,-0.37243947858472587,9.43870831962839,0.6033519553072626,0.007662835249042145,0.007662835249042145,-0.37243947858472587,3,9.43870831962839
geometry_no_feedback,calibration,0.9,8,0.7,0.8547486033519553,-0.5586592178770888,11.791044588026097,0.7039106145251397,0.009585452303898906,0.009585452303898906,-0.5586592178770888,3,11.791044588026097
geometry_no_feedback,calibration,0.9,8,0.8,0.8528864059590316,-0.7448789571694555,13.514906573208382,0.8044692737430168,0.010997446751327017,0.010997446751327017,-0.7448789571694555,3,13.514906573208382
geometry_no_feedback,calibration,0.9,8,0.9,0.8528864059590316,-0.7448789571694555,15.088423697777845,0.9050279329608939,0.00966183574879227,0.00966183574879227,-0.7448789571694555,3,15.088423697777845
geometry_no_feedback,calibration,0.9,8,1.0,0.8491620111731844,-1.1173184357541888,16.43724267777681,1.0,0.012987012987012988,0.012987012987012988,-1.1173184357541888,3,16.43724267777681
geometry_no_feedback,calibration,0.92,4,0.1,0.8603351955307262,0.0,1.153736126496363,0.1005586592178771,0.0,0.0,0.0,3,1.153736126496363
geometry_no_feedback,calibration,0.92,4,0.2,0.8603351955307262,0.0,2.235765441853854,0.2011173184357542,0.0,0.0,0.0,3,2.235765441853854
geometry_no_feedback,calibration,0.92,4,0.3,0.8603351955307262,0.0,3.3293888286081263,0.3016759776536313,0.0,0.0,0.0,3,3.3293888286081263
geometry_no_feedback,calibration,0.92,4,0.4,0.8584729981378026,-0.18621973929236293,4.866863513835384,0.4022346368715084,0.006060606060606061,0.006060606060606061,-0.18621973929236293,3,4.866863513835384
geometry_no_feedback,calibration,0.92,4,0.5,0.8566108007448789,-0.37243947858472587,6.372454502721462,0.5027932960893855,0.009328114807566863,0.009328114807566863,-0.37243947858472587,3,6.372454502721462
geometry_no_feedback,calibration,0.92,4,0.6,0.8566108007448789,-0.37243947858472587,9.42988674356561,0.6033519553072626,0.007662835249042145,0.007662835249042145,-0.37243947858472587,3,9.42988674356561
geometry_no_feedback,calibration,0.92,4,0.7,0.8547486033519553,-0.5586592178770888,11.791296633056469,0.7039106145251397,0.009585452303898906,0.009585452303898906,-0.5586592178770888,3,11.791296633056469
geometry_no_feedback,calibration,0.92,4,0.8,0.8528864059590316,-0.7448789571694555,13.497893533658733,0.8044692737430168,0.010997446751327017,0.010997446751327017,-0.7448789571694555,3,13.497893533658733
geometry_no_feedback,calibration,0.92,4,0.9,0.8528864059590316,-0.7448789571694555,15.592009668447368,0.9050279329608939,0.00966183574879227,0.00966183574879227,-0.7448789571694555,3,15.592009668447368
geometry_no_feedback,calibration,0.92,4,1.0,0.8491620111731844,-1.1173184357541888,17.84403201475977,1.0,0.012987012987012988,0.012987012987012988,-1.1173184357541888,3,17.84403201475977
geometry_no_feedback,calibration,0.92,5,0.1,0.8603351955307262,0.0,1.153736126496363,0.1005586592178771,0.0,0.0,0.0,3,1.153736126496363
geometry_no_feedback,calibration,0.92,5,0.2,0.8603351955307262,0.0,2.235765441853854,0.2011173184357542,0.0,0.0,0.0,3,2.235765441853854
geometry_no_feedback,calibration,0.92,5,0.3,0.8603351955307262,0.0,3.3293888286081263,0.3016759776536313,0.0,0.0,0.0,3,3.3293888286081263
geometry_no_feedback,calibration,0.92,5,0.4,0.8584729981378026,-0.18621973929236293,4.866863513835384,0.4022346368715084,0.006060606060606061,0.006060606060606061,-0.18621973929236293,3,4.866863513835384
geometry_no_feedback,calibration,0.92,5,0.5,0.8566108007448789,-0.37243947858472587,6.372454502721462,0.5027932960893855,0.009328114807566863,0.009328114807566863,-0.37243947858472587,3,6.372454502721462
geometry_no_feedback,calibration,0.92,5,0.6,0.8566108007448789,-0.37243947858472587,9.42988674356561,0.6033519553072626,0.007662835249042145,0.007662835249042145,-0.37243947858472587,3,9.42988674356561
geometry_no_feedback,calibration,0.92,5,0.7,0.8547486033519553,-0.5586592178770888,11.791296633056469,0.7039106145251397,0.009585452303898906,0.009585452303898906,-0.5586592178770888,3,11.791296633056469
geometry_no_feedback,calibration,0.92,5,0.8,0.8528864059590316,-0.7448789571694555,13.497893533658733,0.8044692737430168,0.010997446751327017,0.010997446751327017,-0.7448789571694555,3,13.497893533658733
geometry_no_feedback,calibration,0.92,5,0.9,0.8528864059590316,-0.7448789571694555,15.592009668447368,0.9050279329608939,0.00966183574879227,0.00966183574879227,-0.7448789571694555,3,15.592009668447368
geometry_no_feedback,calibration,0.92,5,1.0,0.8491620111731844,-1.1173184357541888,17.84403201475977,1.0,0.012987012987012988,0.012987012987012988,-1.1173184357541888,3,17.84403201475977
geometry_no_feedback,calibration,0.92,6,0.1,0.8603351955307262,0.0,1.153736126496363,0.1005586592178771,0.0,0.0,0.0,3,1.153736126496363
geometry_no_feedback,calibration,0.92,6,0.2,0.8603351955307262,0.0,2.235765441853854,0.2011173184357542,0.0,0.0,0.0,3,2.235765441853854
geometry_no_feedback,calibration,0.92,6,0.3,0.8603351955307262,0.0,3.3293888286081263,0.3016759776536313,0.0,0.0,0.0,3,3.3293888286081263
geometry_no_feedback,calibration,0.92,6,0.4,0.8584729981378026,-0.18621973929236293,4.862326703288814,0.4022346368715084,0.006060606060606061,0.006060606060606061,-0.18621973929236293,3,4.862326703288814
geometry_no_feedback,calibration,0.92,6,0.5,0.8566108007448789,-0.37243947858472587,6.363380881628315,0.5027932960893855,0.009328114807566863,0.009328114807566863,-0.37243947858472587,3,6.363380881628315
geometry_no_feedback,calibration,0.92,6,0.6,0.8566108007448789,-0.37243947858472587,9.416276311925895,0.6033519553072626,0.007662835249042145,0.007662835249042145,-0.37243947858472587,3,9.416276311925895
geometry_no_feedback,calibration,0.92,6,0.7,0.8547486033519553,-0.5586592178770888,11.777686201416754,0.7039106145251397,0.009585452303898906,0.009585452303898906,-0.5586592178770888,3,11.777686201416754
geometry_no_feedback,calibration,0.92,6,0.8,0.8528864059590316,-0.7448789571694555,13.484283102019013,0.8044692737430168,0.010997446751327017,0.010997446751327017,-0.7448789571694555,3,13.484283102019013
geometry_no_feedback,calibration,0.92,6,0.9,0.8528864059590316,-0.7448789571694555,15.578399236807648,0.9050279329608939,0.00966183574879227,0.00966183574879227,-0.7448789571694555,3,15.578399236807648
geometry_no_feedback,calibration,0.92,6,1.0,0.8491620111731844,-1.1173184357541888,17.83042158312005,1.0,0.012987012987012988,0.012987012987012988,-1.1173184357541888,3,17.83042158312005
geometry_no_feedback,calibration,0.92,7,0.1,0.8603351955307262,0.0,1.153736126496363,0.1005586592178771,0.0,0.0,0.0,3,1.153736126496363
geometry_no_feedback,calibration,0.92,7,0.2,0.8603351955307262,0.0,2.235765441853854,0.2011173184357542,0.0,0.0,0.0,3,2.235765441853854
geometry_no_feedback,calibration,0.92,7,0.3,0.8603351955307262,0.0,3.3293888286081263,0.3016759776536313,0.0,0.0,0.0,3,3.3293888286081263
geometry_no_feedback,calibration,0.92,7,0.4,0.8584729981378026,-0.18621973929236293,4.857915915257423,0.4022346368715084,0.006060606060606061,0.006060606060606061,-0.18621973929236293,3,4.857915915257423
geometry_no_feedback,calibration,0.92,7,0.5,0.8566108007448789,-0.37243947858472587,6.35455930556554,0.5027932960893855,0.009328114807566863,0.009328114807566863,-0.37243947858472587,3,6.35455930556554
geometry_no_feedback,calibration,0.92,7,0.6,0.8566108007448789,-0.37243947858472587,9.39523055189041,0.6033519553072626,0.007662835249042145,0.007662835249042145,-0.37243947858472587,3,9.39523055189041
geometry_no_feedback,calibration,0.92,7,0.7,0.8547486033519553,-0.5586592178770888,11.749079090470312,0.7039106145251397,0.009585452303898906,0.009585452303898906,-0.5586592178770888,3,11.749079090470312
geometry_no_feedback,calibration,0.92,7,0.8,0.8528864059590316,-0.7448789571694555,13.45567599107257,0.8044692737430168,0.010997446751327017,0.010997446751327017,-0.7448789571694555,3,13.45567599107257
geometry_no_feedback,calibration,0.92,7,0.9,0.8528864059590316,-0.7448789571694555,15.533787266433023,0.9050279329608939,0.00966183574879227,0.00966183574879227,-0.7448789571694555,3,15.533787266433023
geometry_no_feedback,calibration,0.92,7,1.0,0.8491620111731844,-1.1173184357541888,17.76841850565023,1.0,0.012987012987012988,0.012987012987012988,-1.1173184357541888,3,17.76841850565023
geometry_no_feedback,calibration,0.92,8,0.1,0.8603351955307262,0.0,1.1517197662534413,0.1005586592178771,0.0,0.0,0.0,3,1.1517197662534413
geometry_no_feedback,calibration,0.92,8,0.2,0.8603351955307262,0.0,2.217366154637194,0.2011173184357542,0.0,0.0,0.0,3,2.217366154637194
geometry_no_feedback,calibration,0.92,8,0.3,0.8603351955307262,0.0,3.269402111381229,0.3016759776536313,0.0,0.0,0.0,3,3.269402111381229
geometry_no_feedback,calibration,0.92,8,0.4,0.8584729981378026,-0.18621973929236293,4.719417171071786,0.4022346368715084,0.006060606060606061,0.006060606060606061,-0.18621973929236293,3,4.719417171071786
geometry_no_feedback,calibration,0.92,8,0.5,0.8566108007448789,-0.37243947858472587,6.137296489390805,0.5027932960893855,0.009328114807566863,0.009328114807566863,-0.37243947858472587,3,6.137296489390805
geometry_no_feedback,calibration,0.92,8,0.6,0.8566108007448789,-0.37243947858472587,9.110671712608184,0.6033519553072626,0.007662835249042145,0.007662835249042145,-0.37243947858472587,3,9.110671712608184
geometry_no_feedback,calibration,0.92,8,0.7,0.8547486033519553,-0.5586592178770888,11.416757717933887,0.7039106145251397,0.009585452303898906,0.009585452303898906,-0.5586592178770888,3,11.416757717933887
geometry_no_feedback,calibration,0.92,8,0.8,0.8528864059590316,-0.7448789571694555,13.073197657493496,0.8044692737430168,0.010997446751327017,0.010997446751327017,-0.7448789571694555,3,13.073197657493496
geometry_no_feedback,calibration,0.92,8,0.9,0.8528864059590316,-0.7448789571694555,14.624282774360468,0.9050279329608939,0.00966183574879227,0.00966183574879227,-0.7448789571694555,3,14.624282774360468
geometry_no_feedback,calibration,0.92,8,1.0,0.8491620111731844,-1.1173184357541888,15.891691209551517,1.0,0.012987012987012988,0.012987012987012988,-1.1173184357541888,3,15.891691209551517
geometry_no_feedback,calibration,0.95,4,0.1,0.8603351955307262,0.0,1.0613616228675442,0.1005586592178771,0.0,0.0,0.0,3,1.0613616228675442
geometry_no_feedback,calibration,0.95,4,0.2,0.8603351955307262,0.0,2.0148479727388127,0.2011173184357542,0.0,0.0,0.0,3,2.0148479727388127
geometry_no_feedback,calibration,0.95,4,0.3,0.8603351955307262,0.0,2.9717369305200156,0.3016759776536313,0.0,0.0,0.0,3,2.9717369305200156
geometry_no_feedback,calibration,0.95,4,0.4,0.8584729981378026,-0.18621973929236293,4.354708012133453,0.4022346368715084,0.006060606060606061,0.006060606060606061,-0.18621973929236293,3,4.354708012133453
geometry_no_feedback,calibration,0.95,4,0.5,0.8566108007448789,-0.37243947858472587,5.732008080563681,0.5027932960893855,0.009328114807566863,0.009328114807566863,-0.37243947858472587,3,5.732008080563681
geometry_no_feedback,calibration,0.95,4,0.6,0.8566108007448789,-0.37243947858472587,8.659133040709058,0.6033519553072626,0.007662835249042145,0.007662835249042145,-0.37243947858472587,3,8.659133040709058
geometry_no_feedback,calibration,0.95,4,0.7,0.8547486033519553,-0.5586592178770888,10.828106549516141,0.7039106145251397,0.009585452303898906,0.009585452303898906,-0.5586592178770888,3,10.828106549516141
geometry_no_feedback,calibration,0.95,4,0.8,0.8528864059590316,-0.7448789571694555,12.245229732744056,0.8044692737430168,0.010997446751327017,0.010997446751327017,-0.7448789571694555,3,12.245229732744056
geometry_no_feedback,calibration,0.95,4,0.9,0.8528864059590316,-0.7448789571694555,14.061214176524787,0.9050279329608939,0.00966183574879227,0.00966183574879227,-0.7448789571694555,3,14.061214176524787
geometry_no_feedback,calibration,0.95,4,1.0,0.8491620111731844,-1.1173184357541888,15.932900572016194,1.0,0.012987012987012988,0.012987012987012988,-1.1173184357541888,3,15.932900572016194
geometry_no_feedback,calibration,0.95,5,0.1,0.8603351955307262,0.0,1.0613616228675442,0.1005586592178771,0.0,0.0,0.0,3,1.0613616228675442
geometry_no_feedback,calibration,0.95,5,0.2,0.8603351955307262,0.0,2.0148479727388127,0.2011173184357542,0.0,0.0,0.0,3,2.0148479727388127
geometry_no_feedback,calibration,0.95,5,0.3,0.8603351955307262,0.0,2.9717369305200156,0.3016759776536313,0.0,0.0,0.0,3,2.9717369305200156
geometry_no_feedback,calibration,0.95,5,0.4,0.8584729981378026,-0.18621973929236293,4.354708012133453,0.4022346368715084,0.006060606060606061,0.006060606060606061,-0.18621973929236293,3,4.354708012133453
geometry_no_feedback,calibration,0.95,5,0.5,0.8566108007448789,-0.37243947858472587,5.732008080563681,0.5027932960893855,0.009328114807566863,0.009328114807566863,-0.37243947858472587,3,5.732008080563681
geometry_no_feedback,calibration,0.95,5,0.6,0.8566108007448789,-0.37243947858472587,8.659133040709058,0.6033519553072626,0.007662835249042145,0.007662835249042145,-0.37243947858472587,3,8.659133040709058
geometry_no_feedback,calibration,0.95,5,0.7,0.8547486033519553,-0.5586592178770888,10.828106549516141,0.7039106145251397,0.009585452303898906,0.009585452303898906,-0.5586592178770888,3,10.828106549516141
geometry_no_feedback,calibration,0.95,5,0.8,0.8528864059590316,-0.7448789571694555,12.245229732744056,0.8044692737430168,0.010997446751327017,0.010997446751327017,-0.7448789571694555,3,12.245229732744056
geometry_no_feedback,calibration,0.95,5,0.9,0.8528864059590316,-0.7448789571694555,14.061214176524787,0.9050279329608939,0.00966183574879227,0.00966183574879227,-0.7448789571694555,3,14.061214176524787
geometry_no_feedback,calibration,0.95,5,1.0,0.8491620111731844,-1.1173184357541888,15.932900572016194,1.0,0.012987012987012988,0.012987012987012988,-1.1173184357541888,3,15.932900572016194
geometry_no_feedback,calibration,0.95,6,0.1,0.8603351955307262,0.0,1.0613616228675442,0.1005586592178771,0.0,0.0,0.0,3,1.0613616228675442
geometry_no_feedback,calibration,0.95,6,0.2,0.8603351955307262,0.0,2.0148479727388127,0.2011173184357542,0.0,0.0,0.0,3,2.0148479727388127
geometry_no_feedback,calibration,0.95,6,0.3,0.8603351955307262,0.0,2.9717369305200156,0.3016759776536313,0.0,0.0,0.0,3,2.9717369305200156
geometry_no_feedback,calibration,0.95,6,0.4,0.8584729981378026,-0.18621973929236293,4.354708012133453,0.4022346368715084,0.006060606060606061,0.006060606060606061,-0.18621973929236293,3,4.354708012133453
geometry_no_feedback,calibration,0.95,6,0.5,0.8566108007448789,-0.37243947858472587,5.732008080563681,0.5027932960893855,0.009328114807566863,0.009328114807566863,-0.37243947858472587,3,5.732008080563681
geometry_no_feedback,calibration,0.95,6,0.6,0.8566108007448789,-0.37243947858472587,8.659133040709058,0.6033519553072626,0.007662835249042145,0.007662835249042145,-0.37243947858472587,3,8.659133040709058
geometry_no_feedback,calibration,0.95,6,0.7,0.8547486033519553,-0.5586592178770888,10.828106549516141,0.7039106145251397,0.009585452303898906,0.009585452303898906,-0.5586592178770888,3,10.828106549516141
geometry_no_feedback,calibration,0.95,6,0.8,0.8528864059590316,-0.7448789571694555,12.245229732744056,0.8044692737430168,0.010997446751327017,0.010997446751327017,-0.7448789571694555,3,12.245229732744056
geometry_no_feedback,calibration,0.95,6,0.9,0.8528864059590316,-0.7448789571694555,14.061214176524787,0.9050279329608939,0.00966183574879227,0.00966183574879227,-0.7448789571694555,3,14.061214176524787
geometry_no_feedback,calibration,0.95,6,1.0,0.8491620111731844,-1.1173184357541888,15.932900572016194,1.0,0.012987012987012988,0.012987012987012988,-1.1173184357541888,3,15.932900572016194
geometry_no_feedback,calibration,0.95,7,0.1,0.8603351955307262,0.0,1.0613616228675442,0.1005586592178771,0.0,0.0,0.0,3,1.0613616228675442
geometry_no_feedback,calibration,0.95,7,0.2,0.8603351955307262,0.0,2.0148479727388127,0.2011173184357542,0.0,0.0,0.0,3,2.0148479727388127
geometry_no_feedback,calibration,0.95,7,0.3,0.8603351955307262,0.0,2.9717369305200156,0.3016759776536313,0.0,0.0,0.0,3,2.9717369305200156
geometry_no_feedback,calibration,0.95,7,0.4,0.8584729981378026,-0.18621973929236293,4.354708012133453,0.4022346368715084,0.006060606060606061,0.006060606060606061,-0.18621973929236293,3,4.354708012133453
geometry_no_feedback,calibration,0.95,7,0.5,0.8566108007448789,-0.37243947858472587,5.732008080563681,0.5027932960893855,0.009328114807566863,0.009328114807566863,-0.37243947858472587,3,5.732008080563681
geometry_no_feedback,calibration,0.95,7,0.6,0.8566108007448789,-0.37243947858472587,8.659133040709058,0.6033519553072626,0.007662835249042145,0.007662835249042145,-0.37243947858472587,3,8.659133040709058
geometry_no_feedback,calibration,0.95,7,0.7,0.8547486033519553,-0.5586592178770888,10.828106549516141,0.7039106145251397,0.009585452303898906,0.009585452303898906,-0.5586592178770888,3,10.828106549516141
geometry_no_feedback,calibration,0.95,7,0.8,0.8528864059590316,-0.7448789571694555,12.245229732744056,0.8044692737430168,0.010997446751327017,0.010997446751327017,-0.7448789571694555,3,12.245229732744056
geometry_no_feedback,calibration,0.95,7,0.9,0.8528864059590316,-0.7448789571694555,14.061214176524787,0.9050279329608939,0.00966183574879227,0.00966183574879227,-0.7448789571694555,3,14.061214176524787
geometry_no_feedback,calibration,0.95,7,1.0,0.8491620111731844,-1.1173184357541888,15.932900572016194,1.0,0.012987012987012988,0.012987012987012988,-1.1173184357541888,3,15.932900572016194
geometry_no_feedback,calibration,0.95,8,0.1,0.8603351955307262,0.0,1.0613616228675442,0.1005586592178771,0.0,0.0,0.0,3,1.0613616228675442
geometry_no_feedback,calibration,0.95,8,0.2,0.8603351955307262,0.0,2.0148479727388127,0.2011173184357542,0.0,0.0,0.0,3,2.0148479727388127
geometry_no_feedback,calibration,0.95,8,0.3,0.8603351955307262,0.0,2.9717369305200156,0.3016759776536313,0.0,0.0,0.0,3,2.9717369305200156
geometry_no_feedback,calibration,0.95,8,0.4,0.8584729981378026,-0.18621973929236293,4.3335362295827835,0.4022346368715084,0.006060606060606061,0.006060606060606061,-0.18621973929236293,3,4.3335362295827835
geometry_no_feedback,calibration,0.95,8,0.5,0.8566108007448789,-0.37243947858472587,5.683867479763942,0.5027932960893855,0.009328114807566863,0.009328114807566863,-0.37243947858472587,3,5.683867479763942
geometry_no_feedback,calibration,0.95,8,0.6,0.8566108007448789,-0.37243947858472587,8.583771576629887,0.6033519553072626,0.007662835249042145,0.007662835249042145,-0.37243947858472587,3,8.583771576629887
geometry_no_feedback,calibration,0.95,8,0.7,0.8547486033519553,-0.5586592178770888,10.731573302886302,0.7039106145251397,0.009585452303898906,0.009585452303898906,-0.5586592178770888,3,10.731573302886302
geometry_no_feedback,calibration,0.95,8,0.8,0.8528864059590316,-0.7448789571694555,12.148696486114218,0.8044692737430168,0.010997446751327017,0.010997446751327017,-0.7448789571694555,3,12.148696486114218
geometry_no_feedback,calibration,0.95,8,0.9,0.8528864059590316,-0.7448789571694555,13.510117717631438,0.9050279329608939,0.00966183574879227,0.00966183574879227,-0.7448789571694555,3,13.510117717631438
geometry_no_feedback,calibration,0.95,8,1.0,0.8491620111731844,-1.1173184357541888,14.452009996105907,1.0,0.012987012987012988,0.012987012987012988,-1.1173184357541888,3,14.452009996105907
geometry_no_feedback,calibration,0.98,4,0.1,0.8603351955307262,0.0,0.8866944168245109,0.1005586592178771,0.0,0.0,0.0,3,0.8866944168245109
geometry_no_feedback,calibration,0.98,4,0.2,0.8603351955307262,0.0,1.686307275657876,0.2011173184357542,0.0,0.0,0.0,3,1.686307275657876
geometry_no_feedback,calibration,0.98,4,0.3,0.8603351955307262,0.0,2.459959496363632,0.3016759776536313,0.0,0.0,0.0,3,2.459959496363632
geometry_no_feedback,calibration,0.98,4,0.4,0.8584729981378026,-0.18621973929236293,3.579543521245506,0.4022346368715084,0.006060606060606061,0.006060606060606061,-0.18621973929236293,3,3.579543521245506
geometry_no_feedback,calibration,0.98,4,0.5,0.8566108007448789,-0.37243947858472587,4.605618839861939,0.5027932960893855,0.009328114807566863,0.009328114807566863,-0.37243947858472587,3,4.605618839861939
geometry_no_feedback,calibration,0.98,4,0.6,0.8566108007448789,-0.37243947858472587,6.019087370149556,0.6033519553072626,0.007662835249042145,0.007662835249042145,-0.37243947858472587,3,6.019087370149556
geometry_no_feedback,calibration,0.98,4,0.7,0.8547486033519553,-0.5586592178770888,7.26645822542656,0.7039106145251397,0.009585452303898906,0.009585452303898906,-0.5586592178770888,3,7.26645822542656
geometry_no_feedback,calibration,0.98,4,0.8,0.8528864059590316,-0.7448789571694555,8.533488593072043,0.8044692737430168,0.010997446751327017,0.010997446751327017,-0.7448789571694555,3,8.533488593072043
geometry_no_feedback,calibration,0.98,4,0.9,0.8528864059590316,-0.7448789571694555,9.775818547741748,0.9050279329608939,0.00966183574879227,0.00966183574879227,-0.7448789571694555,3,9.775818547741748
geometry_no_feedback,calibration,0.98,4,1.0,0.8491620111731844,-1.1173184357541888,10.6267225702544,1.0,0.012987012987012988,0.012987012987012988,-1.1173184357541888,3,10.6267225702544
geometry_no_feedback,calibration,0.98,5,0.1,0.8603351955307262,0.0,0.8866944168245109,0.1005586592178771,0.0,0.0,0.0,3,0.8866944168245109
geometry_no_feedback,calibration,0.98,5,0.2,0.8603351955307262,0.0,1.686307275657876,0.2011173184357542,0.0,0.0,0.0,3,1.686307275657876
geometry_no_feedback,calibration,0.98,5,0.3,0.8603351955307262,0.0,2.459959496363632,0.3016759776536313,0.0,0.0,0.0,3,2.459959496363632
geometry_no_feedback,calibration,0.98,5,0.4,0.8584729981378026,-0.18621973929236293,3.579543521245506,0.4022346368715084,0.006060606060606061,0.006060606060606061,-0.18621973929236293,3,3.579543521245506
geometry_no_feedback,calibration,0.98,5,0.5,0.8566108007448789,-0.37243947858472587,4.605618839861939,0.5027932960893855,0.009328114807566863,0.009328114807566863,-0.37243947858472587,3,4.605618839861939
geometry_no_feedback,calibration,0.98,5,0.6,0.8566108007448789,-0.37243947858472587,6.019087370149556,0.6033519553072626,0.007662835249042145,0.007662835249042145,-0.37243947858472587,3,6.019087370149556
geometry_no_feedback,calibration,0.98,5,0.7,0.8547486033519553,-0.5586592178770888,7.26645822542656,0.7039106145251397,0.009585452303898906,0.009585452303898906,-0.5586592178770888,3,7.26645822542656
geometry_no_feedback,calibration,0.98,5,0.8,0.8528864059590316,-0.7448789571694555,8.533488593072043,0.8044692737430168,0.010997446751327017,0.010997446751327017,-0.7448789571694555,3,8.533488593072043
geometry_no_feedback,calibration,0.98,5,0.9,0.8528864059590316,-0.7448789571694555,9.775818547741748,0.9050279329608939,0.00966183574879227,0.00966183574879227,-0.7448789571694555,3,9.775818547741748
geometry_no_feedback,calibration,0.98,5,1.0,0.8491620111731844,-1.1173184357541888,10.6267225702544,1.0,0.012987012987012988,0.012987012987012988,-1.1173184357541888,3,10.6267225702544
geometry_no_feedback,calibration,0.98,6,0.1,0.8603351955307262,0.0,0.8866944168245109,0.1005586592178771,0.0,0.0,0.0,3,0.8866944168245109
geometry_no_feedback,calibration,0.98,6,0.2,0.8603351955307262,0.0,1.686307275657876,0.2011173184357542,0.0,0.0,0.0,3,1.686307275657876
geometry_no_feedback,calibration,0.98,6,0.3,0.8603351955307262,0.0,2.459959496363632,0.3016759776536313,0.0,0.0,0.0,3,2.459959496363632
geometry_no_feedback,calibration,0.98,6,0.4,0.8584729981378026,-0.18621973929236293,3.579543521245506,0.4022346368715084,0.006060606060606061,0.006060606060606061,-0.18621973929236293,3,3.579543521245506
geometry_no_feedback,calibration,0.98,6,0.5,0.8566108007448789,-0.37243947858472587,4.605618839861939,0.5027932960893855,0.009328114807566863,0.009328114807566863,-0.37243947858472587,3,4.605618839861939
geometry_no_feedback,calibration,0.98,6,0.6,0.8566108007448789,-0.37243947858472587,6.019087370149556,0.6033519553072626,0.007662835249042145,0.007662835249042145,-0.37243947858472587,3,6.019087370149556
geometry_no_feedback,calibration,0.98,6,0.7,0.8547486033519553,-0.5586592178770888,7.26645822542656,0.7039106145251397,0.009585452303898906,0.009585452303898906,-0.5586592178770888,3,7.26645822542656
geometry_no_feedback,calibration,0.98,6,0.8,0.8528864059590316,-0.7448789571694555,8.533488593072043,0.8044692737430168,0.010997446751327017,0.010997446751327017,-0.7448789571694555,3,8.533488593072043
geometry_no_feedback,calibration,0.98,6,0.9,0.8528864059590316,-0.7448789571694555,9.775818547741748,0.9050279329608939,0.00966183574879227,0.00966183574879227,-0.7448789571694555,3,9.775818547741748
geometry_no_feedback,calibration,0.98,6,1.0,0.8491620111731844,-1.1173184357541888,10.6267225702544,1.0,0.012987012987012988,0.012987012987012988,-1.1173184357541888,3,10.6267225702544
geometry_no_feedback,calibration,0.98,7,0.1,0.8603351955307262,0.0,0.8866944168245109,0.1005586592178771,0.0,0.0,0.0,3,0.8866944168245109
geometry_no_feedback,calibration,0.98,7,0.2,0.8603351955307262,0.0,1.686307275657876,0.2011173184357542,0.0,0.0,0.0,3,1.686307275657876
geometry_no_feedback,calibration,0.98,7,0.3,0.8603351955307262,0.0,2.459959496363632,0.3016759776536313,0.0,0.0,0.0,3,2.459959496363632
geometry_no_feedback,calibration,0.98,7,0.4,0.8584729981378026,-0.18621973929236293,3.579543521245506,0.4022346368715084,0.006060606060606061,0.006060606060606061,-0.18621973929236293,3,3.579543521245506
geometry_no_feedback,calibration,0.98,7,0.5,0.8566108007448789,-0.37243947858472587,4.605618839861939,0.5027932960893855,0.009328114807566863,0.009328114807566863,-0.37243947858472587,3,4.605618839861939
geometry_no_feedback,calibration,0.98,7,0.6,0.8566108007448789,-0.37243947858472587,6.019087370149556,0.6033519553072626,0.007662835249042145,0.007662835249042145,-0.37243947858472587,3,6.019087370149556
geometry_no_feedback,calibration,0.98,7,0.7,0.8547486033519553,-0.5586592178770888,7.26645822542656,0.7039106145251397,0.009585452303898906,0.009585452303898906,-0.5586592178770888,3,7.26645822542656
geometry_no_feedback,calibration,0.98,7,0.8,0.8528864059590316,-0.7448789571694555,8.533488593072043,0.8044692737430168,0.010997446751327017,0.010997446751327017,-0.7448789571694555,3,8.533488593072043
geometry_no_feedback,calibration,0.98,7,0.9,0.8528864059590316,-0.7448789571694555,9.775818547741748,0.9050279329608939,0.00966183574879227,0.00966183574879227,-0.7448789571694555,3,9.775818547741748
geometry_no_feedback,calibration,0.98,7,1.0,0.8491620111731844,-1.1173184357541888,10.6267225702544,1.0,0.012987012987012988,0.012987012987012988,-1.1173184357541888,3,10.6267225702544
geometry_no_feedback,calibration,0.98,8,0.1,0.8603351955307262,0.0,0.8866944168245109,0.1005586592178771,0.0,0.0,0.0,3,0.8866944168245109
geometry_no_feedback,calibration,0.98,8,0.2,0.8603351955307262,0.0,1.686307275657876,0.2011173184357542,0.0,0.0,0.0,3,1.686307275657876
geometry_no_feedback,calibration,0.98,8,0.3,0.8603351955307262,0.0,2.459959496363632,0.3016759776536313,0.0,0.0,0.0,3,2.459959496363632
geometry_no_feedback,calibration,0.98,8,0.4,0.8584729981378026,-0.18621973929236293,3.5654289995450617,0.4022346368715084,0.006060606060606061,0.006060606060606061,-0.18621973929236293,3,3.5654289995450617
geometry_no_feedback,calibration,0.98,8,0.5,0.8566108007448789,-0.37243947858472587,4.5773897964610475,0.5027932960893855,0.009328114807566863,0.009328114807566863,-0.37243947858472587,3,4.5773897964610475
geometry_no_feedback,calibration,0.98,8,0.6,0.8566108007448789,-0.37243947858472587,5.976743805048216,0.6033519553072626,0.007662835249042145,0.007662835249042145,-0.37243947858472587,3,5.976743805048216
geometry_no_feedback,calibration,0.98,8,0.7,0.8547486033519553,-0.5586592178770888,7.22411466032522,0.7039106145251397,0.009585452303898906,0.009585452303898906,-0.5586592178770888,3,7.22411466032522
geometry_no_feedback,calibration,0.98,8,0.8,0.8528864059590316,-0.7448789571694555,8.491145027970699,0.8044692737430168,0.010997446751327017,0.010997446751327017,-0.7448789571694555,3,8.491145027970699
geometry_no_feedback,calibration,0.98,8,0.9,0.8528864059590316,-0.7448789571694555,9.7334749826404,0.9050279329608939,0.00966183574879227,0.00966183574879227,-0.7448789571694555,3,9.7334749826404
geometry_no_feedback,calibration,0.98,8,1.0,0.8491620111731844,-1.1173184357541888,10.584379005153066,1.0,0.012987012987012988,0.012987012987012988,-1.1173184357541888,3,10.584379005153066
geometry_no_feedback,test,0.75,4,0.1,0.8593125499600319,-1.1191047162270225,2.2553721344991042,0.09832134292565947,0.20657097288676238,0.20657097288676238,-1.1191047162270225,3,2.2553721344991042
geometry_no_feedback,test,0.75,4,0.2,0.8513189448441247,-1.918465227817745,4.160304928444033,0.17106314948041568,0.1725071225071225,0.1725071225071225,-1.918465227817745,3,4.160304928444033
geometry_no_feedback,test,0.75,4,0.3,0.8481215027977618,-2.238209432454038,6.496150332767844,0.2597921662669864,0.12230886152910778,0.12230886152910778,-2.238209432454038,3,6.496150332767844
geometry_no_feedback,test,0.75,4,0.4,0.8457234212629896,-2.478017585931258,10.38355300361042,0.36370903277378097,0.08895730706075534,0.08895730706075534,-2.478017585931258,3,10.38355300361042
geometry_no_feedback,test,0.75,4,0.5,0.841726618705036,-2.877697841726623,13.702314150245764,0.46203037569944044,0.07782272425287697,0.07782272425287697,-2.877697841726623,3,13.702314150245764
geometry_no_feedback,test,0.75,4,0.6,0.8377298161470823,-3.2773780975219844,17.68362042716081,0.60431654676259,0.06540142627099149,0.06540142627099149,-3.2773780975219844,3,17.68362042716081
geometry_no_feedback,test,0.75,4,0.7,0.8369304556354916,-3.3573141486810565,20.3748531906564,0.6866506794564349,0.058611796982167355,0.058611796982167355,-3.3573141486810565,3,20.3748531906564
geometry_no_feedback,test,0.75,4,0.8,0.8369304556354916,-3.3573141486810565,23.532504676149465,0.7857713828936851,0.050278310748690894,0.050278310748690894,-3.3573141486810565,3,23.532504676149465
geometry_no_feedback,test,0.75,4,0.9,0.8369304556354916,-3.3573141486810565,27.409195702292397,0.8952837729816147,0.04353752244706293,0.04353752244706293,-3.3573141486810565,3,27.409195702292397
geometry_no_feedback,test,0.75,4,1.0,0.8369304556354916,-3.3573141486810565,30.832735221192742,1.0,0.03856749311294766,0.03856749311294766,-3.3573141486810565,3,30.832735221192742
geometry_no_feedback,test,0.75,5,0.1,0.8593125499600319,-1.1191047162270225,2.2238353125407784,0.09832134292565947,0.20657097288676238,0.20657097288676238,-1.1191047162270225,3,2.2238353125407784
geometry_no_feedback,test,0.75,5,0.2,0.8513189448441247,-1.918465227817745,4.061344556092043,0.17106314948041568,0.1725071225071225,0.1725071225071225,-1.918465227817745,3,4.061344556092043
geometry_no_feedback,test,0.75,5,0.3,0.8481215027977618,-2.238209432454038,6.329875157684099,0.2597921662669864,0.12230886152910778,0.12230886152910778,-2.238209432454038,3,6.329875157684099
geometry_no_feedback,test,0.75,5,0.4,0.8457234212629896,-2.478017585931258,10.137674539997384,0.36370903277378097,0.08895730706075534,0.08895730706075534,-2.478017585931258,3,10.137674539997384
geometry_no_feedback,test,0.75,5,0.5,0.841726618705036,-2.877697841726623,13.415927182565568,0.46203037569944044,0.07782272425287697,0.07782272425287697,-2.877697841726623,3,13.415927182565568
geometry_no_feedback,test,0.75,5,0.6,0.8377298161470823,-3.2773780975219844,17.34220714254643,0.60431654676259,0.06540142627099149,0.06540142627099149,-3.2773780975219844,3,17.34220714254643
geometry_no_feedback,test,0.75,5,0.7,0.8369304556354916,-3.3573141486810565,20.022510766018527,0.6866506794564349,0.058611796982167355,0.058611796982167355,-3.3573141486810565,3,20.022510766018527
geometry_no_feedback,test,0.75,5,0.8,0.8369304556354916,-3.3573141486810565,23.174942363739174,0.7857713828936851,0.050278310748690894,0.050278310748690894,-3.3573141486810565,3,23.174942363739174
geometry_no_feedback,test,0.75,5,0.9,0.8369304556354916,-3.3573141486810565,26.633226760624645,0.8952837729816147,0.04353752244706293,0.04353752244706293,-3.3573141486810565,3,26.633226760624645
geometry_no_feedback,test,0.75,5,1.0,0.8369304556354916,-3.3573141486810565,29.8420983948845,1.0,0.03856749311294766,0.03856749311294766,-3.3573141486810565,3,29.8420983948845
geometry_no_feedback,test,0.75,6,0.1,0.8593125499600319,-1.1191047162270225,2.1537474444299356,0.09832134292565947,0.20657097288676238,0.20657097288676238,-1.1191047162270225,3,2.1537474444299356
geometry_no_feedback,test,0.75,6,0.2,0.8513189448441247,-1.918465227817745,3.935360389751615,0.17106314948041568,0.1725071225071225,0.1725071225071225,-1.918465227817745,3,3.935360389751615
geometry_no_feedback,test,0.75,6,0.3,0.8481215027977618,-2.238209432454038,6.176921571186211,0.2597921662669864,0.12230886152910778,0.12230886152910778,-2.238209432454038,3,6.176921571186211
geometry_no_feedback,test,0.75,6,0.4,0.8457234212629896,-2.478017585931258,9.447235634433852,0.36370903277378097,0.08895730706075534,0.08895730706075534,-2.478017585931258,3,9.447235634433852
geometry_no_feedback,test,0.75,6,0.5,0.841726618705036,-2.877697841726623,12.411153160207052,0.46203037569944044,0.07782272425287697,0.07782272425287697,-2.877697841726623,3,12.411153160207052
geometry_no_feedback,test,0.75,6,0.6,0.8377298161470823,-3.2773780975219844,16.179042150593755,0.60431654676259,0.06540142627099149,0.06540142627099149,-3.2773780975219844,3,16.179042150593755
geometry_no_feedback,test,0.75,6,0.7,0.8369304556354916,-3.3573141486810565,18.75608986906781,0.6866506794564349,0.058611796982167355,0.058611796982167355,-3.3573141486810565,3,18.75608986906781
geometry_no_feedback,test,0.75,6,0.8,0.8369304556354916,-3.3573141486810565,21.745671843055366,0.7857713828936851,0.050278310748690894,0.050278310748690894,-3.3573141486810565,3,21.745671843055366
geometry_no_feedback,test,0.75,6,0.9,0.8369304556354916,-3.3573141486810565,24.97330244899734,0.8952837729816147,0.04353752244706293,0.04353752244706293,-3.3573141486810565,3,24.97330244899734
geometry_no_feedback,test,0.75,6,1.0,0.8369304556354916,-3.3573141486810565,28.00045674018008,1.0,0.03856749311294766,0.03856749311294766,-3.3573141486810565,3,28.00045674018008
geometry_no_feedback,test,0.75,7,0.1,0.8641087130295764,-0.6394884092725853,1.8928618034712203,0.09832134292565947,0.11690590111642743,0.11690590111642743,-0.6394884092725853,3,1.8928618034712203
geometry_no_feedback,test,0.75,7,0.2,0.8601119104716227,-1.0391686650679504,3.352853538648911,0.17106314948041568,0.09289784289784289,0.09289784289784289,-1.0391686650679504,3,3.352853538648911
geometry_no_feedback,test,0.75,7,0.3,0.8577138289368506,-1.278976818545167,5.143546913741355,0.2597921662669864,0.06941936464508285,0.06941936464508285,-1.278976818545167,3,5.143546913741355
geometry_no_feedback,test,0.75,7,0.4,0.8553157474020784,-1.5187849720223838,7.888609769889946,0.36370903277378097,0.0544471811713191,0.0544471811713191,-1.5187849720223838,3,7.888609769889946
geometry_no_feedback,test,0.75,7,0.5,0.8513189448441247,-1.918465227817745,10.40040889120883,0.46203037569944044,0.05180867206948484,0.05180867206948484,-1.918465227817745,3,10.40040889120883
geometry_no_feedback,test,0.75,7,0.6,0.8473221422861711,-2.3181454836131135,13.72477054243333,0.60431654676259,0.04626178974005061,0.04626178974005061,-2.3181454836131135,3,13.72477054243333
geometry_no_feedback,test,0.75,7,0.7,0.8465227817745803,-2.3980815347721895,15.972149723780934,0.6866506794564349,0.04186556927297668,0.04186556927297668,-2.3980815347721895,3,15.972149723780934
geometry_no_feedback,test,0.75,7,0.8,0.8465227817745803,-2.3980815347721895,18.57763495584845,0.7857713828936851,0.03591307910620778,0.03591307910620778,-2.3980815347721895,3,18.57763495584845
geometry_no_feedback,test,0.75,7,0.9,0.8465227817745803,-2.3980815347721895,21.385390839096956,0.8952837729816147,0.031098230319330664,0.031098230319330664,-2.3980815347721895,3,21.385390839096956
geometry_no_feedback,test,0.75,7,1.0,0.8465227817745803,-2.3980815347721895,24.123548218713285,1.0,0.027548209366391185,0.027548209366391185,-2.3980815347721895,3,24.123548218713285
geometry_no_feedback,test,0.75,8,0.1,0.8641087130295764,-0.6394884092725853,1.5066988559745937,0.09832134292565947,0.11690590111642743,0.11690590111642743,-0.6394884092725853,3,1.5066988559745937
geometry_no_feedback,test,0.75,8,0.2,0.8601119104716227,-1.0391686650679504,2.630660315803205,0.17106314948041568,0.09289784289784289,0.09289784289784289,-1.0391686650679504,3,2.630660315803205
geometry_no_feedback,test,0.75,8,0.3,0.8577138289368506,-1.278976818545167,3.8993649136543462,0.2597921662669864,0.06941936464508285,0.06941936464508285,-1.278976818545167,3,3.8993649136543462
geometry_no_feedback,test,0.75,8,0.4,0.8569144684252598,-1.3589128697042392,5.8859128278742,0.36370903277378097,0.04869321291735085,0.04869321291735085,-1.3589128697042392,3,5.8859128278742
geometry_no_feedback,test,0.75,8,0.5,0.8553157474020784,-1.5187849720223838,7.690689025185956,0.46203037569944044,0.04119972751256096,0.04119972751256096,-1.5187849720223838,3,7.690689025185956
geometry_no_feedback,test,0.75,8,0.6,0.8521183053557154,-1.8385291766586727,9.94040628126495,0.60431654676259,0.03669197147458017,0.03669197147458017,-1.8385291766586727,3,9.94040628126495
geometry_no_feedback,test,0.75,8,0.7,0.8513189448441247,-1.918465227817745,11.676018965592228,0.6866506794564349,0.03349245541838135,0.03349245541838135,-1.918465227817745,3,11.676018965592228
geometry_no_feedback,test,0.75,8,0.8,0.8513189448441247,-1.918465227817745,13.686654486928525,0.7857713828936851,0.028730463284966222,0.028730463284966222,-1.918465227817745,3,13.686654486928525
geometry_no_feedback,test,0.75,8,0.9,0.8513189448441247,-1.918465227817745,15.747205185088513,0.8952837729816147,0.02487858425546453,0.02487858425546453,-1.918465227817745,3,15.747205185088513
geometry_no_feedback,test,0.75,8,1.0,0.8513189448441247,-1.918465227817745,17.885129844708338,1.0,0.02203856749311295,0.02203856749311295,-1.918465227817745,3,17.885129844708338
geometry_no_feedback,test,0.8,4,0.1,0.8609112709832134,-0.959232613908878,1.9172756535734397,0.09832134292565947,0.17808612440191388,0.17808612440191388,-0.959232613908878,3,1.9172756535734397
geometry_no_feedback,test,0.8,4,0.2,0.8553157474020784,-1.5187849720223838,3.5916634042368,0.17106314948041568,0.1364061864061864,0.1364061864061864,-1.5187849720223838,3,3.5916634042368
geometry_no_feedback,test,0.8,4,0.3,0.8529176658673062,-1.7585931254996006,5.657325242507279,0.2597921662669864,0.0958641130870953,0.0958641130870953,-1.7585931254996006,3,5.657325242507279
geometry_no_feedback,test,0.8,4,0.4,0.8505195843325339,-1.9984012789768208,9.055417808517108,0.36370903277378097,0.07170224411603722,0.07170224411603722,-1.9984012789768208,3,9.055417808517108
geometry_no_feedback,test,0.8,4,0.5,0.8465227817745803,-2.398081534772186,11.928041672104044,0.46203037569944044,0.0648156981611809,0.0648156981611809,-2.398081534772186,3,11.928041672104044
geometry_no_feedback,test,0.8,4,0.6,0.8425259792166266,-2.797761790567551,15.338585845404314,0.60431654676259,0.05583160800552105,0.05583160800552105,-2.797761790567551,3,15.338585845404314
geometry_no_feedback,test,0.8,4,0.7,0.841726618705036,-2.877697841726623,17.657466614467786,0.6866506794564349,0.050238683127572015,0.050238683127572015,-2.877697841726623,3,17.657466614467786
geometry_no_feedback,test,0.8,4,0.8,0.841726618705036,-2.877697841726623,20.3888272652138,0.7857713828936851,0.043095694927449336,0.043095694927449336,-2.877697841726623,3,20.3888272652138
geometry_no_feedback,test,0.8,4,0.9,0.841726618705036,-2.877697841726623,23.816662316760176,0.8952837729816147,0.037317876383196794,0.037317876383196794,-2.877697841726623,3,23.816662316760176
geometry_no_feedback,test,0.8,4,1.0,0.841726618705036,-2.877697841726623,26.824513897951196,1.0,0.03305785123966942,0.03305785123966942,-2.877697841726623,3,26.824513897951196
geometry_no_feedback,test,0.8,5,0.1,0.8609112709832134,-0.959232613908878,1.8903062334159726,0.09832134292565947,0.17808612440191388,0.17808612440191388,-0.959232613908878,3,1.8903062334159726
geometry_no_feedback,test,0.8,5,0.2,0.8553157474020784,-1.5187849720223838,3.509069555004566,0.17106314948041568,0.1364061864061864,0.1364061864061864,-1.5187849720223838,3,3.509069555004566
geometry_no_feedback,test,0.8,5,0.3,0.8529176658673062,-1.7585931254996006,5.558908608464911,0.2597921662669864,0.0958641130870953,0.0958641130870953,-1.7585931254996006,3,5.558908608464911
geometry_no_feedback,test,0.8,5,0.4,0.8505195843325339,-1.9984012789768208,8.948573230675539,0.36370903277378097,0.07170224411603722,0.07170224411603722,-1.9984012789768208,3,8.948573230675539
geometry_no_feedback,test,0.8,5,0.5,0.8465227817745803,-2.398081534772186,11.816140327982941,0.46203037569944044,0.0648156981611809,0.0648156981611809,-2.398081534772186,3,11.816140327982941
geometry_no_feedback,test,0.8,5,0.6,0.8425259792166266,-2.797761790567551,15.208686763234585,0.60431654676259,0.05583160800552105,0.05583160800552105,-2.797761790567551,3,15.208686763234585
geometry_no_feedback,test,0.8,5,0.7,0.841726618705036,-2.877697841726623,17.527567532298054,0.6866506794564349,0.050238683127572015,0.050238683127572015,-2.877697841726623,3,17.527567532298054
geometry_no_feedback,test,0.8,5,0.8,0.841726618705036,-2.877697841726623,20.25892818304406,0.7857713828936851,0.043095694927449336,0.043095694927449336,-2.877697841726623,3,20.25892818304406
geometry_no_feedback,test,0.8,5,0.9,0.841726618705036,-2.877697841726623,23.30359084779677,0.8952837729816147,0.037317876383196794,0.037317876383196794,-2.877697841726623,3,23.30359084779677
geometry_no_feedback,test,0.8,5,1.0,0.841726618705036,-2.877697841726623,26.11591413284614,1.0,0.03305785123966942,0.03305785123966942,-2.877697841726623,3,26.11591413284614
geometry_no_feedback,test,0.8,6,0.1,0.8609112709832134,-0.959232613908878,1.880464570011738,0.09832134292565947,0.17808612440191388,0.17808612440191388,-0.959232613908878,3,1.880464570011738
geometry_no_feedback,test,0.8,6,0.2,0.8553157474020784,-1.5187849720223838,3.4847100787332996,0.17106314948041568,0.1364061864061864,0.1364061864061864,-1.5187849720223838,3,3.4847100787332996
geometry_no_feedback,test,0.8,6,0.3,0.8529176658673062,-1.7585931254996006,5.5166057679759835,0.2597921662669864,0.0958641130870953,0.0958641130870953,-1.7585931254996006,3,5.5166057679759835
geometry_no_feedback,test,0.8,6,0.4,0.8505195843325339,-1.9984012789768208,8.430336247770668,0.36370903277378097,0.07170224411603722,0.07170224411603722,-1.9984012789768208,3,8.430336247770668
geometry_no_feedback,test,0.8,6,0.5,0.8465227817745803,-2.398081534772186,11.035658358345291,0.46203037569944044,0.0648156981611809,0.0648156981611809,-2.398081534772186,3,11.035658358345291
geometry_no_feedback,test,0.8,6,0.6,0.8425259792166266,-2.797761790567551,14.363064944103694,0.60431654676259,0.05583160800552105,0.05583160800552105,-2.797761790567551,3,14.363064944103694
geometry_no_feedback,test,0.8,6,0.7,0.841726618705036,-2.877697841726623,16.633716125103305,0.6866506794564349,0.050238683127572015,0.050238683127572015,-2.877697841726623,3,16.633716125103305
geometry_no_feedback,test,0.8,6,0.8,0.841726618705036,-2.877697841726623,19.311790421505933,0.7857713828936851,0.043095694927449336,0.043095694927449336,-2.877697841726623,3,19.311790421505933
geometry_no_feedback,test,0.8,6,0.9,0.841726618705036,-2.877697841726623,22.262168863369435,0.8952837729816147,0.037317876383196794,0.037317876383196794,-2.877697841726623,3,22.262168863369435
geometry_no_feedback,test,0.8,6,1.0,0.841726618705036,-2.877697841726623,24.98760276654052,1.0,0.03305785123966942,0.03305785123966942,-2.877697841726623,3,24.98760276654052
geometry_no_feedback,test,0.8,7,0.1,0.8641087130295764,-0.6394884092725853,1.7201161425029292,0.09832134292565947,0.11690590111642743,0.11690590111642743,-0.6394884092725853,3,1.7201161425029292
geometry_no_feedback,test,0.8,7,0.2,0.8601119104716227,-1.0391686650679504,3.082996215581361,0.17106314948041568,0.09289784289784289,0.09289784289784289,-1.0391686650679504,3,3.082996215581361
geometry_no_feedback,test,0.8,7,0.3,0.8577138289368506,-1.278976818545167,4.765268171734305,0.2597921662669864,0.06941936464508285,0.06941936464508285,-1.278976818545167,3,4.765268171734305
geometry_no_feedback,test,0.8,7,0.4,0.8553157474020784,-1.5187849720223838,7.261842620383659,0.36370903277378097,0.0544471811713191,0.0544471811713191,-1.5187849720223838,3,7.261842620383659
geometry_no_feedback,test,0.8,7,0.5,0.8513189448441247,-1.918465227817745,9.576808473617811,0.46203037569944044,0.05180867206948484,0.05180867206948484,-1.918465227817745,3,9.576808473617811
geometry_no_feedback,test,0.8,7,0.6,0.8473221422861711,-2.3181454836131135,12.642296315629201,0.60431654676259,0.04626178974005061,0.04626178974005061,-2.3181454836131135,3,12.642296315629201
geometry_no_feedback,test,0.8,7,0.7,0.8465227817745803,-2.3980815347721895,14.708882509026052,0.6866506794564349,0.04186556927297668,0.04186556927297668,-2.3980815347721895,3,14.708882509026052
geometry_no_feedback,test,0.8,7,0.8,0.8465227817745803,-2.3980815347721895,17.078167819391876,0.7857713828936851,0.03591307910620778,0.03591307910620778,-2.3980815347721895,3,17.078167819391876
geometry_no_feedback,test,0.8,7,0.9,0.8465227817745803,-2.3980815347721895,19.7032820044369,0.8952837729816147,0.031098230319330664,0.031098230319330664,-2.3980815347721895,3,19.7032820044369
geometry_no_feedback,test,0.8,7,1.0,0.8465227817745803,-2.3980815347721895,22.207196920266203,1.0,0.027548209366391185,0.027548209366391185,-2.3980815347721895,3,22.207196920266203
geometry_no_feedback,test,0.8,8,0.1,0.8641087130295764,-0.6394884092725853,1.3950693810082997,0.09832134292565947,0.11690590111642743,0.11690590111642743,-0.6394884092725853,3,1.3950693810082997
geometry_no_feedback,test,0.8,8,0.2,0.8601119104716227,-1.0391686650679504,2.4908108225673096,0.17106314948041568,0.09289784289784289,0.09289784289784289,-1.0391686650679504,3,2.4908108225673096
geometry_no_feedback,test,0.8,8,0.3,0.8577138289368506,-1.278976818545167,3.7432576449606256,0.2597921662669864,0.06941936464508285,0.06941936464508285,-1.278976818545167,3,3.7432576449606256
geometry_no_feedback,test,0.8,8,0.4,0.8569144684252598,-1.3589128697042392,5.674942363739174,0.36370903277378097,0.04869321291735085,0.04869321291735085,-1.3589128697042392,3,5.674942363739174
geometry_no_feedback,test,0.8,8,0.5,0.8553157474020784,-1.5187849720223838,7.3813563008395215,0.46203037569944044,0.04119972751256096,0.04119972751256096,-1.5187849720223838,3,7.3813563008395215
geometry_no_feedback,test,0.8,8,0.6,0.8521183053557154,-1.8385291766586727,9.590456305189432,0.60431654676259,0.03669197147458017,0.03669197147458017,-1.8385291766586727,3,9.590456305189432
geometry_no_feedback,test,0.8,8,0.7,0.8513189448441247,-1.918465227817745,11.235808430118746,0.6866506794564349,0.03349245541838135,0.03349245541838135,-1.918465227817745,3,11.235808430118746
geometry_no_feedback,test,0.8,8,0.8,0.8513189448441247,-1.918465227817745,13.128996476575749,0.7857713828936851,0.028730463284966222,0.028730463284966222,-1.918465227817745,3,13.128996476575749
geometry_no_feedback,test,0.8,8,0.9,0.8513189448441247,-1.918465227817745,15.140991343686105,0.8952837729816147,0.02487858425546453,0.02487858425546453,-1.918465227817745,3,15.140991343686105
geometry_no_feedback,test,0.8,8,1.0,0.8513189448441247,-1.918465227817745,17.213558658488836,1.0,0.02203856749311295,0.02203856749311295,-1.918465227817745,3,17.213558658488836
geometry_no_feedback,test,0.85,4,0.1,0.864908073541167,-0.5595523581135131,1.6454608725912312,0.09832134292565947,0.10118022328548644,0.10118022328548644,-0.5595523581135131,3,1.6454608725912312
geometry_no_feedback,test,0.85,4,0.2,0.8609112709832134,-0.959232613908878,3.0870742529035544,0.17106314948041568,0.08496133496133496,0.08496133496133496,-0.959232613908878,3,3.0870742529035544
geometry_no_feedback,test,0.85,4,0.3,0.8593125499600319,-1.1191047162270225,4.732861368480575,0.2597921662669864,0.06109895120839033,0.06109895120839033,-1.1191047162270225,3,4.732861368480575
geometry_no_feedback,test,0.85,4,0.4,0.8569144684252598,-1.3589128697042392,7.729240071338461,0.36370903277378097,0.04869321291735085,0.04869321291735085,-1.3589128697042392,3,7.729240071338461
geometry_no_feedback,test,0.85,4,0.5,0.8545163868904876,-1.598721023181456,10.141154465178992,0.46203037569944044,0.043126509786164044,0.043126509786164044,-1.598721023181456,3,10.141154465178992
geometry_no_feedback,test,0.85,4,0.6,0.8521183053557154,-1.8385291766586727,13.020085693157593,0.60431654676259,0.03669197147458017,0.03669197147458017,-1.8385291766586727,3,13.020085693157593
geometry_no_feedback,test,0.85,4,0.7,0.8513189448441247,-1.918465227817745,15.048392709556735,0.6866506794564349,0.03349245541838135,0.03349245541838135,-1.918465227817745,3,15.048392709556735
geometry_no_feedback,test,0.85,4,0.8,0.8513189448441247,-1.918465227817745,17.425235982426376,0.7857713828936851,0.028730463284966222,0.028730463284966222,-1.918465227817745,3,17.425235982426376
geometry_no_feedback,test,0.85,4,0.9,0.8513189448441247,-1.918465227817745,20.351418069511503,0.8952837729816147,0.02487858425546453,0.02487858425546453,-1.918465227817745,3,20.351418069511503
geometry_no_feedback,test,0.85,4,1.0,0.8513189448441247,-1.918465227817745,22.889207882030536,1.0,0.02203856749311295,0.02203856749311295,-1.918465227817745,3,22.889207882030536
geometry_no_feedback,test,0.85,5,0.1,0.864908073541167,-0.5595523581135131,1.618491452433768,0.09832134292565947,0.10118022328548644,0.10118022328548644,-0.5595523581135131,3,1.618491452433768
geometry_no_feedback,test,0.85,5,0.2,0.8609112709832134,-0.959232613908878,3.006165992431157,0.17106314948041568,0.08496133496133496,0.08496133496133496,-0.959232613908878,3,3.006165992431157
geometry_no_feedback,test,0.85,5,0.3,0.8593125499600319,-1.1191047162270225,4.645863238940362,0.2597921662669864,0.06109895120839033,0.06109895120839033,-1.1191047162270225,3,4.645863238940362
geometry_no_feedback,test,0.85,5,0.4,0.8569144684252598,-1.3589128697042392,7.642241941798241,0.36370903277378097,0.04869321291735085,0.04869321291735085,-1.3589128697042392,3,7.642241941798241
geometry_no_feedback,test,0.85,5,0.5,0.8545163868904876,-1.598721023181456,10.054156335638774,0.46203037569944044,0.043126509786164044,0.043126509786164044,-1.598721023181456,3,10.054156335638774
geometry_no_feedback,test,0.85,5,0.6,0.8521183053557154,-1.8385291766586727,12.933087563617374,0.60431654676259,0.03669197147458017,0.03669197147458017,-1.8385291766586727,3,12.933087563617374
geometry_no_feedback,test,0.85,5,0.7,0.8513189448441247,-1.918465227817745,14.961394580016522,0.6866506794564349,0.03349245541838135,0.03349245541838135,-1.918465227817745,3,14.961394580016522
geometry_no_feedback,test,0.85,5,0.8,0.8513189448441247,-1.918465227817745,17.338237852886163,0.7857713828936851,0.028730463284966222,0.028730463284966222,-1.918465227817745,3,17.338237852886163
geometry_no_feedback,test,0.85,5,0.9,0.8513189448441247,-1.918465227817745,19.889240506329113,0.8952837729816147,0.02487858425546453,0.02487858425546453,-1.918465227817745,3,19.889240506329113
geometry_no_feedback,test,0.85,5,1.0,0.8513189448441247,-1.918465227817745,22.245530471094867,1.0,0.02203856749311295,0.02203856749311295,-1.918465227817745,3,22.245530471094867
geometry_no_feedback,test,0.85,6,0.1,0.864908073541167,-0.5595523581135131,1.617186480490666,0.09832134292565947,0.10118022328548644,0.10118022328548644,-0.5595523581135131,3,1.617186480490666
geometry_no_feedback,test,0.85,6,0.2,0.8609112709832134,-0.959232613908878,3.0022510766018473,0.17106314948041568,0.08496133496133496,0.08496133496133496,-0.959232613908878,3,3.0022510766018473
geometry_no_feedback,test,0.85,6,0.3,0.8593125499600319,-1.1191047162270225,4.64080647266083,0.2597921662669864,0.06109895120839033,0.06109895120839033,-1.1191047162270225,3,4.64080647266083
geometry_no_feedback,test,0.85,6,0.4,0.8569144684252598,-1.3589128697042392,7.196594023228494,0.36370903277378097,0.04869321291735085,0.04869321291735085,-1.3589128697042392,3,7.196594023228494
geometry_no_feedback,test,0.85,6,0.5,0.8545163868904876,-1.598721023181456,9.367197355256854,0.46203037569944044,0.043126509786164044,0.043126509786164044,-1.598721023181456,3,9.367197355256854
geometry_no_feedback,test,0.85,6,0.6,0.8521183053557154,-1.8385291766586727,12.224487798512321,0.60431654676259,0.03669197147458017,0.03669197147458017,-1.8385291766586727,3,12.224487798512321
geometry_no_feedback,test,0.85,6,0.7,0.8513189448441247,-1.918465227817745,14.234198964722252,0.6866506794564349,0.03349245541838135,0.03349245541838135,-1.918465227817745,3,14.234198964722252
geometry_no_feedback,test,0.85,6,0.8,0.8513189448441247,-1.918465227817745,16.60332115359519,0.7857713828936851,0.028730463284966222,0.028730463284966222,-1.918465227817745,3,16.60332115359519
geometry_no_feedback,test,0.85,6,0.9,0.8513189448441247,-1.918465227817745,19.122351994432115,0.8952837729816147,0.02487858425546453,0.02487858425546453,-1.918465227817745,3,19.122351994432115
geometry_no_feedback,test,0.85,6,1.0,0.8513189448441247,-1.918465227817745,21.456838052981865,1.0,0.02203856749311295,0.02203856749311295,-1.918465227817745,3,21.456838052981865
geometry_no_feedback,test,0.85,7,0.1,0.86810551558753,-0.23980815347722043,1.5052851363695607,0.09832134292565947,0.04,0.04,-0.23980815347722043,3,1.5052851363695607
geometry_no_feedback,test,0.85,7,0.2,0.8657074340527577,-0.47961630695444085,2.7011288007307823,0.17106314948041568,0.04145299145299145,0.04145299145299145,-0.47961630695444085,3,2.7011288007307823
geometry_no_feedback,test,0.85,7,0.3,0.8641087130295764,-0.6394884092725853,4.108323546043749,0.2597921662669864,0.03465420276637787,0.03465420276637787,-0.6394884092725853,3,4.108323546043749
geometry_no_feedback,test,0.85,7,0.4,0.8617106314948041,-0.8792965627498058,6.3445560920440185,0.36370903277378097,0.03143814997263273,0.03143814997263273,-0.8792965627498058,3,6.3445560920440185
geometry_no_feedback,test,0.85,7,0.5,0.8593125499600319,-1.1191047162270225,8.395373874461693,0.46203037569944044,0.03011948369446798,0.03011948369446798,-1.1191047162270225,3,8.395373874461693
geometry_no_feedback,test,0.85,7,0.6,0.8569144684252598,-1.3589128697042392,11.122710861716463,0.60431654676259,0.02712215320910973,0.02712215320910973,-1.3589128697042392,3,11.122710861716463
geometry_no_feedback,test,0.85,7,0.7,0.8561151079136691,-1.4388489208633115,12.998173039279644,0.6866506794564349,0.025119341563786007,0.025119341563786007,-1.4388489208633115,3,12.998173039279644
geometry_no_feedback,test,0.85,7,0.8,0.8561151079136691,-1.4388489208633115,15.197811997042058,0.7857713828936851,0.021547847463724668,0.021547847463724668,-1.4388489208633115,3,15.197811997042058
geometry_no_feedback,test,0.85,7,0.9,0.8561151079136691,-1.4388489208633115,17.54442341989647,0.8952837729816147,0.018658938191598397,0.018658938191598397,-1.4388489208633115,3,17.54442341989647
geometry_no_feedback,test,0.85,7,1.0,0.8561151079136691,-1.4388489208633115,19.750424115881504,1.0,0.01652892561983471,0.01652892561983471,-1.4388489208633115,3,19.750424115881504
geometry_no_feedback,test,0.85,8,0.1,0.8665067945643485,-0.3996802557953649,1.2970877376136374,0.09832134292565947,0.07087719298245614,0.07087719298245614,-0.3996802557953649,3,1.2970877376136374
geometry_no_feedback,test,0.85,8,0.2,0.8633093525179856,-0.7194244604316576,2.3342141893949195,0.17106314948041568,0.06320716320716321,0.06320716320716321,-0.7194244604316576,3,2.3342141893949195
geometry_no_feedback,test,0.85,8,0.3,0.8617106314948041,-0.8792965627498058,3.492376788899032,0.2597921662669864,0.0478765769873841,0.0478765769873841,-0.8792965627498058,3,3.492376788899032
geometry_no_feedback,test,0.85,8,0.4,0.8609112709832134,-0.959232613908878,5.2984035843229265,0.36370903277378097,0.03431171319102354,0.03431171319102354,-0.959232613908878,3,5.2984035843229265
geometry_no_feedback,test,0.85,8,0.5,0.8593125499600319,-1.1191047162270225,6.876277785027611,0.46203037569944044,0.03011948369446798,0.03011948369446798,-1.1191047162270225,3,6.876277785027611
geometry_no_feedback,test,0.85,8,0.6,0.8569144684252598,-1.3589128697042392,8.972225847144285,0.60431654676259,0.02712215320910973,0.02712215320910973,-1.3589128697042392,3,8.972225847144285
geometry_no_feedback,test,0.85,8,0.7,0.8561151079136691,-1.4388489208633115,10.543738309626338,0.6866506794564349,0.025119341563786007,0.025119341563786007,-1.4388489208633115,3,10.543738309626338
geometry_no_feedback,test,0.85,8,0.8,0.8561151079136691,-1.4388489208633115,12.354604376005911,0.7857713828936851,0.021547847463724668,0.021547847463724668,-1.4388489208633115,3,12.354604376005911
geometry_no_feedback,test,0.85,8,0.9,0.8561151079136691,-1.4388489208633115,14.230012179738127,0.8952837729816147,0.018658938191598397,0.018658938191598397,-1.4388489208633115,3,14.230012179738127
geometry_no_feedback,test,0.85,8,1.0,0.8561151079136691,-1.4388489208633115,16.104821871329765,1.0,0.01652892561983471,0.01652892561983471,-1.4388489208633115,3,16.104821871329765
geometry_no_feedback,test,0.88,4,0.1,0.8673061550759392,-0.31974420463629266,1.3963743529514017,0.09832134292565947,0.05754385964912281,0.05754385964912281,-0.31974420463629266,3,1.3963743529514017
geometry_no_feedback,test,0.88,4,0.2,0.8641087130295763,-0.6394884092725891,2.58824872765235,0.17106314948041568,0.057326007326007324,0.057326007326007324,-0.6394884092725891,3,2.58824872765235
geometry_no_feedback,test,0.88,4,0.3,0.8617106314948041,-0.8792965627498058,4.001043977554478,0.2597921662669864,0.04741906064751482,0.04741906064751482,-0.8792965627498058,3,4.001043977554478
geometry_no_feedback,test,0.88,4,0.4,0.8593125499600319,-1.1191047162270225,6.354234633955362,0.36370903277378097,0.040168308702791464,0.040168308702791464,-1.1191047162270225,3,6.354234633955362
geometry_no_feedback,test,0.88,4,0.5,0.8569144684252598,-1.3589128697042392,8.32941841750402,0.46203037569944044,0.03709429600148511,0.03709429600148511,-1.3589128697042392,3,8.32941841750402
geometry_no_feedback,test,0.88,4,0.6,0.8545163868904876,-1.598721023181456,10.851820435860626,0.60431654676259,0.03190706234184495,0.03190706234184495,-1.598721023181456,3,10.851820435860626
geometry_no_feedback,test,0.88,4,0.7,0.8537170263788969,-1.6786570743405282,12.654367306102909,0.6866506794564349,0.029305898491083678,0.029305898491083678,-1.6786570743405282,3,12.654367306102909
geometry_no_feedback,test,0.88,4,0.8,0.8537170263788969,-1.6786570743405282,14.757927704554353,0.7857713828936851,0.025139155374345447,0.025139155374345447,-1.6786570743405282,3,14.757927704554353
geometry_no_feedback,test,0.88,4,0.9,0.8537170263788969,-1.6786570743405282,17.396472225847138,0.8952837729816147,0.021768761223531465,0.021768761223531465,-1.6786570743405282,3,17.396472225847138
geometry_no_feedback,test,0.88,4,1.0,0.8537170263788969,-1.6786570743405282,19.624168080386273,1.0,0.01928374655647383,0.01928374655647383,-1.6786570743405282,3,19.624168080386273
geometry_no_feedback,test,0.88,5,0.1,0.8673061550759392,-0.31974420463629266,1.3963743529514017,0.09832134292565947,0.05754385964912281,0.05754385964912281,-0.31974420463629266,3,1.3963743529514017
geometry_no_feedback,test,0.88,5,0.2,0.8641087130295763,-0.6394884092725891,2.58824872765235,0.17106314948041568,0.057326007326007324,0.057326007326007324,-0.6394884092725891,3,2.58824872765235
geometry_no_feedback,test,0.88,5,0.3,0.8617106314948041,-0.8792965627498058,3.9971290617251687,0.2597921662669864,0.04741906064751482,0.04741906064751482,-0.8792965627498058,3,3.9971290617251687
geometry_no_feedback,test,0.88,5,0.4,0.8593125499600319,-1.1191047162270225,6.350319718126052,0.36370903277378097,0.040168308702791464,0.040168308702791464,-1.1191047162270225,3,6.350319718126052
geometry_no_feedback,test,0.88,5,0.5,0.8569144684252598,-1.3589128697042392,8.32550350167471,0.46203037569944044,0.03709429600148511,0.03709429600148511,-1.3589128697042392,3,8.32550350167471
geometry_no_feedback,test,0.88,5,0.6,0.8545163868904876,-1.598721023181456,10.847905520031317,0.60431654676259,0.03190706234184495,0.03190706234184495,-1.598721023181456,3,10.847905520031317
geometry_no_feedback,test,0.88,5,0.7,0.8537170263788969,-1.6786570743405282,12.6504523902736,0.6866506794564349,0.029305898491083678,0.029305898491083678,-1.6786570743405282,3,12.6504523902736
geometry_no_feedback,test,0.88,5,0.8,0.8537170263788969,-1.6786570743405282,14.754012788725042,0.7857713828936851,0.025139155374345447,0.025139155374345447,-1.6786570743405282,3,14.754012788725042
geometry_no_feedback,test,0.88,5,0.9,0.8537170263788969,-1.6786570743405282,17.02172778285267,0.8952837729816147,0.021768761223531465,0.021768761223531465,-1.6786570743405282,3,17.02172778285267
geometry_no_feedback,test,0.88,5,1.0,0.8537170263788969,-1.6786570743405282,19.06792378963852,1.0,0.01928374655647383,0.01928374655647383,-1.6786570743405282,3,19.06792378963852
geometry_no_feedback,test,0.88,6,0.1,0.8673061550759392,-0.31974420463629266,1.3963743529514017,0.09832134292565947,0.05754385964912281,0.05754385964912281,-0.31974420463629266,3,1.3963743529514017
geometry_no_feedback,test,0.88,6,0.2,0.8641087130295763,-0.6394884092725891,2.58824872765235,0.17106314948041568,0.057326007326007324,0.057326007326007324,-0.6394884092725891,3,2.58824872765235
geometry_no_feedback,test,0.88,6,0.3,0.8617106314948041,-0.8792965627498058,3.9959872112749504,0.2597921662669864,0.04741906064751482,0.04741906064751482,-0.8792965627498058,3,3.9959872112749504
geometry_no_feedback,test,0.88,6,0.4,0.8593125499600319,-1.1191047162270225,6.3399343164121955,0.36370903277378097,0.040168308702791464,0.040168308702791464,-1.1191047162270225,3,6.3399343164121955
geometry_no_feedback,test,0.88,6,0.5,0.8569144684252598,-1.3589128697042392,8.3058745486972,0.46203037569944044,0.03709429600148511,0.03709429600148511,-1.3589128697042392,3,8.3058745486972
geometry_no_feedback,test,0.88,6,0.6,0.8545163868904876,-1.598721023181456,10.819033015790154,0.60431654676259,0.03190706234184495,0.03190706234184495,-1.598721023181456,3,10.819033015790154
geometry_no_feedback,test,0.88,6,0.7,0.8537170263788969,-1.6786570743405282,12.606409587193868,0.6866506794564349,0.029305898491083678,0.029305898491083678,-1.6786570743405282,3,12.606409587193868
geometry_no_feedback,test,0.88,6,0.8,0.8537170263788969,-1.6786570743405282,14.7099699856453,0.7857713828936851,0.025139155374345447,0.025139155374345447,-1.6786570743405282,3,14.7099699856453
geometry_no_feedback,test,0.88,6,0.9,0.8537170263788969,-1.6786570743405282,16.95892600809082,0.8952837729816147,0.021768761223531465,0.021768761223531465,-1.6786570743405282,3,16.95892600809082
geometry_no_feedback,test,0.88,6,1.0,0.8537170263788969,-1.6786570743405282,18.989299230066557,1.0,0.01928374655647383,0.01928374655647383,-1.6786570743405282,3,18.989299230066557
geometry_no_feedback,test,0.88,7,0.1,0.8673061550759392,-0.31974420463629266,1.3899038670668513,0.09832134292565947,0.05754385964912281,0.05754385964912281,-0.31974420463629266,3,1.3899038670668513
geometry_no_feedback,test,0.88,7,0.2,0.8641087130295763,-0.6394884092725891,2.4478554961068286,0.17106314948041568,0.057326007326007324,0.057326007326007324,-0.6394884092725891,3,2.4478554961068286
geometry_no_feedback,test,0.88,7,0.3,0.8617106314948041,-0.8792965627498058,3.730860411501147,0.2597921662669864,0.04741906064751482,0.04741906064751482,-0.8792965627498058,3,3.730860411501147
geometry_no_feedback,test,0.88,7,0.4,0.8593125499600319,-1.1191047162270225,5.819087389621121,0.36370903277378097,0.040168308702791464,0.040168308702791464,-1.1191047162270225,3,5.819087389621121
geometry_no_feedback,test,0.88,7,0.5,0.8569144684252598,-1.3589128697042392,7.703793118447943,0.46203037569944044,0.03709429600148511,0.03709429600148511,-1.3589128697042392,3,7.703793118447943
geometry_no_feedback,test,0.88,7,0.6,0.8545163868904876,-1.598721023181456,10.179759885162468,0.60431654676259,0.03190706234184495,0.03190706234184495,-1.598721023181456,3,10.179759885162468
geometry_no_feedback,test,0.88,7,0.7,0.8537170263788969,-1.6786570743405282,11.874429074774891,0.6866506794564349,0.029305898491083678,0.029305898491083678,-1.6786570743405282,3,11.874429074774891
geometry_no_feedback,test,0.88,7,0.8,0.8537170263788969,-1.6786570743405282,13.84053242855278,0.7857713828936851,0.025139155374345447,0.025139155374345447,-1.6786570743405282,3,13.84053242855278
geometry_no_feedback,test,0.88,7,0.9,0.8537170263788969,-1.6786570743405282,15.98971247118186,0.8952837729816147,0.021768761223531465,0.021768761223531465,-1.6786570743405282,3,15.98971247118186
geometry_no_feedback,test,0.88,7,1.0,0.8537170263788969,-1.6786570743405282,17.964406890251862,1.0,0.01928374655647383,0.01928374655647383,-1.6786570743405282,3,17.964406890251862
geometry_no_feedback,test,0.88,8,0.1,0.8673061550759392,-0.31974420463629266,1.2432576449606232,0.09832134292565947,0.05754385964912281,0.05754385964912281,-0.31974420463629266,3,1.2432576449606232
geometry_no_feedback,test,0.88,8,0.2,0.8641087130295763,-0.6394884092725891,2.208773761364128,0.17106314948041568,0.057326007326007324,0.057326007326007324,-0.6394884092725891,3,2.208773761364128
geometry_no_feedback,test,0.88,8,0.3,0.8617106314948041,-0.8792965627498058,3.3084301187524403,0.2597921662669864,0.04741906064751482,0.04741906064751482,-0.8792965627498058,3,3.3084301187524403
geometry_no_feedback,test,0.88,8,0.4,0.8609112709832134,-0.959232613908878,5.0017943364217645,0.36370903277378097,0.0344143404488232,0.0344143404488232,-0.959232613908878,3,5.0017943364217645
geometry_no_feedback,test,0.88,8,0.5,0.8593125499600319,-1.1191047162270225,6.502947061638165,0.46203037569944044,0.030590782955637077,0.030590782955637077,-1.1191047162270225,3,6.502947061638165
geometry_no_feedback,test,0.88,8,0.6,0.8569144684252598,-1.3589128697042392,8.455511331506367,0.60431654676259,0.02712215320910973,0.02712215320910973,-1.3589128697042392,3,8.455511331506367
geometry_no_feedback,test,0.88,8,0.7,0.8561151079136691,-1.4388489208633115,9.9539997390056,0.6866506794564349,0.025119341563786007,0.025119341563786007,-1.4388489208633115,3,9.9539997390056
geometry_no_feedback,test,0.88,8,0.8,0.8561151079136691,-1.4388489208633115,11.690101787811559,0.7857713828936851,0.021547847463724668,0.021547847463724668,-1.4388489208633115,3,11.690101787811559
geometry_no_feedback,test,0.88,8,0.9,0.8561151079136691,-1.4388489208633115,13.506948975597018,0.8952837729816147,0.018658938191598397,0.018658938191598397,-1.4388489208633115,3,13.506948975597018
geometry_no_feedback,test,0.88,8,1.0,0.8561151079136691,-1.4388489208633115,15.259036930705982,1.0,0.01652892561983471,0.01652892561983471,-1.4388489208633115,3,15.259036930705982
geometry_no_feedback,test,0.9,4,0.1,0.8673061550759392,-0.31974420463629266,1.2415176823698193,0.09832134292565947,0.05754385964912281,0.05754385964912281,-0.31974420463629266,3,1.2415176823698193
geometry_no_feedback,test,0.9,4,0.2,0.864908073541167,-0.5595523581135168,2.2163860976988934,0.17106314948041568,0.050915750915750915,0.050915750915750915,-0.5595523581135168,3,2.2163860976988934
geometry_no_feedback,test,0.9,4,0.3,0.8625099920063949,-0.7993605115907335,3.3830310148331746,0.2597921662669864,0.04354309165526676,0.04354309165526676,-0.7993605115907335,3,3.3830310148331746
geometry_no_feedback,test,0.9,4,0.4,0.8601119104716227,-1.0391686650679504,5.465603114533028,0.36370903277378097,0.03739053092501368,0.03739053092501368,-1.0391686650679504,3,5.465603114533028
geometry_no_feedback,test,0.9,4,0.5,0.8585131894484412,-1.1990407673860948,7.344055852799163,0.46203037569944044,0.03251756522924016,0.03251756522924016,-1.1990407673860948,3,7.344055852799163
geometry_no_feedback,test,0.9,4,0.6,0.8561151079136691,-1.4388489208633115,9.63547783722649,0.60431654676259,0.028709454796411318,0.028709454796411318,-1.4388489208633115,3,9.63547783722649
geometry_no_feedback,test,0.9,4,0.7,0.8561151079136691,-1.4388489208633115,11.261364130671188,0.6866506794564349,0.025119341563786007,0.025119341563786007,-1.4388489208633115,3,11.261364130671188
geometry_no_feedback,test,0.9,4,0.8,0.8561151079136691,-1.4388489208633115,13.12165600939579,0.7857713828936851,0.021547847463724668,0.021547847463724668,-1.4388489208633115,3,13.12165600939579
geometry_no_feedback,test,0.9,4,0.9,0.8561151079136691,-1.4388489208633115,15.50181608595415,0.8952837729816147,0.018658938191598397,0.018658938191598397,-1.4388489208633115,3,15.50181608595415
geometry_no_feedback,test,0.9,4,1.0,0.8561151079136691,-1.4388489208633115,17.58400756883727,1.0,0.01652892561983471,0.01652892561983471,-1.4388489208633115,3,17.58400756883727
geometry_no_feedback,test,0.9,5,0.1,0.8673061550759392,-0.31974420463629266,1.2415176823698193,0.09832134292565947,0.05754385964912281,0.05754385964912281,-0.31974420463629266,3,1.2415176823698193
geometry_no_feedback,test,0.9,5,0.2,0.864908073541167,-0.5595523581135168,2.2163860976988934,0.17106314948041568,0.050915750915750915,0.050915750915750915,-0.5595523581135168,3,2.2163860976988934
geometry_no_feedback,test,0.9,5,0.3,0.8625099920063949,-0.7993605115907335,3.3806929401017816,0.2597921662669864,0.04354309165526676,0.04354309165526676,-0.7993605115907335,3,3.3806929401017816
geometry_no_feedback,test,0.9,5,0.4,0.8601119104716227,-1.0391686650679504,5.463265039801635,0.36370903277378097,0.03739053092501368,0.03739053092501368,-1.0391686650679504,3,5.463265039801635
geometry_no_feedback,test,0.9,5,0.5,0.8585131894484412,-1.1990407673860948,7.341717778067769,0.46203037569944044,0.03251756522924016,0.03251756522924016,-1.1990407673860948,3,7.341717778067769
geometry_no_feedback,test,0.9,5,0.6,0.8561151079136691,-1.4388489208633115,9.633139762495098,0.60431654676259,0.028709454796411318,0.028709454796411318,-1.4388489208633115,3,9.633139762495098
geometry_no_feedback,test,0.9,5,0.7,0.8561151079136691,-1.4388489208633115,11.259026055939795,0.6866506794564349,0.025119341563786007,0.025119341563786007,-1.4388489208633115,3,11.259026055939795
geometry_no_feedback,test,0.9,5,0.8,0.8561151079136691,-1.4388489208633115,13.119317934664398,0.7857713828936851,0.021547847463724668,0.021547847463724668,-1.4388489208633115,3,13.119317934664398
geometry_no_feedback,test,0.9,5,0.9,0.8561151079136691,-1.4388489208633115,15.131802166253427,0.8952837729816147,0.018658938191598397,0.018658938191598397,-1.4388489208633115,3,15.131802166253427
geometry_no_feedback,test,0.9,5,1.0,0.8561151079136691,-1.4388489208633115,17.032493801383264,1.0,0.01652892561983471,0.01652892561983471,-1.4388489208633115,3,17.032493801383264
geometry_no_feedback,test,0.9,6,0.1,0.8673061550759392,-0.31974420463629266,1.2415176823698193,0.09832134292565947,0.05754385964912281,0.05754385964912281,-0.31974420463629266,3,1.2415176823698193
geometry_no_feedback,test,0.9,6,0.2,0.864908073541167,-0.5595523581135168,2.2163860976988934,0.17106314948041568,0.050915750915750915,0.050915750915750915,-0.5595523581135168,3,2.2163860976988934
geometry_no_feedback,test,0.9,6,0.3,0.8625099920063949,-0.7993605115907335,3.379551089651567,0.2597921662669864,0.04354309165526676,0.04354309165526676,-0.7993605115907335,3,3.379551089651567
geometry_no_feedback,test,0.9,6,0.4,0.8601119104716227,-1.0391686650679504,5.459350123972329,0.36370903277378097,0.03739053092501368,0.03739053092501368,-1.0391686650679504,3,5.459350123972329
geometry_no_feedback,test,0.9,6,0.5,0.8585131894484412,-1.1990407673860948,7.335029796859364,0.46203037569944044,0.03251756522924016,0.03251756522924016,-1.1990407673860948,3,7.335029796859364
geometry_no_feedback,test,0.9,6,0.6,0.8561151079136691,-1.4388489208633115,9.623678715907598,0.60431654676259,0.028709454796411318,0.028709454796411318,-1.4388489208633115,3,9.623678715907598
geometry_no_feedback,test,0.9,6,0.7,0.8561151079136691,-1.4388489208633115,11.234394710513717,0.6866506794564349,0.025119341563786007,0.025119341563786007,-1.4388489208633115,3,11.234394710513717
geometry_no_feedback,test,0.9,6,0.8,0.8561151079136691,-1.4388489208633115,13.09468658923832,0.7857713828936851,0.021547847463724668,0.021547847463724668,-1.4388489208633115,3,13.09468658923832
geometry_no_feedback,test,0.9,6,0.9,0.8561151079136691,-1.4388489208633115,15.088411849145233,0.8952837729816147,0.018658938191598397,0.018658938191598397,-1.4388489208633115,3,15.088411849145233
geometry_no_feedback,test,0.9,6,1.0,0.8561151079136691,-1.4388489208633115,16.973280699464954,1.0,0.01652892561983471,0.01652892561983471,-1.4388489208633115,3,16.973280699464954
geometry_no_feedback,test,0.9,7,0.1,0.8673061550759392,-0.31974420463629266,1.2412458132150046,0.09832134292565947,0.05754385964912281,0.05754385964912281,-0.31974420463629266,3,1.2412458132150046
geometry_no_feedback,test,0.9,7,0.2,0.864908073541167,-0.5595523581135168,2.2032820044369017,0.17106314948041568,0.050915750915750915,0.050915750915750915,-0.5595523581135168,3,2.2032820044369017
geometry_no_feedback,test,0.9,7,0.3,0.8625099920063949,-0.7993605115907335,3.362967071207964,0.2597921662669864,0.04354309165526676,0.04354309165526676,-0.7993605115907335,3,3.362967071207964
geometry_no_feedback,test,0.9,7,0.4,0.8601119104716227,-1.0391686650679504,5.323524294227666,0.36370903277378097,0.03739053092501368,0.03739053092501368,-1.0391686650679504,3,5.323524294227666
geometry_no_feedback,test,0.9,7,0.5,0.8585131894484412,-1.1990407673860948,7.131454173735253,0.46203037569944044,0.03251756522924016,0.03251756522924016,-1.1990407673860948,3,7.131454173735253
geometry_no_feedback,test,0.9,7,0.6,0.8561151079136691,-1.4388489208633115,9.412001391970067,0.60431654676259,0.028709454796411318,0.028709454796411318,-1.4388489208633115,3,9.412001391970067
geometry_no_feedback,test,0.9,7,0.7,0.8561151079136691,-1.4388489208633115,10.999554134586099,0.6866506794564349,0.025119341563786007,0.025119341563786007,-1.4388489208633115,3,10.999554134586099
geometry_no_feedback,test,0.9,7,0.8,0.8561151079136691,-1.4388489208633115,12.798566705815828,0.7857713828936851,0.021547847463724668,0.021547847463724668,-1.4388489208633115,3,12.798566705815828
geometry_no_feedback,test,0.9,7,0.9,0.8561151079136691,-1.4388489208633115,14.701487668015133,0.8952837729816147,0.018658938191598397,0.018658938191598397,-1.4388489208633115,3,14.701487668015133
geometry_no_feedback,test,0.9,7,1.0,0.8561151079136691,-1.4388489208633115,16.532363304188948,1.0,0.01652892561983471,0.01652892561983471,-1.4388489208633115,3,16.532363304188948
geometry_no_feedback,test,0.9,8,0.1,0.8673061550759392,-0.31974420463629266,1.1587607116446945,0.09832134292565947,0.05754385964912281,0.05754385964912281,-0.31974420463629266,3,1.1587607116446945
geometry_no_feedback,test,0.9,8,0.2,0.864908073541167,-0.5595523581135168,2.063867501848704,0.17106314948041568,0.050915750915750915,0.050915750915750915,-0.5595523581135168,3,2.063867501848704
geometry_no_feedback,test,0.9,8,0.3,0.8625099920063949,-0.7993605115907335,3.0743507764582976,0.2597921662669864,0.04354309165526676,0.04354309165526676,-0.7993605115907335,3,3.0743507764582976
geometry_no_feedback,test,0.9,8,0.4,0.8617106314948041,-0.8792965627498058,4.6808799860803,0.36370903277378097,0.03163656267104543,0.03163656267104543,-0.8792965627498058,3,4.6808799860803
geometry_no_feedback,test,0.9,8,0.5,0.8609112709832134,-0.959232613908878,6.140164861455474,0.46203037569944044,0.026014052183392127,0.026014052183392127,-0.959232613908878,3,6.140164861455474
geometry_no_feedback,test,0.9,8,0.6,0.8585131894484412,-1.1990407673860948,8.003501674713986,0.60431654676259,0.0239245456636761,0.0239245456636761,-1.1990407673860948,3,8.003501674713986
geometry_no_feedback,test,0.9,8,0.7,0.8585131894484412,-1.1990407673860948,9.434349036495712,0.6866506794564349,0.02093278463648834,0.02093278463648834,-1.1990407673860948,3,9.434349036495712
geometry_no_feedback,test,0.9,8,0.8,0.8585131894484412,-1.1990407673860948,11.067086432641693,0.7857713828936851,0.01795653955310389,0.01795653955310389,-1.1990407673860948,3,11.067086432641693
geometry_no_feedback,test,0.9,8,0.9,0.8585131894484412,-1.1990407673860948,12.812377658880328,0.8952837729816147,0.015549115159665332,0.015549115159665332,-1.1990407673860948,3,12.812377658880328
geometry_no_feedback,test,0.9,8,1.0,0.8585131894484412,-1.1990407673860948,14.465940232285002,1.0,0.013774104683195593,0.013774104683195593,-1.1990407673860948,3,14.465940232285002
geometry_no_feedback,test,0.92,4,0.1,0.8673061550759392,-0.31974420463629266,1.1557701509417522,0.09832134292565947,0.05754385964912281,0.05754385964912281,-0.31974420463629266,3,1.1557701509417522
geometry_no_feedback,test,0.92,4,0.2,0.864908073541167,-0.5595523581135168,2.070501109226149,0.17106314948041568,0.050915750915750915,0.050915750915750915,-0.5595523581135168,3,2.070501109226149
geometry_no_feedback,test,0.92,4,0.3,0.8625099920063949,-0.7993605115907335,3.125190308408362,0.2597921662669864,0.04354309165526676,0.04354309165526676,-0.7993605115907335,3,3.125190308408362
geometry_no_feedback,test,0.92,4,0.4,0.8601119104716227,-1.0391686650679504,5.116251250598103,0.36370903277378097,0.03739053092501368,0.03739053092501368,-1.0391686650679504,3,5.116251250598103
geometry_no_feedback,test,0.92,4,0.5,0.8585131894484412,-1.1990407673860948,6.882748270912168,0.46203037569944044,0.03251756522924016,0.03251756522924016,-1.1990407673860948,3,6.882748270912168
geometry_no_feedback,test,0.92,4,0.6,0.8561151079136691,-1.4388489208633115,9.019204837096,0.60431654676259,0.028709454796411318,0.028709454796411318,-1.4388489208633115,3,9.019204837096
geometry_no_feedback,test,0.92,4,0.7,0.8561151079136691,-1.4388489208633115,10.510026534429507,0.6866506794564349,0.025119341563786007,0.025119341563786007,-1.4388489208633115,3,10.510026534429507
geometry_no_feedback,test,0.92,4,0.8,0.8561151079136691,-1.4388489208633115,12.221497237809379,0.7857713828936851,0.021547847463724668,0.021547847463724668,-1.4388489208633115,3,12.221497237809379
geometry_no_feedback,test,0.92,4,0.9,0.8561151079136691,-1.4388489208633115,14.4551742137544,0.8952837729816147,0.018658938191598397,0.018658938191598397,-1.4388489208633115,3,14.4551742137544
geometry_no_feedback,test,0.92,4,1.0,0.8561151079136691,-1.4388489208633115,16.3997455304711,1.0,0.01652892561983471,0.01652892561983471,-1.4388489208633115,3,16.3997455304711
geometry_no_feedback,test,0.92,5,0.1,0.8673061550759392,-0.31974420463629266,1.1557701509417522,0.09832134292565947,0.05754385964912281,0.05754385964912281,-0.31974420463629266,3,1.1557701509417522
geometry_no_feedback,test,0.92,5,0.2,0.864908073541167,-0.5595523581135168,2.070501109226149,0.17106314948041568,0.050915750915750915,0.050915750915750915,-0.5595523581135168,3,2.070501109226149
geometry_no_feedback,test,0.92,5,0.3,0.8625099920063949,-0.7993605115907335,3.124048457958147,0.2597921662669864,0.04354309165526676,0.04354309165526676,-0.7993605115907335,3,3.124048457958147
geometry_no_feedback,test,0.92,5,0.4,0.8601119104716227,-1.0391686650679504,5.1151094001478885,0.36370903277378097,0.03739053092501368,0.03739053092501368,-1.0391686650679504,3,5.1151094001478885
geometry_no_feedback,test,0.92,5,0.5,0.8585131894484412,-1.1990407673860948,6.88160642046195,0.46203037569944044,0.03251756522924016,0.03251756522924016,-1.1990407673860948,3,6.88160642046195
geometry_no_feedback,test,0.92,5,0.6,0.8561151079136691,-1.4388489208633115,9.01806298664578,0.60431654676259,0.028709454796411318,0.028709454796411318,-1.4388489208633115,3,9.01806298664578
geometry_no_feedback,test,0.92,5,0.7,0.8561151079136691,-1.4388489208633115,10.508884683979291,0.6866506794564349,0.025119341563786007,0.025119341563786007,-1.4388489208633115,3,10.508884683979291
geometry_no_feedback,test,0.92,5,0.8,0.8561151079136691,-1.4388489208633115,12.220355387359165,0.7857713828936851,0.021547847463724668,0.021547847463724668,-1.4388489208633115,3,12.220355387359165
geometry_no_feedback,test,0.92,5,0.9,0.8561151079136691,-1.4388489208633115,14.08874896689721,0.8952837729816147,0.018658938191598397,0.018658938191598397,-1.4388489208633115,3,14.08874896689721
geometry_no_feedback,test,0.92,5,1.0,0.8561151079136691,-1.4388489208633115,15.851820435860631,1.0,0.01652892561983471,0.01652892561983471,-1.4388489208633115,3,15.851820435860631
geometry_no_feedback,test,0.92,6,0.1,0.8673061550759392,-0.31974420463629266,1.1557701509417522,0.09832134292565947,0.05754385964912281,0.05754385964912281,-0.31974420463629266,3,1.1557701509417522
geometry_no_feedback,test,0.92,6,0.2,0.864908073541167,-0.5595523581135168,2.070501109226149,0.17106314948041568,0.050915750915750915,0.050915750915750915,-0.5595523581135168,3,2.070501109226149
geometry_no_feedback,test,0.92,6,0.3,0.8625099920063949,-0.7993605115907335,3.1229066075079324,0.2597921662669864,0.04354309165526676,0.04354309165526676,-0.7993605115907335,3,3.1229066075079324
geometry_no_feedback,test,0.92,6,0.4,0.8601119104716227,-1.0391686650679504,5.11396754969767,0.36370903277378097,0.03739053092501368,0.03739053092501368,-1.0391686650679504,3,5.11396754969767
geometry_no_feedback,test,0.92,6,0.5,0.8585131894484412,-1.1990407673860948,6.880464570011739,0.46203037569944044,0.03251756522924016,0.03251756522924016,-1.1990407673860948,3,6.880464570011739
geometry_no_feedback,test,0.92,6,0.6,0.8561151079136691,-1.4388489208633115,9.016921136195567,0.60431654676259,0.028709454796411318,0.028709454796411318,-1.4388489208633115,3,9.016921136195567
geometry_no_feedback,test,0.92,6,0.7,0.8561151079136691,-1.4388489208633115,10.507742833529074,0.6866506794564349,0.025119341563786007,0.025119341563786007,-1.4388489208633115,3,10.507742833529074
geometry_no_feedback,test,0.92,6,0.8,0.8561151079136691,-1.4388489208633115,12.21921353690895,0.7857713828936851,0.021547847463724668,0.021547847463724668,-1.4388489208633115,3,12.21921353690895
geometry_no_feedback,test,0.92,6,0.9,0.8561151079136691,-1.4388489208633115,14.08401844360346,0.8952837729816147,0.018658938191598397,0.018658938191598397,-1.4388489208633115,3,14.08401844360346
geometry_no_feedback,test,0.92,6,1.0,0.8561151079136691,-1.4388489208633115,15.846437426595328,1.0,0.01652892561983471,0.01652892561983471,-1.4388489208633115,3,15.846437426595328
geometry_no_feedback,test,0.92,7,0.1,0.8673061550759392,-0.31974420463629266,1.1557701509417522,0.09832134292565947,0.05754385964912281,0.05754385964912281,-0.31974420463629266,3,1.1557701509417522
geometry_no_feedback,test,0.92,7,0.2,0.864908073541167,-0.5595523581135168,2.0582126234285902,0.17106314948041568,0.050915750915750915,0.050915750915750915,-0.5595523581135168,3,2.0582126234285902
geometry_no_feedback,test,0.92,7,0.3,0.8625099920063949,-0.7993605115907335,3.1071381965287617,0.2597921662669864,0.04354309165526676,0.04354309165526676,-0.7993605115907335,3,3.1071381965287617
geometry_no_feedback,test,0.92,7,0.4,0.8601119104716227,-1.0391686650679504,4.983252860063502,0.36370903277378097,0.03739053092501368,0.03739053092501368,-1.0391686650679504,3,4.983252860063502
geometry_no_feedback,test,0.92,7,0.5,0.8585131894484412,-1.1990407673860948,6.688253077558829,0.46203037569944044,0.03251756522924016,0.03251756522924016,-1.1990407673860948,3,6.688253077558829
geometry_no_feedback,test,0.92,7,0.6,0.8561151079136691,-1.4388489208633115,8.824709643742652,0.60431654676259,0.028709454796411318,0.028709454796411318,-1.4388489208633115,3,8.824709643742652
geometry_no_feedback,test,0.92,7,0.7,0.8561151079136691,-1.4388489208633115,10.314933228935574,0.6866506794564349,0.025119341563786007,0.025119341563786007,-1.4388489208633115,3,10.314933228935574
geometry_no_feedback,test,0.92,7,0.8,0.8561151079136691,-1.4388489208633115,11.991767801992248,0.7857713828936851,0.021547847463724668,0.021547847463724668,-1.4388489208633115,3,11.991767801992248
geometry_no_feedback,test,0.92,7,0.9,0.8561151079136691,-1.4388489208633115,13.778274392100569,0.8952837729816147,0.018658938191598397,0.018658938191598397,-1.4388489208633115,3,13.778274392100569
geometry_no_feedback,test,0.92,7,1.0,0.8561151079136691,-1.4388489208633115,15.508939057810256,1.0,0.01652892561983471,0.01652892561983471,-1.4388489208633115,3,15.508939057810256
geometry_no_feedback,test,0.92,8,0.1,0.8673061550759392,-0.31974420463629266,1.0772543390317042,0.09832134292565947,0.05754385964912281,0.05754385964912281,-0.31974420463629266,3,1.0772543390317042
geometry_no_feedback,test,0.92,8,0.2,0.864908073541167,-0.5595523581135168,1.930325373004475,0.17106314948041568,0.050915750915750915,0.050915750915750915,-0.5595523581135168,3,1.930325373004475
geometry_no_feedback,test,0.92,8,0.3,0.8625099920063949,-0.7993605115907335,2.882302405498275,0.2597921662669864,0.04354309165526676,0.04354309165526676,-0.7993605115907335,3,2.882302405498275
geometry_no_feedback,test,0.92,8,0.4,0.8617106314948041,-0.8792965627498058,4.4581647744573445,0.36370903277378097,0.03163656267104543,0.03163656267104543,-0.8792965627498058,3,4.4581647744573445
geometry_no_feedback,test,0.92,8,0.5,0.8609112709832134,-0.959232613908878,5.8816716690591075,0.46203037569944044,0.026014052183392127,0.026014052183392127,-0.959232613908878,3,5.8816716690591075
geometry_no_feedback,test,0.92,8,0.6,0.8585131894484412,-1.1990407673860948,7.6683957544912715,0.60431654676259,0.0239245456636761,0.0239245456636761,-1.1990407673860948,3,7.6683957544912715
geometry_no_feedback,test,0.92,8,0.7,0.8585131894484412,-1.1990407673860948,9.02806777154291,0.6866506794564349,0.02093278463648834,0.02093278463648834,-1.1990407673860948,3,9.02806777154291
geometry_no_feedback,test,0.92,8,0.8,0.8585131894484412,-1.1990407673860948,10.598003392927046,0.7857713828936851,0.01795653955310389,0.01795653955310389,-1.1990407673860948,3,10.598003392927046
geometry_no_feedback,test,0.92,8,0.9,0.8585131894484412,-1.1990407673860948,12.265105050241413,0.8952837729816147,0.015549115159665332,0.015549115159665332,-1.1990407673860948,3,12.265105050241413
geometry_no_feedback,test,0.92,8,1.0,0.8585131894484412,-1.1990407673860948,13.842816129453217,1.0,0.013774104683195593,0.013774104683195593,-1.1990407673860948,3,13.842816129453217
geometry_no_feedback,test,0.95,4,0.1,0.8673061550759392,-0.31974420463629266,0.9371329766409975,0.09832134292565947,0.05754385964912281,0.05754385964912281,-0.31974420463629266,3,0.9371329766409975
geometry_no_feedback,test,0.95,4,0.2,0.8641087130295763,-0.6394884092725891,1.7766649267040708,0.17106314948041568,0.057326007326007324,0.057326007326007324,-0.6394884092725891,3,1.7766649267040708
geometry_no_feedback,test,0.95,4,0.3,0.8625099920063949,-0.7993605115907335,2.612771325416493,0.2597921662669864,0.04354309165526676,0.04354309165526676,-0.7993605115907335,3,2.612771325416493
geometry_no_feedback,test,0.95,4,0.4,0.8609112709832134,-0.959232613908878,4.349906477010742,0.36370903277378097,0.0344143404488232,0.0344143404488232,-0.959232613908878,3,4.349906477010742
geometry_no_feedback,test,0.95,4,0.5,0.8593125499600319,-1.1191047162270225,5.900811257557966,0.46203037569944044,0.03011948369446798,0.03011948369446798,-1.1191047162270225,3,5.900811257557966
geometry_no_feedback,test,0.95,4,0.6,0.8561151079136691,-1.4388489208633115,7.7328287441819965,0.60431654676259,0.028709454796411318,0.028709454796411318,-1.4388489208633115,3,7.7328287441819965
geometry_no_feedback,test,0.95,4,0.7,0.8561151079136691,-1.4388489208633115,8.985329940406272,0.6866506794564349,0.025119341563786007,0.025119341563786007,-1.4388489208633115,3,8.985329940406272
geometry_no_feedback,test,0.95,4,0.8,0.8561151079136691,-1.4388489208633115,10.445865413893596,0.7857713828936851,0.021547847463724668,0.021547847463724668,-1.4388489208633115,3,10.445865413893596
geometry_no_feedback,test,0.95,4,0.9,0.8561151079136691,-1.4388489208633115,12.354223759189171,0.8952837729816147,0.018658938191598397,0.018658938191598397,-1.4388489208633115,3,12.354223759189171
geometry_no_feedback,test,0.95,4,1.0,0.8561151079136691,-1.4388489208633115,13.834660054808822,1.0,0.01652892561983471,0.01652892561983471,-1.4388489208633115,3,13.834660054808822
geometry_no_feedback,test,0.95,5,0.1,0.8673061550759392,-0.31974420463629266,0.9371329766409975,0.09832134292565947,0.05754385964912281,0.05754385964912281,-0.31974420463629266,3,0.9371329766409975
geometry_no_feedback,test,0.95,5,0.2,0.8641087130295763,-0.6394884092725891,1.7766649267040708,0.17106314948041568,0.057326007326007324,0.057326007326007324,-0.6394884092725891,3,1.7766649267040708
geometry_no_feedback,test,0.95,5,0.3,0.8625099920063949,-0.7993605115907335,2.612771325416493,0.2597921662669864,0.04354309165526676,0.04354309165526676,-0.7993605115907335,3,2.612771325416493
geometry_no_feedback,test,0.95,5,0.4,0.8609112709832134,-0.959232613908878,4.349906477010742,0.36370903277378097,0.0344143404488232,0.0344143404488232,-0.959232613908878,3,4.349906477010742
geometry_no_feedback,test,0.95,5,0.5,0.8593125499600319,-1.1191047162270225,5.900811257557966,0.46203037569944044,0.03011948369446798,0.03011948369446798,-1.1191047162270225,3,5.900811257557966
geometry_no_feedback,test,0.95,5,0.6,0.8561151079136691,-1.4388489208633115,7.7328287441819965,0.60431654676259,0.028709454796411318,0.028709454796411318,-1.4388489208633115,3,7.7328287441819965
geometry_no_feedback,test,0.95,5,0.7,0.8561151079136691,-1.4388489208633115,8.985329940406272,0.6866506794564349,0.025119341563786007,0.025119341563786007,-1.4388489208633115,3,8.985329940406272
geometry_no_feedback,test,0.95,5,0.8,0.8561151079136691,-1.4388489208633115,10.445865413893596,0.7857713828936851,0.021547847463724668,0.021547847463724668,-1.4388489208633115,3,10.445865413893596
geometry_no_feedback,test,0.95,5,0.9,0.8561151079136691,-1.4388489208633115,11.991224063682626,0.8952837729816147,0.018658938191598397,0.018658938191598397,-1.4388489208633115,3,11.991224063682626
geometry_no_feedback,test,0.95,5,1.0,0.8561151079136691,-1.4388489208633115,13.290160511548999,1.0,0.01652892561983471,0.01652892561983471,-1.4388489208633115,3,13.290160511548999
geometry_no_feedback,test,0.95,6,0.1,0.8673061550759392,-0.31974420463629266,0.9371329766409975,0.09832134292565947,0.05754385964912281,0.05754385964912281,-0.31974420463629266,3,0.9371329766409975
geometry_no_feedback,test,0.95,6,0.2,0.8641087130295763,-0.6394884092725891,1.7766649267040708,0.17106314948041568,0.057326007326007324,0.057326007326007324,-0.6394884092725891,3,1.7766649267040708
geometry_no_feedback,test,0.95,6,0.3,0.8625099920063949,-0.7993605115907335,2.612771325416493,0.2597921662669864,0.04354309165526676,0.04354309165526676,-0.7993605115907335,3,2.612771325416493
geometry_no_feedback,test,0.95,6,0.4,0.8609112709832134,-0.959232613908878,4.349906477010742,0.36370903277378097,0.0344143404488232,0.0344143404488232,-0.959232613908878,3,4.349906477010742
geometry_no_feedback,test,0.95,6,0.5,0.8593125499600319,-1.1191047162270225,5.900811257557966,0.46203037569944044,0.03011948369446798,0.03011948369446798,-1.1191047162270225,3,5.900811257557966
geometry_no_feedback,test,0.95,6,0.6,0.8561151079136691,-1.4388489208633115,7.7328287441819965,0.60431654676259,0.028709454796411318,0.028709454796411318,-1.4388489208633115,3,7.7328287441819965
geometry_no_feedback,test,0.95,6,0.7,0.8561151079136691,-1.4388489208633115,8.985329940406272,0.6866506794564349,0.025119341563786007,0.025119341563786007,-1.4388489208633115,3,8.985329940406272
geometry_no_feedback,test,0.95,6,0.8,0.8561151079136691,-1.4388489208633115,10.445865413893596,0.7857713828936851,0.021547847463724668,0.021547847463724668,-1.4388489208633115,3,10.445865413893596
geometry_no_feedback,test,0.95,6,0.9,0.8561151079136691,-1.4388489208633115,11.989919091739525,0.8952837729816147,0.018658938191598397,0.018658938191598397,-1.4388489208633115,3,11.989919091739525
geometry_no_feedback,test,0.95,6,1.0,0.8561151079136691,-1.4388489208633115,13.288203053634351,1.0,0.01652892561983471,0.01652892561983471,-1.4388489208633115,3,13.288203053634351
geometry_no_feedback,test,0.95,7,0.1,0.8673061550759392,-0.31974420463629266,0.9371329766409975,0.09832134292565947,0.05754385964912281,0.05754385964912281,-0.31974420463629266,3,0.9371329766409975
geometry_no_feedback,test,0.95,7,0.2,0.8641087130295763,-0.6394884092725891,1.7766649267040708,0.17106314948041568,0.057326007326007324,0.057326007326007324,-0.6394884092725891,3,1.7766649267040708
geometry_no_feedback,test,0.95,7,0.3,0.8625099920063949,-0.7993605115907335,2.611683848797245,0.2597921662669864,0.04354309165526676,0.04354309165526676,-0.7993605115907335,3,2.611683848797245
geometry_no_feedback,test,0.95,7,0.4,0.8609112709832134,-0.959232613908878,4.2467049458436605,0.36370903277378097,0.0344143404488232,0.0344143404488232,-0.959232613908878,3,4.2467049458436605
geometry_no_feedback,test,0.95,7,0.5,0.8593125499600319,-1.1191047162270225,5.746552699116962,0.46203037569944044,0.03011948369446798,0.03011948369446798,-1.1191047162270225,3,5.746552699116962
geometry_no_feedback,test,0.95,7,0.6,0.8561151079136691,-1.4388489208633115,7.578570185740996,0.60431654676259,0.028709454796411318,0.028709454796411318,-1.4388489208633115,3,7.578570185740996
geometry_no_feedback,test,0.95,7,0.7,0.8561151079136691,-1.4388489208633115,8.831071381965282,0.6866506794564349,0.025119341563786007,0.025119341563786007,-1.4388489208633115,3,8.831071381965282
geometry_no_feedback,test,0.95,7,0.8,0.8561151079136691,-1.4388489208633115,10.291606855452603,0.7857713828936851,0.021547847463724668,0.021547847463724668,-1.4388489208633115,3,10.291606855452603
geometry_no_feedback,test,0.95,7,0.9,0.8561151079136691,-1.4388489208633115,11.831854365131145,0.8952837729816147,0.018658938191598397,0.018658938191598397,-1.4388489208633115,3,11.831854365131145
geometry_no_feedback,test,0.95,7,1.0,0.8561151079136691,-1.4388489208633115,13.12932271956152,1.0,0.01652892561983471,0.01652892561983471,-1.4388489208633115,3,13.12932271956152
geometry_no_feedback,test,0.95,8,0.1,0.8673061550759392,-0.31974420463629266,0.9371329766409975,0.09832134292565947,0.05754385964912281,0.05754385964912281,-0.31974420463629266,3,0.9371329766409975
geometry_no_feedback,test,0.95,8,0.2,0.8641087130295763,-0.6394884092725891,1.7357214319892085,0.17106314948041568,0.057326007326007324,0.057326007326007324,-0.6394884092725891,3,1.7357214319892085
geometry_no_feedback,test,0.95,8,0.3,0.8625099920063949,-0.7993605115907335,2.566988559745964,0.2597921662669864,0.04354309165526676,0.04354309165526676,-0.7993605115907335,3,2.566988559745964
geometry_no_feedback,test,0.95,8,0.4,0.8625099920063949,-0.7993605115907335,3.9380247074687826,0.36370903277378097,0.02866037219485495,0.02866037219485495,-0.7993605115907335,3,3.9380247074687826
geometry_no_feedback,test,0.95,8,0.5,0.8617106314948041,-0.8792965627498058,5.242344164600454,0.46203037569944044,0.023615970648619946,0.023615970648619946,-0.8792965627498058,3,5.242344164600454
geometry_no_feedback,test,0.95,8,0.6,0.8585131894484412,-1.1990407673860948,6.896722345469567,0.60431654676259,0.0239245456636761,0.0239245456636761,-1.1990407673860948,3,6.896722345469567
geometry_no_feedback,test,0.95,8,0.7,0.8585131894484412,-1.1990407673860948,8.111161860020006,0.6866506794564349,0.02093278463648834,0.02093278463648834,-1.1990407673860948,3,8.111161860020006
geometry_no_feedback,test,0.95,8,0.8,0.8585131894484412,-1.1990407673860948,9.547065988081252,0.7857713828936851,0.01795653955310389,0.01795653955310389,-1.1990407673860948,3,9.547065988081252
geometry_no_feedback,test,0.95,8,0.9,0.8585131894484412,-1.1990407673860948,11.042509461046583,0.8952837729816147,0.015549115159665332,0.015549115159665332,-1.1990407673860948,3,11.042509461046583
geometry_no_feedback,test,0.95,8,1.0,0.8585131894484412,-1.1990407673860948,12.326275610074378,1.0,0.013774104683195593,0.013774104683195593,-1.1990407673860948,3,12.326275610074378
geometry_no_feedback,test,0.98,4,0.1,0.86810551558753,-0.23980815347722043,0.8386075949366986,0.09832134292565947,0.04421052631578947,0.04421052631578947,-0.23980815347722043,3,0.8386075949366986
geometry_no_feedback,test,0.98,4,0.2,0.8657074340527577,-0.47961630695444457,1.4693440341032593,0.17106314948041568,0.04350834350834351,0.04350834350834351,-0.47961630695444457,3,1.4693440341032593
geometry_no_feedback,test,0.98,4,0.3,0.864908073541167,-0.5595523581135168,2.1902322850058664,0.2597921662669864,0.030320717434260527,0.030320717434260527,-0.5595523581135168,3,2.1902322850058664
geometry_no_feedback,test,0.98,4,0.4,0.864908073541167,-0.5595523581135168,3.4772608638914217,0.36370903277378097,0.020032840722495896,0.020032840722495896,-0.5595523581135168,3,3.4772608638914217
geometry_no_feedback,test,0.98,4,0.5,0.8641087130295763,-0.6394884092725891,4.517432250206614,0.46203037569944044,0.017112457602771913,0.017112457602771913,-0.6394884092725891,3,4.517432250206614
geometry_no_feedback,test,0.98,4,0.6,0.8609112709832134,-0.959232613908878,5.691363260689889,0.60431654676259,0.01913963653094088,0.01913963653094088,-0.959232613908878,3,5.691363260689889
geometry_no_feedback,test,0.98,4,0.7,0.8609112709832134,-0.959232613908878,6.575644873635215,0.6866506794564349,0.016746227709190674,0.016746227709190674,-0.959232613908878,3,6.575644873635215
geometry_no_feedback,test,0.98,4,0.8,0.8609112709832134,-0.959232613908878,7.828363565183342,0.7857713828936851,0.014365231642483111,0.014365231642483111,-0.959232613908878,3,7.828363565183342
geometry_no_feedback,test,0.98,4,0.9,0.8609112709832134,-0.959232613908878,9.090488929488012,0.8952837729816147,0.012439292127732265,0.012439292127732265,-0.959232613908878,3,9.090488929488012
geometry_no_feedback,test,0.98,4,1.0,0.8609112709832134,-0.959232613908878,10.210752968811176,1.0,0.011019283746556474,0.011019283746556474,-0.959232613908878,3,10.210752968811176
geometry_no_feedback,test,0.98,5,0.1,0.86810551558753,-0.23980815347722043,0.8386075949366986,0.09832134292565947,0.04421052631578947,0.04421052631578947,-0.23980815347722043,3,0.8386075949366986
geometry_no_feedback,test,0.98,5,0.2,0.8657074340527577,-0.47961630695444457,1.4693440341032593,0.17106314948041568,0.04350834350834351,0.04350834350834351,-0.47961630695444457,3,1.4693440341032593
geometry_no_feedback,test,0.98,5,0.3,0.864908073541167,-0.5595523581135168,2.1902322850058664,0.2597921662669864,0.030320717434260527,0.030320717434260527,-0.5595523581135168,3,2.1902322850058664
geometry_no_feedback,test,0.98,5,0.4,0.864908073541167,-0.5595523581135168,3.4772608638914217,0.36370903277378097,0.020032840722495896,0.020032840722495896,-0.5595523581135168,3,3.4772608638914217
geometry_no_feedback,test,0.98,5,0.5,0.8641087130295763,-0.6394884092725891,4.517432250206614,0.46203037569944044,0.017112457602771913,0.017112457602771913,-0.6394884092725891,3,4.517432250206614
geometry_no_feedback,test,0.98,5,0.6,0.8609112709832134,-0.959232613908878,5.691363260689889,0.60431654676259,0.01913963653094088,0.01913963653094088,-0.959232613908878,3,5.691363260689889
geometry_no_feedback,test,0.98,5,0.7,0.8609112709832134,-0.959232613908878,6.575644873635215,0.6866506794564349,0.016746227709190674,0.016746227709190674,-0.959232613908878,3,6.575644873635215
geometry_no_feedback,test,0.98,5,0.8,0.8609112709832134,-0.959232613908878,7.828363565183342,0.7857713828936851,0.014365231642483111,0.014365231642483111,-0.959232613908878,3,7.828363565183342
geometry_no_feedback,test,0.98,5,0.9,0.8609112709832134,-0.959232613908878,9.090488929488012,0.8952837729816147,0.012439292127732265,0.012439292127732265,-0.959232613908878,3,9.090488929488012
geometry_no_feedback,test,0.98,5,1.0,0.8609112709832134,-0.959232613908878,10.210752968811176,1.0,0.011019283746556474,0.011019283746556474,-0.959232613908878,3,10.210752968811176
geometry_no_feedback,test,0.98,6,0.1,0.86810551558753,-0.23980815347722043,0.8386075949366986,0.09832134292565947,0.04421052631578947,0.04421052631578947,-0.23980815347722043,3,0.8386075949366986
geometry_no_feedback,test,0.98,6,0.2,0.8657074340527577,-0.47961630695444457,1.4693440341032593,0.17106314948041568,0.04350834350834351,0.04350834350834351,-0.47961630695444457,3,1.4693440341032593
geometry_no_feedback,test,0.98,6,0.3,0.864908073541167,-0.5595523581135168,2.1902322850058664,0.2597921662669864,0.030320717434260527,0.030320717434260527,-0.5595523581135168,3,2.1902322850058664
geometry_no_feedback,test,0.98,6,0.4,0.864908073541167,-0.5595523581135168,3.4772608638914217,0.36370903277378097,0.020032840722495896,0.020032840722495896,-0.5595523581135168,3,3.4772608638914217
geometry_no_feedback,test,0.98,6,0.5,0.8641087130295763,-0.6394884092725891,4.517432250206614,0.46203037569944044,0.017112457602771913,0.017112457602771913,-0.6394884092725891,3,4.517432250206614
geometry_no_feedback,test,0.98,6,0.6,0.8609112709832134,-0.959232613908878,5.691363260689889,0.60431654676259,0.01913963653094088,0.01913963653094088,-0.959232613908878,3,5.691363260689889
geometry_no_feedback,test,0.98,6,0.7,0.8609112709832134,-0.959232613908878,6.575644873635215,0.6866506794564349,0.016746227709190674,0.016746227709190674,-0.959232613908878,3,6.575644873635215
geometry_no_feedback,test,0.98,6,0.8,0.8609112709832134,-0.959232613908878,7.828363565183342,0.7857713828936851,0.014365231642483111,0.014365231642483111,-0.959232613908878,3,7.828363565183342
geometry_no_feedback,test,0.98,6,0.9,0.8609112709832134,-0.959232613908878,9.090488929488012,0.8952837729816147,0.012439292127732265,0.012439292127732265,-0.959232613908878,3,9.090488929488012
geometry_no_feedback,test,0.98,6,1.0,0.8609112709832134,-0.959232613908878,10.210752968811176,1.0,0.011019283746556474,0.011019283746556474,-0.959232613908878,3,10.210752968811176
geometry_no_feedback,test,0.98,7,0.1,0.86810551558753,-0.23980815347722043,0.8386075949366986,0.09832134292565947,0.04421052631578947,0.04421052631578947,-0.23980815347722043,3,0.8386075949366986
geometry_no_feedback,test,0.98,7,0.2,0.8657074340527577,-0.47961630695444457,1.4693440341032593,0.17106314948041568,0.04350834350834351,0.04350834350834351,-0.47961630695444457,3,1.4693440341032593
geometry_no_feedback,test,0.98,7,0.3,0.864908073541167,-0.5595523581135168,2.1902322850058664,0.2597921662669864,0.030320717434260527,0.030320717434260527,-0.5595523581135168,3,2.1902322850058664
geometry_no_feedback,test,0.98,7,0.4,0.864908073541167,-0.5595523581135168,3.3751468093435912,0.36370903277378097,0.020032840722495896,0.020032840722495896,-0.5595523581135168,3,3.3751468093435912
geometry_no_feedback,test,0.98,7,0.5,0.8641087130295763,-0.6394884092725891,4.364261168384871,0.46203037569944044,0.017112457602771913,0.017112457602771913,-0.6394884092725891,3,4.364261168384871
geometry_no_feedback,test,0.98,7,0.6,0.8609112709832134,-0.959232613908878,5.538192178868151,0.60431654676259,0.01913963653094088,0.01913963653094088,-0.959232613908878,3,5.538192178868151
geometry_no_feedback,test,0.98,7,0.7,0.8609112709832134,-0.959232613908878,6.422473791813469,0.6866506794564349,0.016746227709190674,0.016746227709190674,-0.959232613908878,3,6.422473791813469
geometry_no_feedback,test,0.98,7,0.8,0.8609112709832134,-0.959232613908878,7.6751924833616,0.7857713828936851,0.014365231642483111,0.014365231642483111,-0.959232613908878,3,7.6751924833616
geometry_no_feedback,test,0.98,7,0.9,0.8609112709832134,-0.959232613908878,8.937317847666275,0.8952837729816147,0.012439292127732265,0.012439292127732265,-0.959232613908878,3,8.937317847666275
geometry_no_feedback,test,0.98,7,1.0,0.8609112709832134,-0.959232613908878,10.05758188698942,1.0,0.011019283746556474,0.011019283746556474,-0.959232613908878,3,10.05758188698942
geometry_no_feedback,test,0.98,8,0.1,0.86810551558753,-0.23980815347722043,0.8386075949366986,0.09832134292565947,0.04421052631578947,0.04421052631578947,-0.23980815347722043,3,0.8386075949366986
geometry_no_feedback,test,0.98,8,0.2,0.8657074340527577,-0.47961630695444457,1.4693440341032593,0.17106314948041568,0.04350834350834351,0.04350834350834351,-0.47961630695444457,3,1.4693440341032593
geometry_no_feedback,test,0.98,8,0.3,0.864908073541167,-0.5595523581135168,2.1902322850058664,0.2597921662669864,0.030320717434260527,0.030320717434260527,-0.5595523581135168,3,2.1902322850058664
geometry_no_feedback,test,0.98,8,0.4,0.864908073541167,-0.5595523581135168,3.3687306972900046,0.36370903277378097,0.020032840722495896,0.020032840722495896,-0.5595523581135168,3,3.3687306972900046
geometry_no_feedback,test,0.98,8,0.5,0.8641087130295763,-0.6394884092725891,4.354637000304488,0.46203037569944044,0.017112457602771913,0.017112457602771913,-0.6394884092725891,3,4.354637000304488
geometry_no_feedback,test,0.98,8,0.6,0.8609112709832134,-0.959232613908878,5.52856801078776,0.60431654676259,0.01913963653094088,0.01913963653094088,-0.959232613908878,3,5.52856801078776
geometry_no_feedback,test,0.98,8,0.7,0.8609112709832134,-0.959232613908878,6.412849623733089,0.6866506794564349,0.016746227709190674,0.016746227709190674,-0.959232613908878,3,6.412849623733089
geometry_no_feedback,test,0.98,8,0.8,0.8609112709832134,-0.959232613908878,7.665568315281216,0.7857713828936851,0.014365231642483111,0.014365231642483111,-0.959232613908878,3,7.665568315281216
geometry_no_feedback,test,0.98,8,0.9,0.8609112709832134,-0.959232613908878,8.927693679585888,0.8952837729816147,0.012439292127732265,0.012439292127732265,-0.959232613908878,3,8.927693679585888
geometry_no_feedback,test,0.98,8,1.0,0.8609112709832134,-0.959232613908878,10.04795771890904,1.0,0.011019283746556474,0.011019283746556474,-0.959232613908878,3,10.04795771890904
random_feedback,calibration,0.75,4,0.1,0.8584729981378026,-0.18621973929236293,2.8273151281207998,0.1005586592178771,0.020833333333333332,0.020833333333333332,-0.18621973929236293,3,2.8273151281207998
random_feedback,calibration,0.75,4,0.2,0.8528864059590316,-0.7448789571694555,6.621727037752567,0.2011173184357542,0.03982683982683983,0.03982683982683983,-0.7448789571694555,3,6.621727037752567
random_feedback,calibration,0.75,4,0.3,0.8491620111731844,-1.117318435754185,10.018789957013732,0.3016759776536313,0.039874616513271975,0.039874616513271975,-1.117318435754185,3,10.018789957013732
random_feedback,calibration,0.75,4,0.4,0.845437616387337,-1.4897579143389184,13.714652259772734,0.4022346368715084,0.040583518195458496,0.040583518195458496,-1.4897579143389184,3,13.714652259772734
random_feedback,calibration,0.75,4,0.5,0.8417132216014898,-1.862197392923648,17.114109606822357,0.5027932960893855,0.04070672935645019,0.04070672935645019,-1.862197392923648,3,17.114109606822357
random_feedback,calibration,0.75,4,0.6,0.8417132216014898,-1.862197392923648,20.34318451334516,0.6033519553072626,0.03415599291887952,0.03415599291887952,-1.862197392923648,3,20.34318451334516
random_feedback,calibration,0.75,4,0.7,0.8361266294227188,-2.4208566108007443,23.510760432458866,0.7039106145251397,0.038558786346396964,0.038558786346396964,-2.4208566108007443,3,23.510760432458866
random_feedback,calibration,0.75,4,0.8,0.8361266294227188,-2.4208566108007443,26.696483593758867,0.8044692737430168,0.033854166666666664,0.033854166666666664,-2.4208566108007443,3,26.696483593758867
random_feedback,calibration,0.75,4,0.9,0.8342644320297952,-2.6070763500931107,29.71018602183467,0.9050279329608939,0.03266958070260644,0.03266958070260644,-2.6070763500931107,3,29.71018602183467
random_feedback,calibration,0.75,4,1.0,0.8324022346368715,-2.7932960893854775,31.941036585596382,1.0,0.032467532467532464,0.032467532467532464,-2.7932960893854775,3,31.941036585596382
random_feedback,calibration,0.75,5,0.1,0.8584729981378026,-0.18621973929236293,2.810680156116696,0.1005586592178771,0.020833333333333332,0.020833333333333332,-0.18621973929236293,3,2.810680156116696
random_feedback,calibration,0.75,5,0.2,0.8528864059590316,-0.7448789571694555,6.585432553379989,0.2011173184357542,0.03982683982683983,0.03982683982683983,-0.7448789571694555,3,6.585432553379989
random_feedback,calibration,0.75,5,0.3,0.8491620111731844,-1.117318435754185,9.982495472641148,0.3016759776536313,0.039874616513271975,0.039874616513271975,-1.117318435754185,3,9.982495472641148
random_feedback,calibration,0.75,5,0.4,0.845437616387337,-1.4897579143389184,13.678357775400155,0.4022346368715084,0.040583518195458496,0.040583518195458496,-1.4897579143389184,3,13.678357775400155
random_feedback,calibration,0.75,5,0.5,0.8417132216014898,-1.862197392923648,17.05664333989911,0.5027932960893855,0.04070672935645019,0.04070672935645019,-1.862197392923648,3,17.05664333989911
random_feedback,calibration,0.75,5,0.6,0.8417132216014898,-1.862197392923648,20.267949071781167,0.6033519553072626,0.03415599291887952,0.03415599291887952,-1.862197392923648,3,20.267949071781167
random_feedback,calibration,0.75,5,0.7,0.8361266294227188,-2.4208566108007443,23.220152512447882,0.7039106145251397,0.038558786346396964,0.038558786346396964,-2.4208566108007443,3,23.220152512447882
random_feedback,calibration,0.75,5,0.8,0.8361266294227188,-2.4208566108007443,26.373739932376324,0.8044692737430168,0.033854166666666664,0.033854166666666664,-2.4208566108007443,3,26.373739932376324
random_feedback,calibration,0.75,5,0.9,0.8342644320297952,-2.6070763500931107,29.25801723735963,0.9050279329608939,0.03266958070260644,0.03266958070260644,-2.6070763500931107,3,29.25801723735963
random_feedback,calibration,0.75,5,1.0,0.8324022346368715,-2.7932960893854775,31.488867801121355,1.0,0.032467532467532464,0.032467532467532464,-2.7932960893854775,3,31.488867801121355
random_feedback,calibration,0.75,6,0.1,0.8603351955307262,0.0,2.6642419934745663,0.1005586592178771,0.0,0.0,0.0,3,2.6642419934745663
random_feedback,calibration,0.75,6,0.2,0.8584729981378026,-0.18621973929236293,6.227276565231155,0.2011173184357542,0.010101010101010102,0.010101010101010102,-0.18621973929236293,3,6.227276565231155
random_feedback,calibration,0.75,6,0.3,0.8547486033519553,-0.5586592178770925,9.509785018191353,0.3016759776536313,0.019869281045751634,0.019869281045751634,-0.5586592178770925,3,9.509785018191353
random_feedback,calibration,0.75,6,0.4,0.851024208566108,-0.9310986964618184,13.149693324209315,0.4022346368715084,0.0252668834758387,0.0252668834758387,-0.9310986964618184,3,13.149693324209315
random_feedback,calibration,0.75,6,0.5,0.8472998137802608,-1.3035381750465518,16.38582549158233,0.5027932960893855,0.028458957782348908,0.028458957782348908,-1.3035381750465518,3,16.38582549158233
random_feedback,calibration,0.75,6,0.6,0.8472998137802608,-1.3035381750465518,19.411878126146025,0.6033519553072626,0.023916137318199172,0.023916137318199172,-1.3035381750465518,3,19.411878126146025
random_feedback,calibration,0.75,6,0.7,0.8417132216014898,-1.862197392923648,22.245746425056304,0.7039106145251397,0.02965655288664138,0.02965655288664138,-1.862197392923648,3,22.245746425056304
random_feedback,calibration,0.75,6,0.8,0.8417132216014898,-1.862197392923648,25.213198590060106,0.8044692737430168,0.026041666666666668,0.026041666666666668,-1.862197392923648,3,25.213198590060106
random_feedback,calibration,0.75,6,0.9,0.8398510242085662,-2.0484171322160107,27.93364662530608,0.9050279329608939,0.025675894447142626,0.025675894447142626,-2.0484171322160107,3,27.93364662530608
random_feedback,calibration,0.75,6,1.0,0.8379888268156425,-2.2346368715083775,30.068846100044233,1.0,0.025974025974025976,0.025974025974025976,-2.2346368715083775,3,30.068846100044233
random_feedback,calibration,0.75,7,0.1,0.8603351955307262,0.0,2.3455310525778574,0.1005586592178771,0.0,0.0,0.0,3,2.3455310525778574
random_feedback,calibration,0.75,7,0.2,0.8584729981378026,-0.18621973929236293,5.691302808159712,0.2011173184357542,0.010101010101010102,0.010101010101010102,-0.18621973929236293,3,5.691302808159712
random_feedback,calibration,0.75,7,0.3,0.8566108007448789,-0.37243947858472587,8.680304823259732,0.3016759776536313,0.013202614379084968,0.013202614379084968,-0.37243947858472587,3,8.680304823259732
random_feedback,calibration,0.75,7,0.4,0.8528864059590316,-0.7448789571694555,11.932693895091306,0.4022346368715084,0.020291759097729248,0.020291759097729248,-0.7448789571694555,3,11.932693895091306
random_feedback,calibration,0.75,7,0.5,0.851024208566108,-0.9310986964618184,14.81583699743797,0.5027932960893855,0.020377852874914292,0.020377852874914292,-0.9310986964618184,3,14.81583699743797
random_feedback,calibration,0.75,7,0.6,0.851024208566108,-0.9310986964618184,17.551029666960307,0.6033519553072626,0.01711270783435732,0.01711270783435732,-0.9310986964618184,3,17.551029666960307
random_feedback,calibration,0.75,7,0.7,0.845437616387337,-1.4897579143389146,20.08483835722091,0.7039106145251397,0.023730509903076274,0.023730509903076274,-1.4897579143389146,3,20.08483835722091
random_feedback,calibration,0.75,7,0.8,0.845437616387337,-1.4897579143389146,22.54920864161592,0.8044692737430168,0.020833333333333332,0.020833333333333332,-1.4897579143389146,3,22.54920864161592
random_feedback,calibration,0.75,7,0.9,0.845437616387337,-1.4897579143389146,24.728011906607243,0.9050279329608939,0.018682208191678807,0.018682208191678807,-1.4897579143389146,3,24.728011906607243
random_feedback,calibration,0.75,7,1.0,0.8435754189944135,-1.6759776536312776,26.611418396010635,1.0,0.01948051948051948,0.01948051948051948,-1.6759776536312776,3,26.611418396010635
random_feedback,calibration,0.75,8,0.1,0.8603351955307262,0.0,1.8542952883962311,0.1005586592178771,0.0,0.0,0.0,3,1.8542952883962311
random_feedback,calibration,0.75,8,0.2,0.8566108007448789,-0.37243947858472587,4.6798461013044665,0.2011173184357542,0.019624819624819625,0.019624819624819625,-0.37243947858472587,3,4.6798461013044665
random_feedback,calibration,0.75,8,0.3,0.8547486033519553,-0.5586592178770888,6.656761296973324,0.3016759776536313,0.02000533546752034,0.02000533546752034,-0.5586592178770888,3,6.656761296973324
random_feedback,calibration,0.75,8,0.4,0.8528864059590316,-0.7448789571694555,9.144445746677107,0.4022346368715084,0.020291759097729248,0.020291759097729248,-0.7448789571694555,3,9.144445746677107
random_feedback,calibration,0.75,8,0.5,0.851024208566108,-0.9310986964618184,11.408818299477392,0.5027932960893855,0.020377852874914292,0.020377852874914292,-0.9310986964618184,3,11.408818299477392
random_feedback,calibration,0.75,8,0.6,0.851024208566108,-0.9310986964618184,13.198842105130508,0.6033519553072626,0.01711270783435732,0.01711270783435732,-0.9310986964618184,3,13.198842105130508
random_feedback,calibration,0.75,8,0.7,0.845437616387337,-1.4897579143389146,14.992646586239108,0.7039106145251397,0.023730509903076274,0.023730509903076274,-1.4897579143389146,3,14.992646586239108
random_feedback,calibration,0.75,8,0.8,0.845437616387337,-1.4897579143389146,16.612539996395757,0.8044692737430168,0.020833333333333332,0.020833333333333332,-1.4897579143389146,3,16.612539996395757
random_feedback,calibration,0.75,8,0.9,0.845437616387337,-1.4897579143389146,18.185427008389322,0.9050279329608939,0.018682208191678807,0.018682208191678807,-1.4897579143389146,3,18.185427008389322
random_feedback,calibration,0.75,8,1.0,0.8435754189944135,-1.6759776536312776,19.49127231071104,1.0,0.01948051948051948,0.01948051948051948,-1.6759776536312776,3,19.49127231071104
random_feedback,calibration,0.8,4,0.1,0.8603351955307262,0.0,2.3020532848398814,0.1005586592178771,0.0,0.0,0.0,3,2.3020532848398814
random_feedback,calibration,0.8,4,0.2,0.8566108007448789,-0.37243947858472587,5.622620537385214,0.2011173184357542,0.019624819624819625,0.019624819624819625,-0.37243947858472587,3,5.622620537385214
random_feedback,calibration,0.8,4,0.3,0.8528864059590316,-0.7448789571694555,8.54016778637672,0.3016759776536313,0.02667200213418701,0.02667200213418701,-0.7448789571694555,3,8.54016778637672
random_feedback,calibration,0.8,4,0.4,0.851024208566108,-0.9310986964618184,11.876109785774332,0.4022346368715084,0.0252668834758387,0.0252668834758387,-0.9310986964618184,3,11.876109785774332
random_feedback,calibration,0.8,4,0.5,0.8472998137802608,-1.3035381750465518,15.008903490697657,0.5027932960893855,0.028458957782348908,0.028458957782348908,-1.3035381750465518,3,15.008903490697657
random_feedback,calibration,0.8,4,0.6,0.8472998137802608,-1.3035381750465518,17.86709413503817,0.6033519553072626,0.023916137318199172,0.023916137318199172,-1.3035381750465518,3,17.86709413503817
random_feedback,calibration,0.8,4,0.7,0.8417132216014898,-1.862197392923648,20.491513013715032,0.7039106145251397,0.02965655288664138,0.02965655288664138,-1.862197392923648,3,20.491513013715032
random_feedback,calibration,0.8,4,0.8,0.8417132216014898,-1.862197392923648,23.34176423959906,0.8044692737430168,0.026041666666666668,0.026041666666666668,-1.862197392923648,3,23.34176423959906
random_feedback,calibration,0.8,4,0.9,0.8398510242085662,-2.0484171322160107,25.974626626793142,0.9050279329608939,0.025675894447142626,0.025675894447142626,-2.0484171322160107,3,25.974626626793142
random_feedback,calibration,0.8,4,1.0,0.8379888268156425,-2.2346368715083775,27.923690846606664,1.0,0.025974025974025976,0.025974025974025976,-2.2346368715083775,3,27.923690846606664
random_feedback,calibration,0.8,5,0.1,0.8603351955307262,0.0,2.3020532848398814,0.1005586592178771,0.0,0.0,0.0,3,2.3020532848398814
random_feedback,calibration,0.8,5,0.2,0.8566108007448789,-0.37243947858472587,5.620982244687844,0.2011173184357542,0.019624819624819625,0.019624819624819625,-0.37243947858472587,3,5.620982244687844
random_feedback,calibration,0.8,5,0.3,0.8528864059590316,-0.7448789571694555,8.538529493679345,0.3016759776536313,0.02667200213418701,0.02667200213418701,-0.7448789571694555,3,8.538529493679345
random_feedback,calibration,0.8,5,0.4,0.851024208566108,-0.9310986964618184,11.874471493076959,0.4022346368715084,0.0252668834758387,0.0252668834758387,-0.9310986964618184,3,11.874471493076959
random_feedback,calibration,0.8,5,0.5,0.8472998137802608,-1.3035381750465518,15.00398861260553,0.5027932960893855,0.028458957782348908,0.028458957782348908,-1.3035381750465518,3,15.00398861260553
random_feedback,calibration,0.8,5,0.6,0.8472998137802608,-1.3035381750465518,17.860540964248678,0.6033519553072626,0.023916137318199172,0.023916137318199172,-1.3035381750465518,3,17.860540964248678
random_feedback,calibration,0.8,5,0.7,0.8417132216014898,-1.862197392923648,20.484959842925544,0.7039106145251397,0.02965655288664138,0.02965655288664138,-1.862197392923648,3,20.484959842925544
random_feedback,calibration,0.8,5,0.8,0.8417132216014898,-1.862197392923648,23.333572776112184,0.8044692737430168,0.026041666666666668,0.026041666666666668,-1.862197392923648,3,23.333572776112184
random_feedback,calibration,0.8,5,0.9,0.8398510242085662,-2.0484171322160107,25.964796870608907,0.9050279329608939,0.025675894447142626,0.025675894447142626,-2.0484171322160107,3,25.964796870608907
random_feedback,calibration,0.8,5,1.0,0.8379888268156425,-2.2346368715083775,27.913861090422422,1.0,0.025974025974025976,0.025974025974025976,-2.2346368715083775,3,27.913861090422422
random_feedback,calibration,0.8,6,0.1,0.8603351955307262,0.0,2.2082925335440504,0.1005586592178771,0.0,0.0,0.0,3,2.2082925335440504
random_feedback,calibration,0.8,6,0.2,0.8566108007448789,-0.37243947858472587,5.354318602561544,0.2011173184357542,0.019624819624819625,0.019624819624819625,-0.37243947858472587,3,5.354318602561544
random_feedback,calibration,0.8,6,0.3,0.8528864059590316,-0.7448789571694555,8.24716543857726,0.3016759776536313,0.02667200213418701,0.02667200213418701,-0.7448789571694555,3,8.24716543857726
random_feedback,calibration,0.8,6,0.4,0.851024208566108,-0.9310986964618184,11.580713010186402,0.4022346368715084,0.0252668834758387,0.0252668834758387,-0.9310986964618184,3,11.580713010186402
random_feedback,calibration,0.8,6,0.5,0.8472998137802608,-1.3035381750465518,14.640161611273479,0.5027932960893855,0.028458957782348908,0.028458957782348908,-1.3035381750465518,3,14.640161611273479
random_feedback,calibration,0.8,6,0.6,0.8472998137802608,-1.3035381750465518,17.365020434550836,0.6033519553072626,0.023916137318199172,0.023916137318199172,-1.3035381750465518,3,17.365020434550836
random_feedback,calibration,0.8,6,0.7,0.8417132216014898,-1.862197392923648,19.903491957873197,0.7039106145251397,0.02965655288664138,0.02965655288664138,-1.862197392923648,3,19.903491957873197
random_feedback,calibration,0.8,6,0.8,0.8417132216014898,-1.862197392923648,22.649774608731594,0.8044692737430168,0.026041666666666668,0.026041666666666668,-1.862197392923648,3,22.649774608731594
random_feedback,calibration,0.8,6,0.9,0.8398510242085662,-2.0484171322160107,25.15737061583423,0.9050279329608939,0.025675894447142626,0.025675894447142626,-2.0484171322160107,3,25.15737061583423
random_feedback,calibration,0.8,6,1.0,0.8379888268156425,-2.2346368715083775,27.07606340948874,1.0,0.025974025974025976,0.025974025974025976,-2.2346368715083775,3,27.07606340948874
random_feedback,calibration,0.8,7,0.1,0.8603351955307262,0.0,2.077481162784552,0.1005586592178771,0.0,0.0,0.0,3,2.077481162784552
random_feedback,calibration,0.8,7,0.2,0.8566108007448789,-0.37243947858472587,5.112103328380654,0.2011173184357542,0.019624819624819625,0.019624819624819625,-0.37243947858472587,3,5.112103328380654
random_feedback,calibration,0.8,7,0.3,0.8547486033519553,-0.5586592178770888,7.888127292822144,0.3016759776536313,0.02000533546752034,0.02000533546752034,-0.5586592178770888,3,7.888127292822144
random_feedback,calibration,0.8,7,0.4,0.8528864059590316,-0.7448789571694555,10.951356569364693,0.4022346368715084,0.020291759097729248,0.020291759097729248,-0.7448789571694555,3,10.951356569364693
random_feedback,calibration,0.8,7,0.5,0.851024208566108,-0.9310986964618184,13.750190609054222,0.5027932960893855,0.020377852874914292,0.020377852874914292,-0.9310986964618184,3,13.750190609054222
random_feedback,calibration,0.8,7,0.6,0.851024208566108,-0.9310986964618184,16.312606410261267,0.6033519553072626,0.01711270783435732,0.01711270783435732,-0.9310986964618184,3,16.312606410261267
random_feedback,calibration,0.8,7,0.7,0.845437616387337,-1.4897579143389146,18.659019620445395,0.7039106145251397,0.023730509903076274,0.023730509903076274,-1.4897579143389146,3,18.659019620445395
random_feedback,calibration,0.8,7,0.8,0.845437616387337,-1.4897579143389146,21.047398328185327,0.8044692737430168,0.020833333333333332,0.020833333333333332,-1.4897579143389146,3,21.047398328185327
random_feedback,calibration,0.8,7,0.9,0.845437616387337,-1.4897579143389146,23.12639176115205,0.9050279329608939,0.018682208191678807,0.018682208191678807,-1.4897579143389146,3,23.12639176115205
random_feedback,calibration,0.8,7,1.0,0.8435754189944135,-1.6759776536312776,24.89612594186078,1.0,0.01948051948051948,0.01948051948051948,-1.6759776536312776,3,24.89612594186078
random_feedback,calibration,0.8,8,0.1,0.8603351955307262,0.0,1.6703024162296927,0.1005586592178771,0.0,0.0,0.0,3,1.6703024162296927
random_feedback,calibration,0.8,8,0.2,0.8566108007448789,-0.37243947858472587,4.332780094491691,0.2011173184357542,0.019624819624819625,0.019624819624819625,-0.37243947858472587,3,4.332780094491691
random_feedback,calibration,0.8,8,0.3,0.8547486033519553,-0.5586592178770888,6.198165364223984,0.3016759776536313,0.02000533546752034,0.02000533546752034,-0.5586592178770888,3,6.198165364223984
random_feedback,calibration,0.8,8,0.4,0.8528864059590316,-0.7448789571694555,8.663291783710084,0.4022346368715084,0.020291759097729248,0.020291759097729248,-0.7448789571694555,3,8.663291783710084
random_feedback,calibration,0.8,8,0.5,0.851024208566108,-0.9310986964618184,10.90409812617122,0.5027932960893855,0.020377852874914292,0.020377852874914292,-0.9310986964618184,3,10.90409812617122
random_feedback,calibration,0.8,8,0.6,0.851024208566108,-0.9310986964618184,12.65177836672301,0.6033519553072626,0.01711270783435732,0.01711270783435732,-0.9310986964618184,3,12.65177836672301
random_feedback,calibration,0.8,8,0.7,0.845437616387337,-1.4897579143389146,14.39794633709259,0.7039106145251397,0.023730509903076274,0.023730509903076274,-1.4897579143389146,3,14.39794633709259
random_feedback,calibration,0.8,8,0.8,0.845437616387337,-1.4897579143389146,15.98885456875726,0.8044692737430168,0.020833333333333332,0.020833333333333332,-1.4897579143389146,3,15.98885456875726
random_feedback,calibration,0.8,8,0.9,0.845437616387337,-1.4897579143389146,17.53666310022949,0.9050279329608939,0.018682208191678807,0.018682208191678807,-1.4897579143389146,3,17.53666310022949
random_feedback,calibration,0.8,8,1.0,0.8435754189944135,-1.6759776536312776,18.805457783087544,1.0,0.01948051948051948,0.01948051948051948,-1.6759776536312776,3,18.805457783087544
random_feedback,calibration,0.85,4,0.1,0.8603351955307262,0.0,1.85278301821404,0.1005586592178771,0.0,0.0,0.0,3,1.85278301821404
random_feedback,calibration,0.85,4,0.2,0.8603351955307262,0.0,4.827922556643978,0.2011173184357542,0.0,0.0,0.0,3,4.827922556643978
random_feedback,calibration,0.85,4,0.3,0.8603351955307262,0.0,7.344970252385297,0.3016759776536313,0.0,0.0,0.0,3,7.344970252385297
random_feedback,calibration,0.85,4,0.4,0.8584729981378026,-0.18621973929236293,10.325150691422536,0.4022346368715084,0.004975124378109453,0.004975124378109453,-0.18621973929236293,3,10.325150691422536
random_feedback,calibration,0.85,4,0.5,0.8566108007448789,-0.3724394785847296,12.970741352650073,0.5027932960893855,0.008130081300813009,0.008130081300813009,-0.3724394785847296,3,12.970741352650073
random_feedback,calibration,0.85,4,0.6,0.8566108007448789,-0.3724394785847296,15.474934751842772,0.6033519553072626,0.006872852233676976,0.006872852233676976,-0.3724394785847296,3,15.474934751842772
random_feedback,calibration,0.85,4,0.7,0.851024208566108,-0.9310986964618221,17.648949161257153,0.7039106145251397,0.01482827644332069,0.01482827644332069,-0.9310986964618221,3,17.648949161257153
random_feedback,calibration,0.85,4,0.8,0.851024208566108,-0.9310986964618221,20.17910319857746,0.8044692737430168,0.013020833333333334,0.013020833333333334,-0.9310986964618221,3,20.17910319857746
random_feedback,calibration,0.85,4,0.9,0.851024208566108,-0.9310986964618221,22.376179728270262,0.9050279329608939,0.011688521936214991,0.011688521936214991,-0.9310986964618221,3,22.376179728270262
random_feedback,calibration,0.85,4,1.0,0.8491620111731844,-1.1173184357541888,23.97893407636209,1.0,0.012987012987012988,0.012987012987012988,-1.1173184357541888,3,23.97893407636209
random_feedback,calibration,0.85,5,0.1,0.8603351955307262,0.0,1.85278301821404,0.1005586592178771,0.0,0.0,0.0,3,1.85278301821404
random_feedback,calibration,0.85,5,0.2,0.8603351955307262,0.0,4.827922556643978,0.2011173184357542,0.0,0.0,0.0,3,4.827922556643978
random_feedback,calibration,0.85,5,0.3,0.8603351955307262,0.0,7.344970252385297,0.3016759776536313,0.0,0.0,0.0,3,7.344970252385297
random_feedback,calibration,0.85,5,0.4,0.8584729981378026,-0.18621973929236293,10.325150691422536,0.4022346368715084,0.004975124378109453,0.004975124378109453,-0.18621973929236293,3,10.325150691422536
random_feedback,calibration,0.85,5,0.5,0.8566108007448789,-0.3724394785847296,12.9691030599527,0.5027932960893855,0.008130081300813009,0.008130081300813009,-0.3724394785847296,3,12.9691030599527
random_feedback,calibration,0.85,5,0.6,0.8566108007448789,-0.3724394785847296,15.471658166448025,0.6033519553072626,0.006872852233676976,0.006872852233676976,-0.3724394785847296,3,15.471658166448025
random_feedback,calibration,0.85,5,0.7,0.851024208566108,-0.9310986964618221,17.645672575862406,0.7039106145251397,0.01482827644332069,0.01482827644332069,-0.9310986964618221,3,17.645672575862406
random_feedback,calibration,0.85,5,0.8,0.851024208566108,-0.9310986964618221,20.174188320485346,0.8044692737430168,0.013020833333333334,0.013020833333333334,-0.9310986964618221,3,20.174188320485346
random_feedback,calibration,0.85,5,0.9,0.851024208566108,-0.9310986964618221,22.371264850178136,0.9050279329608939,0.011688521936214991,0.011688521936214991,-0.9310986964618221,3,22.371264850178136
random_feedback,calibration,0.85,5,1.0,0.8491620111731844,-1.1173184357541888,23.974019198269957,1.0,0.012987012987012988,0.012987012987012988,-1.1173184357541888,3,23.974019198269957
random_feedback,calibration,0.85,6,0.1,0.8603351955307262,0.0,1.85278301821404,0.1005586592178771,0.0,0.0,0.0,3,1.85278301821404
random_feedback,calibration,0.85,6,0.2,0.8603351955307262,0.0,4.748780417109333,0.2011173184357542,0.0,0.0,0.0,3,4.748780417109333
random_feedback,calibration,0.85,6,0.3,0.8603351955307262,0.0,7.249697230907281,0.3016759776536313,0.0,0.0,0.0,3,7.249697230907281
random_feedback,calibration,0.85,6,0.4,0.8584729981378026,-0.18621973929236293,10.229877669944516,0.4022346368715084,0.004975124378109453,0.004975124378109453,-0.18621973929236293,3,10.229877669944516
random_feedback,calibration,0.85,6,0.5,0.8566108007448789,-0.3724394785847296,12.838417711708379,0.5027932960893855,0.008130081300813009,0.008130081300813009,-0.3724394785847296,3,12.838417711708379
random_feedback,calibration,0.85,6,0.6,0.8566108007448789,-0.3724394785847296,15.226418351902751,0.6033519553072626,0.006872852233676976,0.006872852233676976,-0.3724394785847296,3,15.226418351902751
random_feedback,calibration,0.85,6,0.7,0.851024208566108,-0.9310986964618221,17.386822329677422,0.7039106145251397,0.01482827644332069,0.01482827644332069,-0.9310986964618221,3,17.386822329677422
random_feedback,calibration,0.85,6,0.8,0.851024208566108,-0.9310986964618221,19.831659124219133,0.8044692737430168,0.013020833333333334,0.013020833333333334,-0.9310986964618221,3,19.831659124219133
random_feedback,calibration,0.85,6,0.9,0.851024208566108,-0.9310986964618221,22.021930438092074,0.9050279329608939,0.011688521936214991,0.011688521936214991,-0.9310986964618221,3,22.021930438092074
random_feedback,calibration,0.85,6,1.0,0.8491620111731844,-1.1173184357541888,23.609940151907548,1.0,0.012987012987012988,0.012987012987012988,-1.1173184357541888,3,23.609940151907548
random_feedback,calibration,0.85,7,0.1,0.8603351955307262,0.0,1.808297070354592,0.1005586592178771,0.0,0.0,0.0,3,1.808297070354592
random_feedback,calibration,0.85,7,0.2,0.8603351955307262,0.0,4.6737970205757025,0.2011173184357542,0.0,0.0,0.0,3,4.6737970205757025
random_feedback,calibration,0.85,7,0.3,0.8603351955307262,0.0,7.150013421397875,0.3016759776536313,0.0,0.0,0.0,3,7.150013421397875
random_feedback,calibration,0.85,7,0.4,0.8584729981378026,-0.18621973929236293,9.972413671426539,0.4022346368715084,0.004975124378109453,0.004975124378109453,-0.18621973929236293,3,9.972413671426539
random_feedback,calibration,0.85,7,0.5,0.8566108007448789,-0.3724394785847296,12.526385964116356,0.5027932960893855,0.008130081300813009,0.008130081300813009,-0.3724394785847296,3,12.526385964116356
random_feedback,calibration,0.85,7,0.6,0.8566108007448789,-0.3724394785847296,14.83310208201798,0.6033519553072626,0.006872852233676976,0.006872852233676976,-0.3724394785847296,3,14.83310208201798
random_feedback,calibration,0.85,7,0.7,0.851024208566108,-0.9310986964618221,16.89571258801098,0.7039106145251397,0.01482827644332069,0.01482827644332069,-0.9310986964618221,3,16.89571258801098
random_feedback,calibration,0.85,7,0.8,0.851024208566108,-0.9310986964618221,19.115221125406272,0.8044692737430168,0.013020833333333334,0.013020833333333334,-0.9310986964618221,3,19.115221125406272
random_feedback,calibration,0.85,7,0.9,0.851024208566108,-0.9310986964618221,21.030511311150853,0.9050279329608939,0.011688521936214991,0.011688521936214991,-0.9310986964618221,3,21.030511311150853
random_feedback,calibration,0.85,7,1.0,0.8491620111731844,-1.1173184357541888,22.580084157835635,1.0,0.012987012987012988,0.012987012987012988,-1.1173184357541888,3,22.580084157835635
random_feedback,calibration,0.85,8,0.1,0.8603351955307262,0.0,1.5296612892859478,0.1005586592178771,0.0,0.0,0.0,3,1.5296612892859478
random_feedback,calibration,0.85,8,0.2,0.8603351955307262,0.0,4.1026629817683276,0.2011173184357542,0.0,0.0,0.0,3,4.1026629817683276
random_feedback,calibration,0.85,8,0.3,0.8603351955307262,0.0,5.888654066935605,0.3016759776536313,0.0,0.0,0.0,3,5.888654066935605
random_feedback,calibration,0.85,8,0.4,0.8584729981378026,-0.18621973929236293,8.2815695852221,0.4022346368715084,0.004975124378109453,0.004975124378109453,-0.18621973929236293,3,8.2815695852221
random_feedback,calibration,0.85,8,0.5,0.8566108007448789,-0.3724394785847296,10.455962062182039,0.5027932960893855,0.008130081300813009,0.008130081300813009,-0.3724394785847296,3,10.455962062182039
random_feedback,calibration,0.85,8,0.6,0.8566108007448789,-0.3724394785847296,12.120215397682955,0.6033519553072626,0.006872852233676976,0.006872852233676976,-0.3724394785847296,3,12.120215397682955
random_feedback,calibration,0.85,8,0.7,0.851024208566108,-0.9310986964618221,13.808665056098931,0.7039106145251397,0.01482827644332069,0.01482827644332069,-0.9310986964618221,3,13.808665056098931
random_feedback,calibration,0.85,8,0.8,0.851024208566108,-0.9310986964618221,15.344501448628815,0.8044692737430168,0.013020833333333334,0.013020833333333334,-0.9310986964618221,3,15.344501448628815
random_feedback,calibration,0.85,8,0.9,0.851024208566108,-0.9310986964618221,16.83043292514641,0.9050279329608939,0.011688521936214991,0.011688521936214991,-0.9310986964618221,3,16.83043292514641
random_feedback,calibration,0.85,8,1.0,0.8491620111731844,-1.1173184357541888,18.00886946461856,1.0,0.012987012987012988,0.012987012987012988,-1.1173184357541888,3,18.00886946461856
random_feedback,calibration,0.88,4,0.1,0.8603351955307262,0.0,1.5863714211181046,0.1005586592178771,0.0,0.0,0.0,3,1.5863714211181046
random_feedback,calibration,0.88,4,0.2,0.8603351955307262,0.0,4.3387031527052695,0.2011173184357542,0.0,0.0,0.0,3,4.3387031527052695
random_feedback,calibration,0.88,4,0.3,0.8603351955307262,0.0,6.570057806527726,0.3016759776536313,0.0,0.0,0.0,3,6.570057806527726
random_feedback,calibration,0.88,4,0.4,0.8584729981378026,-0.18621973929236293,9.266435541373827,0.4022346368715084,0.004975124378109453,0.004975124378109453,-0.18621973929236293,3,9.266435541373827
random_feedback,calibration,0.88,4,0.5,0.8566108007448789,-0.3724394785847296,11.78272710202405,0.5027932960893855,0.008130081300813009,0.008130081300813009,-0.3724394785847296,3,11.78272710202405
random_feedback,calibration,0.88,4,0.6,0.8566108007448789,-0.3724394785847296,14.013199598240227,0.6033519553072626,0.006872852233676976,0.006872852233676976,-0.3724394785847296,3,14.013199598240227
random_feedback,calibration,0.88,4,0.7,0.851024208566108,-0.9310986964618221,15.945250778504098,0.7039106145251397,0.01482827644332069,0.01482827644332069,-0.9310986964618221,3,15.945250778504098
random_feedback,calibration,0.88,4,0.8,0.851024208566108,-0.9310986964618221,18.267467665773175,0.8044692737430168,0.013020833333333334,0.013020833333333334,-0.9310986964618221,3,18.267467665773175
random_feedback,calibration,0.88,4,0.9,0.851024208566108,-0.9310986964618221,20.316719785156828,0.9050279329608939,0.011688521936214991,0.011688521936214991,-0.9310986964618221,3,20.316719785156828
random_feedback,calibration,0.88,4,1.0,0.8491620111731844,-1.1173184357541888,21.658733549335928,1.0,0.012987012987012988,0.012987012987012988,-1.1173184357541888,3,21.658733549335928
random_feedback,calibration,0.88,5,0.1,0.8603351955307262,0.0,1.5863714211181046,0.1005586592178771,0.0,0.0,0.0,3,1.5863714211181046
random_feedback,calibration,0.88,5,0.2,0.8603351955307262,0.0,4.3387031527052695,0.2011173184357542,0.0,0.0,0.0,3,4.3387031527052695
random_feedback,calibration,0.88,5,0.3,0.8603351955307262,0.0,6.570057806527726,0.3016759776536313,0.0,0.0,0.0,3,6.570057806527726
random_feedback,calibration,0.88,5,0.4,0.8584729981378026,-0.18621973929236293,9.266435541373827,0.4022346368715084,0.004975124378109453,0.004975124378109453,-0.18621973929236293,3,9.266435541373827
random_feedback,calibration,0.88,5,0.5,0.8566108007448789,-0.3724394785847296,11.781088809326674,0.5027932960893855,0.008130081300813009,0.008130081300813009,-0.3724394785847296,3,11.781088809326674
random_feedback,calibration,0.88,5,0.6,0.8566108007448789,-0.3724394785847296,14.009923012845478,0.6033519553072626,0.006872852233676976,0.006872852233676976,-0.3724394785847296,3,14.009923012845478
random_feedback,calibration,0.88,5,0.7,0.851024208566108,-0.9310986964618221,15.94197419310935,0.7039106145251397,0.01482827644332069,0.01482827644332069,-0.9310986964618221,3,15.94197419310935
random_feedback,calibration,0.88,5,0.8,0.851024208566108,-0.9310986964618221,18.262552787681052,0.8044692737430168,0.013020833333333334,0.013020833333333334,-0.9310986964618221,3,18.262552787681052
random_feedback,calibration,0.88,5,0.9,0.851024208566108,-0.9310986964618221,20.311804907064698,0.9050279329608939,0.011688521936214991,0.011688521936214991,-0.9310986964618221,3,20.311804907064698
random_feedback,calibration,0.88,5,1.0,0.8491620111731844,-1.1173184357541888,21.65381867124381,1.0,0.012987012987012988,0.012987012987012988,-1.1173184357541888,3,21.65381867124381
random_feedback,calibration,0.88,6,0.1,0.8603351955307262,0.0,1.5863714211181046,0.1005586592178771,0.0,0.0,0.0,3,1.5863714211181046
random_feedback,calibration,0.88,6,0.2,0.8603351955307262,0.0,4.259561013170624,0.2011173184357542,0.0,0.0,0.0,3,4.259561013170624
random_feedback,calibration,0.88,6,0.3,0.8603351955307262,0.0,6.474784785049707,0.3016759776536313,0.0,0.0,0.0,3,6.474784785049707
random_feedback,calibration,0.88,6,0.4,0.8584729981378026,-0.18621973929236293,9.171162519895804,0.4022346368715084,0.004975124378109453,0.004975124378109453,-0.18621973929236293,3,9.171162519895804
random_feedback,calibration,0.88,6,0.5,0.8566108007448789,-0.3724394785847296,11.650403461082362,0.5027932960893855,0.008130081300813009,0.008130081300813009,-0.3724394785847296,3,11.650403461082362
random_feedback,calibration,0.88,6,0.6,0.8566108007448789,-0.3724394785847296,13.764683198300217,0.6033519553072626,0.006872852233676976,0.006872852233676976,-0.3724394785847296,3,13.764683198300217
random_feedback,calibration,0.88,6,0.7,0.851024208566108,-0.9310986964618221,15.69673437856408,0.7039106145251397,0.01482827644332069,0.01482827644332069,-0.9310986964618221,3,15.69673437856408
random_feedback,calibration,0.88,6,0.8,0.851024208566108,-0.9310986964618221,17.933634023054566,0.8044692737430168,0.013020833333333334,0.013020833333333334,-0.9310986964618221,3,17.933634023054566
random_feedback,calibration,0.88,6,0.9,0.851024208566108,-0.9310986964618221,19.98288614243821,0.9050279329608939,0.011688521936214991,0.011688521936214991,-0.9310986964618221,3,19.98288614243821
random_feedback,calibration,0.88,6,1.0,0.8491620111731844,-1.1173184357541888,21.310155272340957,1.0,0.012987012987012988,0.012987012987012988,-1.1173184357541888,3,21.310155272340957
random_feedback,calibration,0.88,7,0.1,0.8603351955307262,0.0,1.5815825655411693,0.1005586592178771,0.0,0.0,0.0,3,1.5815825655411693
random_feedback,calibration,0.88,7,0.2,0.8603351955307262,0.0,4.238893320680685,0.2011173184357542,0.0,0.0,0.0,3,4.238893320680685
random_feedback,calibration,0.88,7,0.3,0.8603351955307262,0.0,6.44668176416399,0.3016759776536313,0.0,0.0,0.0,3,6.44668176416399
random_feedback,calibration,0.88,7,0.4,0.8584729981378026,-0.18621973929236293,8.993722818518757,0.4022346368715084,0.004975124378109453,0.004975124378109453,-0.18621973929236293,3,8.993722818518757
random_feedback,calibration,0.88,7,0.5,0.8566108007448789,-0.3724394785847296,11.443726536182963,0.5027932960893855,0.008130081300813009,0.008130081300813009,-0.3724394785847296,3,11.443726536182963
random_feedback,calibration,0.88,7,0.6,0.8566108007448789,-0.3724394785847296,13.494995015809538,0.6033519553072626,0.006872852233676976,0.006872852233676976,-0.3724394785847296,3,13.494995015809538
random_feedback,calibration,0.88,7,0.7,0.851024208566108,-0.9310986964618221,15.376637190000379,0.7039106145251397,0.01482827644332069,0.01482827644332069,-0.9310986964618221,3,15.376637190000379
random_feedback,calibration,0.88,7,0.8,0.851024208566108,-0.9310986964618221,17.41190081019876,0.8044692737430168,0.013020833333333334,0.013020833333333334,-0.9310986964618221,3,17.41190081019876
random_feedback,calibration,0.88,7,0.9,0.851024208566108,-0.9310986964618221,19.21868561037115,0.9050279329608939,0.011688521936214991,0.011688521936214991,-0.9310986964618221,3,19.21868561037115
random_feedback,calibration,0.88,7,1.0,0.8491620111731844,-1.1173184357541888,20.510164345962057,1.0,0.012987012987012988,0.012987012987012988,-1.1173184357541888,3,20.510164345962057
random_feedback,calibration,0.88,8,0.1,0.8603351955307262,0.0,1.4395551909304156,0.1005586592178771,0.0,0.0,0.0,3,1.4395551909304156
random_feedback,calibration,0.88,8,0.2,0.8603351955307262,0.0,3.9073280832353583,0.2011173184357542,0.0,0.0,0.0,3,3.9073280832353583
random_feedback,calibration,0.88,8,0.3,0.8603351955307262,0.0,5.549275433548961,0.3016759776536313,0.0,0.0,0.0,3,5.549275433548961
random_feedback,calibration,0.88,8,0.4,0.8584729981378026,-0.18621973929236293,7.812513783712609,0.4022346368715084,0.004975124378109453,0.004975124378109453,-0.18621973929236293,3,7.812513783712609
random_feedback,calibration,0.88,8,0.5,0.8566108007448789,-0.3724394785847296,9.93939577244871,0.5027932960893855,0.008130081300813009,0.008130081300813009,-0.3724394785847296,3,9.93939577244871
random_feedback,calibration,0.88,8,0.6,0.8566108007448789,-0.3724394785847296,11.411086704750677,0.6033519553072626,0.006872852233676976,0.006872852233676976,-0.3724394785847296,3,11.411086704750677
random_feedback,calibration,0.88,8,0.7,0.851024208566108,-0.9310986964618221,12.973765893014447,0.7039106145251397,0.01482827644332069,0.01482827644332069,-0.9310986964618221,3,12.973765893014447
random_feedback,calibration,0.88,8,0.8,0.851024208566108,-0.9310986964618221,14.392653391454923,0.8044692737430168,0.013020833333333334,0.013020833333333334,-0.9310986964618221,3,14.392653391454923
random_feedback,calibration,0.88,8,0.9,0.851024208566108,-0.9310986964618221,15.840778113417745,0.9050279329608939,0.011688521936214991,0.011688521936214991,-0.9310986964618221,3,15.840778113417745
random_feedback,calibration,0.88,8,1.0,0.8491620111731844,-1.1173184357541888,16.974098592454535,1.0,0.012987012987012988,0.012987012987012988,-1.1173184357541888,3,16.974098592454535
random_feedback,calibration,0.9,4,0.1,0.8603351955307262,0.0,1.5030705385824294,0.1005586592178771,0.0,0.0,0.0,3,1.5030705385824294
random_feedback,calibration,0.9,4,0.2,0.8603351955307262,0.0,4.019110054202294,0.2011173184357542,0.0,0.0,0.0,3,4.019110054202294
random_feedback,calibration,0.9,4,0.3,0.8603351955307262,0.0,6.044165850670891,0.3016759776536313,0.0,0.0,0.0,3,6.044165850670891
random_feedback,calibration,0.9,4,0.4,0.8584729981378026,-0.18621973929236293,8.465184389843095,0.4022346368715084,0.004975124378109453,0.004975124378109453,-0.18621973929236293,3,8.465184389843095
random_feedback,calibration,0.9,4,0.5,0.8566108007448789,-0.3724394785847296,10.836045967972641,0.5027932960893855,0.008130081300813009,0.008130081300813009,-0.3724394785847296,3,10.836045967972641
random_feedback,calibration,0.9,4,0.6,0.8566108007448789,-0.3724394785847296,12.814347411308509,0.6033519553072626,0.006872852233676976,0.006872852233676976,-0.3724394785847296,3,12.814347411308509
random_feedback,calibration,0.9,4,0.7,0.851024208566108,-0.9310986964618221,14.494605606237617,0.7039106145251397,0.01482827644332069,0.01482827644332069,-0.9310986964618221,3,14.494605606237617
random_feedback,calibration,0.9,4,0.8,0.851024208566108,-0.9310986964618221,16.466983991359903,0.8044692737430168,0.013020833333333334,0.013020833333333334,-0.9310986964618221,3,16.466983991359903
random_feedback,calibration,0.9,4,0.9,0.851024208566108,-0.9310986964618221,18.179882017721294,0.9050279329608939,0.011688521936214991,0.011688521936214991,-0.9310986964618221,3,18.179882017721294
random_feedback,calibration,0.9,4,1.0,0.8491620111731844,-1.1173184357541888,19.419817544602523,1.0,0.012987012987012988,0.012987012987012988,-1.1173184357541888,3,19.419817544602523
random_feedback,calibration,0.9,5,0.1,0.8603351955307262,0.0,1.5030705385824294,0.1005586592178771,0.0,0.0,0.0,3,1.5030705385824294
random_feedback,calibration,0.9,5,0.2,0.8603351955307262,0.0,4.019110054202294,0.2011173184357542,0.0,0.0,0.0,3,4.019110054202294
random_feedback,calibration,0.9,5,0.3,0.8603351955307262,0.0,6.044165850670891,0.3016759776536313,0.0,0.0,0.0,3,6.044165850670891
random_feedback,calibration,0.9,5,0.4,0.8584729981378026,-0.18621973929236293,8.465184389843095,0.4022346368715084,0.004975124378109453,0.004975124378109453,-0.18621973929236293,3,8.465184389843095
random_feedback,calibration,0.9,5,0.5,0.8566108007448789,-0.3724394785847296,10.834407675275271,0.5027932960893855,0.008130081300813009,0.008130081300813009,-0.3724394785847296,3,10.834407675275271
random_feedback,calibration,0.9,5,0.6,0.8566108007448789,-0.3724394785847296,12.811070825913761,0.6033519553072626,0.006872852233676976,0.006872852233676976,-0.3724394785847296,3,12.811070825913761
random_feedback,calibration,0.9,5,0.7,0.851024208566108,-0.9310986964618221,14.491329020842873,0.7039106145251397,0.01482827644332069,0.01482827644332069,-0.9310986964618221,3,14.491329020842873
random_feedback,calibration,0.9,5,0.8,0.851024208566108,-0.9310986964618221,16.462069113267777,0.8044692737430168,0.013020833333333334,0.013020833333333334,-0.9310986964618221,3,16.462069113267777
random_feedback,calibration,0.9,5,0.9,0.851024208566108,-0.9310986964618221,18.17496713962917,0.9050279329608939,0.011688521936214991,0.011688521936214991,-0.9310986964618221,3,18.17496713962917
random_feedback,calibration,0.9,5,1.0,0.8491620111731844,-1.1173184357541888,19.414902666510404,1.0,0.012987012987012988,0.012987012987012988,-1.1173184357541888,3,19.414902666510404
random_feedback,calibration,0.9,6,0.1,0.8603351955307262,0.0,1.5030705385824294,0.1005586592178771,0.0,0.0,0.0,3,1.5030705385824294
random_feedback,calibration,0.9,6,0.2,0.8603351955307262,0.0,4.019110054202294,0.2011173184357542,0.0,0.0,0.0,3,4.019110054202294
random_feedback,calibration,0.9,6,0.3,0.8603351955307262,0.0,6.044165850670891,0.3016759776536313,0.0,0.0,0.0,3,6.044165850670891
random_feedback,calibration,0.9,6,0.4,0.8584729981378026,-0.18621973929236293,8.465184389843095,0.4022346368715084,0.004975124378109453,0.004975124378109453,-0.18621973929236293,3,8.465184389843095
random_feedback,calibration,0.9,6,0.5,0.8566108007448789,-0.3724394785847296,10.829870864728697,0.5027932960893855,0.008130081300813009,0.008130081300813009,-0.3724394785847296,3,10.829870864728697
random_feedback,calibration,0.9,6,0.6,0.8566108007448789,-0.3724394785847296,12.801997204820621,0.6033519553072626,0.006872852233676976,0.006872852233676976,-0.3724394785847296,3,12.801997204820621
random_feedback,calibration,0.9,6,0.7,0.851024208566108,-0.9310986964618221,14.482255399749729,0.7039106145251397,0.01482827644332069,0.01482827644332069,-0.9310986964618221,3,14.482255399749729
random_feedback,calibration,0.9,6,0.8,0.851024208566108,-0.9310986964618221,16.448458681628065,0.8044692737430168,0.013020833333333334,0.013020833333333334,-0.9310986964618221,3,16.448458681628065
random_feedback,calibration,0.9,6,0.9,0.851024208566108,-0.9310986964618221,18.161356707989455,0.9050279329608939,0.011688521936214991,0.011688521936214991,-0.9310986964618221,3,18.161356707989455
random_feedback,calibration,0.9,6,1.0,0.8491620111731844,-1.1173184357541888,19.40129223487068,1.0,0.012987012987012988,0.012987012987012988,-1.1173184357541888,3,19.40129223487068
random_feedback,calibration,0.9,7,0.1,0.8603351955307262,0.0,1.4987857730662246,0.1005586592178771,0.0,0.0,0.0,3,1.4987857730662246
random_feedback,calibration,0.9,7,0.2,0.8603351955307262,0.0,4.002223037167825,0.2011173184357542,0.0,0.0,0.0,3,4.002223037167825
random_feedback,calibration,0.9,7,0.3,0.8603351955307262,0.0,6.02034759530139,0.3016759776536313,0.0,0.0,0.0,3,6.02034759530139
random_feedback,calibration,0.9,7,0.4,0.8584729981378026,-0.18621973929236293,8.437081368957385,0.4022346368715084,0.004975124378109453,0.004975124378109453,-0.18621973929236293,3,8.437081368957385
random_feedback,calibration,0.9,7,0.5,0.8566108007448789,-0.3724394785847296,10.773034710381358,0.5027932960893855,0.008130081300813009,0.008130081300813009,-0.3724394785847296,3,10.773034710381358
random_feedback,calibration,0.9,7,0.6,0.8566108007448789,-0.3724394785847296,12.71088292634363,0.6033519553072626,0.006872852233676976,0.006872852233676976,-0.3724394785847296,3,12.71088292634363
random_feedback,calibration,0.9,7,0.7,0.851024208566108,-0.9310986964618221,14.391141121272737,0.7039106145251397,0.01482827644332069,0.01482827644332069,-0.9310986964618221,3,14.391141121272737
random_feedback,calibration,0.9,7,0.8,0.851024208566108,-0.9310986964618221,16.328989337234994,0.8044692737430168,0.013020833333333334,0.013020833333333334,-0.9310986964618221,3,16.328989337234994
random_feedback,calibration,0.9,7,0.9,0.851024208566108,-0.9310986964618221,18.03483010274616,0.9050279329608939,0.011688521936214991,0.011688521936214991,-0.9310986964618221,3,18.03483010274616
random_feedback,calibration,0.9,7,1.0,0.8491620111731844,-1.1173184357541888,19.26443178338242,1.0,0.012987012987012988,0.012987012987012988,-1.1173184357541888,3,19.26443178338242
random_feedback,calibration,0.9,8,0.1,0.8603351955307262,0.0,1.4267008943818011,0.1005586592178771,0.0,0.0,0.0,3,1.4267008943818011
random_feedback,calibration,0.9,8,0.2,0.8603351955307262,0.0,3.8415443303100685,0.2011173184357542,0.0,0.0,0.0,3,3.8415443303100685
random_feedback,calibration,0.9,8,0.3,0.8603351955307262,0.0,5.3530583774097105,0.3016759776536313,0.0,0.0,0.0,3,5.3530583774097105
random_feedback,calibration,0.9,8,0.4,0.8584729981378026,-0.18621973929236293,7.532743800007316,0.4022346368715084,0.004975124378109453,0.004975124378109453,-0.18621973929236293,3,7.532743800007316
random_feedback,calibration,0.9,8,0.5,0.8566108007448789,-0.3724394785847296,9.615265863399163,0.5027932960893855,0.008130081300813009,0.008130081300813009,-0.3724394785847296,3,9.615265863399163
random_feedback,calibration,0.9,8,0.6,0.8566108007448789,-0.3724394785847296,11.022559290442839,0.6033519553072626,0.006872852233676976,0.006872852233676976,-0.3724394785847296,3,11.022559290442839
random_feedback,calibration,0.9,8,0.7,0.851024208566108,-0.9310986964618221,12.51920268075095,0.7039106145251397,0.01482827644332069,0.01482827644332069,-0.9310986964618221,3,12.51920268075095
random_feedback,calibration,0.9,8,0.8,0.851024208566108,-0.9310986964618221,13.909105000699435,0.8044692737430168,0.013020833333333334,0.013020833333333334,-0.9310986964618221,3,13.909105000699435
random_feedback,calibration,0.9,8,0.9,0.851024208566108,-0.9310986964618221,15.335805895081222,0.9050279329608939,0.011688521936214991,0.011688521936214991,-0.9310986964618221,3,15.335805895081222
random_feedback,calibration,0.9,8,1.0,0.8491620111731844,-1.1173184357541888,16.43724267777681,1.0,0.012987012987012988,0.012987012987012988,-1.1173184357541888,3,16.43724267777681
random_feedback,calibration,0.92,4,0.1,0.8603351955307262,0.0,1.3896502749181268,0.1005586592178771,0.0,0.0,0.0,3,1.3896502749181268
random_feedback,calibration,0.92,4,0.2,0.8603351955307262,0.0,3.8256654933970604,0.2011173184357542,0.0,0.0,0.0,3,3.8256654933970604
random_feedback,calibration,0.92,4,0.3,0.8603351955307262,0.0,5.784181401849261,0.3016759776536313,0.0,0.0,0.0,3,5.784181401849261
random_feedback,calibration,0.92,4,0.4,0.8584729981378026,-0.18621973929236293,7.934251533378959,0.4022346368715084,0.004975124378109453,0.004975124378109453,-0.18621973929236293,3,7.934251533378959
random_feedback,calibration,0.92,4,0.5,0.8566108007448789,-0.3724394785847296,10.104989357398601,0.5027932960893855,0.008130081300813009,0.008130081300813009,-0.3724394785847296,3,10.104989357398601
random_feedback,calibration,0.92,4,0.6,0.8566108007448789,-0.3724394785847296,11.994570950045942,0.6033519553072626,0.006872852233676976,0.006872852233676976,-0.3724394785847296,3,11.994570950045942
random_feedback,calibration,0.92,4,0.7,0.851024208566108,-0.9310986964618221,13.4728150531374,0.7039106145251397,0.01482827644332069,0.01482827644332069,-0.9310986964618221,3,13.4728150531374
random_feedback,calibration,0.92,4,0.8,0.851024208566108,-0.9310986964618221,15.342989178446627,0.8044692737430168,0.013020833333333334,0.013020833333333334,-0.9310986964618221,3,15.342989178446627
random_feedback,calibration,0.92,4,0.9,0.851024208566108,-0.9310986964618221,16.789601630227263,0.9050279329608939,0.011688521936214991,0.011688521936214991,-0.9310986964618221,3,16.789601630227263
random_feedback,calibration,0.92,4,1.0,0.8491620111731844,-1.1173184357541888,17.84403201475977,1.0,0.012987012987012988,0.012987012987012988,-1.1173184357541888,3,17.84403201475977
random_feedback,calibration,0.92,5,0.1,0.8603351955307262,0.0,1.3896502749181268,0.1005586592178771,0.0,0.0,0.0,3,1.3896502749181268
random_feedback,calibration,0.92,5,0.2,0.8603351955307262,0.0,3.8256654933970604,0.2011173184357542,0.0,0.0,0.0,3,3.8256654933970604
random_feedback,calibration,0.92,5,0.3,0.8603351955307262,0.0,5.784181401849261,0.3016759776536313,0.0,0.0,0.0,3,5.784181401849261
random_feedback,calibration,0.92,5,0.4,0.8584729981378026,-0.18621973929236293,7.934251533378959,0.4022346368715084,0.004975124378109453,0.004975124378109453,-0.18621973929236293,3,7.934251533378959
random_feedback,calibration,0.92,5,0.5,0.8566108007448789,-0.3724394785847296,10.104989357398601,0.5027932960893855,0.008130081300813009,0.008130081300813009,-0.3724394785847296,3,10.104989357398601
random_feedback,calibration,0.92,5,0.6,0.8566108007448789,-0.3724394785847296,11.994570950045942,0.6033519553072626,0.006872852233676976,0.006872852233676976,-0.3724394785847296,3,11.994570950045942
random_feedback,calibration,0.92,5,0.7,0.851024208566108,-0.9310986964618221,13.4728150531374,0.7039106145251397,0.01482827644332069,0.01482827644332069,-0.9310986964618221,3,13.4728150531374
random_feedback,calibration,0.92,5,0.8,0.851024208566108,-0.9310986964618221,15.342989178446627,0.8044692737430168,0.013020833333333334,0.013020833333333334,-0.9310986964618221,3,15.342989178446627
random_feedback,calibration,0.92,5,0.9,0.851024208566108,-0.9310986964618221,16.789601630227263,0.9050279329608939,0.011688521936214991,0.011688521936214991,-0.9310986964618221,3,16.789601630227263
random_feedback,calibration,0.92,5,1.0,0.8491620111731844,-1.1173184357541888,17.84403201475977,1.0,0.012987012987012988,0.012987012987012988,-1.1173184357541888,3,17.84403201475977
random_feedback,calibration,0.92,6,0.1,0.8603351955307262,0.0,1.3896502749181268,0.1005586592178771,0.0,0.0,0.0,3,1.3896502749181268
random_feedback,calibration,0.92,6,0.2,0.8603351955307262,0.0,3.8256654933970604,0.2011173184357542,0.0,0.0,0.0,3,3.8256654933970604
random_feedback,calibration,0.92,6,0.3,0.8603351955307262,0.0,5.784181401849261,0.3016759776536313,0.0,0.0,0.0,3,5.784181401849261
random_feedback,calibration,0.92,6,0.4,0.8584729981378026,-0.18621973929236293,7.934251533378959,0.4022346368715084,0.004975124378109453,0.004975124378109453,-0.18621973929236293,3,7.934251533378959
random_feedback,calibration,0.92,6,0.5,0.8566108007448789,-0.3724394785847296,10.100452546852027,0.5027932960893855,0.008130081300813009,0.008130081300813009,-0.3724394785847296,3,10.100452546852027
random_feedback,calibration,0.92,6,0.6,0.8566108007448789,-0.3724394785847296,11.985497328952796,0.6033519553072626,0.006872852233676976,0.006872852233676976,-0.3724394785847296,3,11.985497328952796
random_feedback,calibration,0.92,6,0.7,0.851024208566108,-0.9310986964618221,13.463741432044252,0.7039106145251397,0.01482827644332069,0.01482827644332069,-0.9310986964618221,3,13.463741432044252
random_feedback,calibration,0.92,6,0.8,0.851024208566108,-0.9310986964618221,15.329378746806913,0.8044692737430168,0.013020833333333334,0.013020833333333334,-0.9310986964618221,3,15.329378746806913
random_feedback,calibration,0.92,6,0.9,0.851024208566108,-0.9310986964618221,16.775991198587548,0.9050279329608939,0.011688521936214991,0.011688521936214991,-0.9310986964618221,3,16.775991198587548
random_feedback,calibration,0.92,6,1.0,0.8491620111731844,-1.1173184357541888,17.83042158312005,1.0,0.012987012987012988,0.012987012987012988,-1.1173184357541888,3,17.83042158312005
random_feedback,calibration,0.92,7,0.1,0.8603351955307262,0.0,1.3896502749181268,0.1005586592178771,0.0,0.0,0.0,3,1.3896502749181268
random_feedback,calibration,0.92,7,0.2,0.8603351955307262,0.0,3.8169699398494683,0.2011173184357542,0.0,0.0,0.0,3,3.8169699398494683
random_feedback,calibration,0.92,7,0.3,0.8603351955307262,0.0,5.771579150331008,0.3016759776536313,0.0,0.0,0.0,3,5.771579150331008
random_feedback,calibration,0.92,7,0.4,0.8584729981378026,-0.18621973929236293,7.921649281860699,0.4022346368715084,0.004975124378109453,0.004975124378109453,-0.18621973929236293,3,7.921649281860699
random_feedback,calibration,0.92,7,0.5,0.8566108007448789,-0.3724394785847296,10.075878156391427,0.5027932960893855,0.008130081300813009,0.008130081300813009,-0.3724394785847296,3,10.075878156391427
random_feedback,calibration,0.92,7,0.6,0.8566108007448789,-0.3724394785847296,11.940255246002263,0.6033519553072626,0.006872852233676976,0.006872852233676976,-0.3724394785847296,3,11.940255246002263
random_feedback,calibration,0.92,7,0.7,0.851024208566108,-0.9310986964618221,13.418499349093715,0.7039106145251397,0.01482827644332069,0.01482827644332069,-0.9310986964618221,3,13.418499349093715
random_feedback,calibration,0.92,7,0.8,0.851024208566108,-0.9310986964618221,15.271030322277383,0.8044692737430168,0.013020833333333334,0.013020833333333334,-0.9310986964618221,3,15.271030322277383
random_feedback,calibration,0.92,7,0.9,0.851024208566108,-0.9310986964618221,16.71764277405802,0.9050279329608939,0.011688521936214991,0.011688521936214991,-0.9310986964618221,3,16.71764277405802
random_feedback,calibration,0.92,7,1.0,0.8491620111731844,-1.1173184357541888,17.76841850565023,1.0,0.012987012987012988,0.012987012987012988,-1.1173184357541888,3,17.76841850565023
random_feedback,calibration,0.92,8,0.1,0.8603351955307262,0.0,1.3425178542398442,0.1005586592178771,0.0,0.0,0.0,3,1.3425178542398442
random_feedback,calibration,0.92,8,0.2,0.8603351955307262,0.0,3.707708419186184,0.2011173184357542,0.0,0.0,0.0,3,3.707708419186184
random_feedback,calibration,0.92,8,0.3,0.8603351955307262,0.0,5.170325730394998,0.3016759776536313,0.0,0.0,0.0,3,5.170325730394998
random_feedback,calibration,0.92,8,0.4,0.8584729981378026,-0.18621973929236293,7.2896463682201444,0.4022346368715084,0.004975124378109453,0.004975124378109453,-0.18621973929236293,3,7.2896463682201444
random_feedback,calibration,0.92,8,0.5,0.8566108007448789,-0.3724394785847296,9.32201147056934,0.5027932960893855,0.008130081300813009,0.008130081300813009,-0.3724394785847296,3,9.32201147056934
random_feedback,calibration,0.92,8,0.6,0.8566108007448789,-0.3724394785847296,10.677005553812249,0.6033519553072626,0.006872852233676976,0.006872852233676976,-0.3724394785847296,3,10.677005553812249
random_feedback,calibration,0.92,8,0.7,0.851024208566108,-0.9310986964618221,12.126516523442088,0.7039106145251397,0.01482827644332069,0.01482827644332069,-0.9310986964618221,3,12.126516523442088
random_feedback,calibration,0.92,8,0.8,0.851024208566108,-0.9310986964618221,13.478738111350978,0.8044692737430168,0.013020833333333334,0.013020833333333334,-0.9310986964618221,3,13.478738111350978
random_feedback,calibration,0.92,8,0.9,0.851024208566108,-0.9310986964618221,14.855029999659742,0.9050279329608939,0.011688521936214991,0.011688521936214991,-0.9310986964618221,3,14.855029999659742
random_feedback,calibration,0.92,8,1.0,0.8491620111731844,-1.1173184357541888,15.891691209551517,1.0,0.012987012987012988,0.012987012987012988,-1.1173184357541888,3,15.891691209551517
random_feedback,calibration,0.95,4,0.1,0.8603351955307262,0.0,1.2710630881313338,0.1005586592178771,0.0,0.0,0.0,3,1.2710630881313338
random_feedback,calibration,0.95,4,0.2,0.8603351955307262,0.0,3.4327272910578244,0.2011173184357542,0.0,0.0,0.0,3,3.4327272910578244
random_feedback,calibration,0.95,4,0.3,0.8603351955307262,0.0,5.250980140111842,0.3016759776536313,0.0,0.0,0.0,3,5.250980140111842
random_feedback,calibration,0.95,4,0.4,0.8584729981378026,-0.18621973929236293,7.295191358888187,0.4022346368715084,0.004975124378109453,0.004975124378109453,-0.18621973929236293,3,7.295191358888187
random_feedback,calibration,0.95,4,0.5,0.8566108007448789,-0.3724394785847296,9.232283439759355,0.5027932960893855,0.008130081300813009,0.008130081300813009,-0.3724394785847296,3,9.232283439759355
random_feedback,calibration,0.95,4,0.6,0.8566108007448789,-0.3724394785847296,10.93232716957212,0.6033519553072626,0.006872852233676976,0.006872852233676976,-0.3724394785847296,3,10.93232716957212
random_feedback,calibration,0.95,4,0.7,0.851024208566108,-0.9310986964618221,12.250018588320998,0.7039106145251397,0.01482827644332069,0.01482827644332069,-0.9310986964618221,3,12.250018588320998
random_feedback,calibration,0.95,4,0.8,0.851024208566108,-0.9310986964618221,13.86096439989969,0.8044692737430168,0.013020833333333334,0.013020833333333334,-0.9310986964618221,3,13.86096439989969
random_feedback,calibration,0.95,4,0.9,0.851024208566108,-0.9310986964618221,15.025412440186566,0.9050279329608939,0.011688521936214991,0.011688521936214991,-0.9310986964618221,3,15.025412440186566
random_feedback,calibration,0.95,4,1.0,0.8491620111731844,-1.1173184357541888,15.932900572016194,1.0,0.012987012987012988,0.012987012987012988,-1.1173184357541888,3,15.932900572016194
random_feedback,calibration,0.95,5,0.1,0.8603351955307262,0.0,1.2710630881313338,0.1005586592178771,0.0,0.0,0.0,3,1.2710630881313338
random_feedback,calibration,0.95,5,0.2,0.8603351955307262,0.0,3.4327272910578244,0.2011173184357542,0.0,0.0,0.0,3,3.4327272910578244
random_feedback,calibration,0.95,5,0.3,0.8603351955307262,0.0,5.250980140111842,0.3016759776536313,0.0,0.0,0.0,3,5.250980140111842
random_feedback,calibration,0.95,5,0.4,0.8584729981378026,-0.18621973929236293,7.295191358888187,0.4022346368715084,0.004975124378109453,0.004975124378109453,-0.18621973929236293,3,7.295191358888187
random_feedback,calibration,0.95,5,0.5,0.8566108007448789,-0.3724394785847296,9.232283439759355,0.5027932960893855,0.008130081300813009,0.008130081300813009,-0.3724394785847296,3,9.232283439759355
random_feedback,calibration,0.95,5,0.6,0.8566108007448789,-0.3724394785847296,10.93232716957212,0.6033519553072626,0.006872852233676976,0.006872852233676976,-0.3724394785847296,3,10.93232716957212
random_feedback,calibration,0.95,5,0.7,0.851024208566108,-0.9310986964618221,12.250018588320998,0.7039106145251397,0.01482827644332069,0.01482827644332069,-0.9310986964618221,3,12.250018588320998
random_feedback,calibration,0.95,5,0.8,0.851024208566108,-0.9310986964618221,13.86096439989969,0.8044692737430168,0.013020833333333334,0.013020833333333334,-0.9310986964618221,3,13.86096439989969
random_feedback,calibration,0.95,5,0.9,0.851024208566108,-0.9310986964618221,15.025412440186566,0.9050279329608939,0.011688521936214991,0.011688521936214991,-0.9310986964618221,3,15.025412440186566
random_feedback,calibration,0.95,5,1.0,0.8491620111731844,-1.1173184357541888,15.932900572016194,1.0,0.012987012987012988,0.012987012987012988,-1.1173184357541888,3,15.932900572016194
random_feedback,calibration,0.95,6,0.1,0.8603351955307262,0.0,1.2710630881313338,0.1005586592178771,0.0,0.0,0.0,3,1.2710630881313338
random_feedback,calibration,0.95,6,0.2,0.8603351955307262,0.0,3.4327272910578244,0.2011173184357542,0.0,0.0,0.0,3,3.4327272910578244
random_feedback,calibration,0.95,6,0.3,0.8603351955307262,0.0,5.250980140111842,0.3016759776536313,0.0,0.0,0.0,3,5.250980140111842
random_feedback,calibration,0.95,6,0.4,0.8584729981378026,-0.18621973929236293,7.295191358888187,0.4022346368715084,0.004975124378109453,0.004975124378109453,-0.18621973929236293,3,7.295191358888187
random_feedback,calibration,0.95,6,0.5,0.8566108007448789,-0.3724394785847296,9.232283439759355,0.5027932960893855,0.008130081300813009,0.008130081300813009,-0.3724394785847296,3,9.232283439759355
random_feedback,calibration,0.95,6,0.6,0.8566108007448789,-0.3724394785847296,10.93232716957212,0.6033519553072626,0.006872852233676976,0.006872852233676976,-0.3724394785847296,3,10.93232716957212
random_feedback,calibration,0.95,6,0.7,0.851024208566108,-0.9310986964618221,12.250018588320998,0.7039106145251397,0.01482827644332069,0.01482827644332069,-0.9310986964618221,3,12.250018588320998
random_feedback,calibration,0.95,6,0.8,0.851024208566108,-0.9310986964618221,13.86096439989969,0.8044692737430168,0.013020833333333334,0.013020833333333334,-0.9310986964618221,3,13.86096439989969
random_feedback,calibration,0.95,6,0.9,0.851024208566108,-0.9310986964618221,15.025412440186566,0.9050279329608939,0.011688521936214991,0.011688521936214991,-0.9310986964618221,3,15.025412440186566
random_feedback,calibration,0.95,6,1.0,0.8491620111731844,-1.1173184357541888,15.932900572016194,1.0,0.012987012987012988,0.012987012987012988,-1.1173184357541888,3,15.932900572016194
random_feedback,calibration,0.95,7,0.1,0.8603351955307262,0.0,1.2710630881313338,0.1005586592178771,0.0,0.0,0.0,3,1.2710630881313338
random_feedback,calibration,0.95,7,0.2,0.8603351955307262,0.0,3.4327272910578244,0.2011173184357542,0.0,0.0,0.0,3,3.4327272910578244
random_feedback,calibration,0.95,7,0.3,0.8603351955307262,0.0,5.250980140111842,0.3016759776536313,0.0,0.0,0.0,3,5.250980140111842
random_feedback,calibration,0.95,7,0.4,0.8584729981378026,-0.18621973929236293,7.295191358888187,0.4022346368715084,0.004975124378109453,0.004975124378109453,-0.18621973929236293,3,7.295191358888187
random_feedback,calibration,0.95,7,0.5,0.8566108007448789,-0.3724394785847296,9.232283439759355,0.5027932960893855,0.008130081300813009,0.008130081300813009,-0.3724394785847296,3,9.232283439759355
random_feedback,calibration,0.95,7,0.6,0.8566108007448789,-0.3724394785847296,10.93232716957212,0.6033519553072626,0.006872852233676976,0.006872852233676976,-0.3724394785847296,3,10.93232716957212
random_feedback,calibration,0.95,7,0.7,0.851024208566108,-0.9310986964618221,12.250018588320998,0.7039106145251397,0.01482827644332069,0.01482827644332069,-0.9310986964618221,3,12.250018588320998
random_feedback,calibration,0.95,7,0.8,0.851024208566108,-0.9310986964618221,13.86096439989969,0.8044692737430168,0.013020833333333334,0.013020833333333334,-0.9310986964618221,3,13.86096439989969
random_feedback,calibration,0.95,7,0.9,0.851024208566108,-0.9310986964618221,15.025412440186566,0.9050279329608939,0.011688521936214991,0.011688521936214991,-0.9310986964618221,3,15.025412440186566
random_feedback,calibration,0.95,7,1.0,0.8491620111731844,-1.1173184357541888,15.932900572016194,1.0,0.012987012987012988,0.012987012987012988,-1.1173184357541888,3,15.932900572016194
random_feedback,calibration,0.95,8,0.1,0.8603351955307262,0.0,1.2680385477669514,0.1005586592178771,0.0,0.0,0.0,3,1.2680385477669514
random_feedback,calibration,0.95,8,0.2,0.8603351955307262,0.0,3.4206291296002984,0.2011173184357542,0.0,0.0,0.0,3,3.4206291296002984
random_feedback,calibration,0.95,8,0.3,0.8603351955307262,0.0,4.787847396815925,0.3016759776536313,0.0,0.0,0.0,3,4.787847396815925
random_feedback,calibration,0.95,8,0.4,0.8584729981378026,-0.18621973929236293,6.832058615592266,0.4022346368715084,0.004975124378109453,0.004975124378109453,-0.18621973929236293,3,6.832058615592266
random_feedback,calibration,0.95,8,0.5,0.8566108007448789,-0.3724394785847296,8.699586268082667,0.5027932960893855,0.008130081300813009,0.008130081300813009,-0.3724394785847296,3,8.699586268082667
random_feedback,calibration,0.95,8,0.6,0.8566108007448789,-0.3724394785847296,9.944814740601567,0.6033519553072626,0.006872852233676976,0.006872852233676976,-0.3724394785847296,3,9.944814740601567
random_feedback,calibration,0.95,8,0.7,0.851024208566108,-0.9310986964618221,11.262506159350433,0.7039106145251397,0.01482827644332069,0.01482827644332069,-0.9310986964618221,3,11.262506159350433
random_feedback,calibration,0.95,8,0.8,0.851024208566108,-0.9310986964618221,12.398221066175688,0.8044692737430168,0.013020833333333334,0.013020833333333334,-0.9310986964618221,3,12.398221066175688
random_feedback,calibration,0.95,8,0.9,0.851024208566108,-0.9310986964618221,13.55107503506577,0.9050279329608939,0.011688521936214991,0.011688521936214991,-0.9310986964618221,3,13.55107503506577
random_feedback,calibration,0.95,8,1.0,0.8491620111731844,-1.1173184357541888,14.452009996105907,1.0,0.012987012987012988,0.012987012987012988,-1.1173184357541888,3,14.452009996105907
random_feedback,calibration,0.98,4,0.1,0.8603351955307262,0.0,1.028973836465626,0.1005586592178771,0.0,0.0,0.0,3,1.028973836465626
random_feedback,calibration,0.98,4,0.2,0.8603351955307262,0.0,2.1964464171168854,0.2011173184357542,0.0,0.0,0.0,3,2.1964464171168854
random_feedback,calibration,0.98,4,0.3,0.8603351955307262,0.0,3.4754489237047195,0.3016759776536313,0.0,0.0,0.0,3,3.4754489237047195
random_feedback,calibration,0.98,4,0.4,0.8584729981378026,-0.18621973929236293,4.59919169158763,0.4022346368715084,0.004975124378109453,0.004975124378109453,-0.18621973929236293,3,4.59919169158763
random_feedback,calibration,0.98,4,0.5,0.8566108007448789,-0.3724394785847296,5.752549750538439,0.5027932960893855,0.008130081300813009,0.008130081300813009,-0.3724394785847296,3,5.752549750538439
random_feedback,calibration,0.98,4,0.6,0.8566108007448789,-0.3724394785847296,6.875158315784709,0.6033519553072626,0.006872852233676976,0.006872852233676976,-0.3724394785847296,3,6.875158315784709
random_feedback,calibration,0.98,4,0.7,0.851024208566108,-0.9310986964618221,8.024483654249678,0.7039106145251397,0.01482827644332069,0.01482827644332069,-0.9310986964618221,3,8.024483654249678
random_feedback,calibration,0.98,4,0.8,0.851024208566108,-0.9310986964618221,8.914454656468932,0.8044692737430168,0.013020833333333334,0.013020833333333334,-0.9310986964618221,3,8.914454656468932
random_feedback,calibration,0.98,4,0.9,0.851024208566108,-0.9310986964618221,9.861261813035528,0.9050279329608939,0.011688521936214991,0.011688521936214991,-0.9310986964618221,3,9.861261813035528
random_feedback,calibration,0.98,4,1.0,0.8491620111731844,-1.1173184357541888,10.6267225702544,1.0,0.012987012987012988,0.012987012987012988,-1.1173184357541888,3,10.6267225702544
random_feedback,calibration,0.98,5,0.1,0.8603351955307262,0.0,1.028973836465626,0.1005586592178771,0.0,0.0,0.0,3,1.028973836465626
random_feedback,calibration,0.98,5,0.2,0.8603351955307262,0.0,2.1964464171168854,0.2011173184357542,0.0,0.0,0.0,3,2.1964464171168854
random_feedback,calibration,0.98,5,0.3,0.8603351955307262,0.0,3.4754489237047195,0.3016759776536313,0.0,0.0,0.0,3,3.4754489237047195
random_feedback,calibration,0.98,5,0.4,0.8584729981378026,-0.18621973929236293,4.59919169158763,0.4022346368715084,0.004975124378109453,0.004975124378109453,-0.18621973929236293,3,4.59919169158763
random_feedback,calibration,0.98,5,0.5,0.8566108007448789,-0.3724394785847296,5.752549750538439,0.5027932960893855,0.008130081300813009,0.008130081300813009,-0.3724394785847296,3,5.752549750538439
random_feedback,calibration,0.98,5,0.6,0.8566108007448789,-0.3724394785847296,6.875158315784709,0.6033519553072626,0.006872852233676976,0.006872852233676976,-0.3724394785847296,3,6.875158315784709
random_feedback,calibration,0.98,5,0.7,0.851024208566108,-0.9310986964618221,8.024483654249678,0.7039106145251397,0.01482827644332069,0.01482827644332069,-0.9310986964618221,3,8.024483654249678
random_feedback,calibration,0.98,5,0.8,0.851024208566108,-0.9310986964618221,8.914454656468932,0.8044692737430168,0.013020833333333334,0.013020833333333334,-0.9310986964618221,3,8.914454656468932
random_feedback,calibration,0.98,5,0.9,0.851024208566108,-0.9310986964618221,9.861261813035528,0.9050279329608939,0.011688521936214991,0.011688521936214991,-0.9310986964618221,3,9.861261813035528
random_feedback,calibration,0.98,5,1.0,0.8491620111731844,-1.1173184357541888,10.6267225702544,1.0,0.012987012987012988,0.012987012987012988,-1.1173184357541888,3,10.6267225702544
random_feedback,calibration,0.98,6,0.1,0.8603351955307262,0.0,1.028973836465626,0.1005586592178771,0.0,0.0,0.0,3,1.028973836465626
random_feedback,calibration,0.98,6,0.2,0.8603351955307262,0.0,2.1964464171168854,0.2011173184357542,0.0,0.0,0.0,3,2.1964464171168854
random_feedback,calibration,0.98,6,0.3,0.8603351955307262,0.0,3.4754489237047195,0.3016759776536313,0.0,0.0,0.0,3,3.4754489237047195
random_feedback,calibration,0.98,6,0.4,0.8584729981378026,-0.18621973929236293,4.59919169158763,0.4022346368715084,0.004975124378109453,0.004975124378109453,-0.18621973929236293,3,4.59919169158763
random_feedback,calibration,0.98,6,0.5,0.8566108007448789,-0.3724394785847296,5.752549750538439,0.5027932960893855,0.008130081300813009,0.008130081300813009,-0.3724394785847296,3,5.752549750538439
random_feedback,calibration,0.98,6,0.6,0.8566108007448789,-0.3724394785847296,6.875158315784709,0.6033519553072626,0.006872852233676976,0.006872852233676976,-0.3724394785847296,3,6.875158315784709
random_feedback,calibration,0.98,6,0.7,0.851024208566108,-0.9310986964618221,8.024483654249678,0.7039106145251397,0.01482827644332069,0.01482827644332069,-0.9310986964618221,3,8.024483654249678
random_feedback,calibration,0.98,6,0.8,0.851024208566108,-0.9310986964618221,8.914454656468932,0.8044692737430168,0.013020833333333334,0.013020833333333334,-0.9310986964618221,3,8.914454656468932
random_feedback,calibration,0.98,6,0.9,0.851024208566108,-0.9310986964618221,9.861261813035528,0.9050279329608939,0.011688521936214991,0.011688521936214991,-0.9310986964618221,3,9.861261813035528
random_feedback,calibration,0.98,6,1.0,0.8491620111731844,-1.1173184357541888,10.6267225702544,1.0,0.012987012987012988,0.012987012987012988,-1.1173184357541888,3,10.6267225702544
random_feedback,calibration,0.98,7,0.1,0.8603351955307262,0.0,1.028973836465626,0.1005586592178771,0.0,0.0,0.0,3,1.028973836465626
random_feedback,calibration,0.98,7,0.2,0.8603351955307262,0.0,2.1964464171168854,0.2011173184357542,0.0,0.0,0.0,3,2.1964464171168854
random_feedback,calibration,0.98,7,0.3,0.8603351955307262,0.0,3.4754489237047195,0.3016759776536313,0.0,0.0,0.0,3,3.4754489237047195
random_feedback,calibration,0.98,7,0.4,0.8584729981378026,-0.18621973929236293,4.59919169158763,0.4022346368715084,0.004975124378109453,0.004975124378109453,-0.18621973929236293,3,4.59919169158763
random_feedback,calibration,0.98,7,0.5,0.8566108007448789,-0.3724394785847296,5.752549750538439,0.5027932960893855,0.008130081300813009,0.008130081300813009,-0.3724394785847296,3,5.752549750538439
random_feedback,calibration,0.98,7,0.6,0.8566108007448789,-0.3724394785847296,6.875158315784709,0.6033519553072626,0.006872852233676976,0.006872852233676976,-0.3724394785847296,3,6.875158315784709
random_feedback,calibration,0.98,7,0.7,0.851024208566108,-0.9310986964618221,8.024483654249678,0.7039106145251397,0.01482827644332069,0.01482827644332069,-0.9310986964618221,3,8.024483654249678
random_feedback,calibration,0.98,7,0.8,0.851024208566108,-0.9310986964618221,8.914454656468932,0.8044692737430168,0.013020833333333334,0.013020833333333334,-0.9310986964618221,3,8.914454656468932
random_feedback,calibration,0.98,7,0.9,0.851024208566108,-0.9310986964618221,9.861261813035528,0.9050279329608939,0.011688521936214991,0.011688521936214991,-0.9310986964618221,3,9.861261813035528
random_feedback,calibration,0.98,7,1.0,0.8491620111731844,-1.1173184357541888,10.6267225702544,1.0,0.012987012987012988,0.012987012987012988,-1.1173184357541888,3,10.6267225702544
random_feedback,calibration,0.98,8,0.1,0.8603351955307262,0.0,1.028973836465626,0.1005586592178771,0.0,0.0,0.0,3,1.028973836465626
random_feedback,calibration,0.98,8,0.2,0.8603351955307262,0.0,2.1964464171168854,0.2011173184357542,0.0,0.0,0.0,3,2.1964464171168854
random_feedback,calibration,0.98,8,0.3,0.8603351955307262,0.0,3.4754489237047195,0.3016759776536313,0.0,0.0,0.0,3,3.4754489237047195
random_feedback,calibration,0.98,8,0.4,0.8584729981378026,-0.18621973929236293,4.59919169158763,0.4022346368715084,0.004975124378109453,0.004975124378109453,-0.18621973929236293,3,4.59919169158763
random_feedback,calibration,0.98,8,0.5,0.8566108007448789,-0.3724394785847296,5.73843522883799,0.5027932960893855,0.008130081300813009,0.008130081300813009,-0.3724394785847296,3,5.73843522883799
random_feedback,calibration,0.98,8,0.6,0.8566108007448789,-0.3724394785847296,6.8469292723838135,0.6033519553072626,0.006872852233676976,0.006872852233676976,-0.3724394785847296,3,6.8469292723838135
random_feedback,calibration,0.98,8,0.7,0.851024208566108,-0.9310986964618221,7.996254610848782,0.7039106145251397,0.01482827644332069,0.01482827644332069,-0.9310986964618221,3,7.996254610848782
random_feedback,calibration,0.98,8,0.8,0.851024208566108,-0.9310986964618221,8.872111091367593,0.8044692737430168,0.013020833333333334,0.013020833333333334,-0.9310986964618221,3,8.872111091367593
random_feedback,calibration,0.98,8,0.9,0.851024208566108,-0.9310986964618221,9.818918247934183,0.9050279329608939,0.011688521936214991,0.011688521936214991,-0.9310986964618221,3,9.818918247934183
random_feedback,calibration,0.98,8,1.0,0.8491620111731844,-1.1173184357541888,10.584379005153066,1.0,0.012987012987012988,0.012987012987012988,-1.1173184357541888,3,10.584379005153066
random_feedback,test,0.75,4,0.1,0.8673061550759392,-0.31974420463629266,3.8021445038931603,0.11350919264588329,0.033547008547008546,0.033547008547008546,-0.31974420463629266,3,3.8021445038931603
random_feedback,test,0.75,4,0.2,0.8665067945643485,-0.39968025579536864,7.243355517856361,0.2070343725019984,0.02039983680130559,0.02039983680130559,-0.39968025579536864,3,7.243355517856361
random_feedback,test,0.75,4,0.3,0.8601119104716227,-1.0391686650679504,10.93827482709121,0.3165467625899281,0.03505685688123881,0.03505685688123881,-1.0391686650679504,3,10.93827482709121
random_feedback,test,0.75,4,0.4,0.8585131894484412,-1.1990407673860948,13.711829570664225,0.4028776978417266,0.03209092762348976,0.03209092762348976,-1.1990407673860948,3,13.711829570664225
random_feedback,test,0.75,4,0.5,0.8545163868904876,-1.598721023181456,16.8213058419244,0.5019984012789768,0.03493962901189186,0.03493962901189186,-1.598721023181456,3,16.8213058419244
random_feedback,test,0.75,4,0.6,0.8497202238209433,-2.078337330135893,19.705565705337328,0.6035171862509993,0.0378848345437495,0.0378848345437495,-2.078337330135893,3,19.705565705337328
random_feedback,test,0.75,4,0.7,0.8481215027977618,-2.238209432454038,22.563997999043014,0.7010391686650679,0.03532417664047437,0.03532417664047437,-2.238209432454038,3,22.563997999043014
random_feedback,test,0.75,4,0.8,0.8473221422861711,-2.31814548361311,25.285516986384785,0.7937649880095923,0.03294509992502984,0.03294509992502984,-2.31814548361311,3,25.285516986384785
random_feedback,test,0.75,4,0.9,0.8409272581934453,-2.957633892885695,28.959447996868057,0.9192645883293366,0.03690677106500327,0.03690677106500327,-2.957633892885695,3,28.959447996868057
random_feedback,test,0.75,4,1.0,0.8369304556354916,-3.3573141486810565,30.832735221192742,1.0,0.03856749311294766,0.03856749311294766,-3.3573141486810565,3,30.832735221192742
random_feedback,test,0.75,5,0.1,0.8673061550759392,-0.31974420463629266,3.7693027099917287,0.11350919264588329,0.033547008547008546,0.033547008547008546,-0.31974420463629266,3,3.7693027099917287
random_feedback,test,0.75,5,0.2,0.8665067945643485,-0.39968025579536864,7.146026360433248,0.2070343725019984,0.02039983680130559,0.02039983680130559,-0.39968025579536864,3,7.146026360433248
random_feedback,test,0.75,5,0.3,0.8601119104716227,-1.0391686650679504,10.585388664143712,0.3165467625899281,0.03505685688123881,0.03505685688123881,-1.0391686650679504,3,10.585388664143712
random_feedback,test,0.75,5,0.4,0.8585131894484412,-1.1990407673860948,13.279666362173211,0.4028776978417266,0.03209092762348976,0.03209092762348976,-1.1990407673860948,3,13.279666362173211
random_feedback,test,0.75,5,0.5,0.8545163868904876,-1.598721023181456,16.15723824437774,0.5019984012789768,0.03493962901189186,0.03493962901189186,-1.598721023181456,3,16.15723824437774
random_feedback,test,0.75,5,0.6,0.8497202238209433,-2.078337330135893,19.01702988385749,0.6035171862509993,0.0378848345437495,0.0378848345437495,-2.078337330135893,3,19.01702988385749
random_feedback,test,0.75,5,0.7,0.8481215027977618,-2.238209432454038,21.861053112358075,0.7010391686650679,0.03532417664047437,0.03532417664047437,-2.238209432454038,3,21.861053112358075
random_feedback,test,0.75,5,0.8,0.8473221422861711,-2.31814548361311,24.560931314976727,0.7937649880095923,0.03294509992502984,0.03294509992502984,-2.31814548361311,3,24.560931314976727
random_feedback,test,0.75,5,0.9,0.8409272581934453,-2.957633892885695,27.983165861933962,0.9192645883293366,0.03690677106500327,0.03690677106500327,-2.957633892885695,3,27.983165861933962
random_feedback,test,0.75,5,1.0,0.8369304556354916,-3.3573141486810565,29.8420983948845,1.0,0.03856749311294766,0.03856749311294766,-3.3573141486810565,3,29.8420983948845
random_feedback,test,0.75,6,0.1,0.8673061550759392,-0.31974420463629266,3.703184131541167,0.11350919264588329,0.033547008547008546,0.033547008547008546,-0.31974420463629266,3,3.703184131541167
random_feedback,test,0.75,6,0.2,0.8665067945643485,-0.39968025579536864,6.531547696724516,0.2070343725019984,0.02039983680130559,0.02039983680130559,-0.39968025579536864,3,6.531547696724516
random_feedback,test,0.75,6,0.3,0.8601119104716227,-1.0391686650679504,9.872221497237806,0.3165467625899281,0.03505685688123881,0.03505685688123881,-1.0391686650679504,3,9.872221497237806
random_feedback,test,0.75,6,0.4,0.8585131894484412,-1.1990407673860948,12.24553047109486,0.4028776978417266,0.03209092762348976,0.03209092762348976,-1.1990407673860948,3,12.24553047109486
random_feedback,test,0.75,6,0.5,0.8545163868904876,-1.598721023181456,14.964657009874283,0.5019984012789768,0.03493962901189186,0.03493962901189186,-1.598721023181456,3,14.964657009874283
random_feedback,test,0.75,6,0.6,0.8497202238209433,-2.078337330135893,17.67149506285614,0.6035171862509993,0.0378848345437495,0.0378848345437495,-2.078337330135893,3,17.67149506285614
random_feedback,test,0.75,6,0.7,0.8481215027977618,-2.238209432454038,20.423844012353726,0.7010391686650679,0.03532417664047437,0.03532417664047437,-2.238209432454038,3,20.423844012353726
random_feedback,test,0.75,6,0.8,0.8473221422861711,-2.31814548361311,22.97006176867197,0.7937649880095923,0.03294509992502984,0.03294509992502984,-2.31814548361311,3,22.97006176867197
random_feedback,test,0.75,6,0.9,0.8409272581934453,-2.957633892885695,26.239940841271903,0.9192645883293366,0.03690677106500327,0.03690677106500327,-2.957633892885695,3,26.239940841271903
random_feedback,test,0.75,6,1.0,0.8369304556354916,-3.3573141486810565,28.00045674018008,1.0,0.03856749311294766,0.03856749311294766,-3.3573141486810565,3,28.00045674018008
random_feedback,test,0.75,7,0.1,0.86810551558753,-0.23980815347722043,3.350461090086565,0.11350919264588329,0.025213675213675214,0.025213675213675214,-0.23980815347722043,3,3.350461090086565
random_feedback,test,0.75,7,0.2,0.8673061550759392,-0.3197442046362964,5.593762234111958,0.2070343725019984,0.016523867809057527,0.016523867809057527,-0.3197442046362964,3,5.593762234111958
random_feedback,test,0.75,7,0.3,0.8609112709832134,-0.959232613908878,8.541639479751176,0.3165467625899281,0.03264139794404074,0.03264139794404074,-0.959232613908878,3,8.541639479751176
random_feedback,test,0.75,7,0.4,0.8601119104716227,-1.0391686650679504,10.420690330157896,0.4028776978417266,0.027988324679714356,0.027988324679714356,-1.0391686650679504,3,10.420690330157896
random_feedback,test,0.75,7,0.5,0.8561151079136691,-1.4388489208633115,12.734133716125099,0.5019984012789768,0.031597416618063645,0.031597416618063645,-1.4388489208633115,3,12.734133716125099
random_feedback,test,0.75,7,0.6,0.8529176658673062,-1.7585931254996006,15.201672539040405,0.6035171862509993,0.03226519538373767,0.03226519538373767,-1.7585931254996006,3,15.201672539040405
random_feedback,test,0.75,7,0.7,0.8521183053557154,-1.8385291766586727,17.570087868110832,0.7010391686650679,0.029054114970026423,0.029054114970026423,-1.8385291766586727,3,17.570087868110832
random_feedback,test,0.75,7,0.8,0.8513189448441247,-1.918465227817745,19.895602244551732,0.7937649880095923,0.027281654312555872,0.027281654312555872,-1.918465227817745,3,19.895602244551732
random_feedback,test,0.75,7,0.9,0.8489208633093526,-2.1582733812949653,22.639795119404926,0.9192645883293366,0.02694931938215283,0.02694931938215283,-2.1582733812949653,3,22.639795119404926
random_feedback,test,0.75,7,1.0,0.8465227817745803,-2.3980815347721895,24.123548218713285,1.0,0.027548209366391185,0.027548209366391185,-2.3980815347721895,3,24.123548218713285
random_feedback,test,0.75,8,0.1,0.8689048760991207,-0.1598721023181445,2.3353560398451343,0.11350919264588329,0.01688034188034188,0.01688034188034188,-0.1598721023181445,3,2.3353560398451343
random_feedback,test,0.75,8,0.2,0.8689048760991207,-0.1598721023181445,3.927149941276257,0.2070343725019984,0.008261933904528763,0.008261933904528763,-0.1598721023181445,3,3.927149941276257
random_feedback,test,0.75,8,0.3,0.8633093525179856,-0.7194244604316613,6.116240375831916,0.3165467625899281,0.024623698110484128,0.024623698110484128,-0.7194244604316613,3,6.116240375831916
random_feedback,test,0.75,8,0.4,0.8625099920063949,-0.7993605115907335,7.41273000130496,0.4028776978417266,0.021828108567214673,0.021828108567214673,-0.7993605115907335,3,7.41273000130496
random_feedback,test,0.75,8,0.5,0.8593125499600319,-1.1191047162270225,9.257307842881376,0.5019984012789768,0.02466705471160975,0.02466705471160975,-1.1191047162270225,3,9.257307842881376
random_feedback,test,0.75,8,0.6,0.8569144684252598,-1.3589128697042392,11.080190525903692,0.6035171862509993,0.024846542779485583,0.024846542779485583,-1.3589128697042392,3,11.080190525903692
random_feedback,test,0.75,8,0.7,0.8561151079136691,-1.4388489208633115,12.767029883857488,0.7010391686650679,0.022692718562574453,0.022692718562574453,-1.4388489208633115,3,12.767029883857488
random_feedback,test,0.75,8,0.8,0.8553157474020784,-1.5187849720223838,14.663697855496105,0.7937649880095923,0.021594260045996266,0.021594260045996266,-1.5187849720223838,3,14.663697855496105
random_feedback,test,0.75,8,0.9,0.8529176658673062,-1.7585931254996006,16.78547348732002,0.9192645883293366,0.021949825208793995,0.021949825208793995,-1.7585931254996006,3,16.78547348732002
random_feedback,test,0.75,8,1.0,0.8513189448441247,-1.918465227817745,17.885129844708338,1.0,0.02203856749311295,0.02203856749311295,-1.918465227817745,3,17.885129844708338
random_feedback,test,0.8,4,0.1,0.86810551558753,-0.23980815347722043,3.3097350906955425,0.11350919264588329,0.025213675213675214,0.025213675213675214,-0.23980815347722043,3,3.3097350906955425
random_feedback,test,0.8,4,0.2,0.8673061550759392,-0.3197442046362964,6.340913045369519,0.2070343725019984,0.016523867809057527,0.016523867809057527,-0.3197442046362964,3,6.340913045369519
random_feedback,test,0.8,4,0.3,0.8609112709832134,-0.959232613908878,9.589803819217883,0.3165467625899281,0.03264139794404074,0.03264139794404074,-0.959232613908878,3,9.589803819217883
random_feedback,test,0.8,4,0.4,0.8601119104716227,-1.0391686650679504,12.005198138240019,0.4028776978417266,0.027988324679714356,0.027988324679714356,-1.0391686650679504,3,12.005198138240019
random_feedback,test,0.8,4,0.5,0.8561151079136691,-1.4388489208633115,14.74036495715341,0.5019984012789768,0.031597416618063645,0.031597416618063645,-1.4388489208633115,3,14.74036495715341
random_feedback,test,0.8,4,0.6,0.8529176658673062,-1.7585931254996006,17.18816607942929,0.6035171862509993,0.03226519538373767,0.03226519538373767,-1.7585931254996006,3,17.18816607942929
random_feedback,test,0.8,4,0.7,0.8521183053557154,-1.8385291766586727,19.664785332115358,0.7010391686650679,0.029054114970026423,0.029054114970026423,-1.8385291766586727,3,19.664785332115358
random_feedback,test,0.8,4,0.8,0.8513189448441247,-1.918465227817745,21.989755970246634,0.7937649880095923,0.027281654312555872,0.027281654312555872,-1.918465227817745,3,21.989755970246634
random_feedback,test,0.8,4,0.9,0.8449240607513988,-2.557953637090334,25.189873417721515,0.9192645883293366,0.03193409373262057,0.03193409373262057,-2.557953637090334,3,25.189873417721515
random_feedback,test,0.8,4,1.0,0.841726618705036,-2.877697841726623,26.824513897951196,1.0,0.03305785123966942,0.03305785123966942,-2.877697841726623,3,26.824513897951196
random_feedback,test,0.8,5,0.1,0.86810551558753,-0.23980815347722043,3.3080495019357024,0.11350919264588329,0.025213675213675214,0.025213675213675214,-0.23980815347722043,3,3.3080495019357024
random_feedback,test,0.8,5,0.2,0.8673061550759392,-0.3197442046362964,6.319381008308315,0.2070343725019984,0.016523867809057527,0.016523867809057527,-0.3197442046362964,3,6.319381008308315
random_feedback,test,0.8,5,0.3,0.8609112709832134,-0.959232613908878,9.351918308756357,0.3165467625899281,0.03264139794404074,0.03264139794404074,-0.959232613908878,3,9.351918308756357
random_feedback,test,0.8,5,0.4,0.8601119104716227,-1.0391686650679504,11.70162903997564,0.4028776978417266,0.027988324679714356,0.027988324679714356,-1.0391686650679504,3,11.70162903997564
random_feedback,test,0.8,5,0.5,0.8561151079136691,-1.4388489208633115,14.23713515159423,0.5019984012789768,0.031597416618063645,0.031597416618063645,-1.4388489208633115,3,14.23713515159423
random_feedback,test,0.8,5,0.6,0.8529176658673062,-1.7585931254996006,16.683087563617374,0.6035171862509993,0.03226519538373767,0.03226519538373767,-1.7585931254996006,3,16.683087563617374
random_feedback,test,0.8,5,0.7,0.8521183053557154,-1.8385291766586727,19.159706816303444,0.7010391686650679,0.029054114970026423,0.029054114970026423,-1.8385291766586727,3,19.159706816303444
random_feedback,test,0.8,5,0.8,0.8513189448441247,-1.918465227817745,21.478968202183644,0.7937649880095923,0.027281654312555872,0.027281654312555872,-1.918465227817745,3,21.478968202183644
random_feedback,test,0.8,5,0.9,0.8449240607513988,-2.557953637090334,24.483122362869196,0.9192645883293366,0.03193409373262057,0.03193409373262057,-2.557953637090334,3,24.483122362869196
random_feedback,test,0.8,5,1.0,0.841726618705036,-2.877697841726623,26.11591413284614,1.0,0.03305785123966942,0.03305785123966942,-2.877697841726623,3,26.11591413284614
random_feedback,test,0.8,6,0.1,0.86810551558753,-0.23980815347722043,3.2921723432946117,0.11350919264588329,0.025213675213675214,0.025213675213675214,-0.23980815347722043,3,3.2921723432946117
random_feedback,test,0.8,6,0.2,0.8673061550759392,-0.3197442046362964,5.8348014267693165,0.2070343725019984,0.016523867809057527,0.016523867809057527,-0.3197442046362964,3,5.8348014267693165
random_feedback,test,0.8,6,0.3,0.8609112709832134,-0.959232613908878,8.82552525120709,0.3165467625899281,0.03264139794404074,0.03264139794404074,-0.959232613908878,3,8.82552525120709
random_feedback,test,0.8,6,0.4,0.8601119104716227,-1.0391686650679504,10.931151855235107,0.4028776978417266,0.027988324679714356,0.027988324679714356,-1.0391686650679504,3,10.931151855235107
random_feedback,test,0.8,6,0.5,0.8561151079136691,-1.4388489208633115,13.380529818608892,0.5019984012789768,0.031597416618063645,0.031597416618063645,-1.4388489208633115,3,13.380529818608892
random_feedback,test,0.8,6,0.6,0.8529176658673062,-1.7585931254996006,15.75775370829526,0.6035171862509993,0.03226519538373767,0.03226519538373767,-1.7585931254996006,3,15.75775370829526
random_feedback,test,0.8,6,0.7,0.8521183053557154,-1.8385291766586727,18.214744008003823,0.7010391686650679,0.029054114970026423,0.029054114970026423,-1.8385291766586727,3,18.214744008003823
random_feedback,test,0.8,6,0.8,0.8513189448441247,-1.918465227817745,20.47142111444604,0.7937649880095923,0.027281654312555872,0.027281654312555872,-1.918465227817745,3,20.47142111444604
random_feedback,test,0.8,6,0.9,0.8449240607513988,-2.557953637090334,23.413643481665144,0.9192645883293366,0.03193409373262057,0.03193409373262057,-2.557953637090334,3,23.413643481665144
random_feedback,test,0.8,6,1.0,0.841726618705036,-2.877697841726623,24.98760276654052,1.0,0.03305785123966942,0.03305785123966942,-2.877697841726623,3,24.98760276654052
random_feedback,test,0.8,7,0.1,0.86810551558753,-0.23980815347722043,3.0787550567662767,0.11350919264588329,0.025213675213675214,0.025213675213675214,-0.23980815347722043,3,3.0787550567662767
random_feedback,test,0.8,7,0.2,0.8673061550759392,-0.3197442046362964,5.1511592500761205,0.2070343725019984,0.016523867809057527,0.016523867809057527,-0.3197442046362964,3,5.1511592500761205
random_feedback,test,0.8,7,0.3,0.8609112709832134,-0.959232613908878,7.867730218800288,0.3165467625899281,0.03264139794404074,0.03264139794404074,-0.959232613908878,3,7.867730218800288
random_feedback,test,0.8,7,0.4,0.8601119104716227,-1.0391686650679504,9.594643090173557,0.4028776978417266,0.027988324679714356,0.027988324679714356,-1.0391686650679504,3,9.594643090173557
random_feedback,test,0.8,7,0.5,0.8561151079136691,-1.4388489208633115,11.765681412849617,0.5019984012789768,0.031597416618063645,0.031597416618063645,-1.4388489208633115,3,11.765681412849617
random_feedback,test,0.8,7,0.6,0.8529176658673062,-1.7585931254996006,13.9957697159511,0.6035171862509993,0.03226519538373767,0.03226519538373767,-1.7585931254996006,3,13.9957697159511
random_feedback,test,0.8,7,0.7,0.8521183053557154,-1.8385291766586727,16.18893818782896,0.7010391686650679,0.029054114970026423,0.029054114970026423,-1.8385291766586727,3,16.18893818782896
random_feedback,test,0.8,7,0.8,0.8513189448441247,-1.918465227817745,18.290269259210923,0.7937649880095923,0.027281654312555872,0.027281654312555872,-1.918465227817745,3,18.290269259210923
random_feedback,test,0.8,7,0.9,0.8489208633093526,-2.1582733812949653,20.821914828831176,0.9192645883293366,0.02694931938215283,0.02694931938215283,-2.1582733812949653,3,20.821914828831176
random_feedback,test,0.8,7,1.0,0.8465227817745803,-2.3980815347721895,22.207196920266203,1.0,0.027548209366391185,0.027548209366391185,-2.3980815347721895,3,22.207196920266203
random_feedback,test,0.8,8,0.1,0.8689048760991207,-0.1598721023181445,2.2550458915133262,0.11350919264588329,0.01688034188034188,0.01688034188034188,-0.1598721023181445,3,2.2550458915133262
random_feedback,test,0.8,8,0.2,0.8689048760991207,-0.1598721023181445,3.825416503545165,0.2070343725019984,0.008261933904528763,0.008261933904528763,-0.1598721023181445,3,3.825416503545165
random_feedback,test,0.8,8,0.3,0.8633093525179856,-0.7194244604316613,5.955565705337329,0.3165467625899281,0.024623698110484128,0.024623698110484128,-0.7194244604316613,3,5.955565705337329
random_feedback,test,0.8,8,0.4,0.8625099920063949,-0.7993605115907335,7.205076340858662,0.4028776978417266,0.021828108567214673,0.021828108567214673,-0.7993605115907335,3,7.205076340858662
random_feedback,test,0.8,8,0.5,0.8593125499600319,-1.1191047162270225,8.992507286093346,0.5019984012789768,0.02466705471160975,0.02466705471160975,-1.1191047162270225,3,8.992507286093346
random_feedback,test,0.8,8,0.6,0.8569144684252598,-1.3589128697042392,10.695169428857277,0.6035171862509993,0.024846542779485583,0.024846542779485583,-1.3589128697042392,3,10.695169428857277
random_feedback,test,0.8,8,0.7,0.8561151079136691,-1.4388489208633115,12.314258993431636,0.7010391686650679,0.022692718562574453,0.022692718562574453,-1.4388489208633115,3,12.314258993431636
random_feedback,test,0.8,8,0.8,0.8553157474020784,-1.5187849720223838,14.090162686502236,0.7937649880095923,0.021594260045996266,0.021594260045996266,-1.5187849720223838,3,14.090162686502236
random_feedback,test,0.8,8,0.9,0.8529176658673062,-1.7585931254996006,16.14446039410152,0.9192645883293366,0.021949825208793995,0.021949825208793995,-1.7585931254996006,3,16.14446039410152
random_feedback,test,0.8,8,1.0,0.8513189448441247,-1.918465227817745,17.213558658488836,1.0,0.02203856749311295,0.02203856749311295,-1.918465227817745,3,17.213558658488836
random_feedback,test,0.85,4,0.1,0.86810551558753,-0.23980815347722043,2.9226477880725485,0.11350919264588329,0.025213675213675214,0.025213675213675214,-0.23980815347722043,3,2.9226477880725485
random_feedback,test,0.85,4,0.2,0.86810551558753,-0.23980815347722043,5.506600983078861,0.2070343725019984,0.012137902896776825,0.012137902896776825,-0.23980815347722043,3,5.506600983078861
random_feedback,test,0.85,4,0.3,0.8641087130295764,-0.6394884092725853,8.320718604549999,0.3165467625899281,0.020866317541509357,0.020866317541509357,-0.6394884092725853,3,8.320718604549999
random_feedback,test,0.85,4,0.4,0.8633093525179856,-0.7194244604316576,10.372351994432115,0.4028776978417266,0.018897973964156344,0.018897973964156344,-0.7194244604316576,3,10.372351994432115
random_feedback,test,0.85,4,0.5,0.8609112709832134,-0.959232613908878,12.594447344382086,0.5019984012789768,0.020832968080186604,0.020832968080186604,-0.959232613908878,3,12.594447344382086
random_feedback,test,0.85,4,0.6,0.8601119104716227,-1.0391686650679504,14.663589107834177,0.6035171862509993,0.019007669006197162,0.019007669006197162,-1.0391686650679504,3,14.663589107834177
random_feedback,test,0.85,4,0.7,0.8601119104716227,-1.0391686650679504,16.727728478837705,0.7010391686650679,0.01642265689212651,0.01642265689212651,-1.0391686650679504,3,16.727728478837705
random_feedback,test,0.85,4,0.8,0.8601119104716227,-1.0391686650679504,18.733252860063505,0.7937649880095923,0.014765313268021137,0.014765313268021137,-1.0391686650679504,3,18.733252860063505
random_feedback,test,0.85,4,0.9,0.8537170263788969,-1.6786570743405282,21.55095915437818,0.9192645883293366,0.02095182121677803,0.02095182121677803,-1.6786570743405282,3,21.55095915437818
random_feedback,test,0.85,4,1.0,0.8513189448441247,-1.918465227817745,22.889207882030536,1.0,0.02203856749311295,0.02203856749311295,-1.918465227817745,3,22.889207882030536
random_feedback,test,0.85,5,0.1,0.86810551558753,-0.23980815347722043,2.9226477880725485,0.11350919264588329,0.025213675213675214,0.025213675213675214,-0.23980815347722043,3,2.9226477880725485
random_feedback,test,0.85,5,0.2,0.86810551558753,-0.23980815347722043,5.506600983078861,0.2070343725019984,0.012137902896776825,0.012137902896776825,-0.23980815347722043,3,5.506600983078861
random_feedback,test,0.85,5,0.3,0.8641087130295764,-0.6394884092725853,8.112249336639259,0.3165467625899281,0.020866317541509357,0.020866317541509357,-0.6394884092725853,3,8.112249336639259
random_feedback,test,0.85,5,0.4,0.8633093525179856,-0.7194244604316576,10.109943886206437,0.4028776978417266,0.018897973964156344,0.018897973964156344,-0.7194244604316576,3,10.109943886206437
random_feedback,test,0.85,5,0.5,0.8609112709832134,-0.959232613908878,12.144449519335325,0.5019984012789768,0.020832968080186604,0.020832968080186604,-0.959232613908878,3,12.144449519335325
random_feedback,test,0.85,5,0.6,0.8601119104716227,-1.0391686650679504,14.213591282787416,0.6035171862509993,0.019007669006197162,0.019007669006197162,-1.0391686650679504,3,14.213591282787416
random_feedback,test,0.85,5,0.7,0.8601119104716227,-1.0391686650679504,16.277730653790943,0.7010391686650679,0.01642265689212651,0.01642265689212651,-1.0391686650679504,3,16.277730653790943
random_feedback,test,0.85,5,0.8,0.8601119104716227,-1.0391686650679504,18.283255035016744,0.7937649880095923,0.014765313268021137,0.014765313268021137,-1.0391686650679504,3,18.283255035016744
random_feedback,test,0.85,5,0.9,0.8537170263788969,-1.6786570743405282,20.907281743442507,0.9192645883293366,0.02095182121677803,0.02095182121677803,-1.6786570743405282,3,20.907281743442507
random_feedback,test,0.85,5,1.0,0.8513189448441247,-1.918465227817745,22.245530471094867,1.0,0.02203856749311295,0.02203856749311295,-1.918465227817745,3,22.245530471094867
random_feedback,test,0.85,6,0.1,0.86810551558753,-0.23980815347722043,2.9226477880725485,0.11350919264588329,0.025213675213675214,0.025213675213675214,-0.23980815347722043,3,2.9226477880725485
random_feedback,test,0.85,6,0.2,0.86810551558753,-0.23980815347722043,5.080799512810471,0.2070343725019984,0.012137902896776825,0.012137902896776825,-0.23980815347722043,3,5.080799512810471
random_feedback,test,0.85,6,0.3,0.8641087130295764,-0.6394884092725853,7.681608595415194,0.3165467625899281,0.020866317541509357,0.020866317541509357,-0.6394884092725853,3,7.681608595415194
random_feedback,test,0.85,6,0.4,0.8633093525179856,-0.7194244604316576,9.461970942624731,0.4028776978417266,0.018897973964156344,0.018897973964156344,-0.7194244604316576,3,9.461970942624731
random_feedback,test,0.85,6,0.5,0.8609112709832134,-0.959232613908878,11.452705641828697,0.5019984012789768,0.020832968080186604,0.020832968080186604,-0.959232613908878,3,11.452705641828697
random_feedback,test,0.85,6,0.6,0.8601119104716227,-1.0391686650679504,13.496291704728343,0.6035171862509993,0.019007669006197162,0.019007669006197162,-1.0391686650679504,3,13.496291704728343
random_feedback,test,0.85,6,0.7,0.8601119104716227,-1.0391686650679504,15.559180477619732,0.7010391686650679,0.01642265689212651,0.01642265689212651,-1.0391686650679504,3,15.559180477619732
random_feedback,test,0.85,6,0.8,0.8601119104716227,-1.0391686650679504,17.54382530775588,0.7937649880095923,0.014765313268021137,0.014765313268021137,-1.0391686650679504,3,17.54382530775588
random_feedback,test,0.85,6,0.9,0.8537170263788969,-1.6786570743405282,20.137022054025834,0.9192645883293366,0.02095182121677803,0.02095182121677803,-1.6786570743405282,3,20.137022054025834
random_feedback,test,0.85,6,1.0,0.8513189448441247,-1.918465227817745,21.456838052981865,1.0,0.02203856749311295,0.02203856749311295,-1.918465227817745,3,21.456838052981865
random_feedback,test,0.85,7,0.1,0.86810551558753,-0.23980815347722043,2.7803514724433396,0.11350919264588329,0.025213675213675214,0.025213675213675214,-0.23980815347722043,3,2.7803514724433396
random_feedback,test,0.85,7,0.2,0.86810551558753,-0.23980815347722043,4.588879464091515,0.2070343725019984,0.012137902896776825,0.012137902896776825,-0.23980815347722043,3,4.588879464091515
random_feedback,test,0.85,7,0.3,0.8641087130295764,-0.6394884092725853,6.989592848753749,0.3165467625899281,0.020866317541509357,0.020866317541509357,-0.6394884092725853,3,6.989592848753749
random_feedback,test,0.85,7,0.4,0.8633093525179856,-0.7194244604316576,8.523696115533511,0.4028776978417266,0.018897973964156344,0.018897973964156344,-0.7194244604316576,3,8.523696115533511
random_feedback,test,0.85,7,0.5,0.8609112709832134,-0.959232613908878,10.379638087781103,0.5019984012789768,0.020832968080186604,0.020832968080186604,-0.959232613908878,3,10.379638087781103
random_feedback,test,0.85,7,0.6,0.8601119104716227,-1.0391686650679504,12.361401104876238,0.6035171862509993,0.019007669006197162,0.019007669006197162,-1.0391686650679504,3,12.361401104876238
random_feedback,test,0.85,7,0.7,0.8601119104716227,-1.0391686650679504,14.320000869981287,0.7010391686650679,0.01642265689212651,0.01642265689212651,-1.0391686650679504,3,14.320000869981287
random_feedback,test,0.85,7,0.8,0.8601119104716227,-1.0391686650679504,16.21938753316803,0.7937649880095923,0.014765313268021137,0.014765313268021137,-1.0391686650679504,3,16.21938753316803
random_feedback,test,0.85,7,0.9,0.8577138289368506,-1.278976818545167,18.53718082561225,0.9192645883293366,0.015967046866310286,0.015967046866310286,-1.278976818545167,3,18.53718082561225
random_feedback,test,0.85,7,1.0,0.8561151079136691,-1.4388489208633115,19.750424115881504,1.0,0.01652892561983471,0.01652892561983471,-1.4388489208633115,3,19.750424115881504
random_feedback,test,0.85,8,0.1,0.8689048760991207,-0.1598721023181445,2.1366740615076707,0.11350919264588329,0.01688034188034188,0.01688034188034188,-0.1598721023181445,3,2.1366740615076707
random_feedback,test,0.85,8,0.2,0.8689048760991207,-0.1598721023181445,3.5829635912827804,0.2070343725019984,0.008261933904528763,0.008261933904528763,-0.1598721023181445,3,3.5829635912827804
random_feedback,test,0.85,8,0.3,0.8641087130295764,-0.6394884092725853,5.555319935621379,0.3165467625899281,0.02153727835739771,0.02153727835739771,-0.6394884092725853,3,5.555319935621379
random_feedback,test,0.85,8,0.4,0.8633093525179856,-0.7194244604316613,6.7386576188611915,0.4028776978417266,0.019340546378159948,0.019340546378159948,-0.7194244604316613,3,6.7386576188611915
random_feedback,test,0.85,8,0.5,0.8609112709832134,-0.959232613908878,8.357692809604588,0.5019984012789768,0.02107890519898407,0.02107890519898407,-0.959232613908878,3,8.357692809604588
random_feedback,test,0.85,8,0.6,0.8601119104716227,-1.0391686650679504,9.963895776240804,0.6035171862509993,0.019007669006197162,0.019007669006197162,-1.0391686650679504,3,9.963895776240804
random_feedback,test,0.85,8,0.7,0.8601119104716227,-1.0391686650679504,11.465483492104914,0.7010391686650679,0.01642265689212651,0.01642265689212651,-1.0391686650679504,3,11.465483492104914
random_feedback,test,0.85,8,0.8,0.8601119104716227,-1.0391686650679504,13.129322719561523,0.7937649880095923,0.014765313268021137,0.014765313268021137,-1.0391686650679504,3,13.129322719561523
random_feedback,test,0.85,8,0.9,0.8577138289368506,-1.278976818545167,15.086889381878288,0.9192645883293366,0.015967046866310286,0.015967046866310286,-1.278976818545167,3,15.086889381878288
random_feedback,test,0.85,8,1.0,0.8561151079136691,-1.4388489208633115,16.104821871329765,1.0,0.01652892561983471,0.01652892561983471,-1.4388489208633115,3,16.104821871329765
random_feedback,test,0.88,4,0.1,0.86810551558753,-0.23980815347722043,2.670081343251115,0.11350919264588329,0.025213675213675214,0.025213675213675214,-0.23980815347722043,3,2.670081343251115
random_feedback,test,0.88,4,0.2,0.86810551558753,-0.23980815347722043,4.628409239201348,0.2070343725019984,0.012137902896776825,0.012137902896776825,-0.23980815347722043,3,4.628409239201348
random_feedback,test,0.88,4,0.3,0.8625099920063949,-0.7993605115907298,7.24449736830658,0.3165467625899281,0.02675385774277505,0.02675385774277505,-0.7993605115907298,3,7.24449736830658
random_feedback,test,0.88,4,0.4,0.8617106314948041,-0.8792965627498058,8.772075775370825,0.4028776978417266,0.02344314932193535,0.02344314932193535,-0.8792965627498058,3,8.772075775370825
random_feedback,test,0.88,4,0.5,0.8593125499600319,-1.1191047162270225,10.766507895080254,0.5019984012789768,0.024421117592812285,0.024421117592812285,-1.1191047162270225,3,10.766507895080254
random_feedback,test,0.88,4,0.6,0.8569144684252598,-1.3589128697042392,12.631910913915348,0.6035171862509993,0.024846542779485583,0.024846542779485583,-1.3589128697042392,3,12.631910913915348
random_feedback,test,0.88,4,0.7,0.8561151079136691,-1.4388489208633115,14.395036756709722,0.7010391686650679,0.022692718562574453,0.022692718562574453,-1.4388489208633115,3,14.395036756709722
random_feedback,test,0.88,4,0.8,0.8553157474020784,-1.5187849720223838,16.209110879116096,0.7937649880095923,0.021594260045996266,0.021594260045996266,-1.5187849720223838,3,16.209110879116096
random_feedback,test,0.88,4,0.9,0.8537170263788969,-1.6786570743405282,18.57812432032711,0.9192645883293366,0.020939724198692986,0.020939724198692986,-1.6786570743405282,3,18.57812432032711
random_feedback,test,0.88,4,1.0,0.8537170263788969,-1.6786570743405282,19.624168080386273,1.0,0.01928374655647383,0.01928374655647383,-1.6786570743405282,3,19.624168080386273
random_feedback,test,0.88,5,0.1,0.86810551558753,-0.23980815347722043,2.670081343251115,0.11350919264588329,0.025213675213675214,0.025213675213675214,-0.23980815347722043,3,2.670081343251115
random_feedback,test,0.88,5,0.2,0.86810551558753,-0.23980815347722043,4.628409239201348,0.2070343725019984,0.012137902896776825,0.012137902896776825,-0.23980815347722043,3,4.628409239201348
random_feedback,test,0.88,5,0.3,0.8625099920063949,-0.7993605115907298,7.062997520553305,0.3165467625899281,0.02675385774277505,0.02675385774277505,-0.7993605115907298,3,7.062997520553305
random_feedback,test,0.88,5,0.4,0.8617106314948041,-0.8792965627498058,8.59057592761755,0.4028776978417266,0.02344314932193535,0.02344314932193535,-0.8792965627498058,3,8.59057592761755
random_feedback,test,0.88,5,0.5,0.8593125499600319,-1.1191047162270225,10.399593283744395,0.5019984012789768,0.024421117592812285,0.024421117592812285,-1.1191047162270225,3,10.399593283744395
random_feedback,test,0.88,5,0.6,0.8569144684252598,-1.3589128697042392,12.264996302579489,0.6035171862509993,0.024846542779485583,0.024846542779485583,-1.3589128697042392,3,12.264996302579489
random_feedback,test,0.88,5,0.7,0.8561151079136691,-1.4388489208633115,14.028122145373864,0.7010391686650679,0.022692718562574453,0.022692718562574453,-1.4388489208633115,3,14.028122145373864
random_feedback,test,0.88,5,0.8,0.8553157474020784,-1.5187849720223838,15.842196267780237,0.7937649880095923,0.021594260045996266,0.021594260045996266,-1.5187849720223838,3,15.842196267780237
random_feedback,test,0.88,5,0.9,0.8537170263788969,-1.6786570743405282,18.021880029579357,0.9192645883293366,0.020939724198692986,0.020939724198692986,-1.6786570743405282,3,18.021880029579357
random_feedback,test,0.88,5,1.0,0.8537170263788969,-1.6786570743405282,19.06792378963852,1.0,0.01928374655647383,0.01928374655647383,-1.6786570743405282,3,19.06792378963852
random_feedback,test,0.88,6,0.1,0.86810551558753,-0.23980815347722043,2.670081343251115,0.11350919264588329,0.025213675213675214,0.025213675213675214,-0.23980815347722043,3,2.670081343251115
random_feedback,test,0.88,6,0.2,0.86810551558753,-0.23980815347722043,4.628409239201348,0.2070343725019984,0.012137902896776825,0.012137902896776825,-0.23980815347722043,3,4.628409239201348
random_feedback,test,0.88,6,0.3,0.8625099920063949,-0.7993605115907298,7.062345034581756,0.3165467625899281,0.02675385774277505,0.02675385774277505,-0.7993605115907298,3,7.062345034581756
random_feedback,test,0.88,6,0.4,0.8617106314948041,-0.8792965627498058,8.589923441645997,0.4028776978417266,0.02344314932193535,0.02344314932193535,-0.8792965627498058,3,8.589923441645997
random_feedback,test,0.88,6,0.5,0.8593125499600319,-1.1191047162270225,10.366805863673926,0.5019984012789768,0.024421117592812285,0.024421117592812285,-1.1191047162270225,3,10.366805863673926
random_feedback,test,0.88,6,0.6,0.8569144684252598,-1.3589128697042392,12.217038583670451,0.6035171862509993,0.024846542779485583,0.024846542779485583,-1.3589128697042392,3,12.217038583670451
random_feedback,test,0.88,6,0.7,0.8561151079136691,-1.4388489208633115,13.980164426464825,0.7010391686650679,0.022692718562574453,0.022692718562574453,-1.4388489208633115,3,13.980164426464825
random_feedback,test,0.88,6,0.8,0.8553157474020784,-1.5187849720223838,15.784994997607548,0.7937649880095923,0.021594260045996266,0.021594260045996266,-1.5187849720223838,3,15.784994997607548
random_feedback,test,0.88,6,0.9,0.8537170263788969,-1.6786570743405282,17.943255470007387,0.9192645883293366,0.020939724198692986,0.020939724198692986,-1.6786570743405282,3,17.943255470007387
random_feedback,test,0.88,6,1.0,0.8537170263788969,-1.6786570743405282,18.989299230066557,1.0,0.01928374655647383,0.01928374655647383,-1.6786570743405282,3,18.989299230066557
random_feedback,test,0.88,7,0.1,0.86810551558753,-0.23980815347722043,2.5791139240506245,0.11350919264588329,0.025213675213675214,0.025213675213675214,-0.23980815347722043,3,2.5791139240506245
random_feedback,test,0.88,7,0.2,0.86810551558753,-0.23980815347722043,4.263941450258816,0.2070343725019984,0.012137902896776825,0.012137902896776825,-0.23980815347722043,3,4.263941450258816
random_feedback,test,0.88,7,0.3,0.8625099920063949,-0.7993605115907298,6.535788855539607,0.3165467625899281,0.02675385774277505,0.02675385774277505,-0.7993605115907298,3,6.535788855539607
random_feedback,test,0.88,7,0.4,0.8617106314948041,-0.8792965627498058,7.861857845056327,0.4028776978417266,0.02344314932193535,0.02344314932193535,-0.8792965627498058,3,7.861857845056327
random_feedback,test,0.88,7,0.5,0.8593125499600319,-1.1191047162270225,9.580669015616158,0.5019984012789768,0.024421117592812285,0.024421117592812285,-1.1191047162270225,3,9.580669015616158
random_feedback,test,0.88,7,0.6,0.8569144684252598,-1.3589128697042392,11.396428726782375,0.6035171862509993,0.024846542779485583,0.024846542779485583,-1.3589128697042392,3,11.396428726782375
random_feedback,test,0.88,7,0.7,0.8561151079136691,-1.4388489208633115,13.108769411457647,0.7010391686650679,0.022692718562574453,0.022692718562574453,-1.4388489208633115,3,13.108769411457647
random_feedback,test,0.88,7,0.8,0.8553157474020784,-1.5187849720223838,14.867925964591759,0.7937649880095923,0.021594260045996266,0.021594260045996266,-1.5187849720223838,3,14.867925964591759
random_feedback,test,0.88,7,0.9,0.8537170263788969,-1.6786570743405282,16.93668711122711,0.9192645883293366,0.020939724198692986,0.020939724198692986,-1.6786570743405282,3,16.93668711122711
random_feedback,test,0.88,7,1.0,0.8537170263788969,-1.6786570743405282,17.964406890251862,1.0,0.01928374655647383,0.01928374655647383,-1.6786570743405282,3,17.964406890251862
random_feedback,test,0.88,8,0.1,0.8689048760991207,-0.1598721023181445,2.0174322502066113,0.11350919264588329,0.01688034188034188,0.01688034188034188,-0.1598721023181445,3,2.0174322502066113
random_feedback,test,0.88,8,0.2,0.8689048760991207,-0.1598721023181445,3.405052416373041,0.2070343725019984,0.008261933904528763,0.008261933904528763,-0.1598721023181445,3,3.405052416373041
random_feedback,test,0.88,8,0.3,0.8641087130295764,-0.6394884092725853,5.313573883161508,0.3165467625899281,0.02153727835739771,0.02153727835739771,-0.6394884092725853,3,5.313573883161508
random_feedback,test,0.88,8,0.4,0.8633093525179856,-0.7194244604316613,6.425844969333154,0.4028776978417266,0.019340546378159948,0.019340546378159948,-0.7194244604316613,3,6.425844969333154
random_feedback,test,0.88,8,0.5,0.8609112709832134,-0.959232613908878,7.986102048805947,0.5019984012789768,0.02107890519898407,0.02107890519898407,-0.959232613908878,3,7.986102048805947
random_feedback,test,0.88,8,0.6,0.8593125499600319,-1.1191047162270225,9.526132063160638,0.6035171862509993,0.020456944368516004,0.020456944368516004,-1.1191047162270225,3,9.526132063160638
random_feedback,test,0.88,8,0.7,0.8585131894484412,-1.1990407673860948,10.935664883205005,0.7010391686650679,0.018901519748347858,0.018901519748347858,-1.1990407673860948,3,10.935664883205005
random_feedback,test,0.88,8,0.8,0.8577138289368506,-1.278976818545167,12.512723476445249,0.7937649880095923,0.0181797866570087,0.0181797866570087,-1.278976818545167,3,12.512723476445249
random_feedback,test,0.88,8,0.9,0.8561151079136691,-1.4388489208633115,14.344632215407364,0.9192645883293366,0.01794833502745113,0.01794833502745113,-1.4388489208633115,3,14.344632215407364
random_feedback,test,0.88,8,1.0,0.8561151079136691,-1.4388489208633115,15.259036930705982,1.0,0.01652892561983471,0.01652892561983471,-1.4388489208633115,3,15.259036930705982
random_feedback,test,0.9,4,0.1,0.86810551558753,-0.23980815347722043,2.5054917569272215,0.11350919264588329,0.025213675213675214,0.025213675213675214,-0.23980815347722043,3,2.5054917569272215
random_feedback,test,0.9,4,0.2,0.86810551558753,-0.23980815347722043,4.154921919178729,0.2070343725019984,0.012137902896776825,0.012137902896776825,-0.23980815347722043,3,4.154921919178729
random_feedback,test,0.9,4,0.3,0.8633093525179856,-0.7194244604316576,6.485601809561093,0.3165467625899281,0.02433839880557698,0.02433839880557698,-0.7194244604316576,3,6.485601809561093
random_feedback,test,0.9,4,0.4,0.8633093525179856,-0.7194244604316576,7.698736352168423,0.4028776978417266,0.0189105973578295,0.0189105973578295,-0.7194244604316576,3,7.698736352168423
random_feedback,test,0.9,4,0.5,0.8617106314948041,-0.8792965627498058,9.51014615685762,0.5019984012789768,0.01914092070286004,0.01914092070286004,-0.8792965627498058,3,9.51014615685762
random_feedback,test,0.9,4,0.6,0.8593125499600319,-1.1191047162270225,11.236352168428375,0.6035171862509993,0.020456944368516004,0.020456944368516004,-1.1191047162270225,3,11.236352168428375
random_feedback,test,0.9,4,0.7,0.8585131894484412,-1.1990407673860948,12.843860107007698,0.7010391686650679,0.018901519748347858,0.018901519748347858,-1.1990407673860948,3,12.843860107007698
random_feedback,test,0.9,4,0.8,0.8577138289368506,-1.278976818545167,14.511722997955541,0.7937649880095923,0.0181797866570087,0.0181797866570087,-1.278976818545167,3,14.511722997955541
random_feedback,test,0.9,4,0.9,0.8561151079136691,-1.4388489208633115,16.6418721997477,0.9192645883293366,0.01794833502745113,0.01794833502745113,-1.4388489208633115,3,16.6418721997477
random_feedback,test,0.9,4,1.0,0.8561151079136691,-1.4388489208633115,17.58400756883727,1.0,0.01652892561983471,0.01652892561983471,-1.4388489208633115,3,17.58400756883727
random_feedback,test,0.9,5,0.1,0.86810551558753,-0.23980815347722043,2.5054917569272215,0.11350919264588329,0.025213675213675214,0.025213675213675214,-0.23980815347722043,3,2.5054917569272215
random_feedback,test,0.9,5,0.2,0.86810551558753,-0.23980815347722043,4.154921919178729,0.2070343725019984,0.012137902896776825,0.012137902896776825,-0.23980815347722043,3,4.154921919178729
random_feedback,test,0.9,5,0.3,0.8633093525179856,-0.7194244604316576,6.304101961807818,0.3165467625899281,0.02433839880557698,0.02433839880557698,-0.7194244604316576,3,6.304101961807818
random_feedback,test,0.9,5,0.4,0.8633093525179856,-0.7194244604316576,7.5172365044151475,0.4028776978417266,0.0189105973578295,0.0189105973578295,-0.7194244604316576,3,7.5172365044151475
random_feedback,test,0.9,5,0.5,0.8617106314948041,-0.8792965627498058,9.144808386619689,0.5019984012789768,0.01914092070286004,0.01914092070286004,-0.8792965627498058,3,9.144808386619689
random_feedback,test,0.9,5,0.6,0.8593125499600319,-1.1191047162270225,10.871014398190434,0.6035171862509993,0.020456944368516004,0.020456944368516004,-1.1191047162270225,3,10.871014398190434
random_feedback,test,0.9,5,0.7,0.8585131894484412,-1.1990407673860948,12.47852233676976,0.7010391686650679,0.018901519748347858,0.018901519748347858,-1.1990407673860948,3,12.47852233676976
random_feedback,test,0.9,5,0.8,0.8577138289368506,-1.278976818545167,14.146385227717598,0.7937649880095923,0.0181797866570087,0.0181797866570087,-1.278976818545167,3,14.146385227717598
random_feedback,test,0.9,5,0.9,0.8561151079136691,-1.4388489208633115,16.0903584322937,0.9192645883293366,0.01794833502745113,0.01794833502745113,-1.4388489208633115,3,16.0903584322937
random_feedback,test,0.9,5,1.0,0.8561151079136691,-1.4388489208633115,17.032493801383264,1.0,0.01652892561983471,0.01652892561983471,-1.4388489208633115,3,17.032493801383264
random_feedback,test,0.9,6,0.1,0.86810551558753,-0.23980815347722043,2.5054917569272215,0.11350919264588329,0.025213675213675214,0.025213675213675214,-0.23980815347722043,3,2.5054917569272215
random_feedback,test,0.9,6,0.2,0.86810551558753,-0.23980815347722043,4.154921919178729,0.2070343725019984,0.012137902896776825,0.012137902896776825,-0.23980815347722043,3,4.154921919178729
random_feedback,test,0.9,6,0.3,0.8633093525179856,-0.7194244604316576,6.303449475836265,0.3165467625899281,0.02433839880557698,0.02433839880557698,-0.7194244604316576,3,6.303449475836265
random_feedback,test,0.9,6,0.4,0.8633093525179856,-0.7194244604316576,7.516584018443595,0.4028776978417266,0.0189105973578295,0.0189105973578295,-0.7194244604316576,3,7.516584018443595
random_feedback,test,0.9,6,0.5,0.8617106314948041,-0.8792965627498058,9.11202096654921,0.5019984012789768,0.01914092070286004,0.01914092070286004,-0.8792965627498058,3,9.11202096654921
random_feedback,test,0.9,6,0.6,0.8593125499600319,-1.1191047162270225,10.823056679281395,0.6035171862509993,0.020456944368516004,0.020456944368516004,-1.1191047162270225,3,10.823056679281395
random_feedback,test,0.9,6,0.7,0.8585131894484412,-1.1990407673860948,12.430564617860707,0.7010391686650679,0.018901519748347858,0.018901519748347858,-1.1990407673860948,3,12.430564617860707
random_feedback,test,0.9,6,0.8,0.8577138289368506,-1.278976818545167,14.095654443429462,0.7937649880095923,0.0181797866570087,0.0181797866570087,-1.278976818545167,3,14.095654443429462
random_feedback,test,0.9,6,0.9,0.8561151079136691,-1.4388489208633115,16.03114533037539,0.9192645883293366,0.01794833502745113,0.01794833502745113,-1.4388489208633115,3,16.03114533037539
random_feedback,test,0.9,6,1.0,0.8561151079136691,-1.4388489208633115,16.973280699464954,1.0,0.01652892561983471,0.01652892561983471,-1.4388489208633115,3,16.973280699464954
random_feedback,test,0.9,7,0.1,0.86810551558753,-0.23980815347722043,2.4147418330505857,0.11350919264588329,0.025213675213675214,0.025213675213675214,-0.23980815347722043,3,2.4147418330505857
random_feedback,test,0.9,7,0.2,0.86810551558753,-0.23980815347722043,3.9438970812127474,0.2070343725019984,0.012137902896776825,0.012137902896776825,-0.23980815347722043,3,3.9438970812127474
random_feedback,test,0.9,7,0.3,0.8633093525179856,-0.7194244604316576,6.055613554308577,0.3165467625899281,0.02433839880557698,0.02433839880557698,-0.7194244604316576,3,6.055613554308577
random_feedback,test,0.9,7,0.4,0.8633093525179856,-0.7194244604316576,7.202738266127273,0.4028776978417266,0.0189105973578295,0.0189105973578295,-0.7194244604316576,3,7.202738266127273
random_feedback,test,0.9,7,0.5,0.8617106314948041,-0.8792965627498058,8.788605419983465,0.5019984012789768,0.01914092070286004,0.01914092070286004,-0.8792965627498058,3,8.788605419983465
random_feedback,test,0.9,7,0.6,0.8593125499600319,-1.1191047162270225,10.481208404019304,0.6035171862509993,0.020456944368516004,0.020456944368516004,-1.1191047162270225,3,10.481208404019304
random_feedback,test,0.9,7,0.7,0.8585131894484412,-1.1990407673860948,12.067238679368398,0.7010391686650679,0.018901519748347858,0.018901519748347858,-1.1990407673860948,3,12.067238679368398
random_feedback,test,0.9,7,0.8,0.8577138289368506,-1.278976818545167,13.69334246813693,0.7937649880095923,0.0181797866570087,0.0181797866570087,-1.278976818545167,3,13.69334246813693
random_feedback,test,0.9,7,0.9,0.8561151079136691,-1.4388489208633115,15.596644047152981,0.9192645883293366,0.01794833502745113,0.01794833502745113,-1.4388489208633115,3,15.596644047152981
random_feedback,test,0.9,7,1.0,0.8561151079136691,-1.4388489208633115,16.532363304188948,1.0,0.01652892561983471,0.01652892561983471,-1.4388489208633115,3,16.532363304188948
random_feedback,test,0.9,8,0.1,0.8689048760991207,-0.1598721023181445,1.9442450737309103,0.11350919264588329,0.01688034188034188,0.01688034188034188,-0.1598721023181445,3,1.9442450737309103
random_feedback,test,0.9,8,0.2,0.8689048760991207,-0.1598721023181445,3.242909652442457,0.2070343725019984,0.008261933904528763,0.008261933904528763,-0.1598721023181445,3,3.242909652442457
random_feedback,test,0.9,8,0.3,0.864908073541167,-0.5595523581135131,5.050078298316578,0.3165467625899281,0.01912181942019964,0.01912181942019964,-0.5595523581135131,3,5.050078298316578
random_feedback,test,0.9,8,0.4,0.864908073541167,-0.5595523581135131,6.070729479316188,0.4028776978417266,0.014807994414054095,0.014807994414054095,-0.5595523581135131,3,6.070729479316188
random_feedback,test,0.9,8,0.5,0.8633093525179856,-0.7194244604316613,7.547468354430383,0.5019984012789768,0.015798708309031823,0.015798708309031823,-0.7194244604316613,3,7.547468354430383
random_feedback,test,0.9,8,0.6,0.8617106314948041,-0.8792965627498058,9.016431771716904,0.6035171862509993,0.01606734595754642,0.01606734595754642,-0.8792965627498058,3,9.016431771716904
random_feedback,test,0.9,8,0.7,0.8609112709832134,-0.959232613908878,10.351146200356688,0.7010391686650679,0.015110320934121261,0.015110320934121261,-0.959232613908878,3,10.351146200356688
random_feedback,test,0.9,8,0.8,0.8601119104716227,-1.0391686650679504,11.859748140414972,0.7937649880095923,0.014765313268021137,0.014765313268021137,-1.0391686650679504,3,11.859748140414972
random_feedback,test,0.9,8,0.9,0.8585131894484412,-1.1990407673860948,13.597535777980774,0.9192645883293366,0.014956945856209276,0.014956945856209276,-1.1990407673860948,3,13.597535777980774
random_feedback,test,0.9,8,1.0,0.8585131894484412,-1.1990407673860948,14.465940232285002,1.0,0.013774104683195593,0.013774104683195593,-1.1990407673860948,3,14.465940232285002
random_feedback,test,0.92,4,0.1,0.86810551558753,-0.23980815347722043,2.3684697029013804,0.11350919264588329,0.025213675213675214,0.025213675213675214,-0.23980815347722043,3,2.3684697029013804
random_feedback,test,0.92,4,0.2,0.86810551558753,-0.23980815347722043,3.9018117360476667,0.2070343725019984,0.012137902896776825,0.012137902896776825,-0.23980815347722043,3,3.9018117360476667
random_feedback,test,0.92,4,0.3,0.8633093525179856,-0.7194244604316576,6.127822001826958,0.3165467625899281,0.02433839880557698,0.02433839880557698,-0.7194244604316576,3,6.127822001826958
random_feedback,test,0.92,4,0.4,0.8633093525179856,-0.7194244604316576,7.243573013180212,0.4028776978417266,0.0189105973578295,0.0189105973578295,-0.7194244604316576,3,7.243573013180212
random_feedback,test,0.92,4,0.5,0.8617106314948041,-0.8792965627498058,8.920896950715559,0.5019984012789768,0.01914092070286004,0.01914092070286004,-0.8792965627498058,3,8.920896950715559
random_feedback,test,0.92,4,0.6,0.8593125499600319,-1.1191047162270225,10.499586758884675,0.6035171862509993,0.020456944368516004,0.020456944368516004,-1.1191047162270225,3,10.499586758884675
random_feedback,test,0.92,4,0.7,0.8585131894484412,-1.1990407673860948,11.938155204663099,0.7010391686650679,0.018901519748347858,0.018901519748347858,-1.1990407673860948,3,11.938155204663099
random_feedback,test,0.92,4,0.8,0.8577138289368506,-1.278976818545167,13.513582582974463,0.7937649880095923,0.0181797866570087,0.0181797866570087,-1.278976818545167,3,13.513582582974463
random_feedback,test,0.92,4,0.9,0.8561151079136691,-1.4388489208633115,15.525142459437113,0.9192645883293366,0.01794833502745113,0.01794833502745113,-1.4388489208633115,3,15.525142459437113
random_feedback,test,0.92,4,1.0,0.8561151079136691,-1.4388489208633115,16.3997455304711,1.0,0.01652892561983471,0.01652892561983471,-1.4388489208633115,3,16.3997455304711
random_feedback,test,0.92,5,0.1,0.86810551558753,-0.23980815347722043,2.3684697029013804,0.11350919264588329,0.025213675213675214,0.025213675213675214,-0.23980815347722043,3,2.3684697029013804
random_feedback,test,0.92,5,0.2,0.86810551558753,-0.23980815347722043,3.9018117360476667,0.2070343725019984,0.012137902896776825,0.012137902896776825,-0.23980815347722043,3,3.9018117360476667
random_feedback,test,0.92,5,0.3,0.8633093525179856,-0.7194244604316576,5.946322154073684,0.3165467625899281,0.02433839880557698,0.02433839880557698,-0.7194244604316576,3,5.946322154073684
random_feedback,test,0.92,5,0.4,0.8633093525179856,-0.7194244604316576,7.062073165426937,0.4028776978417266,0.0189105973578295,0.0189105973578295,-0.7194244604316576,3,7.062073165426937
random_feedback,test,0.92,5,0.5,0.8617106314948041,-0.8792965627498058,8.556755404758794,0.5019984012789768,0.01914092070286004,0.01914092070286004,-0.8792965627498058,3,8.556755404758794
random_feedback,test,0.92,5,0.6,0.8593125499600319,-1.1191047162270225,10.135445212927914,0.6035171862509993,0.020456944368516004,0.020456944368516004,-1.1191047162270225,3,10.135445212927914
random_feedback,test,0.92,5,0.7,0.8585131894484412,-1.1990407673860948,11.574013658706335,0.7010391686650679,0.018901519748347858,0.018901519748347858,-1.1990407673860948,3,11.574013658706335
random_feedback,test,0.92,5,0.8,0.8577138289368506,-1.278976818545167,13.149441037017699,0.7937649880095923,0.0181797866570087,0.0181797866570087,-1.278976818545167,3,13.149441037017699
random_feedback,test,0.92,5,0.9,0.8561151079136691,-1.4388489208633115,14.977217364826645,0.9192645883293366,0.01794833502745113,0.01794833502745113,-1.4388489208633115,3,14.977217364826645
random_feedback,test,0.92,5,1.0,0.8561151079136691,-1.4388489208633115,15.851820435860631,1.0,0.01652892561983471,0.01652892561983471,-1.4388489208633115,3,15.851820435860631
random_feedback,test,0.92,6,0.1,0.86810551558753,-0.23980815347722043,2.3684697029013804,0.11350919264588329,0.025213675213675214,0.025213675213675214,-0.23980815347722043,3,2.3684697029013804
random_feedback,test,0.92,6,0.2,0.86810551558753,-0.23980815347722043,3.9018117360476667,0.2070343725019984,0.012137902896776825,0.012137902896776825,-0.23980815347722043,3,3.9018117360476667
random_feedback,test,0.92,6,0.3,0.8633093525179856,-0.7194244604316576,5.945669668102134,0.3165467625899281,0.02433839880557698,0.02433839880557698,-0.7194244604316576,3,5.945669668102134
random_feedback,test,0.92,6,0.4,0.8633093525179856,-0.7194244604316576,7.061420679455388,0.4028776978417266,0.0189105973578295,0.0189105973578295,-0.7194244604316576,3,7.061420679455388
random_feedback,test,0.92,6,0.5,0.8617106314948041,-0.8792965627498058,8.554308582365477,0.5019984012789768,0.01914092070286004,0.01914092070286004,-0.8792965627498058,3,8.554308582365477
random_feedback,test,0.92,6,0.6,0.8593125499600319,-1.1191047162270225,10.1329983905346,0.6035171862509993,0.020456944368516004,0.020456944368516004,-1.1191047162270225,3,10.1329983905346
random_feedback,test,0.92,6,0.7,0.8585131894484412,-1.1990407673860948,11.571566836313018,0.7010391686650679,0.018901519748347858,0.018901519748347858,-1.1990407673860948,3,11.571566836313018
random_feedback,test,0.92,6,0.8,0.8577138289368506,-1.278976818545167,13.146994214624382,0.7937649880095923,0.0181797866570087,0.0181797866570087,-1.278976818545167,3,13.146994214624382
random_feedback,test,0.92,6,0.9,0.8561151079136691,-1.4388489208633115,14.971834355561349,0.9192645883293366,0.01794833502745113,0.01794833502745113,-1.4388489208633115,3,14.971834355561349
random_feedback,test,0.92,6,1.0,0.8561151079136691,-1.4388489208633115,15.846437426595328,1.0,0.01652892561983471,0.01652892561983471,-1.4388489208633115,3,15.846437426595328
random_feedback,test,0.92,7,0.1,0.86810551558753,-0.23980815347722043,2.2991974422549855,0.11350919264588329,0.025213675213675214,0.025213675213675214,-0.23980815347722043,3,2.2991974422549855
random_feedback,test,0.92,7,0.2,0.86810551558753,-0.23980815347722043,3.7200400191395846,0.2070343725019984,0.012137902896776825,0.012137902896776825,-0.23980815347722043,3,3.7200400191395846
random_feedback,test,0.92,7,0.3,0.8633093525179856,-0.7194244604316576,5.728446213406402,0.3165467625899281,0.02433839880557698,0.02433839880557698,-0.7194244604316576,3,5.728446213406402
random_feedback,test,0.92,7,0.4,0.8633093525179856,-0.7194244604316576,6.780851711688189,0.4028776978417266,0.0189105973578295,0.0189105973578295,-0.7194244604316576,3,6.780851711688189
random_feedback,test,0.92,7,0.5,0.8617106314948041,-0.8792965627498058,8.267975988516241,0.5019984012789768,0.01914092070286004,0.01914092070286004,-0.8792965627498058,3,8.267975988516241
random_feedback,test,0.92,7,0.6,0.8593125499600319,-1.1191047162270225,9.8345404323807,0.6035171862509993,0.020456944368516004,0.020456944368516004,-1.1191047162270225,3,9.8345404323807
random_feedback,test,0.92,7,0.7,0.8585131894484412,-1.1990407673860948,11.27310887815911,0.7010391686650679,0.018901519748347858,0.018901519748347858,-1.1990407673860948,3,11.27310887815911
random_feedback,test,0.92,7,0.8,0.8577138289368506,-1.278976818545167,12.836737135151589,0.7937649880095923,0.0181797866570087,0.0181797866570087,-1.278976818545167,3,12.836737135151589
random_feedback,test,0.92,7,0.9,0.8561151079136691,-1.4388489208633115,14.636184697029002,0.9192645883293366,0.01794833502745113,0.01794833502745113,-1.4388489208633115,3,14.636184697029002
random_feedback,test,0.92,7,1.0,0.8561151079136691,-1.4388489208633115,15.508939057810256,1.0,0.01652892561983471,0.01652892561983471,-1.4388489208633115,3,15.508939057810256
random_feedback,test,0.92,8,0.1,0.8689048760991207,-0.1598721023181445,1.8590412806124612,0.11350919264588329,0.01688034188034188,0.01688034188034188,-0.1598721023181445,3,1.8590412806124612
random_feedback,test,0.92,8,0.2,0.8689048760991207,-0.1598721023181445,3.0835399538909827,0.2070343725019984,0.008261933904528763,0.008261933904528763,-0.1598721023181445,3,3.0835399538909827
random_feedback,test,0.92,8,0.3,0.864908073541167,-0.5595523581135131,4.819207012049235,0.3165467625899281,0.01912181942019964,0.01912181942019964,-0.5595523581135131,3,4.819207012049235
random_feedback,test,0.92,8,0.4,0.864908073541167,-0.5595523581135131,5.790704249858625,0.4028776978417266,0.014807994414054095,0.014807994414054095,-0.5595523581135131,3,5.790704249858625
random_feedback,test,0.92,8,0.5,0.8633093525179856,-0.7194244604316613,7.208066901561609,0.5019984012789768,0.015798708309031823,0.015798708309031823,-0.7194244604316613,3,7.208066901561609
random_feedback,test,0.92,8,0.6,0.8617106314948041,-0.8792965627498058,8.59329461916568,0.6035171862509993,0.01606734595754642,0.01606734595754642,-0.8792965627498058,3,8.59329461916568
random_feedback,test,0.92,8,0.7,0.8609112709832134,-0.959232613908878,9.836443516464392,0.7010391686650679,0.015110320934121261,0.015110320934121261,-0.959232613908878,3,9.836443516464392
random_feedback,test,0.92,8,0.8,0.8601119104716227,-1.0391686650679504,11.318184784027133,0.7937649880095923,0.014765313268021137,0.014765313268021137,-1.0391686650679504,3,11.318184784027133
random_feedback,test,0.92,8,0.9,0.8585131894484412,-1.1990407673860948,13.00241419809474,0.9192645883293366,0.014956945856209276,0.014956945856209276,-1.1990407673860948,3,13.00241419809474
random_feedback,test,0.92,8,1.0,0.8585131894484412,-1.1990407673860948,13.842816129453217,1.0,0.013774104683195593,0.013774104683195593,-1.1990407673860948,3,13.842816129453217
random_feedback,test,0.95,4,0.1,0.8689048760991207,-0.1598721023181445,1.9685501761712059,0.11350919264588329,0.01688034188034188,0.01688034188034188,-0.1598721023181445,3,1.9685501761712059
random_feedback,test,0.95,4,0.2,0.8689048760991207,-0.1598721023181445,3.229316194701811,0.2070343725019984,0.008261933904528763,0.008261933904528763,-0.1598721023181445,3,3.229316194701811
random_feedback,test,0.95,4,0.3,0.864908073541167,-0.5595523581135131,5.06084431684718,0.3165467625899281,0.01912181942019964,0.01912181942019964,-0.5595523581135131,3,5.06084431684718
random_feedback,test,0.95,4,0.4,0.864908073541167,-0.5595523581135131,5.987374396450473,0.4028776978417266,0.014807994414054095,0.014807994414054095,-0.5595523581135131,3,5.987374396450473
random_feedback,test,0.95,4,0.5,0.8641087130295763,-0.6394884092725891,7.377006394362514,0.5019984012789768,0.013860723812907793,0.013860723812907793,-0.6394884092725891,3,7.377006394362514
random_feedback,test,0.95,4,0.6,0.8617106314948041,-0.8792965627498058,8.789040410631166,0.6035171862509993,0.01606734595754642,0.01606734595754642,-0.8792965627498058,3,8.789040410631166
random_feedback,test,0.95,4,0.7,0.8609112709832134,-0.959232613908878,9.984884074992381,0.7010391686650679,0.015110320934121261,0.015110320934121261,-0.959232613908878,3,9.984884074992381
random_feedback,test,0.95,4,0.8,0.8601119104716227,-1.0391686650679504,11.37098177389186,0.7937649880095923,0.014765313268021137,0.014765313268021137,-1.0391686650679504,3,11.37098177389186
random_feedback,test,0.95,4,0.9,0.8577138289368506,-1.278976818545167,13.131606420461956,0.9192645883293366,0.015967046866310286,0.015967046866310286,-1.278976818545167,3,13.131606420461956
random_feedback,test,0.95,4,1.0,0.8561151079136691,-1.4388489208633115,13.834660054808822,1.0,0.01652892561983471,0.01652892561983471,-1.4388489208633115,3,13.834660054808822
random_feedback,test,0.95,5,0.1,0.8689048760991207,-0.1598721023181445,1.9685501761712059,0.11350919264588329,0.01688034188034188,0.01688034188034188,-0.1598721023181445,3,1.9685501761712059
random_feedback,test,0.95,5,0.2,0.8689048760991207,-0.1598721023181445,3.229316194701811,0.2070343725019984,0.008261933904528763,0.008261933904528763,-0.1598721023181445,3,3.229316194701811
random_feedback,test,0.95,5,0.3,0.864908073541167,-0.5595523581135131,4.879344469093905,0.3165467625899281,0.01912181942019964,0.01912181942019964,-0.5595523581135131,3,4.879344469093905
random_feedback,test,0.95,5,0.4,0.864908073541167,-0.5595523581135131,5.805874548697198,0.4028776978417266,0.014807994414054095,0.014807994414054095,-0.5595523581135131,3,5.805874548697198
random_feedback,test,0.95,5,0.5,0.8641087130295763,-0.6394884092725891,7.0140066988559715,0.5019984012789768,0.013860723812907793,0.013860723812907793,-0.6394884092725891,3,7.0140066988559715
random_feedback,test,0.95,5,0.6,0.8617106314948041,-0.8792965627498058,8.426040715124618,0.6035171862509993,0.01606734595754642,0.01606734595754642,-0.8792965627498058,3,8.426040715124618
random_feedback,test,0.95,5,0.7,0.8609112709832134,-0.959232613908878,9.62188437948583,0.7010391686650679,0.015110320934121261,0.015110320934121261,-0.959232613908878,3,9.62188437948583
random_feedback,test,0.95,5,0.8,0.8601119104716227,-1.0391686650679504,11.00798207838531,0.7937649880095923,0.014765313268021137,0.014765313268021137,-1.0391686650679504,3,11.00798207838531
random_feedback,test,0.95,5,0.9,0.8577138289368506,-1.278976818545167,12.587106877202132,0.9192645883293366,0.015967046866310286,0.015967046866310286,-1.278976818545167,3,12.587106877202132
random_feedback,test,0.95,5,1.0,0.8561151079136691,-1.4388489208633115,13.290160511548999,1.0,0.01652892561983471,0.01652892561983471,-1.4388489208633115,3,13.290160511548999
random_feedback,test,0.95,6,0.1,0.8689048760991207,-0.1598721023181445,1.9685501761712059,0.11350919264588329,0.01688034188034188,0.01688034188034188,-0.1598721023181445,3,1.9685501761712059
random_feedback,test,0.95,6,0.2,0.8689048760991207,-0.1598721023181445,3.229316194701811,0.2070343725019984,0.008261933904528763,0.008261933904528763,-0.1598721023181445,3,3.229316194701811
random_feedback,test,0.95,6,0.3,0.864908073541167,-0.5595523581135131,4.878691983122356,0.3165467625899281,0.01912181942019964,0.01912181942019964,-0.5595523581135131,3,4.878691983122356
random_feedback,test,0.95,6,0.4,0.864908073541167,-0.5595523581135131,5.805222062725649,0.4028776978417266,0.014807994414054095,0.014807994414054095,-0.5595523581135131,3,5.805222062725649
random_feedback,test,0.95,6,0.5,0.8641087130295763,-0.6394884092725891,7.012701726912866,0.5019984012789768,0.013860723812907793,0.013860723812907793,-0.6394884092725891,3,7.012701726912866
random_feedback,test,0.95,6,0.6,0.8617106314948041,-0.8792965627498058,8.424735743181515,0.6035171862509993,0.01606734595754642,0.01606734595754642,-0.8792965627498058,3,8.424735743181515
random_feedback,test,0.95,6,0.7,0.8609112709832134,-0.959232613908878,9.620579407542733,0.7010391686650679,0.015110320934121261,0.015110320934121261,-0.959232613908878,3,9.620579407542733
random_feedback,test,0.95,6,0.8,0.8601119104716227,-1.0391686650679504,11.006677106442208,0.7937649880095923,0.014765313268021137,0.014765313268021137,-1.0391686650679504,3,11.006677106442208
random_feedback,test,0.95,6,0.9,0.8577138289368506,-1.278976818545167,12.585149419287477,0.9192645883293366,0.015967046866310286,0.015967046866310286,-1.278976818545167,3,12.585149419287477
random_feedback,test,0.95,6,1.0,0.8561151079136691,-1.4388489208633115,13.288203053634351,1.0,0.01652892561983471,0.01652892561983471,-1.4388489208633115,3,13.288203053634351
random_feedback,test,0.95,7,0.1,0.8689048760991207,-0.1598721023181445,1.9685501761712059,0.11350919264588329,0.01688034188034188,0.01688034188034188,-0.1598721023181445,3,1.9685501761712059
random_feedback,test,0.95,7,0.2,0.8689048760991207,-0.1598721023181445,3.1272021401539765,0.2070343725019984,0.008261933904528763,0.008261933904528763,-0.1598721023181445,3,3.1272021401539765
random_feedback,test,0.95,7,0.3,0.864908073541167,-0.5595523581135131,4.775762321110085,0.3165467625899281,0.01912181942019964,0.01912181942019964,-0.5595523581135131,3,4.775762321110085
random_feedback,test,0.95,7,0.4,0.864908073541167,-0.5595523581135131,5.651235373439463,0.4028776978417266,0.014807994414054095,0.014807994414054095,-0.5595523581135131,3,5.651235373439463
random_feedback,test,0.95,7,0.5,0.8641087130295763,-0.6394884092725891,6.8568119535429926,0.5019984012789768,0.013860723812907793,0.013860723812907793,-0.6394884092725891,3,6.8568119535429926
random_feedback,test,0.95,7,0.6,0.8617106314948041,-0.8792965627498058,8.268845969811641,0.6035171862509993,0.01606734595754642,0.01606734595754642,-0.8792965627498058,3,8.268845969811641
random_feedback,test,0.95,7,0.7,0.8609112709832134,-0.959232613908878,9.464689634172867,0.7010391686650679,0.015110320934121261,0.015110320934121261,-0.959232613908878,3,9.464689634172867
random_feedback,test,0.95,7,0.8,0.8601119104716227,-1.0391686650679504,10.850787333072327,0.7937649880095923,0.014765313268021137,0.014765313268021137,-1.0391686650679504,3,10.850787333072327
random_feedback,test,0.95,7,0.9,0.8577138289368506,-1.278976818545167,12.426269085214658,0.9192645883293366,0.015967046866310286,0.015967046866310286,-1.278976818545167,3,12.426269085214658
random_feedback,test,0.95,7,1.0,0.8561151079136691,-1.4388489208633115,13.12932271956152,1.0,0.01652892561983471,0.01652892561983471,-1.4388489208633115,3,13.12932271956152
random_feedback,test,0.95,8,0.1,0.8697042366107115,-0.07993605115907225,1.627191265387784,0.11350919264588329,0.008547008547008546,0.008547008547008546,-0.07993605115907225,3,1.627191265387784
random_feedback,test,0.95,8,0.2,0.8697042366107115,-0.07993605115907225,2.7695854539127374,0.2070343725019984,0.0043859649122807015,0.0043859649122807015,-0.07993605115907225,3,2.7695854539127374
random_feedback,test,0.95,8,0.3,0.8665067945643485,-0.3996802557953649,4.231045282526416,0.3165467625899281,0.013905240034822302,0.013905240034822302,-0.3996802557953649,3,4.231045282526416
random_feedback,test,0.95,8,0.4,0.8665067945643485,-0.3996802557953649,5.07840706424811,0.4028776978417266,0.01070539147027869,0.01070539147027869,-0.3996802557953649,3,5.07840706424811
random_feedback,test,0.95,8,0.5,0.8657074340527577,-0.47961630695444085,6.276316934185907,0.5019984012789768,0.010518511419079578,0.010518511419079578,-0.47961630695444085,3,6.276316934185907
random_feedback,test,0.95,8,0.6,0.8641087130295763,-0.6394884092725891,7.54464091522032,0.6035171862509993,0.011677747546576843,0.011677747546576843,-0.6394884092725891,3,7.54464091522032
random_feedback,test,0.95,8,0.7,0.8633093525179856,-0.7194244604316613,8.687252599069117,0.7010391686650679,0.011319122119894665,0.011319122119894665,-0.7194244604316613,3,8.687252599069117
random_feedback,test,0.95,8,0.8,0.8625099920063949,-0.7993605115907335,10.06970725129409,0.7937649880095923,0.011350839879033571,0.011350839879033571,-0.7993605115907335,3,10.06970725129409
random_feedback,test,0.95,8,0.9,0.8601119104716227,-1.0391686650679504,11.625940667275652,0.9192645883293366,0.012975657695068431,0.012975657695068431,-1.0391686650679504,3,11.625940667275652
random_feedback,test,0.95,8,1.0,0.8585131894484412,-1.1990407673860948,12.326275610074378,1.0,0.013774104683195593,0.013774104683195593,-1.1990407673860948,3,12.326275610074378
random_feedback,test,0.98,4,0.1,0.8705035971223022,0.0,1.3997999043020497,0.11350919264588329,0.0,0.0,0.0,3,1.3997999043020497
random_feedback,test,0.98,4,0.2,0.8705035971223022,0.0,2.432087085127658,0.2070343725019984,0.0,0.0,0.0,3,2.432087085127658
random_feedback,test,0.98,4,0.3,0.86810551558753,-0.23980815347722043,3.6645243377267267,0.3165467625899281,0.008688660649444962,0.008688660649444962,-0.23980815347722043,3,3.6645243377267267
random_feedback,test,0.98,4,0.4,0.86810551558753,-0.23980815347722043,4.427334812301535,0.4028776978417266,0.0066027885265032855,0.0066027885265032855,-0.23980815347722043,3,4.427334812301535
random_feedback,test,0.98,4,0.5,0.86810551558753,-0.23980815347722043,5.404378180869108,0.5019984012789768,0.005238314529127331,0.005238314529127331,-0.23980815347722043,3,5.404378180869108
random_feedback,test,0.98,4,0.6,0.8665067945643485,-0.3996802557953649,6.385934577406578,0.6035171862509993,0.007288149135607261,0.007288149135607261,-0.3996802557953649,3,6.385934577406578
random_feedback,test,0.98,4,0.7,0.8657074340527577,-0.47961630695444085,7.308712862673439,0.7010391686650679,0.007527923305668069,0.007527923305668069,-0.47961630695444085,3,7.308712862673439
random_feedback,test,0.98,4,0.8,0.864908073541167,-0.5595523581135168,8.48476445256426,0.7937649880095923,0.007936366490046006,0.007936366490046006,-0.5595523581135168,3,8.48476445256426
random_feedback,test,0.98,4,0.9,0.8625099920063949,-0.7993605115907335,9.70480447170385,0.9192645883293366,0.009984268523826575,0.009984268523826575,-0.7993605115907335,3,9.70480447170385
random_feedback,test,0.98,4,1.0,0.8609112709832134,-0.959232613908878,10.210752968811176,1.0,0.011019283746556474,0.011019283746556474,-0.959232613908878,3,10.210752968811176
random_feedback,test,0.98,5,0.1,0.8705035971223022,0.0,1.3997999043020497,0.11350919264588329,0.0,0.0,0.0,3,1.3997999043020497
random_feedback,test,0.98,5,0.2,0.8705035971223022,0.0,2.432087085127658,0.2070343725019984,0.0,0.0,0.0,3,2.432087085127658
random_feedback,test,0.98,5,0.3,0.86810551558753,-0.23980815347722043,3.6645243377267267,0.3165467625899281,0.008688660649444962,0.008688660649444962,-0.23980815347722043,3,3.6645243377267267
random_feedback,test,0.98,5,0.4,0.86810551558753,-0.23980815347722043,4.427334812301535,0.4028776978417266,0.0066027885265032855,0.0066027885265032855,-0.23980815347722043,3,4.427334812301535
random_feedback,test,0.98,5,0.5,0.86810551558753,-0.23980815347722043,5.404378180869108,0.5019984012789768,0.005238314529127331,0.005238314529127331,-0.23980815347722043,3,5.404378180869108
random_feedback,test,0.98,5,0.6,0.8665067945643485,-0.3996802557953649,6.385934577406578,0.6035171862509993,0.007288149135607261,0.007288149135607261,-0.3996802557953649,3,6.385934577406578
random_feedback,test,0.98,5,0.7,0.8657074340527577,-0.47961630695444085,7.308712862673439,0.7010391686650679,0.007527923305668069,0.007527923305668069,-0.47961630695444085,3,7.308712862673439
random_feedback,test,0.98,5,0.8,0.864908073541167,-0.5595523581135168,8.48476445256426,0.7937649880095923,0.007936366490046006,0.007936366490046006,-0.5595523581135168,3,8.48476445256426
random_feedback,test,0.98,5,0.9,0.8625099920063949,-0.7993605115907335,9.70480447170385,0.9192645883293366,0.009984268523826575,0.009984268523826575,-0.7993605115907335,3,9.70480447170385
random_feedback,test,0.98,5,1.0,0.8609112709832134,-0.959232613908878,10.210752968811176,1.0,0.011019283746556474,0.011019283746556474,-0.959232613908878,3,10.210752968811176
random_feedback,test,0.98,6,0.1,0.8705035971223022,0.0,1.3997999043020497,0.11350919264588329,0.0,0.0,0.0,3,1.3997999043020497
random_feedback,test,0.98,6,0.2,0.8705035971223022,0.0,2.432087085127658,0.2070343725019984,0.0,0.0,0.0,3,2.432087085127658
random_feedback,test,0.98,6,0.3,0.86810551558753,-0.23980815347722043,3.6645243377267267,0.3165467625899281,0.008688660649444962,0.008688660649444962,-0.23980815347722043,3,3.6645243377267267
random_feedback,test,0.98,6,0.4,0.86810551558753,-0.23980815347722043,4.427334812301535,0.4028776978417266,0.0066027885265032855,0.0066027885265032855,-0.23980815347722043,3,4.427334812301535
random_feedback,test,0.98,6,0.5,0.86810551558753,-0.23980815347722043,5.404378180869108,0.5019984012789768,0.005238314529127331,0.005238314529127331,-0.23980815347722043,3,5.404378180869108
random_feedback,test,0.98,6,0.6,0.8665067945643485,-0.3996802557953649,6.385934577406578,0.6035171862509993,0.007288149135607261,0.007288149135607261,-0.3996802557953649,3,6.385934577406578
random_feedback,test,0.98,6,0.7,0.8657074340527577,-0.47961630695444085,7.308712862673439,0.7010391686650679,0.007527923305668069,0.007527923305668069,-0.47961630695444085,3,7.308712862673439
random_feedback,test,0.98,6,0.8,0.864908073541167,-0.5595523581135168,8.48476445256426,0.7937649880095923,0.007936366490046006,0.007936366490046006,-0.5595523581135168,3,8.48476445256426
random_feedback,test,0.98,6,0.9,0.8625099920063949,-0.7993605115907335,9.70480447170385,0.9192645883293366,0.009984268523826575,0.009984268523826575,-0.7993605115907335,3,9.70480447170385
random_feedback,test,0.98,6,1.0,0.8609112709832134,-0.959232613908878,10.210752968811176,1.0,0.011019283746556474,0.011019283746556474,-0.959232613908878,3,10.210752968811176
random_feedback,test,0.98,7,0.1,0.8705035971223022,0.0,1.3997999043020497,0.11350919264588329,0.0,0.0,0.0,3,1.3997999043020497
random_feedback,test,0.98,7,0.2,0.8705035971223022,0.0,2.329973030579835,0.2070343725019984,0.0,0.0,0.0,3,2.329973030579835
random_feedback,test,0.98,7,0.3,0.86810551558753,-0.23980815347722043,3.5624102831789037,0.3165467625899281,0.008688660649444962,0.008688660649444962,-0.23980815347722043,3,3.5624102831789037
random_feedback,test,0.98,7,0.4,0.86810551558753,-0.23980815347722043,4.274163730479786,0.4028776978417266,0.0066027885265032855,0.0066027885265032855,-0.23980815347722043,3,4.274163730479786
random_feedback,test,0.98,7,0.5,0.86810551558753,-0.23980815347722043,5.251207099047361,0.5019984012789768,0.005238314529127331,0.005238314529127331,-0.23980815347722043,3,5.251207099047361
random_feedback,test,0.98,7,0.6,0.8665067945643485,-0.3996802557953649,6.23276349558484,0.6035171862509993,0.007288149135607261,0.007288149135607261,-0.3996802557953649,3,6.23276349558484
random_feedback,test,0.98,7,0.7,0.8657074340527577,-0.47961630695444085,7.155541780851708,0.7010391686650679,0.007527923305668069,0.007527923305668069,-0.47961630695444085,3,7.155541780851708
random_feedback,test,0.98,7,0.8,0.864908073541167,-0.5595523581135168,8.331593370742526,0.7937649880095923,0.007936366490046006,0.007936366490046006,-0.5595523581135168,3,8.331593370742526
random_feedback,test,0.98,7,0.9,0.8625099920063949,-0.7993605115907335,9.551633389882115,0.9192645883293366,0.009984268523826575,0.009984268523826575,-0.7993605115907335,3,9.551633389882115
random_feedback,test,0.98,7,1.0,0.8609112709832134,-0.959232613908878,10.05758188698942,1.0,0.011019283746556474,0.011019283746556474,-0.959232613908878,3,10.05758188698942
random_feedback,test,0.98,8,0.1,0.8705035971223022,0.0,1.3997999043020497,0.11350919264588329,0.0,0.0,0.0,3,1.3997999043020497
random_feedback,test,0.98,8,0.2,0.8705035971223022,0.0,2.323556918526241,0.2070343725019984,0.0,0.0,0.0,3,2.323556918526241
random_feedback,test,0.98,8,0.3,0.86810551558753,-0.23980815347722043,3.5559941711253096,0.3165467625899281,0.008688660649444962,0.008688660649444962,-0.23980815347722043,3,3.5559941711253096
random_feedback,test,0.98,8,0.4,0.86810551558753,-0.23980815347722043,4.264539562399402,0.4028776978417266,0.0066027885265032855,0.0066027885265032855,-0.23980815347722043,3,4.264539562399402
random_feedback,test,0.98,8,0.5,0.86810551558753,-0.23980815347722043,5.241582930966981,0.5019984012789768,0.005238314529127331,0.005238314529127331,-0.23980815347722043,3,5.241582930966981
random_feedback,test,0.98,8,0.6,0.8665067945643485,-0.3996802557953649,6.2231393275044535,0.6035171862509993,0.007288149135607261,0.007288149135607261,-0.3996802557953649,3,6.2231393275044535
random_feedback,test,0.98,8,0.7,0.8657074340527577,-0.47961630695444085,7.145917612771313,0.7010391686650679,0.007527923305668069,0.007527923305668069,-0.47961630695444085,3,7.145917612771313
random_feedback,test,0.98,8,0.8,0.864908073541167,-0.5595523581135168,8.321969202662133,0.7937649880095923,0.007936366490046006,0.007936366490046006,-0.5595523581135168,3,8.321969202662133
random_feedback,test,0.98,8,0.9,0.8625099920063949,-0.7993605115907335,9.542009221801724,0.9192645883293366,0.009984268523826575,0.009984268523826575,-0.7993605115907335,3,9.542009221801724
random_feedback,test,0.98,8,1.0,0.8609112709832134,-0.959232613908878,10.04795771890904,1.0,0.011019283746556474,0.011019283746556474,-0.959232613908878,3,10.04795771890904
random_no_feedback,calibration,0.75,4,0.1,0.8584729981378026,-0.18621973929236293,3.037268638414947,0.1005586592178771,0.023809523809523808,0.023809523809523808,-0.18621973929236293,3,3.037268638414947
random_no_feedback,calibration,0.75,4,0.2,0.8566108007448789,-0.37243947858472587,7.5733230498961,0.2011173184357542,0.02186379928315412,0.02186379928315412,-0.37243947858472587,3,7.5733230498961
random_no_feedback,calibration,0.75,4,0.3,0.8566108007448789,-0.37243947858472587,11.407432051810385,0.3016759776536313,0.014499605988967691,0.014499605988967691,-0.37243947858472587,3,11.407432051810385
random_no_feedback,calibration,0.75,4,0.4,0.8528864059590316,-0.7448789571694592,14.103305696595767,0.4022346368715084,0.02188144561025917,0.02188144561025917,-0.7448789571694592,3,14.103305696595767
random_no_feedback,calibration,0.75,4,0.5,0.8472998137802608,-1.3035381750465518,16.733521610971025,0.5027932960893855,0.031204906204906204,0.031204906204906204,-1.3035381750465518,3,16.733521610971025
random_no_feedback,calibration,0.75,4,0.6,0.845437616387337,-1.4897579143389146,19.6418692163542,0.6033519553072626,0.029437046761690424,0.029437046761690424,-1.4897579143389146,3,19.6418692163542
random_no_feedback,calibration,0.75,4,0.7,0.8398510242085662,-2.0484171322160107,23.55423820019685,0.7039106145251397,0.03387029637029637,0.03387029637029637,-2.0484171322160107,3,23.55423820019685
random_no_feedback,calibration,0.75,4,0.8,0.8379888268156425,-2.2346368715083775,26.044821167749834,0.8044692737430168,0.03201796099523372,0.03201796099523372,-2.2346368715083775,3,26.044821167749834
random_no_feedback,calibration,0.75,4,0.9,0.8342644320297952,-2.6070763500931107,29.525437014577026,0.9050279329608939,0.03292770863985257,0.03292770863985257,-2.6070763500931107,3,29.525437014577026
random_no_feedback,calibration,0.75,4,1.0,0.8324022346368715,-2.7932960893854775,31.941036585596382,1.0,0.032467532467532464,0.032467532467532464,-2.7932960893854775,3,31.941036585596382
random_no_feedback,calibration,0.75,5,0.1,0.8584729981378026,-0.18621973929236293,3.0179871935920124,0.1005586592178771,0.023809523809523808,0.023809523809523808,-0.18621973929236293,3,3.0179871935920124
random_no_feedback,calibration,0.75,5,0.2,0.8566108007448789,-0.37243947858472587,7.467968227203484,0.2011173184357542,0.02186379928315412,0.02186379928315412,-0.37243947858472587,3,7.467968227203484
random_no_feedback,calibration,0.75,5,0.3,0.8566108007448789,-0.37243947858472587,11.135979554107148,0.3016759776536313,0.014499605988967691,0.014499605988967691,-0.37243947858472587,3,11.135979554107148
random_no_feedback,calibration,0.75,5,0.4,0.8528864059590316,-0.7448789571694592,13.830214906195145,0.4022346368715084,0.02188144561025917,0.02188144561025917,-0.7448789571694592,3,13.830214906195145
random_no_feedback,calibration,0.75,5,0.5,0.8472998137802608,-1.3035381750465518,16.45324753720501,0.5027932960893855,0.031204906204906204,0.031204906204906204,-1.3035381750465518,3,16.45324753720501
random_no_feedback,calibration,0.75,5,0.6,0.845437616387337,-1.4897579143389146,19.31622703712246,0.6033519553072626,0.029437046761690424,0.029437046761690424,-1.4897579143389146,3,19.31622703712246
random_no_feedback,calibration,0.75,5,0.7,0.8398510242085662,-2.0484171322160107,23.137985832548843,0.7039106145251397,0.03387029637029637,0.03387029637029637,-2.0484171322160107,3,23.137985832548843
random_no_feedback,calibration,0.75,5,0.8,0.8379888268156425,-2.2346368715083775,25.592652383274796,0.8044692737430168,0.03201796099523372,0.03201796099523372,-2.2346368715083775,3,25.592652383274796
random_no_feedback,calibration,0.75,5,0.9,0.8342644320297952,-2.6070763500931107,29.073268230102,0.9050279329608939,0.03292770863985257,0.03292770863985257,-2.6070763500931107,3,29.073268230102
random_no_feedback,calibration,0.75,5,1.0,0.8324022346368715,-2.7932960893854775,31.488867801121355,1.0,0.032467532467532464,0.032467532467532464,-2.7932960893854775,3,31.488867801121355
random_no_feedback,calibration,0.75,6,0.1,0.8584729981378026,-0.18621973929236293,2.890578430742441,0.1005586592178771,0.023809523809523808,0.023809523809523808,-0.18621973929236293,3,2.890578430742441
random_no_feedback,calibration,0.75,6,0.2,0.8566108007448789,-0.37243947858472587,7.155306367035545,0.2011173184357542,0.02186379928315412,0.02186379928315412,-0.37243947858472587,3,7.155306367035545
random_no_feedback,calibration,0.75,6,0.3,0.8566108007448789,-0.37243947858472587,10.606558967825197,0.3016759776536313,0.014499605988967691,0.014499605988967691,-0.37243947858472587,3,10.606558967825197
random_no_feedback,calibration,0.75,6,0.4,0.8528864059590316,-0.7448789571694592,13.15662456254435,0.4022346368715084,0.02188144561025917,0.02188144561025917,-0.7448789571694592,3,13.15662456254435
random_no_feedback,calibration,0.75,6,0.5,0.8491620111731844,-1.117318435754185,15.668631357678372,0.5027932960893855,0.026875901875901876,0.026875901875901876,-1.117318435754185,3,15.668631357678372
random_no_feedback,calibration,0.75,6,0.6,0.8472998137802608,-1.303538175046548,18.466457217246436,0.6033519553072626,0.025852817371009418,0.025852817371009418,-1.303538175046548,3,18.466457217246436
random_no_feedback,calibration,0.75,6,0.7,0.8417132216014898,-1.8621973929236442,22.129049575997254,0.7039106145251397,0.03083999333999334,0.03083999333999334,-1.8621973929236442,3,22.129049575997254
random_no_feedback,calibration,0.75,6,0.8,0.8417132216014898,-1.8621973929236442,24.487939015184455,0.8044692737430168,0.02676829168306441,0.02676829168306441,-1.8621973929236442,3,24.487939015184455
random_no_feedback,calibration,0.75,6,0.9,0.8398510242085662,-2.0484171322160107,27.778386886601158,0.9050279329608939,0.025882396796939527,0.025882396796939527,-2.0484171322160107,3,27.778386886601158
random_no_feedback,calibration,0.75,6,1.0,0.8379888268156425,-2.2346368715083775,30.068846100044233,1.0,0.025974025974025976,0.025974025974025976,-2.2346368715083775,3,30.068846100044233
random_no_feedback,calibration,0.75,7,0.1,0.8603351955307262,0.0,2.4363932860244852,0.1005586592178771,0.0,0.0,0.0,3,2.4363932860244852
random_no_feedback,calibration,0.75,7,0.2,0.8603351955307262,0.0,6.461804465985906,0.2011173184357542,0.0,0.0,0.0,3,6.461804465985906
random_no_feedback,calibration,0.75,7,0.3,0.8603351955307262,0.0,9.539400309259264,0.3016759776536313,0.0,0.0,0.0,3,9.539400309259264
random_no_feedback,calibration,0.75,7,0.4,0.8566108007448789,-0.37243947858472587,11.8076795600302,0.4022346368715084,0.010940722805129584,0.010940722805129584,-0.37243947858472587,3,11.8076795600302
random_no_feedback,calibration,0.75,7,0.5,0.8528864059590316,-0.7448789571694592,14.11918453350876,0.5027932960893855,0.01791726791726792,0.01791726791726792,-0.7448789571694592,3,14.11918453350876
random_no_feedback,calibration,0.75,7,0.6,0.851024208566108,-0.9310986964618221,16.5718347239918,0.6033519553072626,0.018392618988080353,0.018392618988080353,-0.9310986964618221,3,16.5718347239918
random_no_feedback,calibration,0.75,7,0.7,0.8472998137802608,-1.3035381750465518,19.61452233055958,0.7039106145251397,0.02162837162837163,0.02162837162837163,-1.3035381750465518,3,19.61452233055958
random_no_feedback,calibration,0.75,7,0.8,0.8472998137802608,-1.3035381750465518,21.625085537782184,0.8044692737430168,0.01876380143425598,0.01876380143425598,-1.3035381750465518,3,21.625085537782184
random_no_feedback,calibration,0.75,7,0.9,0.845437616387337,-1.4897579143389146,24.681383575989685,0.9050279329608939,0.018837084954026483,0.018837084954026483,-1.4897579143389146,3,24.681383575989685
random_no_feedback,calibration,0.75,7,1.0,0.8435754189944135,-1.6759776536312776,26.611418396010635,1.0,0.01948051948051948,0.01948051948051948,-1.6759776536312776,3,26.611418396010635
random_no_feedback,calibration,0.75,8,0.1,0.8603351955307262,0.0,1.7737669011945771,0.1005586592178771,0.0,0.0,0.0,3,1.7737669011945771
random_no_feedback,calibration,0.75,8,0.2,0.8603351955307262,0.0,4.466616005615572,0.2011173184357542,0.0,0.0,0.0,3,4.466616005615572
random_no_feedback,calibration,0.75,8,0.3,0.8603351955307262,0.0,6.947747284529863,0.3016759776536313,0.0,0.0,0.0,3,6.947747284529863
random_no_feedback,calibration,0.75,8,0.4,0.8603351955307262,0.0,8.482701519453473,0.4022346368715084,0.0,0.0,0.0,3,8.482701519453473
random_no_feedback,calibration,0.75,8,0.5,0.8566108007448789,-0.37243947858472587,10.392446714530024,0.5027932960893855,0.00895863395863396,0.00895863395863396,-0.37243947858472587,3,10.392446714530024
random_no_feedback,calibration,0.75,8,0.6,0.8547486033519553,-0.5586592178770888,12.133447761777129,0.6033519553072626,0.010932420605151288,0.010932420605151288,-0.5586592178770888,3,12.133447761777129
random_no_feedback,calibration,0.75,8,0.7,0.851024208566108,-0.9310986964618221,14.153336635123237,0.7039106145251397,0.015447052947052948,0.015447052947052948,-0.9310986964618221,3,14.153336635123237
random_no_feedback,calibration,0.75,8,0.8,0.8491620111731844,-1.1173184357541888,15.612047248361401,0.8044692737430168,0.01600898049761686,0.01600898049761686,-1.1173184357541888,3,15.612047248361401
random_no_feedback,calibration,0.75,8,0.9,0.845437616387337,-1.4897579143389146,18.164633293384206,0.9050279329608939,0.018837084954026483,0.018837084954026483,-1.4897579143389146,3,18.164633293384206
random_no_feedback,calibration,0.75,8,1.0,0.8435754189944135,-1.6759776536312776,19.49127231071104,1.0,0.01948051948051948,0.01948051948051948,-1.6759776536312776,3,19.49127231071104
random_no_feedback,calibration,0.8,4,0.1,0.8584729981378026,-0.18621973929236293,2.7286394987328544,0.1005586592178771,0.023809523809523808,0.023809523809523808,-0.18621973929236293,3,2.7286394987328544
random_no_feedback,calibration,0.8,4,0.2,0.8566108007448789,-0.37243947858472587,6.873772068117693,0.2011173184357542,0.02186379928315412,0.02186379928315412,-0.37243947858472587,3,6.873772068117693
random_no_feedback,calibration,0.8,4,0.3,0.8566108007448789,-0.37243947858472587,10.252939790222928,0.3016759776536313,0.014499605988967691,0.014499605988967691,-0.37243947858472587,3,10.252939790222928
random_no_feedback,calibration,0.8,4,0.4,0.8566108007448789,-0.37243947858472587,12.578181217856388,0.4022346368715084,0.010940722805129584,0.010940722805129584,-0.37243947858472587,3,12.578181217856388
random_no_feedback,calibration,0.8,4,0.5,0.8528864059590316,-0.7448789571694592,14.808401669042196,0.5027932960893855,0.01791726791726792,0.01791726791726792,-0.7448789571694592,3,14.808401669042196
random_no_feedback,calibration,0.8,4,0.6,0.851024208566108,-0.9310986964618221,17.337043436180316,0.6033519553072626,0.018392618988080353,0.018392618988080353,-0.9310986964618221,3,17.337043436180316
random_no_feedback,calibration,0.8,4,0.7,0.845437616387337,-1.4897579143389146,20.714950933133718,0.7039106145251397,0.02465867465867466,0.02465867465867466,-1.4897579143389146,3,20.714950933133718
random_no_feedback,calibration,0.8,4,0.8,0.8435754189944135,-1.6759776536312776,22.75626363406086,0.8044692737430168,0.02401347074642529,0.02401347074642529,-1.6759776536312776,3,22.75626363406086
random_no_feedback,calibration,0.8,4,0.9,0.8398510242085662,-2.0484171322160107,25.857803755218917,0.9050279329608939,0.025882396796939527,0.025882396796939527,-2.0484171322160107,3,25.857803755218917
random_no_feedback,calibration,0.8,4,1.0,0.8379888268156425,-2.2346368715083775,27.923690846606664,1.0,0.025974025974025976,0.025974025974025976,-2.2346368715083775,3,27.923690846606664
random_no_feedback,calibration,0.8,5,0.1,0.8584729981378026,-0.18621973929236293,2.723724620640733,0.1005586592178771,0.023809523809523808,0.023809523809523808,-0.18621973929236293,3,2.723724620640733
random_no_feedback,calibration,0.8,5,0.2,0.8566108007448789,-0.37243947858472587,6.8688571900255715,0.2011173184357542,0.02186379928315412,0.02186379928315412,-0.37243947858472587,3,6.8688571900255715
random_no_feedback,calibration,0.8,5,0.3,0.8566108007448789,-0.37243947858472587,10.246386619433437,0.3016759776536313,0.014499605988967691,0.014499605988967691,-0.37243947858472587,3,10.246386619433437
random_no_feedback,calibration,0.8,5,0.4,0.8566108007448789,-0.37243947858472587,12.569989754369526,0.4022346368715084,0.010940722805129584,0.010940722805129584,-0.37243947858472587,3,12.569989754369526
random_no_feedback,calibration,0.8,5,0.5,0.8528864059590316,-0.7448789571694592,14.798571912857957,0.5027932960893855,0.01791726791726792,0.01791726791726792,-0.7448789571694592,3,14.798571912857957
random_no_feedback,calibration,0.8,5,0.6,0.851024208566108,-0.9310986964618221,17.32721367999607,0.6033519553072626,0.018392618988080353,0.018392618988080353,-0.9310986964618221,3,17.32721367999607
random_no_feedback,calibration,0.8,5,0.7,0.845437616387337,-1.4897579143389146,20.705121176949483,0.7039106145251397,0.02465867465867466,0.02465867465867466,-1.4897579143389146,3,20.705121176949483
random_no_feedback,calibration,0.8,5,0.8,0.8435754189944135,-1.6759776536312776,22.746433877876626,0.8044692737430168,0.02401347074642529,0.02401347074642529,-1.6759776536312776,3,22.746433877876626
random_no_feedback,calibration,0.8,5,0.9,0.8398510242085662,-2.0484171322160107,25.84797399903468,0.9050279329608939,0.025882396796939527,0.025882396796939527,-2.0484171322160107,3,25.84797399903468
random_no_feedback,calibration,0.8,5,1.0,0.8379888268156425,-2.2346368715083775,27.913861090422422,1.0,0.025974025974025976,0.025974025974025976,-2.2346368715083775,3,27.913861090422422
random_no_feedback,calibration,0.8,6,0.1,0.8584729981378026,-0.18621973929236293,2.612320717219352,0.1005586592178771,0.023809523809523808,0.023809523809523808,-0.18621973929236293,3,2.612320717219352
random_no_feedback,calibration,0.8,6,0.2,0.8566108007448789,-0.37243947858472587,6.616434092114901,0.2011173184357542,0.02186379928315412,0.02186379928315412,-0.37243947858472587,3,6.616434092114901
random_no_feedback,calibration,0.8,6,0.3,0.8566108007448789,-0.37243947858472587,9.841098210606313,0.3016759776536313,0.014499605988967691,0.014499605988967691,-0.37243947858472587,3,9.841098210606313
random_no_feedback,calibration,0.8,6,0.4,0.8566108007448789,-0.37243947858472587,12.116056654681936,0.4022346368715084,0.010940722805129584,0.010940722805129584,-0.37243947858472587,3,12.116056654681936
random_no_feedback,calibration,0.8,6,0.5,0.8528864059590316,-0.7448789571694592,14.305571833463775,0.5027932960893855,0.01791726791726792,0.01791726791726792,-0.7448789571694592,3,14.305571833463775
random_no_feedback,calibration,0.8,6,0.6,0.851024208566108,-0.9310986964618221,16.813419885596762,0.6033519553072626,0.018392618988080353,0.018392618988080353,-0.9310986964618221,3,16.813419885596762
random_no_feedback,calibration,0.8,6,0.7,0.845437616387337,-1.4897579143389146,20.07916734403769,0.7039106145251397,0.02465867465867466,0.02465867465867466,-1.4897579143389146,3,20.07916734403769
random_no_feedback,calibration,0.8,6,0.8,0.8435754189944135,-1.6759776536312776,22.08405953807707,0.8044692737430168,0.02401347074642529,0.02401347074642529,-1.6759776536312776,3,22.08405953807707
random_no_feedback,calibration,0.8,6,0.9,0.8398510242085662,-2.0484171322160107,25.089318457635645,0.9050279329608939,0.025882396796939527,0.025882396796939527,-2.0484171322160107,3,25.089318457635645
random_no_feedback,calibration,0.8,6,1.0,0.8379888268156425,-2.2346368715083775,27.07606340948874,1.0,0.025974025974025976,0.025974025974025976,-2.2346368715083775,3,27.07606340948874
random_no_feedback,calibration,0.8,7,0.1,0.8603351955307262,0.0,2.2752104891059868,0.1005586592178771,0.0,0.0,0.0,3,2.2752104891059868
random_no_feedback,calibration,0.8,7,0.2,0.8603351955307262,0.0,6.11461243665794,0.2011173184357542,0.0,0.0,0.0,3,6.11461243665794
random_no_feedback,calibration,0.8,7,0.3,0.8603351955307262,0.0,9.089877997603057,0.3016759776536313,0.0,0.0,0.0,3,9.089877997603057
random_no_feedback,calibration,0.8,7,0.4,0.8603351955307262,0.0,11.203401599729808,0.4022346368715084,0.0,0.0,0.0,3,11.203401599729808
random_no_feedback,calibration,0.8,7,0.5,0.8566108007448789,-0.37243947858472587,13.300920342428382,0.5027932960893855,0.00895863395863396,0.00895863395863396,-0.37243947858472587,3,13.300920342428382
random_no_feedback,calibration,0.8,7,0.6,0.8547486033519553,-0.5586592178770888,15.650358092976898,0.6033519553072626,0.010932420605151288,0.010932420605151288,-0.5586592178770888,3,15.650358092976898
random_no_feedback,calibration,0.8,7,0.7,0.851024208566108,-0.9310986964618221,18.454989168364826,0.7039106145251397,0.015447052947052948,0.015447052947052948,-0.9310986964618221,3,18.454989168364826
random_no_feedback,calibration,0.8,7,0.8,0.8491620111731844,-1.1173184357541888,20.27689667035913,0.8044692737430168,0.01600898049761686,0.01600898049761686,-1.1173184357541888,3,20.27689667035913
random_no_feedback,calibration,0.8,7,0.9,0.845437616387337,-1.4897579143389146,23.161047952827253,0.9050279329608939,0.018837084954026483,0.018837084954026483,-1.4897579143389146,3,23.161047952827253
random_no_feedback,calibration,0.8,7,1.0,0.8435754189944135,-1.6759776536312776,24.89612594186078,1.0,0.01948051948051948,0.01948051948051948,-1.6759776536312776,3,24.89612594186078
random_no_feedback,calibration,0.8,8,0.1,0.8603351955307262,0.0,1.732431516214698,0.1005586592178771,0.0,0.0,0.0,3,1.732431516214698
random_no_feedback,calibration,0.8,8,0.2,0.8603351955307262,0.0,4.30316480342378,0.2011173184357542,0.0,0.0,0.0,3,4.30316480342378
random_no_feedback,calibration,0.8,8,0.3,0.8603351955307262,0.0,6.748757733056594,0.3016759776536313,0.0,0.0,0.0,3,6.748757733056594
random_no_feedback,calibration,0.8,8,0.4,0.8603351955307262,0.0,8.20015904041417,0.4022346368715084,0.0,0.0,0.0,3,8.20015904041417
random_no_feedback,calibration,0.8,8,0.5,0.8566108007448789,-0.37243947858472587,9.986402170611811,0.5027932960893855,0.00895863395863396,0.00895863395863396,-0.37243947858472587,3,9.986402170611811
random_no_feedback,calibration,0.8,8,0.6,0.8547486033519553,-0.5586592178770888,11.707617682975243,0.6033519553072626,0.010932420605151288,0.010932420605151288,-0.5586592178770888,3,11.707617682975243
random_no_feedback,calibration,0.8,8,0.7,0.851024208566108,-0.9310986964618221,13.650002709484081,0.7039106145251397,0.015447052947052948,0.015447052947052948,-0.9310986964618221,3,13.650002709484081
random_no_feedback,calibration,0.8,8,0.8,0.8491620111731844,-1.1173184357541888,15.046836267767604,0.8044692737430168,0.01600898049761686,0.01600898049761686,-1.1173184357541888,3,15.046836267767604
random_no_feedback,calibration,0.8,8,0.9,0.845437616387337,-1.4897579143389146,17.51082848461706,0.9050279329608939,0.018837084954026483,0.018837084954026483,-1.4897579143389146,3,17.51082848461706
random_no_feedback,calibration,0.8,8,1.0,0.8435754189944135,-1.6759776536312776,18.805457783087544,1.0,0.01948051948051948,0.01948051948051948,-1.6759776536312776,3,18.805457783087544
random_no_feedback,calibration,0.85,4,0.1,0.8603351955307262,0.0,2.177669062354689,0.1005586592178771,0.0,0.0,0.0,3,2.177669062354689
random_no_feedback,calibration,0.85,4,0.2,0.8603351955307262,0.0,5.954437819860902,0.2011173184357542,0.0,0.0,0.0,3,5.954437819860902
random_no_feedback,calibration,0.85,4,0.3,0.8603351955307262,0.0,8.771923191797452,0.3016759776536313,0.0,0.0,0.0,3,8.771923191797452
random_no_feedback,calibration,0.85,4,0.4,0.8603351955307262,0.0,10.747830207344851,0.4022346368715084,0.0,0.0,0.0,3,10.747830207344851
random_no_feedback,calibration,0.85,4,0.5,0.8566108007448789,-0.37243947858472587,12.732306753924664,0.5027932960893855,0.00895863395863396,0.00895863395863396,-0.37243947858472587,3,12.732306753924664
random_no_feedback,calibration,0.85,4,0.6,0.8547486033519553,-0.5586592178770888,14.82944742907768,0.6033519553072626,0.010932420605151288,0.010932420605151288,-0.5586592178770888,3,14.82944742907768
random_no_feedback,calibration,0.85,4,0.7,0.8528864059590316,-0.7448789571694555,17.74523036285663,0.7039106145251397,0.012416749916749917,0.012416749916749917,-0.7448789571694555,3,17.74523036285663
random_no_feedback,calibration,0.85,4,0.8,0.8528864059590316,-0.7448789571694555,19.417297094298878,0.8044692737430168,0.010759311185447549,0.010759311185447549,-0.7448789571694555,3,19.417297094298878
random_no_feedback,calibration,0.85,4,0.9,0.851024208566108,-0.9310986964618221,22.228985430537023,0.9050279329608939,0.011791773111113442,0.011791773111113442,-0.9310986964618221,3,22.228985430537023
random_no_feedback,calibration,0.85,4,1.0,0.8491620111731844,-1.1173184357541888,23.97893407636209,1.0,0.012987012987012988,0.012987012987012988,-1.1173184357541888,3,23.97893407636209
random_no_feedback,calibration,0.85,5,0.1,0.8603351955307262,0.0,2.176030769657311,0.1005586592178771,0.0,0.0,0.0,3,2.176030769657311
random_no_feedback,calibration,0.85,5,0.2,0.8603351955307262,0.0,5.952799527163525,0.2011173184357542,0.0,0.0,0.0,3,5.952799527163525
random_no_feedback,calibration,0.85,5,0.3,0.8603351955307262,0.0,8.770284899100082,0.3016759776536313,0.0,0.0,0.0,3,8.770284899100082
random_no_feedback,calibration,0.85,5,0.4,0.8603351955307262,0.0,10.7445536219501,0.4022346368715084,0.0,0.0,0.0,3,10.7445536219501
random_no_feedback,calibration,0.85,5,0.5,0.8566108007448789,-0.37243947858472587,12.727391875832542,0.5027932960893855,0.00895863395863396,0.00895863395863396,-0.37243947858472587,3,12.727391875832542
random_no_feedback,calibration,0.85,5,0.6,0.8547486033519553,-0.5586592178770888,14.824532550985563,0.6033519553072626,0.010932420605151288,0.010932420605151288,-0.5586592178770888,3,14.824532550985563
random_no_feedback,calibration,0.85,5,0.7,0.8528864059590316,-0.7448789571694555,17.740315484764512,0.7039106145251397,0.012416749916749917,0.012416749916749917,-0.7448789571694555,3,17.740315484764512
random_no_feedback,calibration,0.85,5,0.8,0.8528864059590316,-0.7448789571694555,19.412382216206755,0.8044692737430168,0.010759311185447549,0.010759311185447549,-0.7448789571694555,3,19.412382216206755
random_no_feedback,calibration,0.85,5,0.9,0.851024208566108,-0.9310986964618221,22.224070552444903,0.9050279329608939,0.011791773111113442,0.011791773111113442,-0.9310986964618221,3,22.224070552444903
random_no_feedback,calibration,0.85,5,1.0,0.8491620111731844,-1.1173184357541888,23.974019198269957,1.0,0.012987012987012988,0.012987012987012988,-1.1173184357541888,3,23.974019198269957
random_no_feedback,calibration,0.85,6,0.1,0.8603351955307262,0.0,2.1714939591107374,0.1005586592178771,0.0,0.0,0.0,3,2.1714939591107374
random_no_feedback,calibration,0.85,6,0.2,0.8603351955307262,0.0,5.926712866520741,0.2011173184357542,0.0,0.0,0.0,3,5.926712866520741
random_no_feedback,calibration,0.85,6,0.3,0.8603351955307262,0.0,8.737393022637429,0.3016759776536313,0.0,0.0,0.0,3,8.737393022637429
random_no_feedback,calibration,0.85,6,0.4,0.8603351955307262,0.0,10.676249418721158,0.4022346368715084,0.0,0.0,0.0,3,10.676249418721158
random_no_feedback,calibration,0.85,6,0.5,0.8566108007448789,-0.37243947858472587,12.622289098170285,0.5027932960893855,0.00895863395863396,0.00895863395863396,-0.37243947858472587,3,12.622289098170285
random_no_feedback,calibration,0.85,6,0.6,0.8547486033519553,-0.5586592178770888,14.719429773323307,0.6033519553072626,0.010932420605151288,0.010932420605151288,-0.5586592178770888,3,14.719429773323307
random_no_feedback,calibration,0.85,6,0.7,0.8528864059590316,-0.7448789571694555,17.549265351747753,0.7039106145251397,0.012416749916749917,0.012416749916749917,-0.7448789571694555,3,17.549265351747753
random_no_feedback,calibration,0.85,6,0.8,0.8528864059590316,-0.7448789571694555,19.206587448913627,0.8044692737430168,0.010759311185447549,0.010759311185447549,-0.7448789571694555,3,19.206587448913627
random_no_feedback,calibration,0.85,6,0.9,0.851024208566108,-0.9310986964618221,21.939133645617126,0.9050279329608939,0.011791773111113442,0.011791773111113442,-0.9310986964618221,3,21.939133645617126
random_no_feedback,calibration,0.85,6,1.0,0.8491620111731844,-1.1173184357541888,23.609940151907548,1.0,0.012987012987012988,0.012987012987012988,-1.1173184357541888,3,23.609940151907548
random_no_feedback,calibration,0.85,7,0.1,0.8603351955307262,0.0,1.999599248401725,0.1005586592178771,0.0,0.0,0.0,3,1.999599248401725
random_no_feedback,calibration,0.85,7,0.2,0.8603351955307262,0.0,5.646312770239536,0.2011173184357542,0.0,0.0,0.0,3,5.646312770239536
random_no_feedback,calibration,0.85,7,0.3,0.8603351955307262,0.0,8.357813206907554,0.3016759776536313,0.0,0.0,0.0,3,8.357813206907554
random_no_feedback,calibration,0.85,7,0.4,0.8603351955307262,0.0,10.266424199347465,0.4022346368715084,0.0,0.0,0.0,3,10.266424199347465
random_no_feedback,calibration,0.85,7,0.5,0.8566108007448789,-0.37243947858472587,12.171758606392629,0.5027932960893855,0.00895863395863396,0.00895863395863396,-0.37243947858472587,3,12.171758606392629
random_no_feedback,calibration,0.85,7,0.6,0.8547486033519553,-0.5586592178770888,14.191269412193186,0.6033519553072626,0.010932420605151288,0.010932420605151288,-0.5586592178770888,3,14.191269412193186
random_no_feedback,calibration,0.85,7,0.7,0.8528864059590316,-0.7448789571694555,16.694580653779607,0.7039106145251397,0.012416749916749917,0.012416749916749917,-0.7448789571694555,3,16.694580653779607
random_no_feedback,calibration,0.85,7,0.8,0.8528864059590316,-0.7448789571694555,18.304896352782396,0.8044692737430168,0.010759311185447549,0.010759311185447549,-0.7448789571694555,3,18.304896352782396
random_no_feedback,calibration,0.85,7,0.9,0.851024208566108,-0.9310986964618221,20.996359209536383,0.9050279329608939,0.011791773111113442,0.011791773111113442,-0.9310986964618221,3,20.996359209536383
random_no_feedback,calibration,0.85,7,1.0,0.8491620111731844,-1.1173184357541888,22.580084157835635,1.0,0.012987012987012988,0.012987012987012988,-1.1173184357541888,3,22.580084157835635
random_no_feedback,calibration,0.85,8,0.1,0.8603351955307262,0.0,1.637662584797402,0.1005586592178771,0.0,0.0,0.0,3,1.637662584797402
random_no_feedback,calibration,0.85,8,0.2,0.8603351955307262,0.0,4.073929848306712,0.2011173184357542,0.0,0.0,0.0,3,4.073929848306712
random_no_feedback,calibration,0.85,8,0.3,0.8603351955307262,0.0,6.4212252160971115,0.3016759776536313,0.0,0.0,0.0,3,6.4212252160971115
random_no_feedback,calibration,0.85,8,0.4,0.8603351955307262,0.0,7.8425071423260535,0.4022346368715084,0.0,0.0,0.0,3,7.8425071423260535
random_no_feedback,calibration,0.85,8,0.5,0.8566108007448789,-0.37243947858472587,9.551498470716783,0.5027932960893855,0.00895863395863396,0.00895863395863396,-0.37243947858472587,3,9.551498470716783
random_no_feedback,calibration,0.85,8,0.6,0.8547486033519553,-0.5586592178770888,11.16433462002322,0.6033519553072626,0.010932420605151288,0.010932420605151288,-0.5586592178770888,3,11.16433462002322
random_no_feedback,calibration,0.85,8,0.7,0.8528864059590316,-0.7448789571694555,13.018629908419443,0.7039106145251397,0.012416749916749917,0.012416749916749917,-0.7448789571694555,3,13.018629908419443
random_no_feedback,calibration,0.85,8,0.8,0.8528864059590316,-0.7448789571694555,14.398576449668504,0.8044692737430168,0.010759311185447549,0.010759311185447549,-0.7448789571694555,3,14.398576449668504
random_no_feedback,calibration,0.85,8,0.9,0.851024208566108,-0.9310986964618221,16.787333224953976,0.9050279329608939,0.011791773111113442,0.011791773111113442,-0.9310986964618221,3,16.787333224953976
random_no_feedback,calibration,0.85,8,1.0,0.8491620111731844,-1.1173184357541888,18.00886946461856,1.0,0.012987012987012988,0.012987012987012988,-1.1173184357541888,3,18.00886946461856
random_no_feedback,calibration,0.88,4,0.1,0.8603351955307262,0.0,1.965195101756893,0.1005586592178771,0.0,0.0,0.0,3,1.965195101756893
random_no_feedback,calibration,0.88,4,0.2,0.8603351955307262,0.0,5.578890724616869,0.2011173184357542,0.0,0.0,0.0,3,5.578890724616869
random_no_feedback,calibration,0.88,4,0.3,0.8603351955307262,0.0,8.158697632919102,0.3016759776536313,0.0,0.0,0.0,3,8.158697632919102
random_no_feedback,calibration,0.88,4,0.4,0.8603351955307262,0.0,9.738263838217339,0.4022346368715084,0.0,0.0,0.0,3,9.738263838217339
random_no_feedback,calibration,0.88,4,0.5,0.8566108007448789,-0.37243947858472587,11.596591847099413,0.5027932960893855,0.00895863395863396,0.00895863395863396,-0.37243947858472587,3,11.596591847099413
random_no_feedback,calibration,0.88,4,0.6,0.8547486033519553,-0.5586592178770888,13.423666272216199,0.6033519553072626,0.010932420605151288,0.010932420605151288,-0.5586592178770888,3,13.423666272216199
random_no_feedback,calibration,0.88,4,0.7,0.8528864059590316,-0.7448789571694555,15.986838208514342,0.7039106145251397,0.012416749916749917,0.012416749916749917,-0.7448789571694555,3,15.986838208514342
random_no_feedback,calibration,0.88,4,0.8,0.8528864059590316,-0.7448789571694555,17.46495628909062,0.8044692737430168,0.010759311185447549,0.010759311185447549,-0.7448789571694555,3,17.46495628909062
random_no_feedback,calibration,0.88,4,0.9,0.851024208566108,-0.9310986964618221,20.062658394548773,0.9050279329608939,0.011791773111113442,0.011791773111113442,-0.9310986964618221,3,20.062658394548773
random_no_feedback,calibration,0.88,4,1.0,0.8491620111731844,-1.1173184357541888,21.658733549335928,1.0,0.012987012987012988,0.012987012987012988,-1.1173184357541888,3,21.658733549335928
random_no_feedback,calibration,0.88,5,0.1,0.8603351955307262,0.0,1.9635568090595152,0.1005586592178771,0.0,0.0,0.0,3,1.9635568090595152
random_no_feedback,calibration,0.88,5,0.2,0.8603351955307262,0.0,5.577252431919492,0.2011173184357542,0.0,0.0,0.0,3,5.577252431919492
random_no_feedback,calibration,0.88,5,0.3,0.8603351955307262,0.0,8.157059340221732,0.3016759776536313,0.0,0.0,0.0,3,8.157059340221732
random_no_feedback,calibration,0.88,5,0.4,0.8603351955307262,0.0,9.734987252822599,0.4022346368715084,0.0,0.0,0.0,3,9.734987252822599
random_no_feedback,calibration,0.88,5,0.5,0.8566108007448789,-0.37243947858472587,11.591676969007288,0.5027932960893855,0.00895863395863396,0.00895863395863396,-0.37243947858472587,3,11.591676969007288
random_no_feedback,calibration,0.88,5,0.6,0.8547486033519553,-0.5586592178770888,13.418751394124081,0.6033519553072626,0.010932420605151288,0.010932420605151288,-0.5586592178770888,3,13.418751394124081
random_no_feedback,calibration,0.88,5,0.7,0.8528864059590316,-0.7448789571694555,15.981923330422221,0.7039106145251397,0.012416749916749917,0.012416749916749917,-0.7448789571694555,3,15.981923330422221
random_no_feedback,calibration,0.88,5,0.8,0.8528864059590316,-0.7448789571694555,17.460041410998492,0.8044692737430168,0.010759311185447549,0.010759311185447549,-0.7448789571694555,3,17.460041410998492
random_no_feedback,calibration,0.88,5,0.9,0.851024208566108,-0.9310986964618221,20.05774351645665,0.9050279329608939,0.011791773111113442,0.011791773111113442,-0.9310986964618221,3,20.05774351645665
random_no_feedback,calibration,0.88,5,1.0,0.8491620111731844,-1.1173184357541888,21.65381867124381,1.0,0.012987012987012988,0.012987012987012988,-1.1173184357541888,3,21.65381867124381
random_no_feedback,calibration,0.88,6,0.1,0.8603351955307262,0.0,1.9590199985129415,0.1005586592178771,0.0,0.0,0.0,3,1.9590199985129415
random_no_feedback,calibration,0.88,6,0.2,0.8603351955307262,0.0,5.557970987096565,0.2011173184357542,0.0,0.0,0.0,3,5.557970987096565
random_no_feedback,calibration,0.88,6,0.3,0.8603351955307262,0.0,8.137777895398804,0.3016759776536313,0.0,0.0,0.0,3,8.137777895398804
random_no_feedback,calibration,0.88,6,0.4,0.8603351955307262,0.0,9.680293481233363,0.4022346368715084,0.0,0.0,0.0,3,9.680293481233363
random_no_feedback,calibration,0.88,6,0.5,0.8566108007448789,-0.37243947858472587,11.500184622984747,0.5027932960893855,0.00895863395863396,0.00895863395863396,-0.37243947858472587,3,11.500184622984747
random_no_feedback,calibration,0.88,6,0.6,0.8547486033519553,-0.5586592178770888,13.32725904810154,0.6033519553072626,0.010932420605151288,0.010932420605151288,-0.5586592178770888,3,13.32725904810154
random_no_feedback,calibration,0.88,6,0.7,0.8528864059590316,-0.7448789571694555,15.811288844865027,0.7039106145251397,0.012416749916749917,0.012416749916749917,-0.7448789571694555,3,15.811288844865027
random_no_feedback,calibration,0.88,6,0.8,0.8528864059590316,-0.7448789571694555,17.27466229116494,0.8044692737430168,0.010759311185447549,0.010759311185447549,-0.7448789571694555,3,17.27466229116494
random_no_feedback,calibration,0.88,6,0.9,0.851024208566108,-0.9310986964618221,19.793222257088456,0.9050279329608939,0.011791773111113442,0.011791773111113442,-0.9310986964618221,3,19.793222257088456
random_no_feedback,calibration,0.88,6,1.0,0.8491620111731844,-1.1173184357541888,21.310155272340957,1.0,0.012987012987012988,0.012987012987012988,-1.1173184357541888,3,21.310155272340957
random_no_feedback,calibration,0.88,7,0.1,0.8603351955307262,0.0,1.8052725299902133,0.1005586592178771,0.0,0.0,0.0,3,1.8052725299902133
random_no_feedback,calibration,0.88,7,0.2,0.8603351955307262,0.0,5.318024118188958,0.2011173184357542,0.0,0.0,0.0,3,5.318024118188958
random_no_feedback,calibration,0.88,7,0.3,0.8603351955307262,0.0,7.84641384029671,0.3016759776536313,0.0,0.0,0.0,3,7.84641384029671
random_no_feedback,calibration,0.88,7,0.4,0.8603351955307262,0.0,9.358684022487466,0.4022346368715084,0.0,0.0,0.0,3,9.358684022487466
random_no_feedback,calibration,0.88,7,0.5,0.8566108007448789,-0.37243947858472587,11.16030189953738,0.5027932960893855,0.00895863395863396,0.00895863395863396,-0.37243947858472587,3,11.16030189953738
random_no_feedback,calibration,0.88,7,0.6,0.8547486033519553,-0.5586592178770888,12.961919776587294,0.6033519553072626,0.010932420605151288,0.010932420605151288,-0.5586592178770888,3,12.961919776587294
random_no_feedback,calibration,0.88,7,0.7,0.8528864059590316,-0.7448789571694555,15.139966906487512,0.7039106145251397,0.012416749916749917,0.012416749916749917,-0.7448789571694555,3,15.139966906487512
random_no_feedback,calibration,0.88,7,0.8,0.8528864059590316,-0.7448789571694555,16.56414735056566,0.8044692737430168,0.010759311185447549,0.010759311185447549,-0.7448789571694555,3,16.56414735056566
random_no_feedback,calibration,0.88,7,0.9,0.851024208566108,-0.9310986964618221,19.06682847957617,0.9050279329608939,0.011791773111113442,0.011791773111113442,-0.9310986964618221,3,19.06682847957617
random_no_feedback,calibration,0.88,7,1.0,0.8491620111731844,-1.1173184357541888,20.510164345962057,1.0,0.012987012987012988,0.012987012987012988,-1.1173184357541888,3,20.510164345962057
random_no_feedback,calibration,0.88,8,0.1,0.8603351955307262,0.0,1.5289051541948522,0.1005586592178771,0.0,0.0,0.0,3,1.5289051541948522
random_no_feedback,calibration,0.88,8,0.2,0.8603351955307262,0.0,3.9150154566614894,0.2011173184357542,0.0,0.0,0.0,3,3.9150154566614894
random_no_feedback,calibration,0.88,8,0.3,0.8603351955307262,0.0,6.2004337694972635,0.3016759776536313,0.0,0.0,0.0,3,6.2004337694972635
random_no_feedback,calibration,0.88,8,0.4,0.8603351955307262,0.0,7.473639240386691,0.4022346368715084,0.0,0.0,0.0,3,7.473639240386691
random_no_feedback,calibration,0.88,8,0.5,0.8566108007448789,-0.37243947858472587,9.13423792294732,0.5027932960893855,0.00895863395863396,0.00895863395863396,-0.37243947858472587,3,9.13423792294732
random_no_feedback,calibration,0.88,8,0.6,0.8547486033519553,-0.5586592178770888,10.674989193569333,0.6033519553072626,0.010932420605151288,0.010932420605151288,-0.5586592178770888,3,10.674989193569333
random_no_feedback,calibration,0.88,8,0.7,0.8528864059590316,-0.7448789571694555,12.283918644905103,0.7039106145251397,0.012416749916749917,0.012416749916749917,-0.7448789571694555,3,12.283918644905103
random_no_feedback,calibration,0.88,8,0.8,0.8528864059590316,-0.7448789571694555,13.550570945005044,0.8044692737430168,0.010759311185447549,0.010759311185447549,-0.7448789571694555,3,13.550570945005044
random_no_feedback,calibration,0.88,8,0.9,0.851024208566108,-0.9310986964618221,15.845692991509871,0.9050279329608939,0.011791773111113442,0.011791773111113442,-0.9310986964618221,3,15.845692991509871
random_no_feedback,calibration,0.88,8,1.0,0.8491620111731844,-1.1173184357541888,16.974098592454535,1.0,0.012987012987012988,0.012987012987012988,-1.1173184357541888,3,16.974098592454535
random_no_feedback,calibration,0.9,4,0.1,0.8603351955307262,0.0,1.6810143300202067,0.1005586592178771,0.0,0.0,0.0,3,1.6810143300202067
random_no_feedback,calibration,0.9,4,0.2,0.8603351955307262,0.0,5.161630176847398,0.2011173184357542,0.0,0.0,0.0,3,5.161630176847398
random_no_feedback,calibration,0.9,4,0.3,0.8603351955307262,0.0,7.536272430432434,0.3016759776536313,0.0,0.0,0.0,3,7.536272430432434
random_no_feedback,calibration,0.9,4,0.4,0.8603351955307262,0.0,8.956042086479176,0.4022346368715084,0.0,0.0,0.0,3,8.956042086479176
random_no_feedback,calibration,0.9,4,0.5,0.8566108007448789,-0.37243947858472587,10.673350900871963,0.5027932960893855,0.00895863395863396,0.00895863395863396,-0.37243947858472587,3,10.673350900871963
random_no_feedback,calibration,0.9,4,0.6,0.8547486033519553,-0.5586592178770888,12.2991673692422,0.6033519553072626,0.010932420605151288,0.010932420605151288,-0.5586592178770888,3,12.2991673692422
random_no_feedback,calibration,0.9,4,0.7,0.8528864059590316,-0.7448789571694555,14.322836918043784,0.7039106145251397,0.012416749916749917,0.012416749916749917,-0.7448789571694555,3,14.322836918043784
random_no_feedback,calibration,0.9,4,0.8,0.8528864059590316,-0.7448789571694555,15.631202670669142,0.8044692737430168,0.010759311185447549,0.010759311185447549,-0.7448789571694555,3,15.631202670669142
random_no_feedback,calibration,0.9,4,0.9,0.851024208566108,-0.9310986964618221,18.065705618965886,0.9050279329608939,0.011791773111113442,0.011791773111113442,-0.9310986964618221,3,18.065705618965886
random_no_feedback,calibration,0.9,4,1.0,0.8491620111731844,-1.1173184357541888,19.419817544602523,1.0,0.012987012987012988,0.012987012987012988,-1.1173184357541888,3,19.419817544602523
random_no_feedback,calibration,0.9,5,0.1,0.8603351955307262,0.0,1.6793760373228366,0.1005586592178771,0.0,0.0,0.0,3,1.6793760373228366
random_no_feedback,calibration,0.9,5,0.2,0.8603351955307262,0.0,5.159991884150028,0.2011173184357542,0.0,0.0,0.0,3,5.159991884150028
random_no_feedback,calibration,0.9,5,0.3,0.8603351955307262,0.0,7.534634137735057,0.3016759776536313,0.0,0.0,0.0,3,7.534634137735057
random_no_feedback,calibration,0.9,5,0.4,0.8603351955307262,0.0,8.952765501084432,0.4022346368715084,0.0,0.0,0.0,3,8.952765501084432
random_no_feedback,calibration,0.9,5,0.5,0.8566108007448789,-0.37243947858472587,10.668436022779833,0.5027932960893855,0.00895863395863396,0.00895863395863396,-0.37243947858472587,3,10.668436022779833
random_no_feedback,calibration,0.9,5,0.6,0.8547486033519553,-0.5586592178770888,12.294252491150074,0.6033519553072626,0.010932420605151288,0.010932420605151288,-0.5586592178770888,3,12.294252491150074
random_no_feedback,calibration,0.9,5,0.7,0.8528864059590316,-0.7448789571694555,14.31792203995166,0.7039106145251397,0.012416749916749917,0.012416749916749917,-0.7448789571694555,3,14.31792203995166
random_no_feedback,calibration,0.9,5,0.8,0.8528864059590316,-0.7448789571694555,15.626287792577033,0.8044692737430168,0.010759311185447549,0.010759311185447549,-0.7448789571694555,3,15.626287792577033
random_no_feedback,calibration,0.9,5,0.9,0.851024208566108,-0.9310986964618221,18.060790740873774,0.9050279329608939,0.011791773111113442,0.011791773111113442,-0.9310986964618221,3,18.060790740873774
random_no_feedback,calibration,0.9,5,1.0,0.8491620111731844,-1.1173184357541888,19.414902666510404,1.0,0.012987012987012988,0.012987012987012988,-1.1173184357541888,3,19.414902666510404
random_no_feedback,calibration,0.9,6,0.1,0.8603351955307262,0.0,1.6748392267762628,0.1005586592178771,0.0,0.0,0.0,3,1.6748392267762628
random_no_feedback,calibration,0.9,6,0.2,0.8603351955307262,0.0,5.155455073603454,0.2011173184357542,0.0,0.0,0.0,3,5.155455073603454
random_no_feedback,calibration,0.9,6,0.3,0.8603351955307262,0.0,7.530097327188482,0.3016759776536313,0.0,0.0,0.0,3,7.530097327188482
random_no_feedback,calibration,0.9,6,0.4,0.8603351955307262,0.0,8.943691879991285,0.4022346368715084,0.0,0.0,0.0,3,8.943691879991285
random_no_feedback,calibration,0.9,6,0.5,0.8566108007448789,-0.37243947858472587,10.654825591140115,0.5027932960893855,0.00895863395863396,0.00895863395863396,-0.37243947858472587,3,10.654825591140115
random_no_feedback,calibration,0.9,6,0.6,0.8547486033519553,-0.5586592178770888,12.280642059510356,0.6033519553072626,0.010932420605151288,0.010932420605151288,-0.5586592178770888,3,12.280642059510356
random_no_feedback,calibration,0.9,6,0.7,0.8528864059590316,-0.7448789571694555,14.304311608311949,0.7039106145251397,0.012416749916749917,0.012416749916749917,-0.7448789571694555,3,14.304311608311949
random_no_feedback,calibration,0.9,6,0.8,0.8528864059590316,-0.7448789571694555,15.612677360937314,0.8044692737430168,0.010759311185447549,0.010759311185447549,-0.7448789571694555,3,15.612677360937314
random_no_feedback,calibration,0.9,6,0.9,0.851024208566108,-0.9310986964618221,18.047180309234054,0.9050279329608939,0.011791773111113442,0.011791773111113442,-0.9310986964618221,3,18.047180309234054
random_no_feedback,calibration,0.9,6,1.0,0.8491620111731844,-1.1173184357541888,19.40129223487068,1.0,0.012987012987012988,0.012987012987012988,-1.1173184357541888,3,19.40129223487068
random_no_feedback,calibration,0.9,7,0.1,0.8603351955307262,0.0,1.6661436732286705,0.1005586592178771,0.0,0.0,0.0,3,1.6661436732286705
random_no_feedback,calibration,0.9,7,0.2,0.8603351955307262,0.0,5.136425673810892,0.2011173184357542,0.0,0.0,0.0,3,5.136425673810892
random_no_feedback,calibration,0.9,7,0.3,0.8603351955307262,0.0,7.511067927395916,0.3016759776536313,0.0,0.0,0.0,3,7.511067927395916
random_no_feedback,calibration,0.9,7,0.4,0.8603351955307262,0.0,8.894417076554909,0.4022346368715084,0.0,0.0,0.0,3,8.894417076554909
random_no_feedback,calibration,0.9,7,0.5,0.8566108007448789,-0.37243947858472587,10.587277523002262,0.5027932960893855,0.00895863395863396,0.00895863395863396,-0.37243947858472587,3,10.587277523002262
random_no_feedback,calibration,0.9,7,0.6,0.8547486033519553,-0.5586592178770888,12.21309399137251,0.6033519553072626,0.010932420605151288,0.010932420605151288,-0.5586592178770888,3,12.21309399137251
random_no_feedback,calibration,0.9,7,0.7,0.8528864059590316,-0.7448789571694555,14.22416128865583,0.7039106145251397,0.012416749916749917,0.012416749916749917,-0.7448789571694555,3,14.22416128865583
random_no_feedback,calibration,0.9,7,0.8,0.8528864059590316,-0.7448789571694555,15.515135934186006,0.8044692737430168,0.010759311185447549,0.010759311185447549,-0.7448789571694555,3,15.515135934186006
random_no_feedback,calibration,0.9,7,0.9,0.851024208566108,-0.9310986964618221,17.9370366309645,0.9050279329608939,0.011791773111113442,0.011791773111113442,-0.9310986964618221,3,17.9370366309645
random_no_feedback,calibration,0.9,7,1.0,0.8491620111731844,-1.1173184357541888,19.26443178338242,1.0,0.012987012987012988,0.012987012987012988,-1.1173184357541888,3,19.26443178338242
random_no_feedback,calibration,0.9,8,0.1,0.8603351955307262,0.0,1.4840411387898638,0.1005586592178771,0.0,0.0,0.0,3,1.4840411387898638
random_no_feedback,calibration,0.9,8,0.2,0.8603351955307262,0.0,3.8630941804062715,0.2011173184357542,0.0,0.0,0.0,3,3.8630941804062715
random_no_feedback,calibration,0.9,8,0.3,0.8603351955307262,0.0,6.117636977022323,0.3016759776536313,0.0,0.0,0.0,3,6.117636977022323
random_no_feedback,calibration,0.9,8,0.4,0.8603351955307262,0.0,7.343205937172744,0.4022346368715084,0.0,0.0,0.0,3,7.343205937172744
random_no_feedback,calibration,0.9,8,0.5,0.8566108007448789,-0.37243947858472587,8.911052048558998,0.5027932960893855,0.00895863395863396,0.00895863395863396,-0.37243947858472587,3,8.911052048558998
random_no_feedback,calibration,0.9,8,0.6,0.8547486033519553,-0.5586592178770888,10.379214350435854,0.6033519553072626,0.010932420605151288,0.010932420605151288,-0.5586592178770888,3,10.379214350435854
random_no_feedback,calibration,0.9,8,0.7,0.8528864059590316,-0.7448789571694555,11.88682169956485,0.7039106145251397,0.012416749916749917,0.012416749916749917,-0.7448789571694555,3,11.88682169956485
random_no_feedback,calibration,0.9,8,0.8,0.8528864059590316,-0.7448789571694555,13.098024092984465,0.8044692737430168,0.010759311185447549,0.010759311185447549,-0.7448789571694555,3,13.098024092984465
random_no_feedback,calibration,0.9,8,0.9,0.851024208566108,-0.9310986964618221,15.336940097717866,0.9050279329608939,0.011791773111113442,0.011791773111113442,-0.9310986964618221,3,15.336940097717866
random_no_feedback,calibration,0.9,8,1.0,0.8491620111731844,-1.1173184357541888,16.43724267777681,1.0,0.012987012987012988,0.012987012987012988,-1.1173184357541888,3,16.43724267777681
random_no_feedback,calibration,0.92,4,0.1,0.8603351955307262,0.0,1.4881998817908932,0.1005586592178771,0.0,0.0,0.0,3,1.4881998817908932
random_no_feedback,calibration,0.92,4,0.2,0.8603351955307262,0.0,4.677451673516005,0.2011173184357542,0.0,0.0,0.0,3,4.677451673516005
random_no_feedback,calibration,0.92,4,0.3,0.8603351955307262,0.0,6.959215333411469,0.3016759776536313,0.0,0.0,0.0,3,6.959215333411469
random_no_feedback,calibration,0.92,4,0.4,0.8603351955307262,0.0,8.212761291932424,0.4022346368715084,0.0,0.0,0.0,3,8.212761291932424
random_no_feedback,calibration,0.92,4,0.5,0.8566108007448789,-0.37243947858472587,9.884954045889842,0.5027932960893855,0.00895863395863396,0.00895863395863396,-0.37243947858472587,3,9.884954045889842
random_no_feedback,calibration,0.92,4,0.6,0.8547486033519553,-0.5586592178770888,11.338371713490345,0.6033519553072626,0.010932420605151288,0.010932420605151288,-0.5586592178770888,3,11.338371713490345
random_no_feedback,calibration,0.92,4,0.7,0.8528864059590316,-0.7448789571694555,13.246730660899885,0.7039106145251397,0.012416749916749917,0.012416749916749917,-0.7448789571694555,3,13.246730660899885
random_no_feedback,calibration,0.92,4,0.8,0.8528864059590316,-0.7448789571694555,14.428317763251583,0.8044692737430168,0.010759311185447549,0.010759311185447549,-0.7448789571694555,3,14.428317763251583
random_no_feedback,calibration,0.92,4,0.9,0.851024208566108,-0.9310986964618221,16.68727134789902,0.9050279329608939,0.011791773111113442,0.011791773111113442,-0.9310986964618221,3,16.68727134789902
random_no_feedback,calibration,0.92,4,1.0,0.8491620111731844,-1.1173184357541888,17.84403201475977,1.0,0.012987012987012988,0.012987012987012988,-1.1173184357541888,3,17.84403201475977
random_no_feedback,calibration,0.92,5,0.1,0.8603351955307262,0.0,1.4881998817908932,0.1005586592178771,0.0,0.0,0.0,3,1.4881998817908932
random_no_feedback,calibration,0.92,5,0.2,0.8603351955307262,0.0,4.677451673516005,0.2011173184357542,0.0,0.0,0.0,3,4.677451673516005
random_no_feedback,calibration,0.92,5,0.3,0.8603351955307262,0.0,6.959215333411469,0.3016759776536313,0.0,0.0,0.0,3,6.959215333411469
random_no_feedback,calibration,0.92,5,0.4,0.8603351955307262,0.0,8.212761291932424,0.4022346368715084,0.0,0.0,0.0,3,8.212761291932424
random_no_feedback,calibration,0.92,5,0.5,0.8566108007448789,-0.37243947858472587,9.884954045889842,0.5027932960893855,0.00895863395863396,0.00895863395863396,-0.37243947858472587,3,9.884954045889842
random_no_feedback,calibration,0.92,5,0.6,0.8547486033519553,-0.5586592178770888,11.338371713490345,0.6033519553072626,0.010932420605151288,0.010932420605151288,-0.5586592178770888,3,11.338371713490345
random_no_feedback,calibration,0.92,5,0.7,0.8528864059590316,-0.7448789571694555,13.246730660899885,0.7039106145251397,0.012416749916749917,0.012416749916749917,-0.7448789571694555,3,13.246730660899885
random_no_feedback,calibration,0.92,5,0.8,0.8528864059590316,-0.7448789571694555,14.428317763251583,0.8044692737430168,0.010759311185447549,0.010759311185447549,-0.7448789571694555,3,14.428317763251583
random_no_feedback,calibration,0.92,5,0.9,0.851024208566108,-0.9310986964618221,16.68727134789902,0.9050279329608939,0.011791773111113442,0.011791773111113442,-0.9310986964618221,3,16.68727134789902
random_no_feedback,calibration,0.92,5,1.0,0.8491620111731844,-1.1173184357541888,17.84403201475977,1.0,0.012987012987012988,0.012987012987012988,-1.1173184357541888,3,17.84403201475977
random_no_feedback,calibration,0.92,6,0.1,0.8603351955307262,0.0,1.4836630712443195,0.1005586592178771,0.0,0.0,0.0,3,1.4836630712443195
random_no_feedback,calibration,0.92,6,0.2,0.8603351955307262,0.0,4.6729148629694315,0.2011173184357542,0.0,0.0,0.0,3,4.6729148629694315
random_no_feedback,calibration,0.92,6,0.3,0.8603351955307262,0.0,6.954678522864895,0.3016759776536313,0.0,0.0,0.0,3,6.954678522864895
random_no_feedback,calibration,0.92,6,0.4,0.8603351955307262,0.0,8.20368767083928,0.4022346368715084,0.0,0.0,0.0,3,8.20368767083928
random_no_feedback,calibration,0.92,6,0.5,0.8566108007448789,-0.37243947858472587,9.871343614250128,0.5027932960893855,0.00895863395863396,0.00895863395863396,-0.37243947858472587,3,9.871343614250128
random_no_feedback,calibration,0.92,6,0.6,0.8547486033519553,-0.5586592178770888,11.324761281850623,0.6033519553072626,0.010932420605151288,0.010932420605151288,-0.5586592178770888,3,11.324761281850623
random_no_feedback,calibration,0.92,6,0.7,0.8528864059590316,-0.7448789571694555,13.233120229260168,0.7039106145251397,0.012416749916749917,0.012416749916749917,-0.7448789571694555,3,13.233120229260168
random_no_feedback,calibration,0.92,6,0.8,0.8528864059590316,-0.7448789571694555,14.414707331611865,0.8044692737430168,0.010759311185447549,0.010759311185447549,-0.7448789571694555,3,14.414707331611865
random_no_feedback,calibration,0.92,6,0.9,0.851024208566108,-0.9310986964618221,16.6736609162593,0.9050279329608939,0.011791773111113442,0.011791773111113442,-0.9310986964618221,3,16.6736609162593
random_no_feedback,calibration,0.92,6,1.0,0.8491620111731844,-1.1173184357541888,17.83042158312005,1.0,0.012987012987012988,0.012987012987012988,-1.1173184357541888,3,17.83042158312005
random_no_feedback,calibration,0.92,7,0.1,0.8603351955307262,0.0,1.4792522832129322,0.1005586592178771,0.0,0.0,0.0,3,1.4792522832129322
random_no_feedback,calibration,0.92,7,0.2,0.8603351955307262,0.0,4.6648494219977374,0.2011173184357542,0.0,0.0,0.0,3,4.6648494219977374
random_no_feedback,calibration,0.92,7,0.3,0.8603351955307262,0.0,6.946613081893216,0.3016759776536313,0.0,0.0,0.0,3,6.946613081893216
random_no_feedback,calibration,0.92,7,0.4,0.8603351955307262,0.0,8.183650090925246,0.4022346368715084,0.0,0.0,0.0,3,8.183650090925246
random_no_feedback,calibration,0.92,7,0.5,0.8566108007448789,-0.37243947858472587,9.839081850363392,0.5027932960893855,0.00895863395863396,0.00895863395863396,-0.37243947858472587,3,9.839081850363392
random_no_feedback,calibration,0.92,7,0.6,0.8547486033519553,-0.5586592178770888,11.292499517963888,0.6033519553072626,0.010932420605151288,0.010932420605151288,-0.5586592178770888,3,11.292499517963888
random_no_feedback,calibration,0.92,7,0.7,0.8528864059590316,-0.7448789571694555,13.192162911825834,0.7039106145251397,0.012416749916749917,0.012416749916749917,-0.7448789571694555,3,13.192162911825834
random_no_feedback,calibration,0.92,7,0.8,0.8528864059590316,-0.7448789571694555,14.370095361237249,0.8044692737430168,0.010759311185447549,0.010759311185447549,-0.7448789571694555,3,14.370095361237249
random_no_feedback,calibration,0.92,7,0.9,0.851024208566108,-0.9310986964618221,16.62035339233708,0.9050279329608939,0.011791773111113442,0.011791773111113442,-0.9310986964618221,3,16.62035339233708
random_no_feedback,calibration,0.92,7,1.0,0.8491620111731844,-1.1173184357541888,17.76841850565023,1.0,0.012987012987012988,0.012987012987012988,-1.1173184357541888,3,17.76841850565023
random_no_feedback,calibration,0.92,8,0.1,0.8603351955307262,0.0,1.4268269168969838,0.1005586592178771,0.0,0.0,0.0,3,1.4268269168969838
random_no_feedback,calibration,0.92,8,0.2,0.8603351955307262,0.0,3.7530765246518993,0.2011173184357542,0.0,0.0,0.0,3,3.7530765246518993
random_no_feedback,calibration,0.92,8,0.3,0.8603351955307262,0.0,5.947002491465129,0.3016759776536313,0.0,0.0,0.0,3,5.947002491465129
random_no_feedback,calibration,0.92,8,0.4,0.8603351955307262,0.0,7.1050233834777,0.4022346368715084,0.0,0.0,0.0,3,7.1050233834777
random_no_feedback,calibration,0.92,8,0.5,0.8566108007448789,-0.37243947858472587,8.661905536043069,0.5027932960893855,0.00895863395863396,0.00895863395863396,-0.37243947858472587,3,8.661905536043069
random_no_feedback,calibration,0.92,8,0.6,0.8547486033519553,-0.5586592178770888,10.057226824144413,0.6033519553072626,0.010932420605151288,0.010932420605151288,-0.5586592178770888,3,10.057226824144413
random_no_feedback,calibration,0.92,8,0.7,0.8528864059590316,-0.7448789571694555,11.501318825621395,0.7039106145251397,0.012416749916749917,0.012416749916749917,-0.7448789571694555,3,11.501318825621395
random_no_feedback,calibration,0.92,8,0.8,0.8528864059590316,-0.7448789571694555,12.635269417234092,0.8044692737430168,0.010759311185447549,0.010759311185447549,-0.7448789571694555,3,12.635269417234092
random_no_feedback,calibration,0.92,8,0.9,0.851024208566108,-0.9310986964618221,14.837512870049366,0.9050279329608939,0.011791773111113442,0.011791773111113442,-0.9310986964618221,3,14.837512870049366
random_no_feedback,calibration,0.92,8,1.0,0.8491620111731844,-1.1173184357541888,15.891691209551517,1.0,0.012987012987012988,0.012987012987012988,-1.1173184357541888,3,15.891691209551517
random_no_feedback,calibration,0.95,4,0.1,0.8603351955307262,0.0,1.3794424511883359,0.1005586592178771,0.0,0.0,0.0,3,1.3794424511883359
random_no_feedback,calibration,0.95,4,0.2,0.8603351955307262,0.0,4.274557692477343,0.2011173184357542,0.0,0.0,0.0,3,4.274557692477343
random_no_feedback,calibration,0.95,4,0.3,0.8603351955307262,0.0,6.359852251203206,0.3016759776536313,0.0,0.0,0.0,3,6.359852251203206
random_no_feedback,calibration,0.95,4,0.4,0.8603351955307262,0.0,7.468472317264208,0.4022346368715084,0.0,0.0,0.0,3,7.468472317264208
random_no_feedback,calibration,0.95,4,0.5,0.8566108007448789,-0.37243947858472587,8.906011147951698,0.5027932960893855,0.00895863395863396,0.00895863395863396,-0.37243947858472587,3,8.906011147951698
random_no_feedback,calibration,0.95,4,0.6,0.8547486033519553,-0.5586592178770888,10.20429509936246,0.6033519553072626,0.010932420605151288,0.010932420605151288,-0.5586592178770888,3,10.20429509936246
random_no_feedback,calibration,0.95,4,0.7,0.8528864059590316,-0.7448789571694555,11.918957440936403,0.7039106145251397,0.012416749916749917,0.012416749916749917,-0.7448789571694555,3,11.918957440936403
random_no_feedback,calibration,0.95,4,0.8,0.8528864059590316,-0.7448789571694555,12.92650744982099,0.8044692737430168,0.010759311185447549,0.010759311185447549,-0.7448789571694555,3,12.92650744982099
random_no_feedback,calibration,0.95,4,0.9,0.851024208566108,-0.9310986964618221,14.939087017286512,0.9050279329608939,0.011791773111113442,0.011791773111113442,-0.9310986964618221,3,14.939087017286512
random_no_feedback,calibration,0.95,4,1.0,0.8491620111731844,-1.1173184357541888,15.932900572016194,1.0,0.012987012987012988,0.012987012987012988,-1.1173184357541888,3,15.932900572016194
random_no_feedback,calibration,0.95,5,0.1,0.8603351955307262,0.0,1.3794424511883359,0.1005586592178771,0.0,0.0,0.0,3,1.3794424511883359
random_no_feedback,calibration,0.95,5,0.2,0.8603351955307262,0.0,4.274557692477343,0.2011173184357542,0.0,0.0,0.0,3,4.274557692477343
random_no_feedback,calibration,0.95,5,0.3,0.8603351955307262,0.0,6.359852251203206,0.3016759776536313,0.0,0.0,0.0,3,6.359852251203206
random_no_feedback,calibration,0.95,5,0.4,0.8603351955307262,0.0,7.468472317264208,0.4022346368715084,0.0,0.0,0.0,3,7.468472317264208
random_no_feedback,calibration,0.95,5,0.5,0.8566108007448789,-0.37243947858472587,8.906011147951698,0.5027932960893855,0.00895863395863396,0.00895863395863396,-0.37243947858472587,3,8.906011147951698
random_no_feedback,calibration,0.95,5,0.6,0.8547486033519553,-0.5586592178770888,10.20429509936246,0.6033519553072626,0.010932420605151288,0.010932420605151288,-0.5586592178770888,3,10.20429509936246
random_no_feedback,calibration,0.95,5,0.7,0.8528864059590316,-0.7448789571694555,11.918957440936403,0.7039106145251397,0.012416749916749917,0.012416749916749917,-0.7448789571694555,3,11.918957440936403
random_no_feedback,calibration,0.95,5,0.8,0.8528864059590316,-0.7448789571694555,12.92650744982099,0.8044692737430168,0.010759311185447549,0.010759311185447549,-0.7448789571694555,3,12.92650744982099
random_no_feedback,calibration,0.95,5,0.9,0.851024208566108,-0.9310986964618221,14.939087017286512,0.9050279329608939,0.011791773111113442,0.011791773111113442,-0.9310986964618221,3,14.939087017286512
random_no_feedback,calibration,0.95,5,1.0,0.8491620111731844,-1.1173184357541888,15.932900572016194,1.0,0.012987012987012988,0.012987012987012988,-1.1173184357541888,3,15.932900572016194
random_no_feedback,calibration,0.95,6,0.1,0.8603351955307262,0.0,1.3794424511883359,0.1005586592178771,0.0,0.0,0.0,3,1.3794424511883359
random_no_feedback,calibration,0.95,6,0.2,0.8603351955307262,0.0,4.274557692477343,0.2011173184357542,0.0,0.0,0.0,3,4.274557692477343
random_no_feedback,calibration,0.95,6,0.3,0.8603351955307262,0.0,6.359852251203206,0.3016759776536313,0.0,0.0,0.0,3,6.359852251203206
random_no_feedback,calibration,0.95,6,0.4,0.8603351955307262,0.0,7.468472317264208,0.4022346368715084,0.0,0.0,0.0,3,7.468472317264208
random_no_feedback,calibration,0.95,6,0.5,0.8566108007448789,-0.37243947858472587,8.906011147951698,0.5027932960893855,0.00895863395863396,0.00895863395863396,-0.37243947858472587,3,8.906011147951698
random_no_feedback,calibration,0.95,6,0.6,0.8547486033519553,-0.5586592178770888,10.20429509936246,0.6033519553072626,0.010932420605151288,0.010932420605151288,-0.5586592178770888,3,10.20429509936246
random_no_feedback,calibration,0.95,6,0.7,0.8528864059590316,-0.7448789571694555,11.918957440936403,0.7039106145251397,0.012416749916749917,0.012416749916749917,-0.7448789571694555,3,11.918957440936403
random_no_feedback,calibration,0.95,6,0.8,0.8528864059590316,-0.7448789571694555,12.92650744982099,0.8044692737430168,0.010759311185447549,0.010759311185447549,-0.7448789571694555,3,12.92650744982099
random_no_feedback,calibration,0.95,6,0.9,0.851024208566108,-0.9310986964618221,14.939087017286512,0.9050279329608939,0.011791773111113442,0.011791773111113442,-0.9310986964618221,3,14.939087017286512
random_no_feedback,calibration,0.95,6,1.0,0.8491620111731844,-1.1173184357541888,15.932900572016194,1.0,0.012987012987012988,0.012987012987012988,-1.1173184357541888,3,15.932900572016194
random_no_feedback,calibration,0.95,7,0.1,0.8603351955307262,0.0,1.3794424511883359,0.1005586592178771,0.0,0.0,0.0,3,1.3794424511883359
random_no_feedback,calibration,0.95,7,0.2,0.8603351955307262,0.0,4.274557692477343,0.2011173184357542,0.0,0.0,0.0,3,4.274557692477343
random_no_feedback,calibration,0.95,7,0.3,0.8603351955307262,0.0,6.359852251203206,0.3016759776536313,0.0,0.0,0.0,3,6.359852251203206
random_no_feedback,calibration,0.95,7,0.4,0.8603351955307262,0.0,7.468472317264208,0.4022346368715084,0.0,0.0,0.0,3,7.468472317264208
random_no_feedback,calibration,0.95,7,0.5,0.8566108007448789,-0.37243947858472587,8.906011147951698,0.5027932960893855,0.00895863395863396,0.00895863395863396,-0.37243947858472587,3,8.906011147951698
random_no_feedback,calibration,0.95,7,0.6,0.8547486033519553,-0.5586592178770888,10.20429509936246,0.6033519553072626,0.010932420605151288,0.010932420605151288,-0.5586592178770888,3,10.20429509936246
random_no_feedback,calibration,0.95,7,0.7,0.8528864059590316,-0.7448789571694555,11.918957440936403,0.7039106145251397,0.012416749916749917,0.012416749916749917,-0.7448789571694555,3,11.918957440936403
random_no_feedback,calibration,0.95,7,0.8,0.8528864059590316,-0.7448789571694555,12.92650744982099,0.8044692737430168,0.010759311185447549,0.010759311185447549,-0.7448789571694555,3,12.92650744982099
random_no_feedback,calibration,0.95,7,0.9,0.851024208566108,-0.9310986964618221,14.939087017286512,0.9050279329608939,0.011791773111113442,0.011791773111113442,-0.9310986964618221,3,14.939087017286512
random_no_feedback,calibration,0.95,7,1.0,0.8491620111731844,-1.1173184357541888,15.932900572016194,1.0,0.012987012987012988,0.012987012987012988,-1.1173184357541888,3,15.932900572016194
random_no_feedback,calibration,0.95,8,0.1,0.8603351955307262,0.0,1.34667659724087,0.1005586592178771,0.0,0.0,0.0,3,1.34667659724087
random_no_feedback,calibration,0.95,8,0.2,0.8603351955307262,0.0,3.393660311351236,0.2011173184357542,0.0,0.0,0.0,3,3.393660311351236
random_no_feedback,calibration,0.95,8,0.3,0.8603351955307262,0.0,5.442912430734881,0.3016759776536313,0.0,0.0,0.0,3,5.442912430734881
random_no_feedback,calibration,0.95,8,0.4,0.8603351955307262,0.0,6.496586680176287,0.4022346368715084,0.0,0.0,0.0,3,6.496586680176287
random_no_feedback,calibration,0.95,8,0.5,0.8566108007448789,-0.37243947858472587,7.906904647584345,0.5027932960893855,0.00895863395863396,0.00895863395863396,-0.37243947858472587,3,7.906904647584345
random_no_feedback,calibration,0.95,8,0.6,0.8547486033519553,-0.5586592178770888,9.205188598995104,0.6033519553072626,0.010932420605151288,0.010932420605151288,-0.5586592178770888,3,9.205188598995104
random_no_feedback,calibration,0.95,8,0.7,0.8528864059590316,-0.7448789571694555,10.492760636615346,0.7039106145251397,0.012416749916749917,0.012416749916749917,-0.7448789571694555,3,10.492760636615346
random_no_feedback,calibration,0.95,8,0.8,0.8528864059590316,-0.7448789571694555,11.487960439012046,0.8044692737430168,0.010759311185447549,0.010759311185447549,-0.7448789571694555,3,11.487960439012046
random_no_feedback,calibration,0.95,8,0.9,0.851024208566108,-0.9310986964618221,13.497263421082817,0.9050279329608939,0.011791773111113442,0.011791773111113442,-0.9310986964618221,3,13.497263421082817
random_no_feedback,calibration,0.95,8,1.0,0.8491620111731844,-1.1173184357541888,14.452009996105907,1.0,0.012987012987012988,0.012987012987012988,-1.1173184357541888,3,14.452009996105907
random_no_feedback,calibration,0.98,4,0.1,0.8603351955307262,0.0,1.0350229171943985,0.1005586592178771,0.0,0.0,0.0,3,1.0350229171943985
random_no_feedback,calibration,0.98,4,0.2,0.8603351955307262,0.0,2.1619162479568668,0.2011173184357542,0.0,0.0,0.0,3,2.1619162479568668
random_no_feedback,calibration,0.98,4,0.3,0.8603351955307262,0.0,3.381562149893713,0.3016759776536313,0.0,0.0,0.0,3,3.381562149893713
random_no_feedback,calibration,0.98,4,0.4,0.8603351955307262,0.0,4.292704934663631,0.4022346368715084,0.0,0.0,0.0,3,4.292704934663631
random_no_feedback,calibration,0.98,4,0.5,0.8566108007448789,-0.37243947858472587,5.447449241281458,0.5027932960893855,0.00895863395863396,0.00895863395863396,-0.37243947858472587,3,5.447449241281458
random_no_feedback,calibration,0.98,4,0.6,0.8547486033519553,-0.5586592178770888,6.486378856446495,0.6033519553072626,0.010932420605151288,0.010932420605151288,-0.5586592178770888,3,6.486378856446495
random_no_feedback,calibration,0.98,4,0.7,0.8528864059590316,-0.7448789571694555,7.664437328373097,0.7039106145251397,0.012416749916749917,0.012416749916749917,-0.7448789571694555,3,7.664437328373097
random_no_feedback,calibration,0.98,4,0.8,0.8528864059590316,-0.7448789571694555,8.500974784154947,0.8044692737430168,0.010759311185447549,0.010759311185447549,-0.7448789571694555,3,8.500974784154947
random_no_feedback,calibration,0.98,4,0.9,0.851024208566108,-0.9310986964618221,9.768635264376343,0.9050279329608939,0.011791773111113442,0.011791773111113442,-0.9310986964618221,3,9.768635264376343
random_no_feedback,calibration,0.98,4,1.0,0.8491620111731844,-1.1173184357541888,10.6267225702544,1.0,0.012987012987012988,0.012987012987012988,-1.1173184357541888,3,10.6267225702544
random_no_feedback,calibration,0.98,5,0.1,0.8603351955307262,0.0,1.0350229171943985,0.1005586592178771,0.0,0.0,0.0,3,1.0350229171943985
random_no_feedback,calibration,0.98,5,0.2,0.8603351955307262,0.0,2.1619162479568668,0.2011173184357542,0.0,0.0,0.0,3,2.1619162479568668
random_no_feedback,calibration,0.98,5,0.3,0.8603351955307262,0.0,3.381562149893713,0.3016759776536313,0.0,0.0,0.0,3,3.381562149893713
random_no_feedback,calibration,0.98,5,0.4,0.8603351955307262,0.0,4.292704934663631,0.4022346368715084,0.0,0.0,0.0,3,4.292704934663631
random_no_feedback,calibration,0.98,5,0.5,0.8566108007448789,-0.37243947858472587,5.447449241281458,0.5027932960893855,0.00895863395863396,0.00895863395863396,-0.37243947858472587,3,5.447449241281458
random_no_feedback,calibration,0.98,5,0.6,0.8547486033519553,-0.5586592178770888,6.486378856446495,0.6033519553072626,0.010932420605151288,0.010932420605151288,-0.5586592178770888,3,6.486378856446495
random_no_feedback,calibration,0.98,5,0.7,0.8528864059590316,-0.7448789571694555,7.664437328373097,0.7039106145251397,0.012416749916749917,0.012416749916749917,-0.7448789571694555,3,7.664437328373097
random_no_feedback,calibration,0.98,5,0.8,0.8528864059590316,-0.7448789571694555,8.500974784154947,0.8044692737430168,0.010759311185447549,0.010759311185447549,-0.7448789571694555,3,8.500974784154947
random_no_feedback,calibration,0.98,5,0.9,0.851024208566108,-0.9310986964618221,9.768635264376343,0.9050279329608939,0.011791773111113442,0.011791773111113442,-0.9310986964618221,3,9.768635264376343
random_no_feedback,calibration,0.98,5,1.0,0.8491620111731844,-1.1173184357541888,10.6267225702544,1.0,0.012987012987012988,0.012987012987012988,-1.1173184357541888,3,10.6267225702544
random_no_feedback,calibration,0.98,6,0.1,0.8603351955307262,0.0,1.0350229171943985,0.1005586592178771,0.0,0.0,0.0,3,1.0350229171943985
random_no_feedback,calibration,0.98,6,0.2,0.8603351955307262,0.0,2.1619162479568668,0.2011173184357542,0.0,0.0,0.0,3,2.1619162479568668
random_no_feedback,calibration,0.98,6,0.3,0.8603351955307262,0.0,3.381562149893713,0.3016759776536313,0.0,0.0,0.0,3,3.381562149893713
random_no_feedback,calibration,0.98,6,0.4,0.8603351955307262,0.0,4.292704934663631,0.4022346368715084,0.0,0.0,0.0,3,4.292704934663631
random_no_feedback,calibration,0.98,6,0.5,0.8566108007448789,-0.37243947858472587,5.447449241281458,0.5027932960893855,0.00895863395863396,0.00895863395863396,-0.37243947858472587,3,5.447449241281458
random_no_feedback,calibration,0.98,6,0.6,0.8547486033519553,-0.5586592178770888,6.486378856446495,0.6033519553072626,0.010932420605151288,0.010932420605151288,-0.5586592178770888,3,6.486378856446495
random_no_feedback,calibration,0.98,6,0.7,0.8528864059590316,-0.7448789571694555,7.664437328373097,0.7039106145251397,0.012416749916749917,0.012416749916749917,-0.7448789571694555,3,7.664437328373097
random_no_feedback,calibration,0.98,6,0.8,0.8528864059590316,-0.7448789571694555,8.500974784154947,0.8044692737430168,0.010759311185447549,0.010759311185447549,-0.7448789571694555,3,8.500974784154947
random_no_feedback,calibration,0.98,6,0.9,0.851024208566108,-0.9310986964618221,9.768635264376343,0.9050279329608939,0.011791773111113442,0.011791773111113442,-0.9310986964618221,3,9.768635264376343
random_no_feedback,calibration,0.98,6,1.0,0.8491620111731844,-1.1173184357541888,10.6267225702544,1.0,0.012987012987012988,0.012987012987012988,-1.1173184357541888,3,10.6267225702544
random_no_feedback,calibration,0.98,7,0.1,0.8603351955307262,0.0,1.0350229171943985,0.1005586592178771,0.0,0.0,0.0,3,1.0350229171943985
random_no_feedback,calibration,0.98,7,0.2,0.8603351955307262,0.0,2.1619162479568668,0.2011173184357542,0.0,0.0,0.0,3,2.1619162479568668
random_no_feedback,calibration,0.98,7,0.3,0.8603351955307262,0.0,3.381562149893713,0.3016759776536313,0.0,0.0,0.0,3,3.381562149893713
random_no_feedback,calibration,0.98,7,0.4,0.8603351955307262,0.0,4.292704934663631,0.4022346368715084,0.0,0.0,0.0,3,4.292704934663631
random_no_feedback,calibration,0.98,7,0.5,0.8566108007448789,-0.37243947858472587,5.447449241281458,0.5027932960893855,0.00895863395863396,0.00895863395863396,-0.37243947858472587,3,5.447449241281458
random_no_feedback,calibration,0.98,7,0.6,0.8547486033519553,-0.5586592178770888,6.486378856446495,0.6033519553072626,0.010932420605151288,0.010932420605151288,-0.5586592178770888,3,6.486378856446495
random_no_feedback,calibration,0.98,7,0.7,0.8528864059590316,-0.7448789571694555,7.664437328373097,0.7039106145251397,0.012416749916749917,0.012416749916749917,-0.7448789571694555,3,7.664437328373097
random_no_feedback,calibration,0.98,7,0.8,0.8528864059590316,-0.7448789571694555,8.500974784154947,0.8044692737430168,0.010759311185447549,0.010759311185447549,-0.7448789571694555,3,8.500974784154947
random_no_feedback,calibration,0.98,7,0.9,0.851024208566108,-0.9310986964618221,9.768635264376343,0.9050279329608939,0.011791773111113442,0.011791773111113442,-0.9310986964618221,3,9.768635264376343
random_no_feedback,calibration,0.98,7,1.0,0.8491620111731844,-1.1173184357541888,10.6267225702544,1.0,0.012987012987012988,0.012987012987012988,-1.1173184357541888,3,10.6267225702544
random_no_feedback,calibration,0.98,8,0.1,0.8603351955307262,0.0,1.0209083954939506,0.1005586592178771,0.0,0.0,0.0,3,1.0209083954939506
random_no_feedback,calibration,0.98,8,0.2,0.8603351955307262,0.0,2.147801726256423,0.2011173184357542,0.0,0.0,0.0,3,2.147801726256423
random_no_feedback,calibration,0.98,8,0.3,0.8603351955307262,0.0,3.3674476281932617,0.3016759776536313,0.0,0.0,0.0,3,3.3674476281932617
random_no_feedback,calibration,0.98,8,0.4,0.8603351955307262,0.0,4.264475891262738,0.4022346368715084,0.0,0.0,0.0,3,4.264475891262738
random_no_feedback,calibration,0.98,8,0.5,0.8566108007448789,-0.37243947858472587,5.405105676180111,0.5027932960893855,0.00895863395863396,0.00895863395863396,-0.37243947858472587,3,5.405105676180111
random_no_feedback,calibration,0.98,8,0.6,0.8547486033519553,-0.5586592178770888,6.444035291345159,0.6033519553072626,0.010932420605151288,0.010932420605151288,-0.5586592178770888,3,6.444035291345159
random_no_feedback,calibration,0.98,8,0.7,0.8528864059590316,-0.7448789571694555,7.622093763271754,0.7039106145251397,0.012416749916749917,0.012416749916749917,-0.7448789571694555,3,7.622093763271754
random_no_feedback,calibration,0.98,8,0.8,0.8528864059590316,-0.7448789571694555,8.458631219053602,0.8044692737430168,0.010759311185447549,0.010759311185447549,-0.7448789571694555,3,8.458631219053602
random_no_feedback,calibration,0.98,8,0.9,0.851024208566108,-0.9310986964618221,9.726291699274995,0.9050279329608939,0.011791773111113442,0.011791773111113442,-0.9310986964618221,3,9.726291699274995
random_no_feedback,calibration,0.98,8,1.0,0.8491620111731844,-1.1173184357541888,10.584379005153066,1.0,0.012987012987012988,0.012987012987012988,-1.1173184357541888,3,10.584379005153066
random_no_feedback,test,0.75,4,0.1,0.8641087130295764,-0.6394884092725853,3.136282569924742,0.10631494804156674,0.06797138047138047,0.06797138047138047,-0.6394884092725853,3,3.136282569924742
random_no_feedback,test,0.75,4,0.2,0.8601119104716227,-1.0391686650679504,5.94561529427117,0.1894484412470024,0.06609869947655281,0.06609869947655281,-1.0391686650679504,3,5.94561529427117
random_no_feedback,test,0.75,4,0.3,0.8553157474020784,-1.5187849720223838,9.777121666884156,0.3069544364508393,0.060496751049033085,0.060496751049033085,-1.5187849720223838,3,9.777121666884156
random_no_feedback,test,0.75,4,0.4,0.8529176658673062,-1.7585931254996006,12.880888685893243,0.407673860911271,0.05110753023300022,0.05110753023300022,-1.7585931254996006,3,12.880888685893243
random_no_feedback,test,0.75,4,0.5,0.8497202238209433,-2.078337330135893,16.106181217103828,0.5115907274180655,0.04767775911300472,0.04767775911300472,-2.078337330135893,3,16.106181217103828
random_no_feedback,test,0.75,4,0.6,0.8473221422861711,-2.31814548361311,18.549360563747875,0.595523581135092,0.04570444962615987,0.04570444962615987,-2.31814548361311,3,18.549360563747875
random_no_feedback,test,0.75,4,0.7,0.8457234212629896,-2.478017585931258,20.647701074426895,0.6690647482014389,0.043424671380049254,0.043424671380049254,-2.478017585931258,3,20.647701074426895
random_no_feedback,test,0.75,4,0.8,0.8433253397282174,-2.7178257394084784,23.474379050850402,0.771382893685052,0.040850888062783974,0.040850888062783974,-2.7178257394084784,3,23.474379050850402
random_no_feedback,test,0.75,4,0.9,0.8401278976818545,-3.0375699440447677,26.537583191961364,0.8745003996802558,0.03986885656504618,0.03986885656504618,-3.0375699440447677,3,26.537583191961364
random_no_feedback,test,0.75,4,1.0,0.8369304556354916,-3.3573141486810565,30.832735221192742,1.0,0.03856749311294766,0.03856749311294766,-3.3573141486810565,3,30.832735221192742
random_no_feedback,test,0.75,5,0.1,0.8641087130295764,-0.6394884092725853,3.1040388881638994,0.10631494804156674,0.06797138047138047,0.06797138047138047,-0.6394884092725853,3,3.1040388881638994
random_no_feedback,test,0.75,5,0.2,0.8601119104716227,-1.0391686650679504,5.903856192091861,0.1894484412470024,0.06609869947655281,0.06609869947655281,-1.0391686650679504,3,5.903856192091861
random_no_feedback,test,0.75,5,0.3,0.8553157474020784,-1.5187849720223838,9.50258819435381,0.3069544364508393,0.060496751049033085,0.060496751049033085,-1.5187849720223838,3,9.50258819435381
random_no_feedback,test,0.75,5,0.4,0.8529176658673062,-1.7585931254996006,12.527295663143239,0.407673860911271,0.05110753023300022,0.05110753023300022,-1.7585931254996006,3,12.527295663143239
random_no_feedback,test,0.75,5,0.5,0.8497202238209433,-2.078337330135893,15.713819652877458,0.5115907274180655,0.04767775911300472,0.04767775911300472,-2.078337330135893,3,15.713819652877458
random_no_feedback,test,0.75,5,0.6,0.8473221422861711,-2.31814548361311,17.943799208317017,0.595523581135092,0.04570444962615987,0.04570444962615987,-2.31814548361311,3,17.943799208317017
random_no_feedback,test,0.75,5,0.7,0.8457234212629896,-2.478017585931258,19.978739832093606,0.6690647482014389,0.043424671380049254,0.043424671380049254,-2.478017585931258,3,19.978739832093606
random_no_feedback,test,0.75,5,0.8,0.8433253397282174,-2.7178257394084784,22.767519248336153,0.771382893685052,0.040850888062783974,0.040850888062783974,-2.7178257394084784,3,22.767519248336153
random_no_feedback,test,0.75,5,0.9,0.8401278976818545,-3.0375699440447677,25.78662621253643,0.8745003996802558,0.03986885656504618,0.03986885656504618,-3.0375699440447677,3,25.78662621253643
random_no_feedback,test,0.75,5,1.0,0.8369304556354916,-3.3573141486810565,29.8420983948845,1.0,0.03856749311294766,0.03856749311294766,-3.3573141486810565,3,29.8420983948845
random_no_feedback,test,0.75,6,0.1,0.8641087130295764,-0.6394884092725853,3.00002174953237,0.10631494804156674,0.06797138047138047,0.06797138047138047,-0.6394884092725853,3,3.00002174953237
random_no_feedback,test,0.75,6,0.2,0.8601119104716227,-1.0391686650679504,5.705881073556914,0.1894484412470024,0.06609869947655281,0.06609869947655281,-1.0391686650679504,3,5.705881073556914
random_no_feedback,test,0.75,6,0.3,0.8553157474020784,-1.5187849720223838,9.15932619948671,0.3069544364508393,0.060496751049033085,0.060496751049033085,-1.5187849720223838,3,9.15932619948671
random_no_feedback,test,0.75,6,0.4,0.8529176658673062,-1.7585931254996006,11.877474009308798,0.407673860911271,0.05110753023300022,0.05110753023300022,-1.7585931254996006,3,11.877474009308798
random_no_feedback,test,0.75,6,0.5,0.8497202238209433,-2.078337330135893,14.684196789769018,0.5115907274180655,0.04767775911300472,0.04767775911300472,-2.078337330135893,3,14.684196789769018
random_no_feedback,test,0.75,6,0.6,0.8473221422861711,-2.31814548361311,16.809778589760317,0.595523581135092,0.04570444962615987,0.04570444962615987,-2.31814548361311,3,16.809778589760317
random_no_feedback,test,0.75,6,0.7,0.8457234212629896,-2.478017585931258,18.750598112140583,0.6690647482014389,0.043424671380049254,0.043424671380049254,-2.478017585931258,3,18.750598112140583
random_no_feedback,test,0.75,6,0.8,0.8433253397282174,-2.7178257394084784,21.403442950976547,0.771382893685052,0.040850888062783974,0.040850888062783974,-2.7178257394084784,3,21.403442950976547
random_no_feedback,test,0.75,6,0.9,0.8401278976818545,-3.0375699440447677,24.293847057288268,0.8745003996802558,0.03986885656504618,0.03986885656504618,-3.0375699440447677,3,24.293847057288268
random_no_feedback,test,0.75,6,1.0,0.8369304556354916,-3.3573141486810565,28.00045674018008,1.0,0.03856749311294766,0.03856749311294766,-3.3573141486810565,3,28.00045674018008
random_no_feedback,test,0.75,7,0.1,0.8665067945643485,-0.39968025579536864,2.511581625995033,0.10631494804156674,0.04356060606060606,0.04356060606060606,-0.39968025579536864,3,2.511581625995033
random_no_feedback,test,0.75,7,0.2,0.8641087130295763,-0.6394884092725891,4.8428052546870175,0.1894484412470024,0.03946764880470563,0.03946764880470563,-0.6394884092725891,3,4.8428052546870175
random_no_feedback,test,0.75,7,0.3,0.8617106314948041,-0.8792965627498058,7.852994910609416,0.3069544364508393,0.03492760998004182,0.03492760998004182,-0.8792965627498058,3,7.852994910609416
random_no_feedback,test,0.75,7,0.4,0.8601119104716227,-1.0391686650679504,10.18487102527295,0.407673860911271,0.03022471115355115,0.03022471115355115,-1.0391686650679504,3,10.18487102527295
random_no_feedback,test,0.75,7,0.5,0.8569144684252598,-1.3589128697042392,12.590858671538559,0.5115907274180655,0.03125208781772097,0.03125208781772097,-1.3589128697042392,3,12.590858671538559
random_no_feedback,test,0.75,7,0.6,0.8553157474020784,-1.5187849720223838,14.365620514158943,0.595523581135092,0.030053032335279915,0.030053032335279915,-1.5187849720223838,3,14.365620514158943
random_no_feedback,test,0.75,7,0.7,0.8545163868904876,-1.598721023181456,15.969594153725685,0.6690647482014389,0.02802272896236251,0.02802272896236251,-1.598721023181456,3,15.969594153725685
random_no_feedback,test,0.75,7,0.8,0.8521183053557154,-1.8385291766586727,18.2860824742268,0.771382893685052,0.027604295745559684,0.027604295745559684,-1.8385291766586727,3,18.2860824742268
random_no_feedback,test,0.75,7,0.9,0.8489208633093526,-2.1582733812949653,20.86389142633433,0.8745003996802558,0.028314094870692287,0.028314094870692287,-2.1582733812949653,3,20.86389142633433
random_no_feedback,test,0.75,7,1.0,0.8465227817745803,-2.3980815347721895,24.123548218713285,1.0,0.027548209366391185,0.027548209366391185,-2.3980815347721895,3,24.123548218713285
random_no_feedback,test,0.75,8,0.1,0.8673061550759392,-0.3197442046362964,1.7742181043107503,0.10631494804156674,0.03598484848484849,0.03598484848484849,-0.3197442046362964,3,1.7742181043107503
random_no_feedback,test,0.75,8,0.2,0.8657074340527577,-0.47961630695444457,3.432565574840133,0.1894484412470024,0.030143183494324825,0.030143183494324825,-0.47961630695444457,3,3.432565574840133
random_no_feedback,test,0.75,8,0.3,0.8633093525179856,-0.7194244604316613,5.7322523815737885,0.3069544364508393,0.029153370459672267,0.029153370459672267,-0.7194244604316613,3,5.7322523815737885
random_no_feedback,test,0.75,8,0.4,0.8617106314948041,-0.8792965627498058,7.581234503458167,0.407673860911271,0.02584775078856683,0.02584775078856683,-0.8792965627498058,3,7.581234503458167
random_no_feedback,test,0.75,8,0.5,0.8601119104716227,-1.0391686650679504,9.255513506459604,0.5115907274180655,0.02383887955650236,0.02383887955650236,-1.0391686650679504,3,9.255513506459604
random_no_feedback,test,0.75,8,0.6,0.8585131894484412,-1.1990407673860948,10.478924703118878,0.595523581135092,0.02365200883184416,0.02365200883184416,-1.1990407673860948,3,10.478924703118878
random_no_feedback,test,0.75,8,0.7,0.8577138289368506,-1.278976818545167,11.693418591500281,0.6690647482014389,0.02230499898030649,0.02230499898030649,-1.278976818545167,3,11.693418591500281
random_no_feedback,test,0.75,8,0.8,0.8553157474020784,-1.5187849720223838,13.467691069641992,0.771382893685052,0.022775712515489467,0.022775712515489467,-1.5187849720223838,3,13.467691069641992
random_no_feedback,test,0.75,8,0.9,0.8521183053557154,-1.8385291766586727,15.448584105441729,0.8745003996802558,0.02410752738072375,0.02410752738072375,-1.8385291766586727,3,15.448584105441729
random_no_feedback,test,0.75,8,1.0,0.8513189448441247,-1.918465227817745,17.885129844708338,1.0,0.02203856749311295,0.02203856749311295,-1.918465227817745,3,17.885129844708338
random_no_feedback,test,0.8,4,0.1,0.864908073541167,-0.5595523581135131,2.77904650050023,0.10631494804156674,0.05871212121212121,0.05871212121212121,-0.5595523581135131,3,2.77904650050023
random_no_feedback,test,0.8,4,0.2,0.8609112709832134,-0.959232613908878,5.267573622167121,0.1894484412470024,0.06035157303977119,0.06035157303977119,-0.959232613908878,3,5.267573622167121
random_no_feedback,test,0.8,4,0.3,0.8577138289368506,-1.278976818545167,8.62015529166122,0.3069544364508393,0.05113828213798253,0.05113828213798253,-1.278976818545167,3,8.62015529166122
random_no_feedback,test,0.8,4,0.4,0.8553157474020784,-1.5187849720223838,11.350591587280867,0.407673860911271,0.04414659053985053,0.04414659053985053,-1.5187849720223838,3,11.350591587280867
random_no_feedback,test,0.8,4,0.5,0.8521183053557154,-1.8385291766586727,14.1252881813041,0.5115907274180655,0.04220253534791014,0.04220253534791014,-1.8385291766586727,3,14.1252881813041
random_no_feedback,test,0.8,4,0.6,0.8505195843325339,-1.9984012789768208,16.26451781286702,0.595523581135092,0.03945371879793373,0.03945371879793373,-1.9984012789768208,3,16.26451781286702
random_no_feedback,test,0.8,4,0.7,0.8497202238209433,-2.078337330135893,18.053797468354432,0.6690647482014389,0.0363574137326761,0.0363574137326761,-2.078337330135893,3,18.053797468354432
random_no_feedback,test,0.8,4,0.8,0.8473221422861711,-2.31814548361311,20.43825307755883,0.771382893685052,0.03478314745972738,0.03478314745972738,-2.31814548361311,3,20.43825307755883
random_no_feedback,test,0.8,4,0.9,0.8441247002398081,-2.6378896882494063,23.10300578537561,0.8745003996802558,0.034590477713877216,0.034590477713877216,-2.6378896882494063,3,23.10300578537561
random_no_feedback,test,0.8,4,1.0,0.841726618705036,-2.877697841726623,26.824513897951196,1.0,0.03305785123966942,0.03305785123966942,-2.877697841726623,3,26.824513897951196
random_no_feedback,test,0.8,5,0.1,0.864908073541167,-0.5595523581135131,2.772684762277607,0.10631494804156674,0.05871212121212121,0.05871212121212121,-0.5595523581135131,3,2.772684762277607
random_no_feedback,test,0.8,5,0.2,0.8609112709832134,-0.959232613908878,5.261211883944494,0.1894484412470024,0.06035157303977119,0.06035157303977119,-0.959232613908878,3,5.261211883944494
random_no_feedback,test,0.8,5,0.3,0.8577138289368506,-1.278976818545167,8.41831963112793,0.3069544364508393,0.05113828213798253,0.05113828213798253,-1.278976818545167,3,8.41831963112793
random_no_feedback,test,0.8,5,0.4,0.8553157474020784,-1.5187849720223838,11.100961329331415,0.407673860911271,0.04414659053985053,0.04414659053985053,-1.5187849720223838,3,11.100961329331415
random_no_feedback,test,0.8,5,0.5,0.8521183053557154,-1.8385291766586727,13.87261298882073,0.5115907274180655,0.04220253534791014,0.04220253534791014,-1.8385291766586727,3,13.87261298882073
random_no_feedback,test,0.8,5,0.6,0.8505195843325339,-1.9984012789768208,15.824307277393535,0.595523581135092,0.03945371879793373,0.03945371879793373,-1.9984012789768208,3,15.824307277393535
random_no_feedback,test,0.8,5,0.7,0.8497202238209433,-2.078337330135893,17.580908260472395,0.6690647482014389,0.0363574137326761,0.0363574137326761,-2.078337330135893,3,17.580908260472395
random_no_feedback,test,0.8,5,0.8,0.8473221422861711,-2.31814548361311,19.96351515942407,0.771382893685052,0.03478314745972738,0.03478314745972738,-2.31814548361311,3,19.96351515942407
random_no_feedback,test,0.8,5,0.9,0.8441247002398081,-2.6378896882494063,22.599449736830653,0.8745003996802558,0.034590477713877216,0.034590477713877216,-2.6378896882494063,3,22.599449736830653
random_no_feedback,test,0.8,5,1.0,0.841726618705036,-2.877697841726623,26.11591413284614,1.0,0.03305785123966942,0.03305785123966942,-2.877697841726623,3,26.11591413284614
random_no_feedback,test,0.8,6,0.1,0.864908073541167,-0.5595523581135131,2.721790856496579,0.10631494804156674,0.05871212121212121,0.05871212121212121,-0.5595523581135131,3,2.721790856496579
random_no_feedback,test,0.8,6,0.2,0.8609112709832134,-0.959232613908878,5.189438427073808,0.1894484412470024,0.06035157303977119,0.06035157303977119,-0.959232613908878,3,5.189438427073808
random_no_feedback,test,0.8,6,0.3,0.8577138289368506,-1.278976818545167,8.2882574274653,0.3069544364508393,0.05113828213798253,0.05113828213798253,-1.278976818545167,3,8.2882574274653
random_no_feedback,test,0.8,6,0.4,0.8553157474020784,-1.5187849720223838,10.708545391274082,0.407673860911271,0.04414659053985053,0.04414659053985053,-1.5187849720223838,3,10.708545391274082
random_no_feedback,test,0.8,6,0.5,0.8521183053557154,-1.8385291766586727,13.193266344773583,0.5115907274180655,0.04220253534791014,0.04220253534791014,-1.8385291766586727,3,13.193266344773583
random_no_feedback,test,0.8,6,0.6,0.8505195843325339,-1.9984012789768208,15.088738092131008,0.595523581135092,0.03945371879793373,0.03945371879793373,-1.9984012789768208,3,15.088738092131008
random_no_feedback,test,0.8,6,0.7,0.8497202238209433,-2.078337330135893,16.8019487581017,0.6690647482014389,0.0363574137326761,0.0363574137326761,-2.078337330135893,3,16.8019487581017
random_no_feedback,test,0.8,6,0.8,0.8473221422861711,-2.31814548361311,19.132465526991172,0.771382893685052,0.03478314745972738,0.03478314745972738,-2.31814548361311,3,19.132465526991172
random_no_feedback,test,0.8,6,0.9,0.8441247002398081,-2.6378896882494063,21.732078385314708,0.8745003996802558,0.034590477713877216,0.034590477713877216,-2.6378896882494063,3,21.732078385314708
random_no_feedback,test,0.8,6,1.0,0.841726618705036,-2.877697841726623,24.98760276654052,1.0,0.03305785123966942,0.03305785123966942,-2.877697841726623,3,24.98760276654052
random_no_feedback,test,0.8,7,0.1,0.8665067945643485,-0.39968025579536864,2.322360694245066,0.10631494804156674,0.04356060606060606,0.04356060606060606,-0.39968025579536864,3,2.322360694245066
random_no_feedback,test,0.8,7,0.2,0.8641087130295763,-0.6394884092725891,4.537496193831825,0.1894484412470024,0.03946764880470563,0.03946764880470563,-0.6394884092725891,3,4.537496193831825
random_no_feedback,test,0.8,7,0.3,0.8617106314948041,-0.8792965627498058,7.341337161251027,0.3069544364508393,0.03492760998004182,0.03492760998004182,-0.8792965627498058,3,7.341337161251027
random_no_feedback,test,0.8,7,0.4,0.8601119104716227,-1.0391686650679504,9.48089303579972,0.407673860911271,0.03022471115355115,0.03022471115355115,-1.0391686650679504,3,9.48089303579972
random_no_feedback,test,0.8,7,0.5,0.8569144684252598,-1.3589128697042392,11.68047761973117,0.5115907274180655,0.03125208781772097,0.03125208781772097,-1.3589128697042392,3,11.68047761973117
random_no_feedback,test,0.8,7,0.6,0.8553157474020784,-1.5187849720223838,13.306635782330673,0.595523581135092,0.030053032335279915,0.030053032335279915,-1.5187849720223838,3,13.306635782330673
random_no_feedback,test,0.8,7,0.7,0.8545163868904876,-1.598721023181456,14.739059985210309,0.6690647482014389,0.02802272896236251,0.02802272896236251,-1.598721023181456,3,14.739059985210309
random_no_feedback,test,0.8,7,0.8,0.8521183053557154,-1.8385291766586727,16.857845056331286,0.771382893685052,0.027604295745559684,0.027604295745559684,-1.8385291766586727,3,16.857845056331286
random_no_feedback,test,0.8,7,0.9,0.8489208633093526,-2.1582733812949653,19.22832659097829,0.8745003996802558,0.028314094870692287,0.028314094870692287,-2.1582733812949653,3,19.22832659097829
random_no_feedback,test,0.8,7,1.0,0.8465227817745803,-2.3980815347721895,22.207196920266203,1.0,0.027548209366391185,0.027548209366391185,-2.3980815347721895,3,22.207196920266203
random_no_feedback,test,0.8,8,0.1,0.8673061550759392,-0.3197442046362964,1.7249554134586065,0.10631494804156674,0.03598484848484849,0.03598484848484849,-0.3197442046362964,3,1.7249554134586065
random_no_feedback,test,0.8,8,0.2,0.8657074340527577,-0.47961630695444457,3.351983557353514,0.1894484412470024,0.030143183494324825,0.030143183494324825,-0.47961630695444457,3,3.351983557353514
random_no_feedback,test,0.8,8,0.3,0.8633093525179856,-0.7194244604316613,5.597949019096079,0.3069544364508393,0.029153370459672267,0.029153370459672267,-0.7194244604316613,3,5.597949019096079
random_no_feedback,test,0.8,8,0.4,0.8617106314948041,-0.8792965627498058,7.361672974031056,0.407673860911271,0.02584775078856683,0.02584775078856683,-0.8792965627498058,3,7.361672974031056
random_no_feedback,test,0.8,8,0.5,0.8601119104716227,-1.0391686650679504,8.975433903171071,0.5115907274180655,0.02383887955650236,0.02383887955650236,-1.0391686650679504,3,8.975433903171071
random_no_feedback,test,0.8,8,0.6,0.8585131894484412,-1.1990407673860948,10.150941754752267,0.595523581135092,0.02365200883184416,0.02365200883184416,-1.1990407673860948,3,10.150941754752267
random_no_feedback,test,0.8,8,0.7,0.8577138289368506,-1.278976818545167,11.312693027099908,0.6690647482014389,0.02230499898030649,0.02230499898030649,-1.278976818545167,3,11.312693027099908
random_no_feedback,test,0.8,8,0.8,0.8553157474020784,-1.5187849720223838,13.018835095045455,0.771382893685052,0.022775712515489467,0.022775712515489467,-1.5187849720223838,3,13.018835095045455
random_no_feedback,test,0.8,8,0.9,0.8521183053557154,-1.8385291766586727,14.916644917134274,0.8745003996802558,0.02410752738072375,0.02410752738072375,-1.8385291766586727,3,14.916644917134274
random_no_feedback,test,0.8,8,1.0,0.8513189448441247,-1.918465227817745,17.213558658488836,1.0,0.02203856749311295,0.02203856749311295,-1.918465227817745,3,17.213558658488836
random_no_feedback,test,0.85,4,0.1,0.8665067945643485,-0.3996802557953649,2.468952542520327,0.10631494804156674,0.04071969696969697,0.04071969696969697,-0.3996802557953649,3,2.468952542520327
random_no_feedback,test,0.85,4,0.2,0.8633093525179856,-0.7194244604316613,4.648962547305231,0.1894484412470024,0.04527998129260878,0.04527998129260878,-0.7194244604316613,3,4.648962547305231
random_no_feedback,test,0.85,4,0.3,0.8609112709832134,-0.959232613908878,7.551002653442947,0.3069544364508393,0.03819558383625097,0.03819558383625097,-0.959232613908878,3,7.551002653442947
random_no_feedback,test,0.85,4,0.4,0.8593125499600319,-1.1191047162270225,9.834268563225882,0.407673860911271,0.03260566353450353,0.03260566353450353,-1.1191047162270225,3,9.834268563225882
random_no_feedback,test,0.85,4,0.5,0.8577138289368506,-1.278976818545167,12.218397929444514,0.5115907274180655,0.02950125883847369,0.02950125883847369,-1.278976818545167,3,12.218397929444514
random_no_feedback,test,0.85,4,0.6,0.8569144684252598,-1.3589128697042392,14.112129714211134,0.595523581135092,0.02675278402564261,0.02675278402564261,-1.3589128697042392,3,14.112129714211134
random_no_feedback,test,0.85,4,0.7,0.8561151079136691,-1.4388489208633115,15.614043673061026,0.6690647482014389,0.025004054310940767,0.025004054310940767,-1.4388489208633115,3,15.614043673061026
random_no_feedback,test,0.85,4,0.8,0.8545163868904876,-1.598721023181456,17.544586541389357,0.771382893685052,0.024014869888475836,0.024014869888475836,-1.598721023181456,3,17.544586541389357
random_no_feedback,test,0.85,4,0.9,0.8521183053557154,-1.8385291766586727,19.76668189133934,0.8745003996802558,0.02410752738072375,0.02410752738072375,-1.8385291766586727,3,19.76668189133934
random_no_feedback,test,0.85,4,1.0,0.8513189448441247,-1.918465227817745,22.889207882030536,1.0,0.02203856749311295,0.02203856749311295,-1.918465227817745,3,22.889207882030536
random_no_feedback,test,0.85,5,0.1,0.8665067945643485,-0.3996802557953649,2.468952542520327,0.10631494804156674,0.04071969696969697,0.04071969696969697,-0.3996802557953649,3,2.468952542520327
random_no_feedback,test,0.85,5,0.2,0.8633093525179856,-0.7194244604316613,4.648962547305231,0.1894484412470024,0.04527998129260878,0.04527998129260878,-0.7194244604316613,3,4.648962547305231
random_no_feedback,test,0.85,5,0.3,0.8609112709832134,-0.959232613908878,7.369502805689672,0.3069544364508393,0.03819558383625097,0.03819558383625097,-0.959232613908878,3,7.369502805689672
random_no_feedback,test,0.85,5,0.4,0.8593125499600319,-1.1191047162270225,9.625799295315144,0.407673860911271,0.03260566353450353,0.03260566353450353,-1.1191047162270225,3,9.625799295315144
random_no_feedback,test,0.85,5,0.5,0.8577138289368506,-1.278976818545167,12.009928661533772,0.5115907274180655,0.02950125883847369,0.02950125883847369,-1.278976818545167,3,12.009928661533772
random_no_feedback,test,0.85,5,0.6,0.8569144684252598,-1.3589128697042392,13.722160598547129,0.595523581135092,0.02675278402564261,0.02675278402564261,-1.3589128697042392,3,13.722160598547129
random_no_feedback,test,0.85,5,0.7,0.8561151079136691,-1.4388489208633115,15.197105137239548,0.6690647482014389,0.025004054310940767,0.025004054310940767,-1.4388489208633115,3,15.197105137239548
random_no_feedback,test,0.85,5,0.8,0.8545163868904876,-1.598721023181456,17.127648005567877,0.771382893685052,0.024014869888475836,0.024014869888475836,-1.598721023181456,3,17.127648005567877
random_no_feedback,test,0.85,5,0.9,0.8521183053557154,-1.8385291766586727,19.32277393536038,0.8745003996802558,0.02410752738072375,0.02410752738072375,-1.8385291766586727,3,19.32277393536038
random_no_feedback,test,0.85,5,1.0,0.8513189448441247,-1.918465227817745,22.245530471094867,1.0,0.02203856749311295,0.02203856749311295,-1.918465227817745,3,22.245530471094867
random_no_feedback,test,0.85,6,0.1,0.8665067945643485,-0.3996802557953649,2.4520966549219128,0.10631494804156674,0.04071969696969697,0.04071969696969697,-0.3996802557953649,3,2.4520966549219128
random_no_feedback,test,0.85,6,0.2,0.8633093525179856,-0.7194244604316613,4.630856061594668,0.1894484412470024,0.04527998129260878,0.04527998129260878,-0.7194244604316613,3,4.630856061594668
random_no_feedback,test,0.85,6,0.3,0.8609112709832134,-0.959232613908878,7.331386750184868,0.3069544364508393,0.03819558383625097,0.03819558383625097,-0.959232613908878,3,7.331386750184868
random_no_feedback,test,0.85,6,0.4,0.8593125499600319,-1.1191047162270225,9.360346252555566,0.407673860911271,0.03260566353450353,0.03260566353450353,-1.1191047162270225,3,9.360346252555566
random_no_feedback,test,0.85,6,0.5,0.8577138289368506,-1.278976818545167,11.504143285919355,0.5115907274180655,0.02950125883847369,0.02950125883847369,-1.278976818545167,3,11.504143285919355
random_no_feedback,test,0.85,6,0.6,0.8569144684252598,-1.3589128697042392,13.188427073817914,0.595523581135092,0.02675278402564261,0.02675278402564261,-1.3589128697042392,3,13.188427073817914
random_no_feedback,test,0.85,6,0.7,0.8561151079136691,-1.4388489208633115,14.643470790378,0.6690647482014389,0.025004054310940767,0.025004054310940767,-1.4388489208633115,3,14.643470790378
random_no_feedback,test,0.85,6,0.8,0.8545163868904876,-1.598721023181456,16.555798425333844,0.771382893685052,0.024014869888475836,0.024014869888475836,-1.598721023181456,3,16.555798425333844
random_no_feedback,test,0.85,6,0.9,0.8521183053557154,-1.8385291766586727,18.746574448649348,0.8745003996802558,0.02410752738072375,0.02410752738072375,-1.8385291766586727,3,18.746574448649348
random_no_feedback,test,0.85,6,1.0,0.8513189448441247,-1.918465227817745,21.456838052981865,1.0,0.02203856749311295,0.02203856749311295,-1.918465227817745,3,21.456838052981865
random_no_feedback,test,0.85,7,0.1,0.86810551558753,-0.23980815347722043,2.159456696681017,0.10631494804156674,0.02556818181818182,0.02556818181818182,-0.23980815347722043,3,2.159456696681017
random_no_feedback,test,0.85,7,0.2,0.8665067945643485,-0.39968025579536864,4.21016573143677,0.1894484412470024,0.024396057057543215,0.024396057057543215,-0.39968025579536864,3,4.21016573143677
random_no_feedback,test,0.85,7,0.3,0.864908073541167,-0.5595523581135168,6.706305189438422,0.3069544364508393,0.02198491167831026,0.02198491167831026,-0.5595523581135168,3,6.706305189438422
random_no_feedback,test,0.85,7,0.4,0.8641087130295763,-0.6394884092725891,8.596557049023442,0.407673860911271,0.018683784148204145,0.018683784148204145,-0.6394884092725891,3,8.596557049023442
random_no_feedback,test,0.85,7,0.5,0.8625099920063949,-0.7993605115907335,10.567771542911819,0.5115907274180655,0.018550811308284527,0.018550811308284527,-0.7993605115907335,3,10.567771542911819
random_no_feedback,test,0.85,7,0.6,0.8617106314948041,-0.8792965627498058,12.065281221453736,0.595523581135092,0.017352097562988795,0.017352097562988795,-0.8792965627498058,3,12.065281221453736
random_no_feedback,test,0.85,7,0.7,0.8609112709832134,-0.959232613908878,13.315281221453738,0.6690647482014389,0.01666936954062718,0.01666936954062718,-0.959232613908878,3,13.315281221453738
random_no_feedback,test,0.85,7,0.8,0.8593125499600319,-1.1191047162270225,15.135227717604069,0.771382893685052,0.01683601817430814,0.01683601817430814,-1.1191047162270225,3,15.135227717604069
random_no_feedback,test,0.85,7,0.9,0.8569144684252598,-1.3589128697042392,17.22818521901779,0.8745003996802558,0.017831144537538823,0.017831144537538823,-1.3589128697042392,3,17.22818521901779
random_no_feedback,test,0.85,7,1.0,0.8561151079136691,-1.4388489208633115,19.750424115881504,1.0,0.01652892561983471,0.01652892561983471,-1.4388489208633115,3,19.750424115881504
random_no_feedback,test,0.85,8,0.1,0.8689048760991207,-0.1598721023181445,1.636761059637204,0.10631494804156674,0.017992424242424244,0.017992424242424244,-0.1598721023181445,3,1.636761059637204
random_no_feedback,test,0.85,8,0.2,0.86810551558753,-0.23980815347721673,3.193320718604542,0.1894484412470024,0.015071591747162412,0.015071591747162412,-0.23980815347721673,3,3.193320718604542
random_no_feedback,test,0.85,8,0.3,0.8665067945643485,-0.39968025579536864,5.317162556005047,0.3069544364508393,0.016210672157940708,0.016210672157940708,-0.39968025579536864,3,5.317162556005047
random_no_feedback,test,0.85,8,0.4,0.8657074340527577,-0.47961630695444085,6.937557092522506,0.407673860911271,0.014306823783219829,0.014306823783219829,-0.47961630695444085,3,6.937557092522506
random_no_feedback,test,0.85,8,0.5,0.8641087130295763,-0.6394884092725891,8.468778546261243,0.5115907274180655,0.014750629419236844,0.014750629419236844,-0.6394884092725891,3,8.468778546261243
random_no_feedback,test,0.85,8,0.6,0.8625099920063949,-0.7993605115907335,9.59964548262212,0.595523581135092,0.01580170996608957,0.01580170996608957,-0.7993605115907335,3,9.59964548262212
random_no_feedback,test,0.85,8,0.7,0.8617106314948041,-0.8792965627498058,10.679999130018702,0.6690647482014389,0.01531984187531004,0.01531984187531004,-0.8792965627498058,3,10.679999130018702
random_no_feedback,test,0.85,8,0.8,0.8593125499600319,-1.1191047162270225,12.260374526947663,0.771382893685052,0.01683601817430814,0.01683601817430814,-1.1191047162270225,3,12.260374526947663
random_no_feedback,test,0.85,8,0.9,0.8569144684252598,-1.3589128697042392,14.01403932315454,0.8745003996802558,0.017831144537538823,0.017831144537538823,-1.3589128697042392,3,14.01403932315454
random_no_feedback,test,0.85,8,1.0,0.8561151079136691,-1.4388489208633115,16.104821871329765,1.0,0.01652892561983471,0.01652892561983471,-1.4388489208633115,3,16.104821871329765
random_no_feedback,test,0.88,4,0.1,0.86810551558753,-0.23980815347722043,2.120960024359464,0.10631494804156674,0.02556818181818182,0.02556818181818182,-0.23980815347722043,3,2.120960024359464
random_no_feedback,test,0.88,4,0.2,0.8673061550759392,-0.3197442046362964,4.0314933228935494,0.1894484412470024,0.018648930620761606,0.018648930620761606,-0.3197442046362964,3,4.0314933228935494
random_no_feedback,test,0.88,4,0.3,0.864908073541167,-0.5595523581135168,6.568685023271988,0.3069544364508393,0.02198491167831026,0.02198491167831026,-0.5595523581135168,3,6.568685023271988
random_no_feedback,test,0.88,4,0.4,0.8641087130295763,-0.6394884092725891,8.400648136065065,0.407673860911271,0.018683784148204145,0.018683784148204145,-0.6394884092725891,3,8.400648136065065
random_no_feedback,test,0.88,4,0.5,0.8617106314948041,-0.8792965627498058,10.311235808430109,0.5115907274180655,0.020225853184331427,0.020225853184331427,-0.8792965627498058,3,10.311235808430109
random_no_feedback,test,0.88,4,0.6,0.8601119104716227,-1.0391686650679504,11.99976075514376,0.595523581135092,0.020502053197416478,0.020502053197416478,-1.0391686650679504,3,11.99976075514376
random_no_feedback,test,0.88,4,0.7,0.8593125499600319,-1.1191047162270225,13.274174605245976,0.6690647482014389,0.019487184260466833,0.019487184260466833,-1.1191047162270225,3,13.274174605245976
random_no_feedback,test,0.88,4,0.8,0.8569144684252598,-1.3589128697042392,14.996574448649342,0.771382893685052,0.020425444031391987,0.020425444031391987,-1.3589128697042392,3,14.996574448649342
random_no_feedback,test,0.88,4,0.9,0.8545163868904876,-1.598721023181456,16.97110574622645,0.8745003996802558,0.020969335959131287,0.020969335959131287,-1.598721023181456,3,16.97110574622645
random_no_feedback,test,0.88,4,1.0,0.8537170263788969,-1.6786570743405282,19.624168080386273,1.0,0.01928374655647383,0.01928374655647383,-1.6786570743405282,3,19.624168080386273
random_no_feedback,test,0.88,5,0.1,0.86810551558753,-0.23980815347722043,2.120960024359464,0.10631494804156674,0.02556818181818182,0.02556818181818182,-0.23980815347722043,3,2.120960024359464
random_no_feedback,test,0.88,5,0.2,0.8673061550759392,-0.3197442046362964,4.0314933228935494,0.1894484412470024,0.018648930620761606,0.018648930620761606,-0.3197442046362964,3,4.0314933228935494
random_no_feedback,test,0.88,5,0.3,0.864908073541167,-0.5595523581135168,6.387185175518713,0.3069544364508393,0.02198491167831026,0.02198491167831026,-0.5595523581135168,3,6.387185175518713
random_no_feedback,test,0.88,5,0.4,0.8641087130295763,-0.6394884092725891,8.219148288311791,0.407673860911271,0.018683784148204145,0.018683784148204145,-0.6394884092725891,3,8.219148288311791
random_no_feedback,test,0.88,5,0.5,0.8617106314948041,-0.8792965627498058,10.129735960676834,0.5115907274180655,0.020225853184331427,0.020225853184331427,-0.8792965627498058,3,10.129735960676834
random_no_feedback,test,0.88,5,0.6,0.8601119104716227,-1.0391686650679504,11.636761059637209,0.595523581135092,0.020502053197416478,0.020502053197416478,-1.0391686650679504,3,11.636761059637209
random_no_feedback,test,0.88,5,0.7,0.8593125499600319,-1.1191047162270225,12.911174909739431,0.6690647482014389,0.019487184260466833,0.019487184260466833,-1.1191047162270225,3,12.911174909739431
random_no_feedback,test,0.88,5,0.8,0.8569144684252598,-1.3589128697042392,14.633574753142808,0.771382893685052,0.020425444031391987,0.020425444031391987,-1.3589128697042392,3,14.633574753142808
random_no_feedback,test,0.88,5,0.9,0.8545163868904876,-1.598721023181456,16.608106050719908,0.8745003996802558,0.020969335959131287,0.020969335959131287,-1.598721023181456,3,16.608106050719908
random_no_feedback,test,0.88,5,1.0,0.8537170263788969,-1.6786570743405282,19.06792378963852,1.0,0.01928374655647383,0.01928374655647383,-1.6786570743405282,3,19.06792378963852
random_no_feedback,test,0.88,6,0.1,0.86810551558753,-0.23980815347722043,2.120960024359464,0.10631494804156674,0.02556818181818182,0.02556818181818182,-0.23980815347722043,3,2.120960024359464
random_no_feedback,test,0.88,6,0.2,0.8673061550759392,-0.3197442046362964,4.0314933228935494,0.1894484412470024,0.018648930620761606,0.018648930620761606,-0.3197442046362964,3,4.0314933228935494
random_no_feedback,test,0.88,6,0.3,0.864908073541167,-0.5595523581135168,6.377289138283519,0.3069544364508393,0.02198491167831026,0.02198491167831026,-0.5595523581135168,3,6.377289138283519
random_no_feedback,test,0.88,6,0.4,0.8641087130295763,-0.6394884092725891,8.209252251076597,0.407673860911271,0.018683784148204145,0.018683784148204145,-0.6394884092725891,3,8.209252251076597
random_no_feedback,test,0.88,6,0.5,0.8617106314948041,-0.8792965627498058,10.11059637217799,0.5115907274180655,0.020225853184331427,0.020225853184331427,-0.8792965627498058,3,10.11059637217799
random_no_feedback,test,0.88,6,0.6,0.8601119104716227,-1.0391686650679504,11.592555135064597,0.595523581135092,0.020502053197416478,0.020502053197416478,-1.0391686650679504,3,11.592555135064597
random_no_feedback,test,0.88,6,0.7,0.8593125499600319,-1.1191047162270225,12.851798686328237,0.6690647482014389,0.019487184260466833,0.019487184260466833,-1.1191047162270225,3,12.851798686328237
random_no_feedback,test,0.88,6,0.8,0.8569144684252598,-1.3589128697042392,14.559028230893023,0.771382893685052,0.020425444031391987,0.020425444031391987,-1.3589128697042392,3,14.559028230893023
random_no_feedback,test,0.88,6,0.9,0.8545163868904876,-1.598721023181456,16.533559528470132,0.8745003996802558,0.020969335959131287,0.020969335959131287,-1.598721023181456,3,16.533559528470132
random_no_feedback,test,0.88,6,1.0,0.8537170263788969,-1.6786570743405282,18.989299230066557,1.0,0.01928374655647383,0.01928374655647383,-1.6786570743405282,3,18.989299230066557
random_no_feedback,test,0.88,7,0.1,0.86810551558753,-0.23980815347722043,1.9407651485492987,0.10631494804156674,0.02556818181818182,0.02556818181818182,-0.23980815347722043,3,1.9407651485492987
random_no_feedback,test,0.88,7,0.2,0.8673061550759392,-0.3197442046362964,3.785016747139932,0.1894484412470024,0.018648930620761606,0.018648930620761606,-0.3197442046362964,3,3.785016747139932
random_no_feedback,test,0.88,7,0.3,0.864908073541167,-0.5595523581135168,6.037887685414756,0.3069544364508393,0.02198491167831026,0.02198491167831026,-0.5595523581135168,3,6.037887685414756
random_no_feedback,test,0.88,7,0.4,0.8641087130295763,-0.6394884092725891,7.79296620122667,0.407673860911271,0.018683784148204145,0.018683784148204145,-0.6394884092725891,3,7.79296620122667
random_no_feedback,test,0.88,7,0.5,0.8617106314948041,-0.8792965627498058,9.58757449214841,0.5115907274180655,0.020225853184331427,0.020225853184331427,-0.8792965627498058,3,9.58757449214841
random_no_feedback,test,0.88,7,0.6,0.8601119104716227,-1.0391686650679504,10.925007612336323,0.595523581135092,0.020502053197416478,0.020502053197416478,-1.0391686650679504,3,10.925007612336323
random_no_feedback,test,0.88,7,0.7,0.8593125499600319,-1.1191047162270225,12.028796380877807,0.6690647482014389,0.019487184260466833,0.019487184260466833,-1.1191047162270225,3,12.028796380877807
random_no_feedback,test,0.88,7,0.8,0.8569144684252598,-1.3589128697042392,13.675779720735992,0.771382893685052,0.020425444031391987,0.020425444031391987,-1.3589128697042392,3,13.675779720735992
random_no_feedback,test,0.88,7,0.9,0.8545163868904876,-1.598721023181456,15.606866327373954,0.8745003996802558,0.020969335959131287,0.020969335959131287,-1.598721023181456,3,15.606866327373954
random_no_feedback,test,0.88,7,1.0,0.8537170263788969,-1.6786570743405282,17.964406890251862,1.0,0.01928374655647383,0.01928374655647383,-1.6786570743405282,3,17.964406890251862
random_no_feedback,test,0.88,8,0.1,0.8689048760991207,-0.1598721023181445,1.5054482578624555,0.10631494804156674,0.017992424242424244,0.017992424242424244,-0.1598721023181445,3,1.5054482578624555
random_no_feedback,test,0.88,8,0.2,0.8689048760991207,-0.1598721023181445,3.0030123102353237,0.1894484412470024,0.009324465310380803,0.009324465310380803,-0.1598721023181445,3,3.0030123102353237
random_no_feedback,test,0.88,8,0.3,0.8665067945643485,-0.39968025579536864,5.010929140023486,0.3069544364508393,0.016210672157940708,0.016210672157940708,-0.39968025579536864,3,5.010929140023486
random_no_feedback,test,0.88,8,0.4,0.8657074340527577,-0.47961630695444085,6.570751228848571,0.407673860911271,0.014306823783219829,0.014306823783219829,-0.47961630695444085,3,6.570751228848571
random_no_feedback,test,0.88,8,0.5,0.8641087130295763,-0.6394884092725891,8.00855844099351,0.5115907274180655,0.014750629419236844,0.014750629419236844,-0.6394884092725891,3,8.00855844099351
random_no_feedback,test,0.88,8,0.6,0.8625099920063949,-0.7993605115907335,9.06863064944103,0.595523581135092,0.01580170996608957,0.01580170996608957,-0.7993605115907335,3,9.06863064944103
random_no_feedback,test,0.88,8,0.7,0.8617106314948041,-0.8792965627498058,10.054373830962634,0.6690647482014389,0.01531984187531004,0.01531984187531004,-0.8792965627498058,3,10.054373830962634
random_no_feedback,test,0.88,8,0.8,0.8593125499600319,-1.1191047162270225,11.552807864630902,0.771382893685052,0.01683601817430814,0.01683601817430814,-1.1191047162270225,3,11.552807864630902
random_no_feedback,test,0.88,8,0.9,0.8569144684252598,-1.3589128697042392,13.232361129235715,0.8745003996802558,0.017831144537538823,0.017831144537538823,-1.3589128697042392,3,13.232361129235715
random_no_feedback,test,0.88,8,1.0,0.8561151079136691,-1.4388489208633115,15.259036930705982,1.0,0.01652892561983471,0.01652892561983471,-1.4388489208633115,3,15.259036930705982
random_no_feedback,test,0.9,4,0.1,0.86810551558753,-0.23980815347722043,1.9067815041976521,0.10631494804156674,0.02556818181818182,0.02556818181818182,-0.23980815347722043,3,1.9067815041976521
random_no_feedback,test,0.9,4,0.2,0.8673061550759392,-0.3197442046362964,3.6673517769367927,0.1894484412470024,0.018648930620761606,0.018648930620761606,-0.3197442046362964,3,3.6673517769367927
random_no_feedback,test,0.9,4,0.3,0.8657074340527577,-0.47961630695444457,6.002218452303269,0.3069544364508393,0.01871693782210111,0.01871693782210111,-0.47961630695444457,3,6.002218452303269
random_no_feedback,test,0.9,4,0.4,0.864908073541167,-0.5595523581135168,7.701563791378478,0.407673860911271,0.016302831767251766,0.016302831767251766,-0.5595523581135168,3,7.701563791378478
random_no_feedback,test,0.9,4,0.5,0.8625099920063949,-0.7993605115907335,9.376712775675323,0.5115907274180655,0.018363655791407776,0.018363655791407776,-0.7993605115907335,3,9.376712775675323
random_no_feedback,test,0.9,4,0.6,0.8609112709832134,-0.959232613908878,10.790106137718036,0.595523581135092,0.018951665600517253,0.018951665600517253,-0.959232613908878,3,10.790106137718036
random_no_feedback,test,0.9,4,0.7,0.8609112709832134,-0.959232613908878,11.816085954151974,0.6690647482014389,0.016870229472209265,0.016870229472209265,-0.959232613908878,3,11.816085954151974
random_no_feedback,test,0.9,4,0.8,0.8593125499600319,-1.1191047162270225,13.33561703423376,0.771382893685052,0.01683601817430814,0.01683601817430814,-1.1191047162270225,3,13.33561703423376
random_no_feedback,test,0.9,4,0.9,0.8569144684252598,-1.3589128697042392,15.142948801600765,0.8745003996802558,0.017831144537538823,0.017831144537538823,-1.3589128697042392,3,15.142948801600765
random_no_feedback,test,0.9,4,1.0,0.8561151079136691,-1.4388489208633115,17.58400756883727,1.0,0.01652892561983471,0.01652892561983471,-1.4388489208633115,3,17.58400756883727
random_no_feedback,test,0.9,5,0.1,0.86810551558753,-0.23980815347722043,1.9067815041976521,0.10631494804156674,0.02556818181818182,0.02556818181818182,-0.23980815347722043,3,1.9067815041976521
random_no_feedback,test,0.9,5,0.2,0.8673061550759392,-0.3197442046362964,3.6673517769367927,0.1894484412470024,0.018648930620761606,0.018648930620761606,-0.3197442046362964,3,3.6673517769367927
random_no_feedback,test,0.9,5,0.3,0.8657074340527577,-0.47961630695444457,5.820718604549994,0.3069544364508393,0.01871693782210111,0.01871693782210111,-0.47961630695444457,3,5.820718604549994
random_no_feedback,test,0.9,5,0.4,0.864908073541167,-0.5595523581135168,7.520063943625203,0.407673860911271,0.016302831767251766,0.016302831767251766,-0.5595523581135168,3,7.520063943625203
random_no_feedback,test,0.9,5,0.5,0.8625099920063949,-0.7993605115907335,9.195212927922046,0.5115907274180655,0.018363655791407776,0.018363655791407776,-0.7993605115907335,3,9.195212927922046
random_no_feedback,test,0.9,5,0.6,0.8609112709832134,-0.959232613908878,10.42710644221149,0.595523581135092,0.018951665600517253,0.018951665600517253,-0.959232613908878,3,10.42710644221149
random_no_feedback,test,0.9,5,0.7,0.8609112709832134,-0.959232613908878,11.453086258645433,0.6690647482014389,0.016870229472209265,0.016870229472209265,-0.959232613908878,3,11.453086258645433
random_no_feedback,test,0.9,5,0.8,0.8593125499600319,-1.1191047162270225,12.972617338727218,0.771382893685052,0.01683601817430814,0.01683601817430814,-1.1191047162270225,3,12.972617338727218
random_no_feedback,test,0.9,5,0.9,0.8569144684252598,-1.3589128697042392,14.779949106094215,0.8745003996802558,0.017831144537538823,0.017831144537538823,-1.3589128697042392,3,14.779949106094215
random_no_feedback,test,0.9,5,1.0,0.8561151079136691,-1.4388489208633115,17.032493801383264,1.0,0.01652892561983471,0.01652892561983471,-1.4388489208633115,3,17.032493801383264
random_no_feedback,test,0.9,6,0.1,0.86810551558753,-0.23980815347722043,1.9067815041976521,0.10631494804156674,0.02556818181818182,0.02556818181818182,-0.23980815347722043,3,1.9067815041976521
random_no_feedback,test,0.9,6,0.2,0.8673061550759392,-0.3197442046362964,3.6673517769367927,0.1894484412470024,0.018648930620761606,0.018648930620761606,-0.3197442046362964,3,3.6673517769367927
random_no_feedback,test,0.9,6,0.3,0.8657074340527577,-0.47961630695444457,5.81729305319935,0.3069544364508393,0.01871693782210111,0.01871693782210111,-0.47961630695444457,3,5.81729305319935
random_no_feedback,test,0.9,6,0.4,0.864908073541167,-0.5595523581135168,7.516638392274555,0.407673860911271,0.016302831767251766,0.016302831767251766,-0.5595523581135168,3,7.516638392274555
random_no_feedback,test,0.9,6,0.5,0.8625099920063949,-0.7993605115907335,9.189014311192304,0.5115907274180655,0.018363655791407776,0.018363655791407776,-0.7993605115907335,3,9.189014311192304
random_no_feedback,test,0.9,6,0.6,0.8609112709832134,-0.959232613908878,10.402311975292525,0.595523581135092,0.018951665600517253,0.018951665600517253,-0.959232613908878,3,10.402311975292525
random_no_feedback,test,0.9,6,0.7,0.8609112709832134,-0.959232613908878,11.413121492887898,0.6690647482014389,0.016870229472209265,0.016870229472209265,-0.959232613908878,3,11.413121492887898
random_no_feedback,test,0.9,6,0.8,0.8593125499600319,-1.1191047162270225,12.917482274131102,0.771382893685052,0.01683601817430814,0.01683601817430814,-1.1191047162270225,3,12.917482274131102
random_no_feedback,test,0.9,6,0.9,0.8569144684252598,-1.3589128697042392,14.724814041498107,0.8745003996802558,0.017831144537538823,0.017831144537538823,-1.3589128697042392,3,14.724814041498107
random_no_feedback,test,0.9,6,1.0,0.8561151079136691,-1.4388489208633115,16.973280699464954,1.0,0.01652892561983471,0.01652892561983471,-1.4388489208633115,3,16.973280699464954
random_no_feedback,test,0.9,7,0.1,0.86810551558753,-0.23980815347722043,1.8551807386141077,0.10631494804156674,0.02556818181818182,0.02556818181818182,-0.23980815347722043,3,1.8551807386141077
random_no_feedback,test,0.9,7,0.2,0.8673061550759392,-0.3197442046362964,3.613576058114746,0.1894484412470024,0.018648930620761606,0.018648930620761606,-0.3197442046362964,3,3.613576058114746
random_no_feedback,test,0.9,7,0.3,0.8657074340527577,-0.47961630695444457,5.677824176780196,0.3069544364508393,0.01871693782210111,0.01871693782210111,-0.47961630695444457,3,5.677824176780196
random_no_feedback,test,0.9,7,0.4,0.864908073541167,-0.5595523581135168,7.32214319892122,0.407673860911271,0.016302831767251766,0.016302831767251766,-0.5595523581135168,3,7.32214319892122
random_no_feedback,test,0.9,7,0.5,0.8625099920063949,-0.7993605115907335,8.909804689199179,0.5115907274180655,0.018363655791407776,0.018363655791407776,-0.7993605115907335,3,8.909804689199179
random_no_feedback,test,0.9,7,0.6,0.8609112709832134,-0.959232613908878,10.09406672756535,0.595523581135092,0.018951665600517253,0.018951665600517253,-0.959232613908878,3,10.09406672756535
random_no_feedback,test,0.9,7,0.7,0.8609112709832134,-0.959232613908878,11.101885684457784,0.6690647482014389,0.016870229472209265,0.016870229472209265,-0.959232613908878,3,11.101885684457784
random_no_feedback,test,0.9,7,0.8,0.8593125499600319,-1.1191047162270225,12.581723867936834,0.771382893685052,0.01683601817430814,0.01683601817430814,-1.1191047162270225,3,12.581723867936834
random_no_feedback,test,0.9,7,0.9,0.8569144684252598,-1.3589128697042392,14.36426116838487,0.8745003996802558,0.017831144537538823,0.017831144537538823,-1.3589128697042392,3,14.36426116838487
random_no_feedback,test,0.9,7,1.0,0.8561151079136691,-1.4388489208633115,16.532363304188948,1.0,0.01652892561983471,0.01652892561983471,-1.4388489208633115,3,16.532363304188948
random_no_feedback,test,0.9,8,0.1,0.8689048760991207,-0.1598721023181445,1.4588498847274718,0.10631494804156674,0.017992424242424244,0.017992424242424244,-0.1598721023181445,3,1.4588498847274718
random_no_feedback,test,0.9,8,0.2,0.8689048760991207,-0.1598721023181445,2.897200835182038,0.1894484412470024,0.009324465310380803,0.009324465310380803,-0.1598721023181445,3,2.897200835182038
random_no_feedback,test,0.9,8,0.3,0.8673061550759392,-0.31974420463629266,4.776904171560303,0.3069544364508393,0.012942698301731559,0.012942698301731559,-0.31974420463629266,3,4.776904171560303
random_no_feedback,test,0.9,8,0.4,0.8665067945643485,-0.39968025579536864,6.269574579146545,0.407673860911271,0.011925871402267448,0.011925871402267448,-0.39968025579536864,3,6.269574579146545
random_no_feedback,test,0.9,8,0.5,0.864908073541167,-0.5595523581135168,7.574709643742653,0.5115907274180655,0.012888432026313195,0.012888432026313195,-0.5595523581135168,3,7.574709643742653
random_no_feedback,test,0.9,8,0.6,0.8633093525179856,-0.7194244604316613,8.596339553699595,0.595523581135092,0.014251322369190345,0.014251322369190345,-0.7194244604316613,3,8.596339553699595
random_no_feedback,test,0.9,8,0.7,0.8633093525179856,-0.7194244604316613,9.525262081865241,0.6690647482014389,0.01270288708705247,0.01270288708705247,-0.7194244604316613,3,9.525262081865241
random_no_feedback,test,0.9,8,0.8,0.8617106314948041,-0.8792965627498058,10.923050154421677,0.771382893685052,0.013246592317224287,0.013246592317224287,-0.8792965627498058,3,10.923050154421677
random_no_feedback,test,0.9,8,0.9,0.8593125499600319,-1.1191047162270225,12.512016616642741,0.8745003996802558,0.014692953115946357,0.014692953115946357,-1.1191047162270225,3,12.512016616642741
random_no_feedback,test,0.9,8,1.0,0.8585131894484412,-1.1990407673860948,14.465940232285002,1.0,0.013774104683195593,0.013774104683195593,-1.1990407673860948,3,14.465940232285002
random_no_feedback,test,0.92,4,0.1,0.86810551558753,-0.23980815347722043,1.7985775805820097,0.10631494804156674,0.02556818181818182,0.02556818181818182,-0.23980815347722043,3,1.7985775805820097
random_no_feedback,test,0.92,4,0.2,0.8673061550759392,-0.3197442046362964,3.4294662664752633,0.1894484412470024,0.018648930620761606,0.018648930620761606,-0.3197442046362964,3,3.4294662664752633
random_no_feedback,test,0.92,4,0.3,0.8657074340527577,-0.47961630695444457,5.682717821566829,0.3069544364508393,0.01871693782210111,0.01871693782210111,-0.47961630695444457,3,5.682717821566829
random_no_feedback,test,0.92,4,0.4,0.864908073541167,-0.5595523581135168,7.253795293401188,0.407673860911271,0.016302831767251766,0.016302831767251766,-0.5595523581135168,3,7.253795293401188
random_no_feedback,test,0.92,4,0.5,0.8625099920063949,-0.7993605115907335,8.803177606681452,0.5115907274180655,0.018363655791407776,0.018363655791407776,-0.7993605115907335,3,8.803177606681452
random_no_feedback,test,0.92,4,0.6,0.8609112709832134,-0.959232613908878,10.114130671190562,0.595523581135092,0.018951665600517253,0.018951665600517253,-0.959232613908878,3,10.114130671190562
random_no_feedback,test,0.92,4,0.7,0.8609112709832134,-0.959232613908878,11.056483535603977,0.6690647482014389,0.016870229472209265,0.016870229472209265,-0.959232613908878,3,11.056483535603977
random_no_feedback,test,0.92,4,0.8,0.8593125499600319,-1.1191047162270225,12.447474879290093,0.771382893685052,0.01683601817430814,0.01683601817430814,-1.1191047162270225,3,12.447474879290093
random_no_feedback,test,0.92,4,0.9,0.8569144684252598,-1.3589128697042392,14.131976162512505,0.8745003996802558,0.017831144537538823,0.017831144537538823,-1.3589128697042392,3,14.131976162512505
random_no_feedback,test,0.92,4,1.0,0.8561151079136691,-1.4388489208633115,16.3997455304711,1.0,0.01652892561983471,0.01652892561983471,-1.4388489208633115,3,16.3997455304711
random_no_feedback,test,0.92,5,0.1,0.86810551558753,-0.23980815347722043,1.7985775805820097,0.10631494804156674,0.02556818181818182,0.02556818181818182,-0.23980815347722043,3,1.7985775805820097
random_no_feedback,test,0.92,5,0.2,0.8673061550759392,-0.3197442046362964,3.4294662664752633,0.1894484412470024,0.018648930620761606,0.018648930620761606,-0.3197442046362964,3,3.4294662664752633
random_no_feedback,test,0.92,5,0.3,0.8657074340527577,-0.47961630695444457,5.501217973813558,0.3069544364508393,0.01871693782210111,0.01871693782210111,-0.47961630695444457,3,5.501217973813558
random_no_feedback,test,0.92,5,0.4,0.864908073541167,-0.5595523581135168,7.072295445647914,0.407673860911271,0.016302831767251766,0.016302831767251766,-0.5595523581135168,3,7.072295445647914
random_no_feedback,test,0.92,5,0.5,0.8625099920063949,-0.7993605115907335,8.621677758928177,0.5115907274180655,0.018363655791407776,0.018363655791407776,-0.7993605115907335,3,8.621677758928177
random_no_feedback,test,0.92,5,0.6,0.8609112709832134,-0.959232613908878,9.751130975684012,0.595523581135092,0.018951665600517253,0.018951665600517253,-0.959232613908878,3,9.751130975684012
random_no_feedback,test,0.92,5,0.7,0.8609112709832134,-0.959232613908878,10.693483840097436,0.6690647482014389,0.016870229472209265,0.016870229472209265,-0.959232613908878,3,10.693483840097436
random_no_feedback,test,0.92,5,0.8,0.8593125499600319,-1.1191047162270225,12.084475183783542,0.771382893685052,0.01683601817430814,0.01683601817430814,-1.1191047162270225,3,12.084475183783542
random_no_feedback,test,0.92,5,0.9,0.8569144684252598,-1.3589128697042392,13.768976467005956,0.8745003996802558,0.017831144537538823,0.017831144537538823,-1.3589128697042392,3,13.768976467005956
random_no_feedback,test,0.92,5,1.0,0.8561151079136691,-1.4388489208633115,15.851820435860631,1.0,0.01652892561983471,0.01652892561983471,-1.4388489208633115,3,15.851820435860631
random_no_feedback,test,0.92,6,0.1,0.86810551558753,-0.23980815347722043,1.7985775805820097,0.10631494804156674,0.02556818181818182,0.02556818181818182,-0.23980815347722043,3,1.7985775805820097
random_no_feedback,test,0.92,6,0.2,0.8673061550759392,-0.3197442046362964,3.4294662664752633,0.1894484412470024,0.018648930620761606,0.018648930620761606,-0.3197442046362964,3,3.4294662664752633
random_no_feedback,test,0.92,6,0.3,0.8657074340527577,-0.47961630695444457,5.500565487842001,0.3069544364508393,0.01871693782210111,0.01871693782210111,-0.47961630695444457,3,5.500565487842001
random_no_feedback,test,0.92,6,0.4,0.864908073541167,-0.5595523581135168,7.071642959676364,0.407673860911271,0.016302831767251766,0.016302831767251766,-0.5595523581135168,3,7.071642959676364
random_no_feedback,test,0.92,6,0.5,0.8625099920063949,-0.7993605115907335,8.621025272956627,0.5115907274180655,0.018363655791407776,0.018363655791407776,-0.7993605115907335,3,8.621025272956627
random_no_feedback,test,0.92,6,0.6,0.8609112709832134,-0.959232613908878,9.749826003740914,0.595523581135092,0.018951665600517253,0.018951665600517253,-0.959232613908878,3,9.749826003740914
random_no_feedback,test,0.92,6,0.7,0.8609112709832134,-0.959232613908878,10.692178868154329,0.6690647482014389,0.016870229472209265,0.016870229472209265,-0.959232613908878,3,10.692178868154329
random_no_feedback,test,0.92,6,0.8,0.8593125499600319,-1.1191047162270225,12.083170211840436,0.771382893685052,0.01683601817430814,0.01683601817430814,-1.1191047162270225,3,12.083170211840436
random_no_feedback,test,0.92,6,0.9,0.8569144684252598,-1.3589128697042392,13.767671495062856,0.8745003996802558,0.017831144537538823,0.017831144537538823,-1.3589128697042392,3,13.767671495062856
random_no_feedback,test,0.92,6,1.0,0.8561151079136691,-1.4388489208633115,15.846437426595328,1.0,0.01652892561983471,0.01652892561983471,-1.4388489208633115,3,15.846437426595328
random_no_feedback,test,0.92,7,0.1,0.86810551558753,-0.23980815347722043,1.7517073382922188,0.10631494804156674,0.02556818181818182,0.02556818181818182,-0.23980815347722043,3,1.7517073382922188
random_no_feedback,test,0.92,7,0.2,0.8673061550759392,-0.3197442046362964,3.38259602418548,0.1894484412470024,0.018648930620761606,0.018648930620761606,-0.3197442046362964,3,3.38259602418548
random_no_feedback,test,0.92,7,0.3,0.8657074340527577,-0.47961630695444457,5.371373265474788,0.3069544364508393,0.01871693782210111,0.01871693782210111,-0.47961630695444457,3,5.371373265474788
random_no_feedback,test,0.92,7,0.4,0.864908073541167,-0.5595523581135168,6.889544999782497,0.407673860911271,0.016302831767251766,0.016302831767251766,-0.5595523581135168,3,6.889544999782497
random_no_feedback,test,0.92,7,0.5,0.8625099920063949,-0.7993605115907335,8.385695332550343,0.5115907274180655,0.018363655791407776,0.018363655791407776,-0.7993605115907335,3,8.385695332550343
random_no_feedback,test,0.92,7,0.6,0.8609112709832134,-0.959232613908878,9.491169689851661,0.595523581135092,0.018951665600517253,0.018951665600517253,-0.959232613908878,3,9.491169689851661
random_no_feedback,test,0.92,7,0.7,0.8609112709832134,-0.959232613908878,10.432924442124488,0.6690647482014389,0.016870229472209265,0.016870229472209265,-0.959232613908878,3,10.432924442124488
random_no_feedback,test,0.92,7,0.8,0.8593125499600319,-1.1191047162270225,11.802438122580353,0.771382893685052,0.01683601817430814,0.01683601817430814,-1.1191047162270225,3,11.802438122580353
random_no_feedback,test,0.92,7,0.9,0.8569144684252598,-1.3589128697042392,13.48693940580277,0.8745003996802558,0.017831144537538823,0.017831144537538823,-1.3589128697042392,3,13.48693940580277
random_no_feedback,test,0.92,7,1.0,0.8561151079136691,-1.4388489208633115,15.508939057810256,1.0,0.01652892561983471,0.01652892561983471,-1.4388489208633115,3,15.508939057810256
random_no_feedback,test,0.92,8,0.1,0.8689048760991207,-0.1598721023181445,1.3921331941363173,0.10631494804156674,0.017992424242424244,0.017992424242424244,-0.1598721023181445,3,1.3921331941363173
random_no_feedback,test,0.92,8,0.2,0.8689048760991207,-0.1598721023181445,2.7630605941972197,0.1894484412470024,0.009324465310380803,0.009324465310380803,-0.1598721023181445,3,2.7630605941972197
random_no_feedback,test,0.92,8,0.3,0.8673061550759392,-0.31974420463629266,4.60116794988907,0.3069544364508393,0.012942698301731559,0.012942698301731559,-0.31974420463629266,3,4.60116794988907
random_no_feedback,test,0.92,8,0.4,0.8665067945643485,-0.39968025579536864,6.011516377397881,0.407673860911271,0.011925871402267448,0.011925871402267448,-0.39968025579536864,3,6.011516377397881
random_no_feedback,test,0.92,8,0.5,0.864908073541167,-0.5595523581135168,7.249336639262245,0.5115907274180655,0.012888432026313195,0.012888432026313195,-0.5595523581135168,3,7.249336639262245
random_no_feedback,test,0.92,8,0.6,0.8633093525179856,-0.7194244604316613,8.232632998390532,0.595523581135092,0.014251322369190345,0.014251322369190345,-0.7194244604316613,3,8.232632998390532
random_no_feedback,test,0.92,8,0.7,0.8633093525179856,-0.7194244604316613,9.124418200008693,0.6690647482014389,0.01270288708705247,0.01270288708705247,-0.7194244604316613,3,9.124418200008693
random_no_feedback,test,0.92,8,0.8,0.8617106314948041,-0.8792965627498058,10.446409152203218,0.771382893685052,0.013246592317224287,0.013246592317224287,-0.8792965627498058,3,10.446409152203218
random_no_feedback,test,0.92,8,0.9,0.8593125499600319,-1.1191047162270225,11.973117577972065,0.8745003996802558,0.014692953115946357,0.014692953115946357,-1.1191047162270225,3,11.973117577972065
random_no_feedback,test,0.92,8,1.0,0.8585131894484412,-1.1990407673860948,13.842816129453217,1.0,0.013774104683195593,0.013774104683195593,-1.1990407673860948,3,13.842816129453217
random_no_feedback,test,0.95,4,0.1,0.8665067945643485,-0.39968025579536864,1.4330766888511797,0.10631494804156674,0.04356060606060606,0.04356060606060606,-0.39968025579536864,3,1.4330766888511797
random_no_feedback,test,0.95,4,0.2,0.864908073541167,-0.5595523581135131,2.7936186871982147,0.1894484412470024,0.03372052236792402,0.03372052236792402,-0.5595523581135131,3,2.7936186871982147
random_no_feedback,test,0.95,4,0.3,0.8633093525179856,-0.7194244604316613,4.687839836443508,0.3069544364508393,0.028075406733151665,0.028075406733151665,-0.7194244604316613,3,4.687839836443508
random_no_feedback,test,0.95,4,0.4,0.8625099920063949,-0.7993605115907335,6.080788638044276,0.407673860911271,0.023263771460401456,0.023263771460401456,-0.7993605115907335,3,6.080788638044276
random_no_feedback,test,0.95,4,0.5,0.8601119104716227,-1.0391686650679504,7.431869589803811,0.5115907274180655,0.02383887955650236,0.02383887955650236,-1.0391686650679504,3,7.431869589803811
random_no_feedback,test,0.95,4,0.6,0.8585131894484412,-1.1990407673860948,8.577036843707852,0.595523581135092,0.02365200883184416,0.02365200883184416,-1.1990407673860948,3,8.577036843707852
random_no_feedback,test,0.95,4,0.7,0.8585131894484412,-1.1990407673860948,9.321033972769584,0.6690647482014389,0.021037571857366058,0.021037571857366058,-1.1990407673860948,3,9.321033972769584
random_no_feedback,test,0.95,4,0.8,0.8569144684252598,-1.3589128697042392,10.540802122754355,0.771382893685052,0.020425444031391987,0.020425444031391987,-1.3589128697042392,3,10.540802122754355
random_no_feedback,test,0.95,4,0.9,0.8561151079136691,-1.4388489208633115,11.878724607420938,0.8745003996802558,0.018829148529554793,0.018829148529554793,-1.4388489208633115,3,11.878724607420938
random_no_feedback,test,0.95,4,1.0,0.8561151079136691,-1.4388489208633115,13.834660054808822,1.0,0.01652892561983471,0.01652892561983471,-1.4388489208633115,3,13.834660054808822
random_no_feedback,test,0.95,5,0.1,0.8665067945643485,-0.39968025579536864,1.4330766888511797,0.10631494804156674,0.04356060606060606,0.04356060606060606,-0.39968025579536864,3,1.4330766888511797
random_no_feedback,test,0.95,5,0.2,0.864908073541167,-0.5595523581135131,2.7936186871982147,0.1894484412470024,0.03372052236792402,0.03372052236792402,-0.5595523581135131,3,2.7936186871982147
random_no_feedback,test,0.95,5,0.3,0.8633093525179856,-0.7194244604316613,4.50633998869024,0.3069544364508393,0.028075406733151665,0.028075406733151665,-0.7194244604316613,3,4.50633998869024
random_no_feedback,test,0.95,5,0.4,0.8625099920063949,-0.7993605115907335,5.899288790291002,0.407673860911271,0.023263771460401456,0.023263771460401456,-0.7993605115907335,3,5.899288790291002
random_no_feedback,test,0.95,5,0.5,0.8601119104716227,-1.0391686650679504,7.250369742050537,0.5115907274180655,0.02383887955650236,0.02383887955650236,-1.0391686650679504,3,7.250369742050537
random_no_feedback,test,0.95,5,0.6,0.8585131894484412,-1.1990407673860948,8.21403714820131,0.595523581135092,0.02365200883184416,0.02365200883184416,-1.1990407673860948,3,8.21403714820131
random_no_feedback,test,0.95,5,0.7,0.8585131894484412,-1.1990407673860948,8.958034277263035,0.6690647482014389,0.021037571857366058,0.021037571857366058,-1.1990407673860948,3,8.958034277263035
random_no_feedback,test,0.95,5,0.8,0.8569144684252598,-1.3589128697042392,10.177802427247807,0.771382893685052,0.020425444031391987,0.020425444031391987,-1.3589128697042392,3,10.177802427247807
random_no_feedback,test,0.95,5,0.9,0.8561151079136691,-1.4388489208633115,11.51572491191439,0.8745003996802558,0.018829148529554793,0.018829148529554793,-1.4388489208633115,3,11.51572491191439
random_no_feedback,test,0.95,5,1.0,0.8561151079136691,-1.4388489208633115,13.290160511548999,1.0,0.01652892561983471,0.01652892561983471,-1.4388489208633115,3,13.290160511548999
random_no_feedback,test,0.95,6,0.1,0.8665067945643485,-0.39968025579536864,1.4330766888511797,0.10631494804156674,0.04356060606060606,0.04356060606060606,-0.39968025579536864,3,1.4330766888511797
random_no_feedback,test,0.95,6,0.2,0.864908073541167,-0.5595523581135131,2.7936186871982147,0.1894484412470024,0.03372052236792402,0.03372052236792402,-0.5595523581135131,3,2.7936186871982147
random_no_feedback,test,0.95,6,0.3,0.8633093525179856,-0.7194244604316613,4.505687502718688,0.3069544364508393,0.028075406733151665,0.028075406733151665,-0.7194244604316613,3,4.505687502718688
random_no_feedback,test,0.95,6,0.4,0.8625099920063949,-0.7993605115907335,5.8986363043194485,0.407673860911271,0.023263771460401456,0.023263771460401456,-0.7993605115907335,3,5.8986363043194485
random_no_feedback,test,0.95,6,0.5,0.8601119104716227,-1.0391686650679504,7.249717256078987,0.5115907274180655,0.02383887955650236,0.02383887955650236,-1.0391686650679504,3,7.249717256078987
random_no_feedback,test,0.95,6,0.6,0.8585131894484412,-1.1990407673860948,8.212732176258209,0.595523581135092,0.02365200883184416,0.02365200883184416,-1.1990407673860948,3,8.212732176258209
random_no_feedback,test,0.95,6,0.7,0.8585131894484412,-1.1990407673860948,8.956729305319932,0.6690647482014389,0.021037571857366058,0.021037571857366058,-1.1990407673860948,3,8.956729305319932
random_no_feedback,test,0.95,6,0.8,0.8569144684252598,-1.3589128697042392,10.176497455304704,0.771382893685052,0.020425444031391987,0.020425444031391987,-1.3589128697042392,3,10.176497455304704
random_no_feedback,test,0.95,6,0.9,0.8561151079136691,-1.4388489208633115,11.514419939971287,0.8745003996802558,0.018829148529554793,0.018829148529554793,-1.4388489208633115,3,11.514419939971287
random_no_feedback,test,0.95,6,1.0,0.8561151079136691,-1.4388489208633115,13.288203053634351,1.0,0.01652892561983471,0.01652892561983471,-1.4388489208633115,3,13.288203053634351
random_no_feedback,test,0.95,7,0.1,0.8665067945643485,-0.39968025579536864,1.4330766888511797,0.10631494804156674,0.04356060606060606,0.04356060606060606,-0.39968025579536864,3,1.4330766888511797
random_no_feedback,test,0.95,7,0.2,0.864908073541167,-0.5595523581135131,2.7936186871982147,0.1894484412470024,0.03372052236792402,0.03372052236792402,-0.5595523581135131,3,2.7936186871982147
random_no_feedback,test,0.95,7,0.3,0.8633093525179856,-0.7194244604316613,4.504871895254244,0.3069544364508393,0.028075406733151665,0.028075406733151665,-0.7194244604316613,3,4.504871895254244
random_no_feedback,test,0.95,7,0.4,0.8625099920063949,-0.7993605115907335,5.846763669581101,0.407673860911271,0.023263771460401456,0.023263771460401456,-0.7993605115907335,3,5.846763669581101
random_no_feedback,test,0.95,7,0.5,0.8601119104716227,-1.0391686650679504,7.146787594066721,0.5115907274180655,0.02383887955650236,0.02383887955650236,-1.0391686650679504,3,7.146787594066721
random_no_feedback,test,0.95,7,0.6,0.8585131894484412,-1.1990407673860948,8.108986906781494,0.595523581135092,0.02365200883184416,0.02365200883184416,-1.1990407673860948,3,8.108986906781494
random_no_feedback,test,0.95,7,0.7,0.8585131894484412,-1.1990407673860948,8.852984035843226,0.6690647482014389,0.021037571857366058,0.021037571857366058,-1.1990407673860948,3,8.852984035843226
random_no_feedback,test,0.95,7,0.8,0.8569144684252598,-1.3589128697042392,10.072752185827992,0.771382893685052,0.020425444031391987,0.020425444031391987,-1.3589128697042392,3,10.072752185827992
random_no_feedback,test,0.95,7,0.9,0.8561151079136691,-1.4388489208633115,11.410674670494581,0.8745003996802558,0.018829148529554793,0.018829148529554793,-1.4388489208633115,3,11.410674670494581
random_no_feedback,test,0.95,7,1.0,0.8561151079136691,-1.4388489208633115,13.12932271956152,1.0,0.01652892561983471,0.01652892561983471,-1.4388489208633115,3,13.12932271956152
random_no_feedback,test,0.95,8,0.1,0.8673061550759392,-0.3197442046362964,1.1714841880899514,0.10631494804156674,0.03598484848484849,0.03598484848484849,-0.3197442046362964,3,1.1714841880899514
random_no_feedback,test,0.95,8,0.2,0.8665067945643485,-0.39968025579536864,2.356289964765753,0.1894484412470024,0.024396057057543215,0.024396057057543215,-0.39968025579536864,3,2.356289964765753
random_no_feedback,test,0.95,8,0.3,0.864908073541167,-0.5595523581135168,4.05378659358823,0.3069544364508393,0.02230116721278211,0.02230116721278211,-0.5595523581135168,3,4.05378659358823
random_no_feedback,test,0.95,8,0.4,0.8641087130295763,-0.6394884092725891,5.352505546130752,0.407673860911271,0.01888681109541714,0.01888681109541714,-0.6394884092725891,3,5.352505546130752
random_no_feedback,test,0.95,8,0.5,0.8625099920063949,-0.7993605115907335,6.471192744355991,0.5115907274180655,0.018363655791407776,0.018363655791407776,-0.7993605115907335,3,6.471192744355991
random_no_feedback,test,0.95,8,0.6,0.8609112709832134,-0.959232613908878,7.3911435904128,0.595523581135092,0.018951665600517253,0.018951665600517253,-0.959232613908878,3,7.3911435904128
random_no_feedback,test,0.95,8,0.7,0.8609112709832134,-0.959232613908878,8.131443298969069,0.6690647482014389,0.016870229472209265,0.016870229472209265,-0.959232613908878,3,8.131443298969069
random_no_feedback,test,0.95,8,0.8,0.8593125499600319,-1.1191047162270225,9.33506242115794,0.771382893685052,0.01683601817430814,0.01683601817430814,-1.1191047162270225,3,9.33506242115794
random_no_feedback,test,0.95,8,0.9,0.8585131894484412,-1.1990407673860948,10.650691635129839,0.8745003996802558,0.015690957107962325,0.015690957107962325,-1.1990407673860948,3,10.650691635129839
random_no_feedback,test,0.95,8,1.0,0.8585131894484412,-1.1990407673860948,12.326275610074378,1.0,0.013774104683195593,0.013774104683195593,-1.1990407673860948,3,12.326275610074378
random_no_feedback,test,0.98,4,0.1,0.8673061550759392,-0.3197442046362964,1.0077102092304946,0.10631494804156674,0.03598484848484849,0.03598484848484849,-0.3197442046362964,3,1.0077102092304946
random_no_feedback,test,0.98,4,0.2,0.8665067945643485,-0.39968025579536864,1.9594153725694803,0.1894484412470024,0.024396057057543215,0.024396057057543215,-0.39968025579536864,3,1.9594153725694803
random_no_feedback,test,0.98,4,0.3,0.8657074340527577,-0.47961630695444457,3.3496454826221176,0.3069544364508393,0.01871693782210111,0.01871693782210111,-0.47961630695444457,3,3.3496454826221176
random_no_feedback,test,0.98,4,0.4,0.864908073541167,-0.5595523581135168,4.454141110966107,0.407673860911271,0.016302831767251766,0.016302831767251766,-0.5595523581135168,3,4.454141110966107
random_no_feedback,test,0.98,4,0.5,0.8633093525179856,-0.7194244604316613,5.434610030884327,0.5115907274180655,0.016425671295283745,0.016425671295283745,-0.7194244604316613,3,5.434610030884327
random_no_feedback,test,0.98,4,0.6,0.8617106314948041,-0.8792965627498058,6.139131758667182,0.595523581135092,0.01725098532840841,0.01725098532840841,-0.8792965627498058,3,6.139131758667182
random_no_feedback,test,0.98,4,0.7,0.8617106314948041,-0.8792965627498058,6.7569815998955916,0.6690647482014389,0.01531984187531004,0.01531984187531004,-0.8792965627498058,3,6.7569815998955916
random_no_feedback,test,0.98,4,0.8,0.8609112709832134,-0.959232613908878,7.743757884205483,0.771382893685052,0.014357703428335398,0.014357703428335398,-0.959232613908878,3,7.743757884205483
random_no_feedback,test,0.98,4,0.9,0.8609112709832134,-0.959232613908878,8.784636130323191,0.8745003996802558,0.01255276568636986,0.01255276568636986,-0.959232613908878,3,8.784636130323191
random_no_feedback,test,0.98,4,1.0,0.8609112709832134,-0.959232613908878,10.210752968811176,1.0,0.011019283746556474,0.011019283746556474,-0.959232613908878,3,10.210752968811176
random_no_feedback,test,0.98,5,0.1,0.8673061550759392,-0.3197442046362964,1.0077102092304946,0.10631494804156674,0.03598484848484849,0.03598484848484849,-0.3197442046362964,3,1.0077102092304946
random_no_feedback,test,0.98,5,0.2,0.8665067945643485,-0.39968025579536864,1.9594153725694803,0.1894484412470024,0.024396057057543215,0.024396057057543215,-0.39968025579536864,3,1.9594153725694803
random_no_feedback,test,0.98,5,0.3,0.8657074340527577,-0.47961630695444457,3.3496454826221176,0.3069544364508393,0.01871693782210111,0.01871693782210111,-0.47961630695444457,3,3.3496454826221176
random_no_feedback,test,0.98,5,0.4,0.864908073541167,-0.5595523581135168,4.454141110966107,0.407673860911271,0.016302831767251766,0.016302831767251766,-0.5595523581135168,3,4.454141110966107
random_no_feedback,test,0.98,5,0.5,0.8633093525179856,-0.7194244604316613,5.434610030884327,0.5115907274180655,0.016425671295283745,0.016425671295283745,-0.7194244604316613,3,5.434610030884327
random_no_feedback,test,0.98,5,0.6,0.8617106314948041,-0.8792965627498058,6.139131758667182,0.595523581135092,0.01725098532840841,0.01725098532840841,-0.8792965627498058,3,6.139131758667182
random_no_feedback,test,0.98,5,0.7,0.8617106314948041,-0.8792965627498058,6.7569815998955916,0.6690647482014389,0.01531984187531004,0.01531984187531004,-0.8792965627498058,3,6.7569815998955916
random_no_feedback,test,0.98,5,0.8,0.8609112709832134,-0.959232613908878,7.743757884205483,0.771382893685052,0.014357703428335398,0.014357703428335398,-0.959232613908878,3,7.743757884205483
random_no_feedback,test,0.98,5,0.9,0.8609112709832134,-0.959232613908878,8.784636130323191,0.8745003996802558,0.01255276568636986,0.01255276568636986,-0.959232613908878,3,8.784636130323191
random_no_feedback,test,0.98,5,1.0,0.8609112709832134,-0.959232613908878,10.210752968811176,1.0,0.011019283746556474,0.011019283746556474,-0.959232613908878,3,10.210752968811176
random_no_feedback,test,0.98,6,0.1,0.8673061550759392,-0.3197442046362964,1.0077102092304946,0.10631494804156674,0.03598484848484849,0.03598484848484849,-0.3197442046362964,3,1.0077102092304946
random_no_feedback,test,0.98,6,0.2,0.8665067945643485,-0.39968025579536864,1.9594153725694803,0.1894484412470024,0.024396057057543215,0.024396057057543215,-0.39968025579536864,3,1.9594153725694803
random_no_feedback,test,0.98,6,0.3,0.8657074340527577,-0.47961630695444457,3.3496454826221176,0.3069544364508393,0.01871693782210111,0.01871693782210111,-0.47961630695444457,3,3.3496454826221176
random_no_feedback,test,0.98,6,0.4,0.864908073541167,-0.5595523581135168,4.454141110966107,0.407673860911271,0.016302831767251766,0.016302831767251766,-0.5595523581135168,3,4.454141110966107
random_no_feedback,test,0.98,6,0.5,0.8633093525179856,-0.7194244604316613,5.434610030884327,0.5115907274180655,0.016425671295283745,0.016425671295283745,-0.7194244604316613,3,5.434610030884327
random_no_feedback,test,0.98,6,0.6,0.8617106314948041,-0.8792965627498058,6.139131758667182,0.595523581135092,0.01725098532840841,0.01725098532840841,-0.8792965627498058,3,6.139131758667182
random_no_feedback,test,0.98,6,0.7,0.8617106314948041,-0.8792965627498058,6.7569815998955916,0.6690647482014389,0.01531984187531004,0.01531984187531004,-0.8792965627498058,3,6.7569815998955916
random_no_feedback,test,0.98,6,0.8,0.8609112709832134,-0.959232613908878,7.743757884205483,0.771382893685052,0.014357703428335398,0.014357703428335398,-0.959232613908878,3,7.743757884205483
random_no_feedback,test,0.98,6,0.9,0.8609112709832134,-0.959232613908878,8.784636130323191,0.8745003996802558,0.01255276568636986,0.01255276568636986,-0.959232613908878,3,8.784636130323191
random_no_feedback,test,0.98,6,1.0,0.8609112709832134,-0.959232613908878,10.210752968811176,1.0,0.011019283746556474,0.011019283746556474,-0.959232613908878,3,10.210752968811176
random_no_feedback,test,0.98,7,0.1,0.8673061550759392,-0.3197442046362964,1.0077102092304946,0.10631494804156674,0.03598484848484849,0.03598484848484849,-0.3197442046362964,3,1.0077102092304946
random_no_feedback,test,0.98,7,0.2,0.8665067945643485,-0.39968025579536864,1.9594153725694803,0.1894484412470024,0.024396057057543215,0.024396057057543215,-0.39968025579536864,3,1.9594153725694803
random_no_feedback,test,0.98,7,0.3,0.8657074340527577,-0.47961630695444457,3.3496454826221176,0.3069544364508393,0.01871693782210111,0.01871693782210111,-0.47961630695444457,3,3.3496454826221176
random_no_feedback,test,0.98,7,0.4,0.864908073541167,-0.5595523581135168,4.403084083692192,0.407673860911271,0.016302831767251766,0.016302831767251766,-0.5595523581135168,3,4.403084083692192
random_no_feedback,test,0.98,7,0.5,0.8633093525179856,-0.7194244604316613,5.332495976336508,0.5115907274180655,0.016425671295283745,0.016425671295283745,-0.7194244604316613,3,5.332495976336508
random_no_feedback,test,0.98,7,0.6,0.8617106314948041,-0.8792965627498058,6.037017704119359,0.595523581135092,0.01725098532840841,0.01725098532840841,-0.8792965627498058,3,6.037017704119359
random_no_feedback,test,0.98,7,0.7,0.8617106314948041,-0.8792965627498058,6.654867545347768,0.6690647482014389,0.01531984187531004,0.01531984187531004,-0.8792965627498058,3,6.654867545347768
random_no_feedback,test,0.98,7,0.8,0.8609112709832134,-0.959232613908878,7.641643829657659,0.771382893685052,0.014357703428335398,0.014357703428335398,-0.959232613908878,3,7.641643829657659
random_no_feedback,test,0.98,7,0.9,0.8609112709832134,-0.959232613908878,8.682522075775367,0.8745003996802558,0.01255276568636986,0.01255276568636986,-0.959232613908878,3,8.682522075775367
random_no_feedback,test,0.98,7,1.0,0.8609112709832134,-0.959232613908878,10.05758188698942,1.0,0.011019283746556474,0.011019283746556474,-0.959232613908878,3,10.05758188698942
random_no_feedback,test,0.98,8,0.1,0.8673061550759392,-0.3197442046362964,1.0077102092304946,0.10631494804156674,0.03598484848484849,0.03598484848484849,-0.3197442046362964,3,1.0077102092304946
random_no_feedback,test,0.98,8,0.2,0.8665067945643485,-0.39968025579536864,1.9594153725694803,0.1894484412470024,0.024396057057543215,0.024396057057543215,-0.39968025579536864,3,1.9594153725694803
random_no_feedback,test,0.98,8,0.3,0.8657074340527577,-0.47961630695444457,3.3496454826221176,0.3069544364508393,0.01871693782210111,0.01871693782210111,-0.47961630695444457,3,3.3496454826221176
random_no_feedback,test,0.98,8,0.4,0.864908073541167,-0.5595523581135168,4.399876027665398,0.407673860911271,0.016302831767251766,0.016302831767251766,-0.5595523581135168,3,4.399876027665398
random_no_feedback,test,0.98,8,0.5,0.8633093525179856,-0.7194244604316613,5.32607986428291,0.5115907274180655,0.016425671295283745,0.016425671295283745,-0.7194244604316613,3,5.32607986428291
random_no_feedback,test,0.98,8,0.6,0.8617106314948041,-0.8792965627498058,6.030601592065762,0.595523581135092,0.01725098532840841,0.01725098532840841,-0.8792965627498058,3,6.030601592065762
random_no_feedback,test,0.98,8,0.7,0.8617106314948041,-0.8792965627498058,6.648451433294174,0.6690647482014389,0.01531984187531004,0.01531984187531004,-0.8792965627498058,3,6.648451433294174
random_no_feedback,test,0.98,8,0.8,0.8609112709832134,-0.959232613908878,7.6352277176040655,0.771382893685052,0.014357703428335398,0.014357703428335398,-0.959232613908878,3,7.6352277176040655
random_no_feedback,test,0.98,8,0.9,0.8609112709832134,-0.959232613908878,8.676105963721774,0.8745003996802558,0.01255276568636986,0.01255276568636986,-0.959232613908878,3,8.676105963721774
random_no_feedback,test,0.98,8,1.0,0.8609112709832134,-0.959232613908878,10.04795771890904,1.0,0.011019283746556474,0.011019283746556474,-0.959232613908878,3,10.04795771890904
