query_id,method_label,judge_model,failure_attempts,failure_codes
lotte_technology_search_100k_q0,dense_llmlingua2_matched_sent_mmr,glm-5.2,0,unrecorded
lotte_technology_search_100k_q0,dense_llmlingua2_matched_sent_mmr,minimax-m3,0,unrecorded
lotte_technology_search_100k_q0,intentroute_llmlingua2_matched_sent_mmr_seed19,glm-5.2,0,unrecorded
lotte_technology_search_100k_q0,intentroute_llmlingua2_matched_sent_mmr_seed19,minimax-m3,0,unrecorded
lotte_technology_search_100k_q10,dense_llmlingua2_matched_sent_mmr,glm-5.2,0,unrecorded
lotte_technology_search_100k_q10,dense_llmlingua2_matched_sent_mmr,minimax-m3,0,unrecorded
lotte_technology_search_100k_q10,intentroute_llmlingua2_matched_sent_mmr_seed19,glm-5.2,0,unrecorded
lotte_technology_search_100k_q10,intentroute_llmlingua2_matched_sent_mmr_seed19,minimax-m3,0,unrecorded
lotte_technology_search_100k_q102,dense_llmlingua2_matched_sent_mmr,glm-5.2,0,unrecorded
lotte_technology_search_100k_q102,dense_llmlingua2_matched_sent_mmr,minimax-m3,0,unrecorded
lotte_technology_search_100k_q102,intentroute_llmlingua2_matched_sent_mmr_seed19,glm-5.2,0,unrecorded
lotte_technology_search_100k_q102,intentroute_llmlingua2_matched_sent_mmr_seed19,minimax-m3,0,unrecorded
lotte_technology_search_100k_q104,dense_llmlingua2_matched_sent_mmr,glm-5.2,0,unrecorded
lotte_technology_search_100k_q104,dense_llmlingua2_matched_sent_mmr,minimax-m3,0,unrecorded
lotte_technology_search_100k_q104,intentroute_llmlingua2_matched_sent_mmr_seed19,glm-5.2,0,unrecorded
lotte_technology_search_100k_q104,intentroute_llmlingua2_matched_sent_mmr_seed19,minimax-m3,0,unrecorded
lotte_technology_search_100k_q106,dense_llmlingua2_matched_sent_mmr,glm-5.2,0,unrecorded
lotte_technology_search_100k_q106,dense_llmlingua2_matched_sent_mmr,minimax-m3,0,unrecorded
lotte_technology_search_100k_q106,intentroute_llmlingua2_matched_sent_mmr_seed19,glm-5.2,0,unrecorded
lotte_technology_search_100k_q106,intentroute_llmlingua2_matched_sent_mmr_seed19,minimax-m3,0,unrecorded
lotte_technology_search_100k_q108,dense_llmlingua2_matched_sent_mmr,glm-5.2,0,unrecorded
lotte_technology_search_100k_q108,dense_llmlingua2_matched_sent_mmr,minimax-m3,0,unrecorded
lotte_technology_search_100k_q108,intentroute_llmlingua2_matched_sent_mmr_seed19,glm-5.2,0,unrecorded
lotte_technology_search_100k_q108,intentroute_llmlingua2_matched_sent_mmr_seed19,minimax-m3,0,unrecorded
lotte_technology_search_100k_q11,dense_llmlingua2_matched_sent_mmr,glm-5.2,0,unrecorded
lotte_technology_search_100k_q11,dense_llmlingua2_matched_sent_mmr,minimax-m3,0,unrecorded
lotte_technology_search_100k_q11,intentroute_llmlingua2_matched_sent_mmr_seed19,glm-5.2,0,unrecorded
lotte_technology_search_100k_q11,intentroute_llmlingua2_matched_sent_mmr_seed19,minimax-m3,0,unrecorded
lotte_technology_search_100k_q111,dense_llmlingua2_matched_sent_mmr,glm-5.2,0,unrecorded
lotte_technology_search_100k_q111,dense_llmlingua2_matched_sent_mmr,minimax-m3,0,unrecorded
lotte_technology_search_100k_q111,intentroute_llmlingua2_matched_sent_mmr_seed19,glm-5.2,0,unrecorded
lotte_technology_search_100k_q111,intentroute_llmlingua2_matched_sent_mmr_seed19,minimax-m3,0,unrecorded
lotte_technology_search_100k_q113,dense_llmlingua2_matched_sent_mmr,glm-5.2,0,unrecorded
lotte_technology_search_100k_q113,dense_llmlingua2_matched_sent_mmr,minimax-m3,0,unrecorded
lotte_technology_search_100k_q113,intentroute_llmlingua2_matched_sent_mmr_seed19,glm-5.2,0,unrecorded
lotte_technology_search_100k_q113,intentroute_llmlingua2_matched_sent_mmr_seed19,minimax-m3,0,unrecorded
lotte_technology_search_100k_q114,dense_llmlingua2_matched_sent_mmr,glm-5.2,0,unrecorded
lotte_technology_search_100k_q114,dense_llmlingua2_matched_sent_mmr,minimax-m3,0,unrecorded
lotte_technology_search_100k_q114,intentroute_llmlingua2_matched_sent_mmr_seed19,glm-5.2,0,unrecorded
lotte_technology_search_100k_q114,intentroute_llmlingua2_matched_sent_mmr_seed19,minimax-m3,0,unrecorded
lotte_technology_search_100k_q115,dense_llmlingua2_matched_sent_mmr,glm-5.2,0,unrecorded
lotte_technology_search_100k_q115,dense_llmlingua2_matched_sent_mmr,minimax-m3,0,unrecorded
lotte_technology_search_100k_q115,intentroute_llmlingua2_matched_sent_mmr_seed19,glm-5.2,0,unrecorded
lotte_technology_search_100k_q115,intentroute_llmlingua2_matched_sent_mmr_seed19,minimax-m3,0,unrecorded
lotte_technology_search_100k_q117,dense_llmlingua2_matched_sent_mmr,glm-5.2,0,unrecorded
lotte_technology_search_100k_q117,dense_llmlingua2_matched_sent_mmr,minimax-m3,0,unrecorded
lotte_technology_search_100k_q117,intentroute_llmlingua2_matched_sent_mmr_seed19,glm-5.2,0,unrecorded
lotte_technology_search_100k_q117,intentroute_llmlingua2_matched_sent_mmr_seed19,minimax-m3,0,unrecorded
lotte_technology_search_100k_q118,dense_llmlingua2_matched_sent_mmr,glm-5.2,0,unrecorded
lotte_technology_search_100k_q118,dense_llmlingua2_matched_sent_mmr,minimax-m3,0,unrecorded
lotte_technology_search_100k_q118,intentroute_llmlingua2_matched_sent_mmr_seed19,glm-5.2,0,unrecorded
lotte_technology_search_100k_q118,intentroute_llmlingua2_matched_sent_mmr_seed19,minimax-m3,0,unrecorded
lotte_technology_search_100k_q119,dense_llmlingua2_matched_sent_mmr,glm-5.2,0,unrecorded
lotte_technology_search_100k_q119,dense_llmlingua2_matched_sent_mmr,minimax-m3,0,unrecorded
lotte_technology_search_100k_q119,intentroute_llmlingua2_matched_sent_mmr_seed19,glm-5.2,0,unrecorded
lotte_technology_search_100k_q119,intentroute_llmlingua2_matched_sent_mmr_seed19,minimax-m3,0,unrecorded
lotte_technology_search_100k_q120,dense_llmlingua2_matched_sent_mmr,glm-5.2,0,unrecorded
lotte_technology_search_100k_q120,dense_llmlingua2_matched_sent_mmr,minimax-m3,0,unrecorded
lotte_technology_search_100k_q120,intentroute_llmlingua2_matched_sent_mmr_seed19,glm-5.2,0,unrecorded
lotte_technology_search_100k_q120,intentroute_llmlingua2_matched_sent_mmr_seed19,minimax-m3,0,unrecorded
lotte_technology_search_100k_q121,dense_llmlingua2_matched_sent_mmr,glm-5.2,0,unrecorded
lotte_technology_search_100k_q121,dense_llmlingua2_matched_sent_mmr,minimax-m3,0,unrecorded
lotte_technology_search_100k_q121,intentroute_llmlingua2_matched_sent_mmr_seed19,glm-5.2,0,unrecorded
lotte_technology_search_100k_q121,intentroute_llmlingua2_matched_sent_mmr_seed19,minimax-m3,0,unrecorded
lotte_technology_search_100k_q123,dense_llmlingua2_matched_sent_mmr,glm-5.2,0,unrecorded
lotte_technology_search_100k_q123,dense_llmlingua2_matched_sent_mmr,minimax-m3,0,unrecorded
lotte_technology_search_100k_q123,intentroute_llmlingua2_matched_sent_mmr_seed19,glm-5.2,0,unrecorded
lotte_technology_search_100k_q123,intentroute_llmlingua2_matched_sent_mmr_seed19,minimax-m3,0,unrecorded
lotte_technology_search_100k_q125,dense_llmlingua2_matched_sent_mmr,glm-5.2,0,unrecorded
lotte_technology_search_100k_q125,dense_llmlingua2_matched_sent_mmr,minimax-m3,0,unrecorded
lotte_technology_search_100k_q125,intentroute_llmlingua2_matched_sent_mmr_seed19,glm-5.2,0,unrecorded
lotte_technology_search_100k_q125,intentroute_llmlingua2_matched_sent_mmr_seed19,minimax-m3,0,unrecorded
lotte_technology_search_100k_q130,dense_llmlingua2_matched_sent_mmr,glm-5.2,0,unrecorded
lotte_technology_search_100k_q130,dense_llmlingua2_matched_sent_mmr,minimax-m3,0,unrecorded
lotte_technology_search_100k_q130,intentroute_llmlingua2_matched_sent_mmr_seed19,glm-5.2,0,unrecorded
lotte_technology_search_100k_q130,intentroute_llmlingua2_matched_sent_mmr_seed19,minimax-m3,0,unrecorded
lotte_technology_search_100k_q132,dense_llmlingua2_matched_sent_mmr,glm-5.2,0,unrecorded
lotte_technology_search_100k_q132,dense_llmlingua2_matched_sent_mmr,minimax-m3,0,unrecorded
lotte_technology_search_100k_q132,intentroute_llmlingua2_matched_sent_mmr_seed19,glm-5.2,0,unrecorded
lotte_technology_search_100k_q132,intentroute_llmlingua2_matched_sent_mmr_seed19,minimax-m3,0,unrecorded
lotte_technology_search_100k_q134,dense_llmlingua2_matched_sent_mmr,glm-5.2,0,unrecorded
lotte_technology_search_100k_q134,dense_llmlingua2_matched_sent_mmr,minimax-m3,0,unrecorded
lotte_technology_search_100k_q134,intentroute_llmlingua2_matched_sent_mmr_seed19,glm-5.2,0,unrecorded
lotte_technology_search_100k_q134,intentroute_llmlingua2_matched_sent_mmr_seed19,minimax-m3,0,unrecorded
lotte_technology_search_100k_q135,dense_llmlingua2_matched_sent_mmr,glm-5.2,0,unrecorded
lotte_technology_search_100k_q135,dense_llmlingua2_matched_sent_mmr,minimax-m3,0,unrecorded
lotte_technology_search_100k_q135,intentroute_llmlingua2_matched_sent_mmr_seed19,glm-5.2,0,unrecorded
lotte_technology_search_100k_q135,intentroute_llmlingua2_matched_sent_mmr_seed19,minimax-m3,0,unrecorded
lotte_technology_search_100k_q137,dense_llmlingua2_matched_sent_mmr,glm-5.2,0,unrecorded
lotte_technology_search_100k_q137,dense_llmlingua2_matched_sent_mmr,minimax-m3,0,unrecorded
lotte_technology_search_100k_q137,intentroute_llmlingua2_matched_sent_mmr_seed19,glm-5.2,0,unrecorded
lotte_technology_search_100k_q137,intentroute_llmlingua2_matched_sent_mmr_seed19,minimax-m3,0,unrecorded
lotte_technology_search_100k_q138,dense_llmlingua2_matched_sent_mmr,glm-5.2,0,unrecorded
lotte_technology_search_100k_q138,dense_llmlingua2_matched_sent_mmr,minimax-m3,0,unrecorded
lotte_technology_search_100k_q138,intentroute_llmlingua2_matched_sent_mmr_seed19,glm-5.2,0,unrecorded
lotte_technology_search_100k_q138,intentroute_llmlingua2_matched_sent_mmr_seed19,minimax-m3,0,unrecorded
lotte_technology_search_100k_q139,dense_llmlingua2_matched_sent_mmr,glm-5.2,0,unrecorded
lotte_technology_search_100k_q139,dense_llmlingua2_matched_sent_mmr,minimax-m3,0,unrecorded
lotte_technology_search_100k_q139,intentroute_llmlingua2_matched_sent_mmr_seed19,glm-5.2,0,unrecorded
lotte_technology_search_100k_q139,intentroute_llmlingua2_matched_sent_mmr_seed19,minimax-m3,0,unrecorded
lotte_technology_search_100k_q14,dense_llmlingua2_matched_sent_mmr,glm-5.2,0,unrecorded
lotte_technology_search_100k_q14,dense_llmlingua2_matched_sent_mmr,minimax-m3,0,unrecorded
lotte_technology_search_100k_q14,intentroute_llmlingua2_matched_sent_mmr_seed19,glm-5.2,0,unrecorded
lotte_technology_search_100k_q14,intentroute_llmlingua2_matched_sent_mmr_seed19,minimax-m3,0,unrecorded
lotte_technology_search_100k_q144,dense_llmlingua2_matched_sent_mmr,glm-5.2,0,unrecorded
lotte_technology_search_100k_q144,dense_llmlingua2_matched_sent_mmr,minimax-m3,0,unrecorded
lotte_technology_search_100k_q144,intentroute_llmlingua2_matched_sent_mmr_seed19,glm-5.2,0,unrecorded
lotte_technology_search_100k_q144,intentroute_llmlingua2_matched_sent_mmr_seed19,minimax-m3,0,unrecorded
lotte_technology_search_100k_q146,dense_llmlingua2_matched_sent_mmr,glm-5.2,0,unrecorded
lotte_technology_search_100k_q146,dense_llmlingua2_matched_sent_mmr,minimax-m3,0,unrecorded
lotte_technology_search_100k_q146,intentroute_llmlingua2_matched_sent_mmr_seed19,glm-5.2,0,unrecorded
lotte_technology_search_100k_q146,intentroute_llmlingua2_matched_sent_mmr_seed19,minimax-m3,0,unrecorded
lotte_technology_search_100k_q149,dense_llmlingua2_matched_sent_mmr,glm-5.2,0,unrecorded
lotte_technology_search_100k_q149,dense_llmlingua2_matched_sent_mmr,minimax-m3,0,unrecorded
lotte_technology_search_100k_q149,intentroute_llmlingua2_matched_sent_mmr_seed19,glm-5.2,0,unrecorded
lotte_technology_search_100k_q149,intentroute_llmlingua2_matched_sent_mmr_seed19,minimax-m3,0,unrecorded
lotte_technology_search_100k_q15,dense_llmlingua2_matched_sent_mmr,glm-5.2,0,unrecorded
lotte_technology_search_100k_q15,dense_llmlingua2_matched_sent_mmr,minimax-m3,0,unrecorded
lotte_technology_search_100k_q15,intentroute_llmlingua2_matched_sent_mmr_seed19,glm-5.2,0,unrecorded
lotte_technology_search_100k_q15,intentroute_llmlingua2_matched_sent_mmr_seed19,minimax-m3,0,unrecorded
lotte_technology_search_100k_q150,dense_llmlingua2_matched_sent_mmr,glm-5.2,0,unrecorded
lotte_technology_search_100k_q150,dense_llmlingua2_matched_sent_mmr,minimax-m3,0,unrecorded
lotte_technology_search_100k_q150,intentroute_llmlingua2_matched_sent_mmr_seed19,glm-5.2,0,unrecorded
lotte_technology_search_100k_q150,intentroute_llmlingua2_matched_sent_mmr_seed19,minimax-m3,0,unrecorded
lotte_technology_search_100k_q152,dense_llmlingua2_matched_sent_mmr,glm-5.2,0,unrecorded
lotte_technology_search_100k_q152,dense_llmlingua2_matched_sent_mmr,minimax-m3,0,unrecorded
lotte_technology_search_100k_q152,intentroute_llmlingua2_matched_sent_mmr_seed19,glm-5.2,0,unrecorded
lotte_technology_search_100k_q152,intentroute_llmlingua2_matched_sent_mmr_seed19,minimax-m3,0,unrecorded
lotte_technology_search_100k_q153,dense_llmlingua2_matched_sent_mmr,glm-5.2,0,unrecorded
lotte_technology_search_100k_q153,dense_llmlingua2_matched_sent_mmr,minimax-m3,0,unrecorded
lotte_technology_search_100k_q153,intentroute_llmlingua2_matched_sent_mmr_seed19,glm-5.2,0,unrecorded
lotte_technology_search_100k_q153,intentroute_llmlingua2_matched_sent_mmr_seed19,minimax-m3,0,unrecorded
lotte_technology_search_100k_q155,dense_llmlingua2_matched_sent_mmr,glm-5.2,0,unrecorded
lotte_technology_search_100k_q155,dense_llmlingua2_matched_sent_mmr,minimax-m3,0,unrecorded
lotte_technology_search_100k_q155,dense_sent_mmr_r0.85_l0.70,minimax-m3,1,SensitiveContentDetected
lotte_technology_search_100k_q155,intentroute_llmlingua2_matched_sent_mmr_seed19,glm-5.2,0,unrecorded
lotte_technology_search_100k_q155,intentroute_llmlingua2_matched_sent_mmr_seed19,minimax-m3,0,unrecorded
lotte_technology_search_100k_q155,intentweight_sent_mmr_r0.85_l0.70_seed19,minimax-m3,1,SensitiveContentDetected
lotte_technology_search_100k_q156,dense_llmlingua2_matched_sent_mmr,glm-5.2,0,unrecorded
lotte_technology_search_100k_q156,dense_llmlingua2_matched_sent_mmr,minimax-m3,0,unrecorded
lotte_technology_search_100k_q156,intentroute_llmlingua2_matched_sent_mmr_seed19,glm-5.2,0,unrecorded
lotte_technology_search_100k_q156,intentroute_llmlingua2_matched_sent_mmr_seed19,minimax-m3,0,unrecorded
lotte_technology_search_100k_q157,dense_llmlingua2_matched_sent_mmr,glm-5.2,0,unrecorded
lotte_technology_search_100k_q157,dense_llmlingua2_matched_sent_mmr,minimax-m3,0,unrecorded
lotte_technology_search_100k_q157,intentroute_llmlingua2_matched_sent_mmr_seed19,glm-5.2,0,unrecorded
lotte_technology_search_100k_q157,intentroute_llmlingua2_matched_sent_mmr_seed19,minimax-m3,0,unrecorded
lotte_technology_search_100k_q158,dense_llmlingua2_matched_sent_mmr,glm-5.2,0,unrecorded
lotte_technology_search_100k_q158,dense_llmlingua2_matched_sent_mmr,minimax-m3,0,unrecorded
lotte_technology_search_100k_q158,intentroute_llmlingua2_matched_sent_mmr_seed19,glm-5.2,0,unrecorded
lotte_technology_search_100k_q158,intentroute_llmlingua2_matched_sent_mmr_seed19,minimax-m3,0,unrecorded
lotte_technology_search_100k_q163,dense_llmlingua2_matched_sent_mmr,glm-5.2,0,unrecorded
lotte_technology_search_100k_q163,dense_llmlingua2_matched_sent_mmr,minimax-m3,0,unrecorded
lotte_technology_search_100k_q163,intentroute_llmlingua2_matched_sent_mmr_seed19,glm-5.2,0,unrecorded
lotte_technology_search_100k_q163,intentroute_llmlingua2_matched_sent_mmr_seed19,minimax-m3,0,unrecorded
lotte_technology_search_100k_q164,dense_llmlingua2_matched_sent_mmr,glm-5.2,0,unrecorded
lotte_technology_search_100k_q164,dense_llmlingua2_matched_sent_mmr,minimax-m3,0,unrecorded
lotte_technology_search_100k_q164,intentroute_llmlingua2_matched_sent_mmr_seed19,glm-5.2,0,unrecorded
lotte_technology_search_100k_q164,intentroute_llmlingua2_matched_sent_mmr_seed19,minimax-m3,0,unrecorded
lotte_technology_search_100k_q165,dense_llmlingua2_matched_sent_mmr,glm-5.2,0,unrecorded
lotte_technology_search_100k_q165,dense_llmlingua2_matched_sent_mmr,minimax-m3,0,unrecorded
lotte_technology_search_100k_q165,intentroute_llmlingua2_matched_sent_mmr_seed19,glm-5.2,0,unrecorded
lotte_technology_search_100k_q165,intentroute_llmlingua2_matched_sent_mmr_seed19,minimax-m3,0,unrecorded
lotte_technology_search_100k_q166,dense_llmlingua2_matched_sent_mmr,glm-5.2,0,unrecorded
lotte_technology_search_100k_q166,dense_llmlingua2_matched_sent_mmr,minimax-m3,0,unrecorded
lotte_technology_search_100k_q166,intentroute_llmlingua2_matched_sent_mmr_seed19,glm-5.2,0,unrecorded
lotte_technology_search_100k_q166,intentroute_llmlingua2_matched_sent_mmr_seed19,minimax-m3,0,unrecorded
lotte_technology_search_100k_q167,dense_llmlingua2_matched_sent_mmr,glm-5.2,0,unrecorded
lotte_technology_search_100k_q167,dense_llmlingua2_matched_sent_mmr,minimax-m3,0,unrecorded
lotte_technology_search_100k_q167,intentroute_llmlingua2_matched_sent_mmr_seed19,glm-5.2,0,unrecorded
lotte_technology_search_100k_q167,intentroute_llmlingua2_matched_sent_mmr_seed19,minimax-m3,0,unrecorded
lotte_technology_search_100k_q168,dense_llmlingua2_matched_sent_mmr,glm-5.2,0,unrecorded
lotte_technology_search_100k_q168,dense_llmlingua2_matched_sent_mmr,minimax-m3,0,unrecorded
lotte_technology_search_100k_q168,intentroute_llmlingua2_matched_sent_mmr_seed19,glm-5.2,0,unrecorded
lotte_technology_search_100k_q168,intentroute_llmlingua2_matched_sent_mmr_seed19,minimax-m3,0,unrecorded
lotte_technology_search_100k_q169,dense_llmlingua2_matched_sent_mmr,glm-5.2,0,unrecorded
lotte_technology_search_100k_q169,dense_llmlingua2_matched_sent_mmr,minimax-m3,0,unrecorded
lotte_technology_search_100k_q169,intentroute_llmlingua2_matched_sent_mmr_seed19,glm-5.2,0,unrecorded
lotte_technology_search_100k_q169,intentroute_llmlingua2_matched_sent_mmr_seed19,minimax-m3,0,unrecorded
lotte_technology_search_100k_q170,dense_llmlingua2_matched_sent_mmr,glm-5.2,0,unrecorded
lotte_technology_search_100k_q170,dense_llmlingua2_matched_sent_mmr,minimax-m3,0,unrecorded
lotte_technology_search_100k_q170,intentroute_llmlingua2_matched_sent_mmr_seed19,glm-5.2,0,unrecorded
lotte_technology_search_100k_q170,intentroute_llmlingua2_matched_sent_mmr_seed19,minimax-m3,0,unrecorded
lotte_technology_search_100k_q173,dense_llmlingua2_matched_sent_mmr,glm-5.2,0,unrecorded
lotte_technology_search_100k_q173,dense_llmlingua2_matched_sent_mmr,minimax-m3,0,unrecorded
lotte_technology_search_100k_q173,intentroute_llmlingua2_matched_sent_mmr_seed19,glm-5.2,0,unrecorded
lotte_technology_search_100k_q173,intentroute_llmlingua2_matched_sent_mmr_seed19,minimax-m3,0,unrecorded
lotte_technology_search_100k_q176,dense_llmlingua2_matched_sent_mmr,glm-5.2,0,unrecorded
lotte_technology_search_100k_q176,dense_llmlingua2_matched_sent_mmr,minimax-m3,0,unrecorded
lotte_technology_search_100k_q176,intentroute_llmlingua2_matched_sent_mmr_seed19,glm-5.2,0,unrecorded
lotte_technology_search_100k_q176,intentroute_llmlingua2_matched_sent_mmr_seed19,minimax-m3,0,unrecorded
lotte_technology_search_100k_q180,dense_llmlingua2_matched_sent_mmr,glm-5.2,0,unrecorded
lotte_technology_search_100k_q180,dense_llmlingua2_matched_sent_mmr,minimax-m3,0,unrecorded
lotte_technology_search_100k_q180,intentroute_llmlingua2_matched_sent_mmr_seed19,glm-5.2,0,unrecorded
lotte_technology_search_100k_q180,intentroute_llmlingua2_matched_sent_mmr_seed19,minimax-m3,0,unrecorded
lotte_technology_search_100k_q181,dense_llmlingua2_matched_sent_mmr,glm-5.2,0,unrecorded
lotte_technology_search_100k_q181,dense_llmlingua2_matched_sent_mmr,minimax-m3,0,unrecorded
lotte_technology_search_100k_q181,intentroute_llmlingua2_matched_sent_mmr_seed19,glm-5.2,0,unrecorded
lotte_technology_search_100k_q181,intentroute_llmlingua2_matched_sent_mmr_seed19,minimax-m3,0,unrecorded
lotte_technology_search_100k_q184,dense_llmlingua2_matched_sent_mmr,glm-5.2,0,unrecorded
lotte_technology_search_100k_q184,dense_llmlingua2_matched_sent_mmr,minimax-m3,0,unrecorded
lotte_technology_search_100k_q184,intentroute_llmlingua2_matched_sent_mmr_seed19,glm-5.2,0,unrecorded
lotte_technology_search_100k_q184,intentroute_llmlingua2_matched_sent_mmr_seed19,minimax-m3,0,unrecorded
lotte_technology_search_100k_q187,dense_llmlingua2_matched_sent_mmr,glm-5.2,0,unrecorded
lotte_technology_search_100k_q187,dense_llmlingua2_matched_sent_mmr,minimax-m3,0,unrecorded
lotte_technology_search_100k_q187,intentroute_llmlingua2_matched_sent_mmr_seed19,glm-5.2,0,unrecorded
lotte_technology_search_100k_q187,intentroute_llmlingua2_matched_sent_mmr_seed19,minimax-m3,0,unrecorded
lotte_technology_search_100k_q188,dense_llmlingua2_matched_sent_mmr,glm-5.2,0,unrecorded
lotte_technology_search_100k_q188,dense_llmlingua2_matched_sent_mmr,minimax-m3,0,unrecorded
lotte_technology_search_100k_q188,intentroute_llmlingua2_matched_sent_mmr_seed19,glm-5.2,0,unrecorded
lotte_technology_search_100k_q188,intentroute_llmlingua2_matched_sent_mmr_seed19,minimax-m3,0,unrecorded
lotte_technology_search_100k_q19,dense_llmlingua2_matched_sent_mmr,glm-5.2,0,unrecorded
lotte_technology_search_100k_q19,dense_llmlingua2_matched_sent_mmr,minimax-m3,0,unrecorded
lotte_technology_search_100k_q19,intentroute_llmlingua2_matched_sent_mmr_seed19,glm-5.2,0,unrecorded
lotte_technology_search_100k_q19,intentroute_llmlingua2_matched_sent_mmr_seed19,minimax-m3,0,unrecorded
lotte_technology_search_100k_q190,dense_llmlingua2_matched_sent_mmr,glm-5.2,0,unrecorded
lotte_technology_search_100k_q190,dense_llmlingua2_matched_sent_mmr,minimax-m3,0,unrecorded
lotte_technology_search_100k_q190,intentroute_llmlingua2_matched_sent_mmr_seed19,glm-5.2,0,unrecorded
lotte_technology_search_100k_q190,intentroute_llmlingua2_matched_sent_mmr_seed19,minimax-m3,0,unrecorded
lotte_technology_search_100k_q191,dense_llmlingua2_matched_sent_mmr,glm-5.2,0,unrecorded
lotte_technology_search_100k_q191,dense_llmlingua2_matched_sent_mmr,minimax-m3,0,unrecorded
lotte_technology_search_100k_q191,intentroute_llmlingua2_matched_sent_mmr_seed19,glm-5.2,0,unrecorded
lotte_technology_search_100k_q191,intentroute_llmlingua2_matched_sent_mmr_seed19,minimax-m3,0,unrecorded
lotte_technology_search_100k_q192,dense_llmlingua2_matched_sent_mmr,glm-5.2,0,unrecorded
lotte_technology_search_100k_q192,dense_llmlingua2_matched_sent_mmr,minimax-m3,0,unrecorded
lotte_technology_search_100k_q192,intentroute_llmlingua2_matched_sent_mmr_seed19,glm-5.2,0,unrecorded
lotte_technology_search_100k_q192,intentroute_llmlingua2_matched_sent_mmr_seed19,minimax-m3,0,unrecorded
lotte_technology_search_100k_q193,dense_llmlingua2_matched_sent_mmr,glm-5.2,0,unrecorded
lotte_technology_search_100k_q193,dense_llmlingua2_matched_sent_mmr,minimax-m3,0,unrecorded
lotte_technology_search_100k_q193,intentroute_llmlingua2_matched_sent_mmr_seed19,glm-5.2,0,unrecorded
lotte_technology_search_100k_q193,intentroute_llmlingua2_matched_sent_mmr_seed19,minimax-m3,0,unrecorded
lotte_technology_search_100k_q195,dense_llmlingua2_matched_sent_mmr,glm-5.2,0,unrecorded
lotte_technology_search_100k_q195,dense_llmlingua2_matched_sent_mmr,minimax-m3,0,unrecorded
lotte_technology_search_100k_q195,intentroute_llmlingua2_matched_sent_mmr_seed19,glm-5.2,0,unrecorded
lotte_technology_search_100k_q195,intentroute_llmlingua2_matched_sent_mmr_seed19,minimax-m3,0,unrecorded
lotte_technology_search_100k_q197,dense_llmlingua2_matched_sent_mmr,glm-5.2,0,unrecorded
lotte_technology_search_100k_q197,dense_llmlingua2_matched_sent_mmr,minimax-m3,0,unrecorded
lotte_technology_search_100k_q197,intentroute_llmlingua2_matched_sent_mmr_seed19,glm-5.2,0,unrecorded
lotte_technology_search_100k_q197,intentroute_llmlingua2_matched_sent_mmr_seed19,minimax-m3,0,unrecorded
lotte_technology_search_100k_q198,dense_llmlingua2_matched_sent_mmr,glm-5.2,0,unrecorded
lotte_technology_search_100k_q198,dense_llmlingua2_matched_sent_mmr,minimax-m3,0,unrecorded
lotte_technology_search_100k_q198,intentroute_llmlingua2_matched_sent_mmr_seed19,glm-5.2,0,unrecorded
lotte_technology_search_100k_q198,intentroute_llmlingua2_matched_sent_mmr_seed19,minimax-m3,0,unrecorded
lotte_technology_search_100k_q199,dense_llmlingua2_matched_sent_mmr,glm-5.2,0,unrecorded
lotte_technology_search_100k_q199,dense_llmlingua2_matched_sent_mmr,minimax-m3,0,unrecorded
lotte_technology_search_100k_q199,intentroute_llmlingua2_matched_sent_mmr_seed19,glm-5.2,0,unrecorded
lotte_technology_search_100k_q199,intentroute_llmlingua2_matched_sent_mmr_seed19,minimax-m3,0,unrecorded
lotte_technology_search_100k_q2,dense_llmlingua2_matched_sent_mmr,glm-5.2,0,unrecorded
lotte_technology_search_100k_q2,dense_llmlingua2_matched_sent_mmr,minimax-m3,0,unrecorded
lotte_technology_search_100k_q2,intentroute_llmlingua2_matched_sent_mmr_seed19,glm-5.2,0,unrecorded
lotte_technology_search_100k_q2,intentroute_llmlingua2_matched_sent_mmr_seed19,minimax-m3,0,unrecorded
lotte_technology_search_100k_q20,dense_llmlingua2_matched_sent_mmr,glm-5.2,0,unrecorded
lotte_technology_search_100k_q20,dense_llmlingua2_matched_sent_mmr,minimax-m3,0,unrecorded
lotte_technology_search_100k_q20,intentroute_llmlingua2_matched_sent_mmr_seed19,glm-5.2,0,unrecorded
lotte_technology_search_100k_q20,intentroute_llmlingua2_matched_sent_mmr_seed19,minimax-m3,0,unrecorded
lotte_technology_search_100k_q205,dense_llmlingua2_matched_sent_mmr,glm-5.2,0,unrecorded
lotte_technology_search_100k_q205,dense_llmlingua2_matched_sent_mmr,minimax-m3,0,unrecorded
lotte_technology_search_100k_q205,intentroute_llmlingua2_matched_sent_mmr_seed19,glm-5.2,0,unrecorded
lotte_technology_search_100k_q205,intentroute_llmlingua2_matched_sent_mmr_seed19,minimax-m3,0,unrecorded
lotte_technology_search_100k_q206,dense_llmlingua2_matched_sent_mmr,glm-5.2,0,unrecorded
lotte_technology_search_100k_q206,dense_llmlingua2_matched_sent_mmr,minimax-m3,0,unrecorded
lotte_technology_search_100k_q206,intentroute_llmlingua2_matched_sent_mmr_seed19,glm-5.2,0,unrecorded
lotte_technology_search_100k_q206,intentroute_llmlingua2_matched_sent_mmr_seed19,minimax-m3,0,unrecorded
lotte_technology_search_100k_q208,dense_llmlingua2_matched_sent_mmr,glm-5.2,0,unrecorded
lotte_technology_search_100k_q208,dense_llmlingua2_matched_sent_mmr,minimax-m3,0,unrecorded
lotte_technology_search_100k_q208,intentroute_llmlingua2_matched_sent_mmr_seed19,glm-5.2,0,unrecorded
lotte_technology_search_100k_q208,intentroute_llmlingua2_matched_sent_mmr_seed19,minimax-m3,0,unrecorded
lotte_technology_search_100k_q209,dense_llmlingua2_matched_sent_mmr,glm-5.2,0,unrecorded
lotte_technology_search_100k_q209,dense_llmlingua2_matched_sent_mmr,minimax-m3,0,unrecorded
lotte_technology_search_100k_q209,intentroute_llmlingua2_matched_sent_mmr_seed19,glm-5.2,0,unrecorded
lotte_technology_search_100k_q209,intentroute_llmlingua2_matched_sent_mmr_seed19,minimax-m3,0,unrecorded
lotte_technology_search_100k_q210,dense_llmlingua2_matched_sent_mmr,glm-5.2,0,unrecorded
lotte_technology_search_100k_q210,dense_llmlingua2_matched_sent_mmr,minimax-m3,0,unrecorded
lotte_technology_search_100k_q210,intentroute_llmlingua2_matched_sent_mmr_seed19,glm-5.2,0,unrecorded
lotte_technology_search_100k_q210,intentroute_llmlingua2_matched_sent_mmr_seed19,minimax-m3,0,unrecorded
lotte_technology_search_100k_q212,dense_llmlingua2_matched_sent_mmr,glm-5.2,0,unrecorded
lotte_technology_search_100k_q212,dense_llmlingua2_matched_sent_mmr,minimax-m3,0,unrecorded
lotte_technology_search_100k_q212,intentroute_llmlingua2_matched_sent_mmr_seed19,glm-5.2,0,unrecorded
lotte_technology_search_100k_q212,intentroute_llmlingua2_matched_sent_mmr_seed19,minimax-m3,0,unrecorded
lotte_technology_search_100k_q213,dense_llmlingua2_matched_sent_mmr,glm-5.2,0,unrecorded
lotte_technology_search_100k_q213,dense_llmlingua2_matched_sent_mmr,minimax-m3,0,unrecorded
lotte_technology_search_100k_q213,intentroute_llmlingua2_matched_sent_mmr_seed19,glm-5.2,0,unrecorded
lotte_technology_search_100k_q213,intentroute_llmlingua2_matched_sent_mmr_seed19,minimax-m3,0,unrecorded
lotte_technology_search_100k_q214,dense_llmlingua2_matched_sent_mmr,glm-5.2,0,unrecorded
lotte_technology_search_100k_q214,dense_llmlingua2_matched_sent_mmr,minimax-m3,0,unrecorded
lotte_technology_search_100k_q214,intentroute_llmlingua2_matched_sent_mmr_seed19,glm-5.2,0,unrecorded
lotte_technology_search_100k_q214,intentroute_llmlingua2_matched_sent_mmr_seed19,minimax-m3,0,unrecorded
lotte_technology_search_100k_q217,dense_llmlingua2_matched_sent_mmr,glm-5.2,0,unrecorded
lotte_technology_search_100k_q217,dense_llmlingua2_matched_sent_mmr,minimax-m3,0,unrecorded
lotte_technology_search_100k_q217,intentroute_llmlingua2_matched_sent_mmr_seed19,glm-5.2,0,unrecorded
lotte_technology_search_100k_q217,intentroute_llmlingua2_matched_sent_mmr_seed19,minimax-m3,0,unrecorded
lotte_technology_search_100k_q222,dense_llmlingua2_matched_sent_mmr,glm-5.2,0,unrecorded
lotte_technology_search_100k_q222,dense_llmlingua2_matched_sent_mmr,minimax-m3,0,unrecorded
lotte_technology_search_100k_q222,intentroute_llmlingua2_matched_sent_mmr_seed19,glm-5.2,0,unrecorded
lotte_technology_search_100k_q222,intentroute_llmlingua2_matched_sent_mmr_seed19,minimax-m3,0,unrecorded
lotte_technology_search_100k_q223,dense_llmlingua2_matched_sent_mmr,glm-5.2,0,unrecorded
lotte_technology_search_100k_q223,dense_llmlingua2_matched_sent_mmr,minimax-m3,0,unrecorded
lotte_technology_search_100k_q223,intentroute_llmlingua2_matched_sent_mmr_seed19,glm-5.2,0,unrecorded
lotte_technology_search_100k_q223,intentroute_llmlingua2_matched_sent_mmr_seed19,minimax-m3,0,unrecorded
lotte_technology_search_100k_q225,dense_llmlingua2_matched_sent_mmr,glm-5.2,0,unrecorded
lotte_technology_search_100k_q225,dense_llmlingua2_matched_sent_mmr,minimax-m3,0,unrecorded
lotte_technology_search_100k_q225,intentroute_llmlingua2_matched_sent_mmr_seed19,glm-5.2,0,unrecorded
lotte_technology_search_100k_q225,intentroute_llmlingua2_matched_sent_mmr_seed19,minimax-m3,0,unrecorded
lotte_technology_search_100k_q226,dense_llmlingua2_matched_sent_mmr,glm-5.2,0,unrecorded
lotte_technology_search_100k_q226,dense_llmlingua2_matched_sent_mmr,minimax-m3,0,unrecorded
lotte_technology_search_100k_q226,intentroute_llmlingua2_matched_sent_mmr_seed19,glm-5.2,0,unrecorded
lotte_technology_search_100k_q226,intentroute_llmlingua2_matched_sent_mmr_seed19,minimax-m3,0,unrecorded
lotte_technology_search_100k_q228,dense_llmlingua2_matched_sent_mmr,glm-5.2,0,unrecorded
lotte_technology_search_100k_q228,dense_llmlingua2_matched_sent_mmr,minimax-m3,0,unrecorded
lotte_technology_search_100k_q228,intentroute_llmlingua2_matched_sent_mmr_seed19,glm-5.2,0,unrecorded
lotte_technology_search_100k_q228,intentroute_llmlingua2_matched_sent_mmr_seed19,minimax-m3,0,unrecorded
lotte_technology_search_100k_q229,dense_llmlingua2_matched_sent_mmr,glm-5.2,0,unrecorded
lotte_technology_search_100k_q229,dense_llmlingua2_matched_sent_mmr,minimax-m3,0,unrecorded
lotte_technology_search_100k_q229,intentroute_llmlingua2_matched_sent_mmr_seed19,glm-5.2,0,unrecorded
lotte_technology_search_100k_q229,intentroute_llmlingua2_matched_sent_mmr_seed19,minimax-m3,0,unrecorded
lotte_technology_search_100k_q232,dense_llmlingua2_matched_sent_mmr,glm-5.2,0,unrecorded
lotte_technology_search_100k_q232,dense_llmlingua2_matched_sent_mmr,minimax-m3,0,unrecorded
lotte_technology_search_100k_q232,intentroute_llmlingua2_matched_sent_mmr_seed19,glm-5.2,0,unrecorded
lotte_technology_search_100k_q232,intentroute_llmlingua2_matched_sent_mmr_seed19,minimax-m3,0,unrecorded
lotte_technology_search_100k_q233,dense_llmlingua2_matched_sent_mmr,glm-5.2,0,unrecorded
lotte_technology_search_100k_q233,dense_llmlingua2_matched_sent_mmr,minimax-m3,0,unrecorded
lotte_technology_search_100k_q233,intentroute_llmlingua2_matched_sent_mmr_seed19,glm-5.2,0,unrecorded
lotte_technology_search_100k_q233,intentroute_llmlingua2_matched_sent_mmr_seed19,minimax-m3,0,unrecorded
lotte_technology_search_100k_q236,dense_llmlingua2_matched_sent_mmr,glm-5.2,0,unrecorded
lotte_technology_search_100k_q236,dense_llmlingua2_matched_sent_mmr,minimax-m3,0,unrecorded
lotte_technology_search_100k_q236,intentroute_llmlingua2_matched_sent_mmr_seed19,glm-5.2,0,unrecorded
lotte_technology_search_100k_q236,intentroute_llmlingua2_matched_sent_mmr_seed19,minimax-m3,0,unrecorded
lotte_technology_search_100k_q237,dense_llmlingua2_matched_sent_mmr,glm-5.2,0,unrecorded
lotte_technology_search_100k_q237,dense_llmlingua2_matched_sent_mmr,minimax-m3,0,unrecorded
lotte_technology_search_100k_q237,intentroute_llmlingua2_matched_sent_mmr_seed19,glm-5.2,0,unrecorded
lotte_technology_search_100k_q237,intentroute_llmlingua2_matched_sent_mmr_seed19,minimax-m3,0,unrecorded
lotte_technology_search_100k_q238,dense_llmlingua2_matched_sent_mmr,glm-5.2,0,unrecorded
lotte_technology_search_100k_q238,dense_llmlingua2_matched_sent_mmr,minimax-m3,0,unrecorded
lotte_technology_search_100k_q238,intentroute_llmlingua2_matched_sent_mmr_seed19,glm-5.2,0,unrecorded
lotte_technology_search_100k_q238,intentroute_llmlingua2_matched_sent_mmr_seed19,minimax-m3,0,unrecorded
lotte_technology_search_100k_q240,dense_llmlingua2_matched_sent_mmr,glm-5.2,0,unrecorded
lotte_technology_search_100k_q240,dense_llmlingua2_matched_sent_mmr,minimax-m3,0,unrecorded
lotte_technology_search_100k_q240,intentroute_llmlingua2_matched_sent_mmr_seed19,glm-5.2,0,unrecorded
lotte_technology_search_100k_q240,intentroute_llmlingua2_matched_sent_mmr_seed19,minimax-m3,0,unrecorded
lotte_technology_search_100k_q242,dense_llmlingua2_matched_sent_mmr,glm-5.2,0,unrecorded
lotte_technology_search_100k_q242,dense_llmlingua2_matched_sent_mmr,minimax-m3,0,unrecorded
lotte_technology_search_100k_q242,intentroute_llmlingua2_matched_sent_mmr_seed19,glm-5.2,0,unrecorded
lotte_technology_search_100k_q242,intentroute_llmlingua2_matched_sent_mmr_seed19,minimax-m3,0,unrecorded
lotte_technology_search_100k_q243,dense_llmlingua2_matched_sent_mmr,glm-5.2,0,unrecorded
lotte_technology_search_100k_q243,dense_llmlingua2_matched_sent_mmr,minimax-m3,0,unrecorded
lotte_technology_search_100k_q243,intentroute_llmlingua2_matched_sent_mmr_seed19,glm-5.2,0,unrecorded
lotte_technology_search_100k_q243,intentroute_llmlingua2_matched_sent_mmr_seed19,minimax-m3,0,unrecorded
lotte_technology_search_100k_q245,dense_llmlingua2_matched_sent_mmr,glm-5.2,0,unrecorded
lotte_technology_search_100k_q245,dense_llmlingua2_matched_sent_mmr,minimax-m3,0,unrecorded
lotte_technology_search_100k_q245,intentroute_llmlingua2_matched_sent_mmr_seed19,glm-5.2,0,unrecorded
lotte_technology_search_100k_q245,intentroute_llmlingua2_matched_sent_mmr_seed19,minimax-m3,0,unrecorded
lotte_technology_search_100k_q248,dense_llmlingua2_matched_sent_mmr,glm-5.2,0,unrecorded
lotte_technology_search_100k_q248,dense_llmlingua2_matched_sent_mmr,minimax-m3,0,unrecorded
lotte_technology_search_100k_q248,intentroute_llmlingua2_matched_sent_mmr_seed19,glm-5.2,0,unrecorded
lotte_technology_search_100k_q248,intentroute_llmlingua2_matched_sent_mmr_seed19,minimax-m3,0,unrecorded
lotte_technology_search_100k_q249,dense_llmlingua2_matched_sent_mmr,glm-5.2,0,unrecorded
lotte_technology_search_100k_q249,dense_llmlingua2_matched_sent_mmr,minimax-m3,0,unrecorded
lotte_technology_search_100k_q249,intentroute_llmlingua2_matched_sent_mmr_seed19,glm-5.2,0,unrecorded
lotte_technology_search_100k_q249,intentroute_llmlingua2_matched_sent_mmr_seed19,minimax-m3,0,unrecorded
lotte_technology_search_100k_q25,dense_llmlingua2_matched_sent_mmr,glm-5.2,0,unrecorded
lotte_technology_search_100k_q25,dense_llmlingua2_matched_sent_mmr,minimax-m3,0,unrecorded
lotte_technology_search_100k_q25,intentroute_llmlingua2_matched_sent_mmr_seed19,glm-5.2,0,unrecorded
lotte_technology_search_100k_q25,intentroute_llmlingua2_matched_sent_mmr_seed19,minimax-m3,0,unrecorded
lotte_technology_search_100k_q251,dense_llmlingua2_matched_sent_mmr,glm-5.2,0,unrecorded
lotte_technology_search_100k_q251,dense_llmlingua2_matched_sent_mmr,minimax-m3,0,unrecorded
lotte_technology_search_100k_q251,intentroute_llmlingua2_matched_sent_mmr_seed19,glm-5.2,0,unrecorded
lotte_technology_search_100k_q251,intentroute_llmlingua2_matched_sent_mmr_seed19,minimax-m3,0,unrecorded
lotte_technology_search_100k_q254,dense_llmlingua2_matched_sent_mmr,glm-5.2,0,unrecorded
lotte_technology_search_100k_q254,dense_llmlingua2_matched_sent_mmr,minimax-m3,0,unrecorded
lotte_technology_search_100k_q254,dense_sent_mmr_r0.85_l0.70,minimax-m3,1,SensitiveContentDetected
lotte_technology_search_100k_q254,intentroute_llmlingua2_matched_sent_mmr_seed19,glm-5.2,0,unrecorded
lotte_technology_search_100k_q254,intentroute_llmlingua2_matched_sent_mmr_seed19,minimax-m3,0,unrecorded
lotte_technology_search_100k_q255,dense_llmlingua2_matched_sent_mmr,glm-5.2,0,unrecorded
lotte_technology_search_100k_q255,dense_llmlingua2_matched_sent_mmr,minimax-m3,0,unrecorded
lotte_technology_search_100k_q255,dense_sent_mmr_r0.85_l0.70,minimax-m3,1,SensitiveContentDetected
lotte_technology_search_100k_q255,intentroute_llmlingua2_matched_sent_mmr_seed19,glm-5.2,0,unrecorded
lotte_technology_search_100k_q255,intentroute_llmlingua2_matched_sent_mmr_seed19,minimax-m3,0,unrecorded
lotte_technology_search_100k_q255,intentweight_sent_mmr_r0.85_l0.70_seed19,minimax-m3,1,SensitiveContentDetected
lotte_technology_search_100k_q256,dense_llmlingua2_matched_sent_mmr,glm-5.2,0,unrecorded
lotte_technology_search_100k_q256,dense_llmlingua2_matched_sent_mmr,minimax-m3,0,unrecorded
lotte_technology_search_100k_q256,intentroute_llmlingua2_matched_sent_mmr_seed19,glm-5.2,0,unrecorded
lotte_technology_search_100k_q256,intentroute_llmlingua2_matched_sent_mmr_seed19,minimax-m3,0,unrecorded
lotte_technology_search_100k_q257,dense_llmlingua2_matched_sent_mmr,glm-5.2,0,unrecorded
lotte_technology_search_100k_q257,dense_llmlingua2_matched_sent_mmr,minimax-m3,0,unrecorded
lotte_technology_search_100k_q257,intentroute_llmlingua2_matched_sent_mmr_seed19,glm-5.2,0,unrecorded
lotte_technology_search_100k_q257,intentroute_llmlingua2_matched_sent_mmr_seed19,minimax-m3,0,unrecorded
lotte_technology_search_100k_q262,dense_llmlingua2_matched_sent_mmr,glm-5.2,0,unrecorded
lotte_technology_search_100k_q262,dense_llmlingua2_matched_sent_mmr,minimax-m3,0,unrecorded
lotte_technology_search_100k_q262,intentroute_llmlingua2_matched_sent_mmr_seed19,glm-5.2,0,unrecorded
lotte_technology_search_100k_q262,intentroute_llmlingua2_matched_sent_mmr_seed19,minimax-m3,0,unrecorded
lotte_technology_search_100k_q263,dense_llmlingua2_matched_sent_mmr,glm-5.2,0,unrecorded
lotte_technology_search_100k_q263,dense_llmlingua2_matched_sent_mmr,minimax-m3,0,unrecorded
lotte_technology_search_100k_q263,intentroute_llmlingua2_matched_sent_mmr_seed19,glm-5.2,0,unrecorded
lotte_technology_search_100k_q263,intentroute_llmlingua2_matched_sent_mmr_seed19,minimax-m3,0,unrecorded
lotte_technology_search_100k_q265,dense_llmlingua2_matched_sent_mmr,glm-5.2,0,unrecorded
lotte_technology_search_100k_q265,dense_llmlingua2_matched_sent_mmr,minimax-m3,0,unrecorded
lotte_technology_search_100k_q265,intentroute_llmlingua2_matched_sent_mmr_seed19,glm-5.2,0,unrecorded
lotte_technology_search_100k_q265,intentroute_llmlingua2_matched_sent_mmr_seed19,minimax-m3,0,unrecorded
lotte_technology_search_100k_q27,dense_llmlingua2_matched_sent_mmr,glm-5.2,0,unrecorded
lotte_technology_search_100k_q27,dense_llmlingua2_matched_sent_mmr,minimax-m3,0,unrecorded
lotte_technology_search_100k_q27,intentroute_llmlingua2_matched_sent_mmr_seed19,glm-5.2,0,unrecorded
lotte_technology_search_100k_q27,intentroute_llmlingua2_matched_sent_mmr_seed19,minimax-m3,0,unrecorded
lotte_technology_search_100k_q270,dense_llmlingua2_matched_sent_mmr,glm-5.2,0,unrecorded
lotte_technology_search_100k_q270,dense_llmlingua2_matched_sent_mmr,minimax-m3,0,unrecorded
lotte_technology_search_100k_q270,intentroute_llmlingua2_matched_sent_mmr_seed19,glm-5.2,0,unrecorded
lotte_technology_search_100k_q270,intentroute_llmlingua2_matched_sent_mmr_seed19,minimax-m3,0,unrecorded
lotte_technology_search_100k_q272,dense_llmlingua2_matched_sent_mmr,glm-5.2,0,unrecorded
lotte_technology_search_100k_q272,dense_llmlingua2_matched_sent_mmr,minimax-m3,0,unrecorded
lotte_technology_search_100k_q272,intentroute_llmlingua2_matched_sent_mmr_seed19,glm-5.2,0,unrecorded
lotte_technology_search_100k_q272,intentroute_llmlingua2_matched_sent_mmr_seed19,minimax-m3,0,unrecorded
lotte_technology_search_100k_q273,dense_llmlingua2_matched_sent_mmr,glm-5.2,0,unrecorded
lotte_technology_search_100k_q273,dense_llmlingua2_matched_sent_mmr,minimax-m3,0,unrecorded
lotte_technology_search_100k_q273,intentroute_llmlingua2_matched_sent_mmr_seed19,glm-5.2,0,unrecorded
lotte_technology_search_100k_q273,intentroute_llmlingua2_matched_sent_mmr_seed19,minimax-m3,0,unrecorded
lotte_technology_search_100k_q274,dense_llmlingua2_matched_sent_mmr,glm-5.2,0,unrecorded
lotte_technology_search_100k_q274,dense_llmlingua2_matched_sent_mmr,minimax-m3,0,unrecorded
lotte_technology_search_100k_q274,intentroute_llmlingua2_matched_sent_mmr_seed19,glm-5.2,0,unrecorded
lotte_technology_search_100k_q274,intentroute_llmlingua2_matched_sent_mmr_seed19,minimax-m3,0,unrecorded
lotte_technology_search_100k_q276,dense_llmlingua2_matched_sent_mmr,glm-5.2,0,unrecorded
lotte_technology_search_100k_q276,dense_llmlingua2_matched_sent_mmr,minimax-m3,0,unrecorded
lotte_technology_search_100k_q276,intentroute_llmlingua2_matched_sent_mmr_seed19,glm-5.2,0,unrecorded
lotte_technology_search_100k_q276,intentroute_llmlingua2_matched_sent_mmr_seed19,minimax-m3,0,unrecorded
lotte_technology_search_100k_q277,dense_llmlingua2_matched_sent_mmr,glm-5.2,0,unrecorded
lotte_technology_search_100k_q277,dense_llmlingua2_matched_sent_mmr,minimax-m3,0,unrecorded
lotte_technology_search_100k_q277,intentroute_llmlingua2_matched_sent_mmr_seed19,glm-5.2,0,unrecorded
lotte_technology_search_100k_q277,intentroute_llmlingua2_matched_sent_mmr_seed19,minimax-m3,0,unrecorded
lotte_technology_search_100k_q278,dense_llmlingua2_matched_sent_mmr,glm-5.2,0,unrecorded
lotte_technology_search_100k_q278,dense_llmlingua2_matched_sent_mmr,minimax-m3,0,unrecorded
lotte_technology_search_100k_q278,intentroute_llmlingua2_matched_sent_mmr_seed19,glm-5.2,0,unrecorded
lotte_technology_search_100k_q278,intentroute_llmlingua2_matched_sent_mmr_seed19,minimax-m3,0,unrecorded
lotte_technology_search_100k_q279,dense_llmlingua2_matched_sent_mmr,glm-5.2,0,unrecorded
lotte_technology_search_100k_q279,dense_llmlingua2_matched_sent_mmr,minimax-m3,0,unrecorded
lotte_technology_search_100k_q279,intentroute_llmlingua2_matched_sent_mmr_seed19,glm-5.2,0,unrecorded
lotte_technology_search_100k_q279,intentroute_llmlingua2_matched_sent_mmr_seed19,minimax-m3,0,unrecorded
lotte_technology_search_100k_q280,dense_llmlingua2_matched_sent_mmr,glm-5.2,0,unrecorded
lotte_technology_search_100k_q280,dense_llmlingua2_matched_sent_mmr,minimax-m3,0,unrecorded
lotte_technology_search_100k_q280,intentroute_llmlingua2_matched_sent_mmr_seed19,glm-5.2,0,unrecorded
lotte_technology_search_100k_q280,intentroute_llmlingua2_matched_sent_mmr_seed19,minimax-m3,0,unrecorded
lotte_technology_search_100k_q282,dense_llmlingua2_matched_sent_mmr,glm-5.2,0,unrecorded
lotte_technology_search_100k_q282,dense_llmlingua2_matched_sent_mmr,minimax-m3,0,unrecorded
lotte_technology_search_100k_q282,intentroute_llmlingua2_matched_sent_mmr_seed19,glm-5.2,0,unrecorded
lotte_technology_search_100k_q282,intentroute_llmlingua2_matched_sent_mmr_seed19,minimax-m3,0,unrecorded
lotte_technology_search_100k_q283,dense_llmlingua2_matched_sent_mmr,glm-5.2,0,unrecorded
lotte_technology_search_100k_q283,dense_llmlingua2_matched_sent_mmr,minimax-m3,0,unrecorded
lotte_technology_search_100k_q283,intentroute_llmlingua2_matched_sent_mmr_seed19,glm-5.2,0,unrecorded
lotte_technology_search_100k_q283,intentroute_llmlingua2_matched_sent_mmr_seed19,minimax-m3,0,unrecorded
lotte_technology_search_100k_q288,dense_llmlingua2_matched_sent_mmr,glm-5.2,0,unrecorded
lotte_technology_search_100k_q288,dense_llmlingua2_matched_sent_mmr,minimax-m3,0,unrecorded
lotte_technology_search_100k_q288,intentroute_llmlingua2_matched_sent_mmr_seed19,glm-5.2,0,unrecorded
lotte_technology_search_100k_q288,intentroute_llmlingua2_matched_sent_mmr_seed19,minimax-m3,0,unrecorded
lotte_technology_search_100k_q289,dense_llmlingua2_matched_sent_mmr,glm-5.2,0,unrecorded
lotte_technology_search_100k_q289,dense_llmlingua2_matched_sent_mmr,minimax-m3,0,unrecorded
lotte_technology_search_100k_q289,intentroute_llmlingua2_matched_sent_mmr_seed19,glm-5.2,0,unrecorded
lotte_technology_search_100k_q289,intentroute_llmlingua2_matched_sent_mmr_seed19,minimax-m3,0,unrecorded
lotte_technology_search_100k_q29,dense_llmlingua2_matched_sent_mmr,glm-5.2,0,unrecorded
lotte_technology_search_100k_q29,dense_llmlingua2_matched_sent_mmr,minimax-m3,0,unrecorded
lotte_technology_search_100k_q29,intentroute_llmlingua2_matched_sent_mmr_seed19,glm-5.2,0,unrecorded
lotte_technology_search_100k_q29,intentroute_llmlingua2_matched_sent_mmr_seed19,minimax-m3,0,unrecorded
lotte_technology_search_100k_q292,dense_llmlingua2_matched_sent_mmr,glm-5.2,0,unrecorded
lotte_technology_search_100k_q292,dense_llmlingua2_matched_sent_mmr,minimax-m3,0,unrecorded
lotte_technology_search_100k_q292,intentroute_llmlingua2_matched_sent_mmr_seed19,glm-5.2,0,unrecorded
lotte_technology_search_100k_q292,intentroute_llmlingua2_matched_sent_mmr_seed19,minimax-m3,0,unrecorded
lotte_technology_search_100k_q294,dense_llmlingua2_matched_sent_mmr,glm-5.2,0,unrecorded
lotte_technology_search_100k_q294,dense_llmlingua2_matched_sent_mmr,minimax-m3,0,unrecorded
lotte_technology_search_100k_q294,intentroute_llmlingua2_matched_sent_mmr_seed19,glm-5.2,0,unrecorded
lotte_technology_search_100k_q294,intentroute_llmlingua2_matched_sent_mmr_seed19,minimax-m3,0,unrecorded
lotte_technology_search_100k_q296,dense_llmlingua2_matched_sent_mmr,glm-5.2,0,unrecorded
lotte_technology_search_100k_q296,dense_llmlingua2_matched_sent_mmr,minimax-m3,0,unrecorded
lotte_technology_search_100k_q296,intentroute_llmlingua2_matched_sent_mmr_seed19,glm-5.2,0,unrecorded
lotte_technology_search_100k_q296,intentroute_llmlingua2_matched_sent_mmr_seed19,minimax-m3,0,unrecorded
lotte_technology_search_100k_q297,dense_llmlingua2_matched_sent_mmr,glm-5.2,0,unrecorded
lotte_technology_search_100k_q297,dense_llmlingua2_matched_sent_mmr,minimax-m3,0,unrecorded
lotte_technology_search_100k_q297,intentroute_llmlingua2_matched_sent_mmr_seed19,glm-5.2,0,unrecorded
lotte_technology_search_100k_q297,intentroute_llmlingua2_matched_sent_mmr_seed19,minimax-m3,0,unrecorded
lotte_technology_search_100k_q298,dense_llmlingua2_matched_sent_mmr,glm-5.2,0,unrecorded
lotte_technology_search_100k_q298,dense_llmlingua2_matched_sent_mmr,minimax-m3,0,unrecorded
lotte_technology_search_100k_q298,intentroute_llmlingua2_matched_sent_mmr_seed19,glm-5.2,0,unrecorded
lotte_technology_search_100k_q298,intentroute_llmlingua2_matched_sent_mmr_seed19,minimax-m3,0,unrecorded
lotte_technology_search_100k_q299,dense_llmlingua2_matched_sent_mmr,glm-5.2,0,unrecorded
lotte_technology_search_100k_q299,dense_llmlingua2_matched_sent_mmr,minimax-m3,0,unrecorded
lotte_technology_search_100k_q299,intentroute_llmlingua2_matched_sent_mmr_seed19,glm-5.2,0,unrecorded
lotte_technology_search_100k_q299,intentroute_llmlingua2_matched_sent_mmr_seed19,minimax-m3,0,unrecorded
lotte_technology_search_100k_q300,dense_llmlingua2_matched_sent_mmr,glm-5.2,0,unrecorded
lotte_technology_search_100k_q300,dense_llmlingua2_matched_sent_mmr,minimax-m3,0,unrecorded
lotte_technology_search_100k_q300,intentroute_llmlingua2_matched_sent_mmr_seed19,glm-5.2,0,unrecorded
lotte_technology_search_100k_q300,intentroute_llmlingua2_matched_sent_mmr_seed19,minimax-m3,0,unrecorded
lotte_technology_search_100k_q302,dense_llmlingua2_matched_sent_mmr,glm-5.2,0,unrecorded
lotte_technology_search_100k_q302,dense_llmlingua2_matched_sent_mmr,minimax-m3,0,unrecorded
lotte_technology_search_100k_q302,intentroute_llmlingua2_matched_sent_mmr_seed19,glm-5.2,0,unrecorded
lotte_technology_search_100k_q302,intentroute_llmlingua2_matched_sent_mmr_seed19,minimax-m3,0,unrecorded
lotte_technology_search_100k_q303,dense_llmlingua2_matched_sent_mmr,glm-5.2,0,unrecorded
lotte_technology_search_100k_q303,dense_llmlingua2_matched_sent_mmr,minimax-m3,0,unrecorded
lotte_technology_search_100k_q303,intentroute_llmlingua2_matched_sent_mmr_seed19,glm-5.2,0,unrecorded
lotte_technology_search_100k_q303,intentroute_llmlingua2_matched_sent_mmr_seed19,minimax-m3,0,unrecorded
lotte_technology_search_100k_q305,dense_llmlingua2_matched_sent_mmr,glm-5.2,0,unrecorded
lotte_technology_search_100k_q305,dense_llmlingua2_matched_sent_mmr,minimax-m3,0,unrecorded
lotte_technology_search_100k_q305,intentroute_llmlingua2_matched_sent_mmr_seed19,glm-5.2,0,unrecorded
lotte_technology_search_100k_q305,intentroute_llmlingua2_matched_sent_mmr_seed19,minimax-m3,0,unrecorded
lotte_technology_search_100k_q308,dense_llmlingua2_matched_sent_mmr,glm-5.2,0,unrecorded
lotte_technology_search_100k_q308,dense_llmlingua2_matched_sent_mmr,minimax-m3,0,unrecorded
lotte_technology_search_100k_q308,intentroute_llmlingua2_matched_sent_mmr_seed19,glm-5.2,0,unrecorded
lotte_technology_search_100k_q308,intentroute_llmlingua2_matched_sent_mmr_seed19,minimax-m3,0,unrecorded
lotte_technology_search_100k_q310,dense_llmlingua2_matched_sent_mmr,glm-5.2,0,unrecorded
lotte_technology_search_100k_q310,dense_llmlingua2_matched_sent_mmr,minimax-m3,0,unrecorded
lotte_technology_search_100k_q310,intentroute_llmlingua2_matched_sent_mmr_seed19,glm-5.2,0,unrecorded
lotte_technology_search_100k_q310,intentroute_llmlingua2_matched_sent_mmr_seed19,minimax-m3,0,unrecorded
lotte_technology_search_100k_q311,dense_llmlingua2_matched_sent_mmr,glm-5.2,0,unrecorded
lotte_technology_search_100k_q311,dense_llmlingua2_matched_sent_mmr,minimax-m3,0,unrecorded
lotte_technology_search_100k_q311,intentroute_llmlingua2_matched_sent_mmr_seed19,glm-5.2,0,unrecorded
lotte_technology_search_100k_q311,intentroute_llmlingua2_matched_sent_mmr_seed19,minimax-m3,0,unrecorded
lotte_technology_search_100k_q312,dense_llmlingua2_matched_sent_mmr,glm-5.2,0,unrecorded
lotte_technology_search_100k_q312,dense_llmlingua2_matched_sent_mmr,minimax-m3,0,unrecorded
lotte_technology_search_100k_q312,intentroute_llmlingua2_matched_sent_mmr_seed19,glm-5.2,0,unrecorded
lotte_technology_search_100k_q312,intentroute_llmlingua2_matched_sent_mmr_seed19,minimax-m3,0,unrecorded
lotte_technology_search_100k_q315,dense_llmlingua2_matched_sent_mmr,glm-5.2,0,unrecorded
lotte_technology_search_100k_q315,dense_llmlingua2_matched_sent_mmr,minimax-m3,0,unrecorded
lotte_technology_search_100k_q315,intentroute_llmlingua2_matched_sent_mmr_seed19,glm-5.2,0,unrecorded
lotte_technology_search_100k_q315,intentroute_llmlingua2_matched_sent_mmr_seed19,minimax-m3,0,unrecorded
lotte_technology_search_100k_q316,dense_llmlingua2_matched_sent_mmr,glm-5.2,0,unrecorded
lotte_technology_search_100k_q316,dense_llmlingua2_matched_sent_mmr,minimax-m3,0,unrecorded
lotte_technology_search_100k_q316,intentroute_llmlingua2_matched_sent_mmr_seed19,glm-5.2,0,unrecorded
lotte_technology_search_100k_q316,intentroute_llmlingua2_matched_sent_mmr_seed19,minimax-m3,0,unrecorded
lotte_technology_search_100k_q319,dense_llmlingua2_matched_sent_mmr,glm-5.2,0,unrecorded
lotte_technology_search_100k_q319,dense_llmlingua2_matched_sent_mmr,minimax-m3,0,unrecorded
lotte_technology_search_100k_q319,intentroute_llmlingua2_matched_sent_mmr_seed19,glm-5.2,0,unrecorded
lotte_technology_search_100k_q319,intentroute_llmlingua2_matched_sent_mmr_seed19,minimax-m3,0,unrecorded
lotte_technology_search_100k_q326,dense_llmlingua2_matched_sent_mmr,glm-5.2,0,unrecorded
lotte_technology_search_100k_q326,dense_llmlingua2_matched_sent_mmr,minimax-m3,0,unrecorded
lotte_technology_search_100k_q326,intentroute_llmlingua2_matched_sent_mmr_seed19,glm-5.2,0,unrecorded
lotte_technology_search_100k_q326,intentroute_llmlingua2_matched_sent_mmr_seed19,minimax-m3,0,unrecorded
lotte_technology_search_100k_q327,dense_llmlingua2_matched_sent_mmr,glm-5.2,0,unrecorded
lotte_technology_search_100k_q327,dense_llmlingua2_matched_sent_mmr,minimax-m3,0,unrecorded
lotte_technology_search_100k_q327,intentroute_llmlingua2_matched_sent_mmr_seed19,glm-5.2,0,unrecorded
lotte_technology_search_100k_q327,intentroute_llmlingua2_matched_sent_mmr_seed19,minimax-m3,0,unrecorded
lotte_technology_search_100k_q329,dense_llmlingua2_matched_sent_mmr,glm-5.2,0,unrecorded
lotte_technology_search_100k_q329,dense_llmlingua2_matched_sent_mmr,minimax-m3,0,unrecorded
lotte_technology_search_100k_q329,intentroute_llmlingua2_matched_sent_mmr_seed19,glm-5.2,0,unrecorded
lotte_technology_search_100k_q329,intentroute_llmlingua2_matched_sent_mmr_seed19,minimax-m3,0,unrecorded
lotte_technology_search_100k_q33,dense_llmlingua2_matched_sent_mmr,glm-5.2,0,unrecorded
lotte_technology_search_100k_q33,dense_llmlingua2_matched_sent_mmr,minimax-m3,0,unrecorded
lotte_technology_search_100k_q33,intentroute_llmlingua2_matched_sent_mmr_seed19,glm-5.2,0,unrecorded
lotte_technology_search_100k_q33,intentroute_llmlingua2_matched_sent_mmr_seed19,minimax-m3,0,unrecorded
lotte_technology_search_100k_q33,intentweight_sent_mmr_r0.85_l0.70_seed19,minimax-m3,2,SensitiveContentDetected
lotte_technology_search_100k_q332,dense_llmlingua2_matched_sent_mmr,glm-5.2,0,unrecorded
lotte_technology_search_100k_q332,dense_llmlingua2_matched_sent_mmr,minimax-m3,0,unrecorded
lotte_technology_search_100k_q332,intentroute_llmlingua2_matched_sent_mmr_seed19,glm-5.2,0,unrecorded
lotte_technology_search_100k_q332,intentroute_llmlingua2_matched_sent_mmr_seed19,minimax-m3,0,unrecorded
lotte_technology_search_100k_q334,dense_llmlingua2_matched_sent_mmr,glm-5.2,0,unrecorded
lotte_technology_search_100k_q334,dense_llmlingua2_matched_sent_mmr,minimax-m3,0,unrecorded
lotte_technology_search_100k_q334,intentroute_llmlingua2_matched_sent_mmr_seed19,glm-5.2,0,unrecorded
lotte_technology_search_100k_q334,intentroute_llmlingua2_matched_sent_mmr_seed19,minimax-m3,0,unrecorded
lotte_technology_search_100k_q336,dense_llmlingua2_matched_sent_mmr,glm-5.2,0,unrecorded
lotte_technology_search_100k_q336,dense_llmlingua2_matched_sent_mmr,minimax-m3,0,unrecorded
lotte_technology_search_100k_q336,intentroute_llmlingua2_matched_sent_mmr_seed19,glm-5.2,0,unrecorded
lotte_technology_search_100k_q336,intentroute_llmlingua2_matched_sent_mmr_seed19,minimax-m3,0,unrecorded
lotte_technology_search_100k_q338,dense_llmlingua2_matched_sent_mmr,glm-5.2,0,unrecorded
lotte_technology_search_100k_q338,dense_llmlingua2_matched_sent_mmr,minimax-m3,0,unrecorded
lotte_technology_search_100k_q338,intentroute_llmlingua2_matched_sent_mmr_seed19,glm-5.2,0,unrecorded
lotte_technology_search_100k_q338,intentroute_llmlingua2_matched_sent_mmr_seed19,minimax-m3,0,unrecorded
lotte_technology_search_100k_q339,dense_llmlingua2_matched_sent_mmr,glm-5.2,0,unrecorded
lotte_technology_search_100k_q339,dense_llmlingua2_matched_sent_mmr,minimax-m3,0,unrecorded
lotte_technology_search_100k_q339,intentroute_llmlingua2_matched_sent_mmr_seed19,glm-5.2,0,unrecorded
lotte_technology_search_100k_q339,intentroute_llmlingua2_matched_sent_mmr_seed19,minimax-m3,0,unrecorded
lotte_technology_search_100k_q340,dense_llmlingua2_matched_sent_mmr,glm-5.2,0,unrecorded
lotte_technology_search_100k_q340,dense_llmlingua2_matched_sent_mmr,minimax-m3,0,unrecorded
lotte_technology_search_100k_q340,intentroute_llmlingua2_matched_sent_mmr_seed19,glm-5.2,0,unrecorded
lotte_technology_search_100k_q340,intentroute_llmlingua2_matched_sent_mmr_seed19,minimax-m3,0,unrecorded
lotte_technology_search_100k_q341,dense_llmlingua2_matched_sent_mmr,glm-5.2,0,unrecorded
lotte_technology_search_100k_q341,dense_llmlingua2_matched_sent_mmr,minimax-m3,0,unrecorded
lotte_technology_search_100k_q341,intentroute_llmlingua2_matched_sent_mmr_seed19,glm-5.2,0,unrecorded
lotte_technology_search_100k_q341,intentroute_llmlingua2_matched_sent_mmr_seed19,minimax-m3,0,unrecorded
lotte_technology_search_100k_q343,dense_llmlingua2_matched_sent_mmr,glm-5.2,0,unrecorded
lotte_technology_search_100k_q343,dense_llmlingua2_matched_sent_mmr,minimax-m3,0,unrecorded
lotte_technology_search_100k_q343,intentroute_llmlingua2_matched_sent_mmr_seed19,glm-5.2,0,unrecorded
lotte_technology_search_100k_q343,intentroute_llmlingua2_matched_sent_mmr_seed19,minimax-m3,0,unrecorded
lotte_technology_search_100k_q348,dense_llmlingua2_matched_sent_mmr,glm-5.2,0,unrecorded
lotte_technology_search_100k_q348,dense_llmlingua2_matched_sent_mmr,minimax-m3,0,unrecorded
lotte_technology_search_100k_q348,intentroute_llmlingua2_matched_sent_mmr_seed19,glm-5.2,0,unrecorded
lotte_technology_search_100k_q348,intentroute_llmlingua2_matched_sent_mmr_seed19,minimax-m3,0,unrecorded
lotte_technology_search_100k_q349,dense_llmlingua2_matched_sent_mmr,glm-5.2,0,unrecorded
lotte_technology_search_100k_q349,dense_llmlingua2_matched_sent_mmr,minimax-m3,0,unrecorded
lotte_technology_search_100k_q349,intentroute_llmlingua2_matched_sent_mmr_seed19,glm-5.2,0,unrecorded
lotte_technology_search_100k_q349,intentroute_llmlingua2_matched_sent_mmr_seed19,minimax-m3,0,unrecorded
lotte_technology_search_100k_q351,dense_llmlingua2_matched_sent_mmr,glm-5.2,0,unrecorded
lotte_technology_search_100k_q351,dense_llmlingua2_matched_sent_mmr,minimax-m3,0,unrecorded
lotte_technology_search_100k_q351,intentroute_llmlingua2_matched_sent_mmr_seed19,glm-5.2,0,unrecorded
lotte_technology_search_100k_q351,intentroute_llmlingua2_matched_sent_mmr_seed19,minimax-m3,0,unrecorded
lotte_technology_search_100k_q352,dense_llmlingua2_matched_sent_mmr,glm-5.2,0,unrecorded
lotte_technology_search_100k_q352,dense_llmlingua2_matched_sent_mmr,minimax-m3,0,unrecorded
lotte_technology_search_100k_q352,intentroute_llmlingua2_matched_sent_mmr_seed19,glm-5.2,0,unrecorded
lotte_technology_search_100k_q352,intentroute_llmlingua2_matched_sent_mmr_seed19,minimax-m3,0,unrecorded
lotte_technology_search_100k_q356,dense_llmlingua2_matched_sent_mmr,glm-5.2,0,unrecorded
lotte_technology_search_100k_q356,dense_llmlingua2_matched_sent_mmr,minimax-m3,0,unrecorded
lotte_technology_search_100k_q356,intentroute_llmlingua2_matched_sent_mmr_seed19,glm-5.2,0,unrecorded
lotte_technology_search_100k_q356,intentroute_llmlingua2_matched_sent_mmr_seed19,minimax-m3,0,unrecorded
lotte_technology_search_100k_q357,dense_llmlingua2_matched_sent_mmr,glm-5.2,0,unrecorded
lotte_technology_search_100k_q357,dense_llmlingua2_matched_sent_mmr,minimax-m3,0,unrecorded
lotte_technology_search_100k_q357,intentroute_llmlingua2_matched_sent_mmr_seed19,glm-5.2,0,unrecorded
lotte_technology_search_100k_q357,intentroute_llmlingua2_matched_sent_mmr_seed19,minimax-m3,0,unrecorded
lotte_technology_search_100k_q358,dense_llmlingua2_matched_sent_mmr,glm-5.2,0,unrecorded
lotte_technology_search_100k_q358,dense_llmlingua2_matched_sent_mmr,minimax-m3,0,unrecorded
lotte_technology_search_100k_q358,intentroute_llmlingua2_matched_sent_mmr_seed19,glm-5.2,0,unrecorded
lotte_technology_search_100k_q358,intentroute_llmlingua2_matched_sent_mmr_seed19,minimax-m3,0,unrecorded
lotte_technology_search_100k_q359,dense_llmlingua2_matched_sent_mmr,glm-5.2,0,unrecorded
lotte_technology_search_100k_q359,dense_llmlingua2_matched_sent_mmr,minimax-m3,0,unrecorded
lotte_technology_search_100k_q359,intentroute_llmlingua2_matched_sent_mmr_seed19,glm-5.2,0,unrecorded
lotte_technology_search_100k_q359,intentroute_llmlingua2_matched_sent_mmr_seed19,minimax-m3,0,unrecorded
lotte_technology_search_100k_q36,dense_llmlingua2_matched_sent_mmr,glm-5.2,0,unrecorded
lotte_technology_search_100k_q36,dense_llmlingua2_matched_sent_mmr,minimax-m3,0,unrecorded
lotte_technology_search_100k_q36,intentroute_llmlingua2_matched_sent_mmr_seed19,glm-5.2,0,unrecorded
lotte_technology_search_100k_q36,intentroute_llmlingua2_matched_sent_mmr_seed19,minimax-m3,0,unrecorded
lotte_technology_search_100k_q360,dense_llmlingua2_matched_sent_mmr,glm-5.2,0,unrecorded
lotte_technology_search_100k_q360,dense_llmlingua2_matched_sent_mmr,minimax-m3,0,unrecorded
lotte_technology_search_100k_q360,intentroute_llmlingua2_matched_sent_mmr_seed19,glm-5.2,0,unrecorded
lotte_technology_search_100k_q360,intentroute_llmlingua2_matched_sent_mmr_seed19,minimax-m3,0,unrecorded
lotte_technology_search_100k_q363,dense_llmlingua2_matched_sent_mmr,glm-5.2,0,unrecorded
lotte_technology_search_100k_q363,dense_llmlingua2_matched_sent_mmr,minimax-m3,0,unrecorded
lotte_technology_search_100k_q363,intentroute_llmlingua2_matched_sent_mmr_seed19,glm-5.2,0,unrecorded
lotte_technology_search_100k_q363,intentroute_llmlingua2_matched_sent_mmr_seed19,minimax-m3,0,unrecorded
lotte_technology_search_100k_q364,dense_llmlingua2_matched_sent_mmr,glm-5.2,0,unrecorded
lotte_technology_search_100k_q364,dense_llmlingua2_matched_sent_mmr,minimax-m3,0,unrecorded
lotte_technology_search_100k_q364,intentroute_llmlingua2_matched_sent_mmr_seed19,glm-5.2,0,unrecorded
lotte_technology_search_100k_q364,intentroute_llmlingua2_matched_sent_mmr_seed19,minimax-m3,0,unrecorded
lotte_technology_search_100k_q365,dense_llmlingua2_matched_sent_mmr,glm-5.2,0,unrecorded
lotte_technology_search_100k_q365,dense_llmlingua2_matched_sent_mmr,minimax-m3,0,unrecorded
lotte_technology_search_100k_q365,intentroute_llmlingua2_matched_sent_mmr_seed19,glm-5.2,0,unrecorded
lotte_technology_search_100k_q365,intentroute_llmlingua2_matched_sent_mmr_seed19,minimax-m3,0,unrecorded
lotte_technology_search_100k_q369,dense_llmlingua2_matched_sent_mmr,glm-5.2,0,unrecorded
lotte_technology_search_100k_q369,dense_llmlingua2_matched_sent_mmr,minimax-m3,0,unrecorded
lotte_technology_search_100k_q369,intentroute_llmlingua2_matched_sent_mmr_seed19,glm-5.2,0,unrecorded
lotte_technology_search_100k_q369,intentroute_llmlingua2_matched_sent_mmr_seed19,minimax-m3,0,unrecorded
lotte_technology_search_100k_q37,dense_llmlingua2_matched_sent_mmr,glm-5.2,0,unrecorded
lotte_technology_search_100k_q37,dense_llmlingua2_matched_sent_mmr,minimax-m3,0,unrecorded
lotte_technology_search_100k_q37,intentroute_llmlingua2_matched_sent_mmr_seed19,glm-5.2,0,unrecorded
lotte_technology_search_100k_q37,intentroute_llmlingua2_matched_sent_mmr_seed19,minimax-m3,0,unrecorded
lotte_technology_search_100k_q372,dense_llmlingua2_matched_sent_mmr,glm-5.2,0,unrecorded
lotte_technology_search_100k_q372,dense_llmlingua2_matched_sent_mmr,minimax-m3,0,unrecorded
lotte_technology_search_100k_q372,intentroute_llmlingua2_matched_sent_mmr_seed19,glm-5.2,0,unrecorded
lotte_technology_search_100k_q372,intentroute_llmlingua2_matched_sent_mmr_seed19,minimax-m3,0,unrecorded
lotte_technology_search_100k_q374,dense_llmlingua2_matched_sent_mmr,glm-5.2,0,unrecorded
lotte_technology_search_100k_q374,dense_llmlingua2_matched_sent_mmr,minimax-m3,0,unrecorded
lotte_technology_search_100k_q374,intentroute_llmlingua2_matched_sent_mmr_seed19,glm-5.2,0,unrecorded
lotte_technology_search_100k_q374,intentroute_llmlingua2_matched_sent_mmr_seed19,minimax-m3,0,unrecorded
lotte_technology_search_100k_q376,dense_llmlingua2_matched_sent_mmr,glm-5.2,0,unrecorded
lotte_technology_search_100k_q376,dense_llmlingua2_matched_sent_mmr,minimax-m3,0,unrecorded
lotte_technology_search_100k_q376,intentroute_llmlingua2_matched_sent_mmr_seed19,glm-5.2,0,unrecorded
lotte_technology_search_100k_q376,intentroute_llmlingua2_matched_sent_mmr_seed19,minimax-m3,0,unrecorded
lotte_technology_search_100k_q378,dense_llmlingua2_matched_sent_mmr,glm-5.2,0,unrecorded
lotte_technology_search_100k_q378,dense_llmlingua2_matched_sent_mmr,minimax-m3,0,unrecorded
lotte_technology_search_100k_q378,intentroute_llmlingua2_matched_sent_mmr_seed19,glm-5.2,0,unrecorded
lotte_technology_search_100k_q378,intentroute_llmlingua2_matched_sent_mmr_seed19,minimax-m3,0,unrecorded
lotte_technology_search_100k_q381,dense_llmlingua2_matched_sent_mmr,glm-5.2,0,unrecorded
lotte_technology_search_100k_q381,dense_llmlingua2_matched_sent_mmr,minimax-m3,0,unrecorded
lotte_technology_search_100k_q381,intentroute_llmlingua2_matched_sent_mmr_seed19,glm-5.2,0,unrecorded
lotte_technology_search_100k_q381,intentroute_llmlingua2_matched_sent_mmr_seed19,minimax-m3,0,unrecorded
lotte_technology_search_100k_q382,dense_llmlingua2_matched_sent_mmr,glm-5.2,0,unrecorded
lotte_technology_search_100k_q382,dense_llmlingua2_matched_sent_mmr,minimax-m3,0,unrecorded
lotte_technology_search_100k_q382,intentroute_llmlingua2_matched_sent_mmr_seed19,glm-5.2,0,unrecorded
lotte_technology_search_100k_q382,intentroute_llmlingua2_matched_sent_mmr_seed19,minimax-m3,0,unrecorded
lotte_technology_search_100k_q386,dense_llmlingua2_matched_sent_mmr,glm-5.2,0,unrecorded
lotte_technology_search_100k_q386,dense_llmlingua2_matched_sent_mmr,minimax-m3,0,unrecorded
lotte_technology_search_100k_q386,intentroute_llmlingua2_matched_sent_mmr_seed19,glm-5.2,0,unrecorded
lotte_technology_search_100k_q386,intentroute_llmlingua2_matched_sent_mmr_seed19,minimax-m3,0,unrecorded
lotte_technology_search_100k_q387,dense_llmlingua2_matched_sent_mmr,glm-5.2,0,unrecorded
lotte_technology_search_100k_q387,dense_llmlingua2_matched_sent_mmr,minimax-m3,0,unrecorded
lotte_technology_search_100k_q387,intentroute_llmlingua2_matched_sent_mmr_seed19,glm-5.2,0,unrecorded
lotte_technology_search_100k_q387,intentroute_llmlingua2_matched_sent_mmr_seed19,minimax-m3,0,unrecorded
lotte_technology_search_100k_q389,dense_llmlingua2_matched_sent_mmr,glm-5.2,0,unrecorded
lotte_technology_search_100k_q389,dense_llmlingua2_matched_sent_mmr,minimax-m3,0,unrecorded
lotte_technology_search_100k_q389,intentroute_llmlingua2_matched_sent_mmr_seed19,glm-5.2,0,unrecorded
lotte_technology_search_100k_q389,intentroute_llmlingua2_matched_sent_mmr_seed19,minimax-m3,0,unrecorded
lotte_technology_search_100k_q39,dense_llmlingua2_matched_sent_mmr,glm-5.2,0,unrecorded
lotte_technology_search_100k_q39,dense_llmlingua2_matched_sent_mmr,minimax-m3,0,unrecorded
lotte_technology_search_100k_q39,intentroute_llmlingua2_matched_sent_mmr_seed19,glm-5.2,0,unrecorded
lotte_technology_search_100k_q39,intentroute_llmlingua2_matched_sent_mmr_seed19,minimax-m3,0,unrecorded
lotte_technology_search_100k_q391,dense_llmlingua2_matched_sent_mmr,glm-5.2,0,unrecorded
lotte_technology_search_100k_q391,dense_llmlingua2_matched_sent_mmr,minimax-m3,0,unrecorded
lotte_technology_search_100k_q391,intentroute_llmlingua2_matched_sent_mmr_seed19,glm-5.2,0,unrecorded
lotte_technology_search_100k_q391,intentroute_llmlingua2_matched_sent_mmr_seed19,minimax-m3,0,unrecorded
lotte_technology_search_100k_q393,dense_llmlingua2_matched_sent_mmr,glm-5.2,0,unrecorded
lotte_technology_search_100k_q393,dense_llmlingua2_matched_sent_mmr,minimax-m3,0,unrecorded
lotte_technology_search_100k_q393,intentroute_llmlingua2_matched_sent_mmr_seed19,glm-5.2,0,unrecorded
lotte_technology_search_100k_q393,intentroute_llmlingua2_matched_sent_mmr_seed19,minimax-m3,0,unrecorded
lotte_technology_search_100k_q394,dense_llmlingua2_matched_sent_mmr,glm-5.2,0,unrecorded
lotte_technology_search_100k_q394,dense_llmlingua2_matched_sent_mmr,minimax-m3,0,unrecorded
lotte_technology_search_100k_q394,intentroute_llmlingua2_matched_sent_mmr_seed19,glm-5.2,0,unrecorded
lotte_technology_search_100k_q394,intentroute_llmlingua2_matched_sent_mmr_seed19,minimax-m3,0,unrecorded
lotte_technology_search_100k_q396,dense_llmlingua2_matched_sent_mmr,glm-5.2,0,unrecorded
lotte_technology_search_100k_q396,dense_llmlingua2_matched_sent_mmr,minimax-m3,0,unrecorded
lotte_technology_search_100k_q396,intentroute_llmlingua2_matched_sent_mmr_seed19,glm-5.2,0,unrecorded
lotte_technology_search_100k_q396,intentroute_llmlingua2_matched_sent_mmr_seed19,minimax-m3,0,unrecorded
lotte_technology_search_100k_q398,dense_llmlingua2_matched_sent_mmr,glm-5.2,0,unrecorded
lotte_technology_search_100k_q398,dense_llmlingua2_matched_sent_mmr,minimax-m3,0,unrecorded
lotte_technology_search_100k_q398,intentroute_llmlingua2_matched_sent_mmr_seed19,glm-5.2,0,unrecorded
lotte_technology_search_100k_q398,intentroute_llmlingua2_matched_sent_mmr_seed19,minimax-m3,0,unrecorded
lotte_technology_search_100k_q399,dense_llmlingua2_matched_sent_mmr,glm-5.2,0,unrecorded
lotte_technology_search_100k_q399,dense_llmlingua2_matched_sent_mmr,minimax-m3,0,unrecorded
lotte_technology_search_100k_q399,intentroute_llmlingua2_matched_sent_mmr_seed19,glm-5.2,0,unrecorded
lotte_technology_search_100k_q399,intentroute_llmlingua2_matched_sent_mmr_seed19,minimax-m3,0,unrecorded
lotte_technology_search_100k_q40,dense_llmlingua2_matched_sent_mmr,glm-5.2,0,unrecorded
lotte_technology_search_100k_q40,dense_llmlingua2_matched_sent_mmr,minimax-m3,0,unrecorded
lotte_technology_search_100k_q40,intentroute_llmlingua2_matched_sent_mmr_seed19,glm-5.2,0,unrecorded
lotte_technology_search_100k_q40,intentroute_llmlingua2_matched_sent_mmr_seed19,minimax-m3,0,unrecorded
lotte_technology_search_100k_q401,dense_llmlingua2_matched_sent_mmr,glm-5.2,0,unrecorded
lotte_technology_search_100k_q401,dense_llmlingua2_matched_sent_mmr,minimax-m3,0,unrecorded
lotte_technology_search_100k_q401,intentroute_llmlingua2_matched_sent_mmr_seed19,glm-5.2,0,unrecorded
lotte_technology_search_100k_q401,intentroute_llmlingua2_matched_sent_mmr_seed19,minimax-m3,0,unrecorded
lotte_technology_search_100k_q403,dense_llmlingua2_matched_sent_mmr,glm-5.2,0,unrecorded
lotte_technology_search_100k_q403,dense_llmlingua2_matched_sent_mmr,minimax-m3,0,unrecorded
lotte_technology_search_100k_q403,intentroute_llmlingua2_matched_sent_mmr_seed19,glm-5.2,0,unrecorded
lotte_technology_search_100k_q403,intentroute_llmlingua2_matched_sent_mmr_seed19,minimax-m3,0,unrecorded
lotte_technology_search_100k_q409,dense_llmlingua2_matched_sent_mmr,glm-5.2,0,unrecorded
lotte_technology_search_100k_q409,dense_llmlingua2_matched_sent_mmr,minimax-m3,0,unrecorded
lotte_technology_search_100k_q409,intentroute_llmlingua2_matched_sent_mmr_seed19,glm-5.2,0,unrecorded
lotte_technology_search_100k_q409,intentroute_llmlingua2_matched_sent_mmr_seed19,minimax-m3,0,unrecorded
lotte_technology_search_100k_q410,dense_llmlingua2_matched_sent_mmr,glm-5.2,0,unrecorded
lotte_technology_search_100k_q410,dense_llmlingua2_matched_sent_mmr,minimax-m3,0,unrecorded
lotte_technology_search_100k_q410,intentroute_llmlingua2_matched_sent_mmr_seed19,glm-5.2,0,unrecorded
lotte_technology_search_100k_q410,intentroute_llmlingua2_matched_sent_mmr_seed19,minimax-m3,0,unrecorded
lotte_technology_search_100k_q414,dense_llmlingua2_matched_sent_mmr,glm-5.2,0,unrecorded
lotte_technology_search_100k_q414,dense_llmlingua2_matched_sent_mmr,minimax-m3,0,unrecorded
lotte_technology_search_100k_q414,intentroute_llmlingua2_matched_sent_mmr_seed19,glm-5.2,0,unrecorded
lotte_technology_search_100k_q414,intentroute_llmlingua2_matched_sent_mmr_seed19,minimax-m3,0,unrecorded
lotte_technology_search_100k_q415,dense_llmlingua2_matched_sent_mmr,glm-5.2,0,unrecorded
lotte_technology_search_100k_q415,dense_llmlingua2_matched_sent_mmr,minimax-m3,0,unrecorded
lotte_technology_search_100k_q415,intentroute_llmlingua2_matched_sent_mmr_seed19,glm-5.2,0,unrecorded
lotte_technology_search_100k_q415,intentroute_llmlingua2_matched_sent_mmr_seed19,minimax-m3,0,unrecorded
lotte_technology_search_100k_q416,dense_llmlingua2_matched_sent_mmr,glm-5.2,0,unrecorded
lotte_technology_search_100k_q416,dense_llmlingua2_matched_sent_mmr,minimax-m3,0,unrecorded
lotte_technology_search_100k_q416,intentroute_llmlingua2_matched_sent_mmr_seed19,glm-5.2,0,unrecorded
lotte_technology_search_100k_q416,intentroute_llmlingua2_matched_sent_mmr_seed19,minimax-m3,0,unrecorded
lotte_technology_search_100k_q418,dense_llmlingua2_matched_sent_mmr,glm-5.2,0,unrecorded
lotte_technology_search_100k_q418,dense_llmlingua2_matched_sent_mmr,minimax-m3,0,unrecorded
lotte_technology_search_100k_q418,intentroute_llmlingua2_matched_sent_mmr_seed19,glm-5.2,0,unrecorded
lotte_technology_search_100k_q418,intentroute_llmlingua2_matched_sent_mmr_seed19,minimax-m3,0,unrecorded
lotte_technology_search_100k_q422,dense_llmlingua2_matched_sent_mmr,glm-5.2,0,unrecorded
lotte_technology_search_100k_q422,dense_llmlingua2_matched_sent_mmr,minimax-m3,0,unrecorded
lotte_technology_search_100k_q422,intentroute_llmlingua2_matched_sent_mmr_seed19,glm-5.2,0,unrecorded
lotte_technology_search_100k_q422,intentroute_llmlingua2_matched_sent_mmr_seed19,minimax-m3,0,unrecorded
lotte_technology_search_100k_q423,dense_llmlingua2_matched_sent_mmr,glm-5.2,0,unrecorded
lotte_technology_search_100k_q423,dense_llmlingua2_matched_sent_mmr,minimax-m3,0,unrecorded
lotte_technology_search_100k_q423,intentroute_llmlingua2_matched_sent_mmr_seed19,glm-5.2,0,unrecorded
lotte_technology_search_100k_q423,intentroute_llmlingua2_matched_sent_mmr_seed19,minimax-m3,0,unrecorded
lotte_technology_search_100k_q425,dense_llmlingua2_matched_sent_mmr,glm-5.2,0,unrecorded
lotte_technology_search_100k_q425,dense_llmlingua2_matched_sent_mmr,minimax-m3,0,unrecorded
lotte_technology_search_100k_q425,intentroute_llmlingua2_matched_sent_mmr_seed19,glm-5.2,0,unrecorded
lotte_technology_search_100k_q425,intentroute_llmlingua2_matched_sent_mmr_seed19,minimax-m3,0,unrecorded
lotte_technology_search_100k_q43,dense_llmlingua2_matched_sent_mmr,glm-5.2,0,unrecorded
lotte_technology_search_100k_q43,dense_llmlingua2_matched_sent_mmr,minimax-m3,0,unrecorded
lotte_technology_search_100k_q43,intentroute_llmlingua2_matched_sent_mmr_seed19,glm-5.2,0,unrecorded
lotte_technology_search_100k_q43,intentroute_llmlingua2_matched_sent_mmr_seed19,minimax-m3,0,unrecorded
lotte_technology_search_100k_q430,dense_llmlingua2_matched_sent_mmr,glm-5.2,0,unrecorded
lotte_technology_search_100k_q430,dense_llmlingua2_matched_sent_mmr,minimax-m3,0,unrecorded
lotte_technology_search_100k_q430,intentroute_llmlingua2_matched_sent_mmr_seed19,glm-5.2,0,unrecorded
lotte_technology_search_100k_q430,intentroute_llmlingua2_matched_sent_mmr_seed19,minimax-m3,0,unrecorded
lotte_technology_search_100k_q431,dense_llmlingua2_matched_sent_mmr,glm-5.2,0,unrecorded
lotte_technology_search_100k_q431,dense_llmlingua2_matched_sent_mmr,minimax-m3,0,unrecorded
lotte_technology_search_100k_q431,intentroute_llmlingua2_matched_sent_mmr_seed19,glm-5.2,0,unrecorded
lotte_technology_search_100k_q431,intentroute_llmlingua2_matched_sent_mmr_seed19,minimax-m3,0,unrecorded
lotte_technology_search_100k_q432,dense_llmlingua2_matched_sent_mmr,glm-5.2,0,unrecorded
lotte_technology_search_100k_q432,dense_llmlingua2_matched_sent_mmr,minimax-m3,0,unrecorded
lotte_technology_search_100k_q432,intentroute_llmlingua2_matched_sent_mmr_seed19,glm-5.2,0,unrecorded
lotte_technology_search_100k_q432,intentroute_llmlingua2_matched_sent_mmr_seed19,minimax-m3,0,unrecorded
lotte_technology_search_100k_q433,dense_llmlingua2_matched_sent_mmr,glm-5.2,0,unrecorded
lotte_technology_search_100k_q433,dense_llmlingua2_matched_sent_mmr,minimax-m3,0,unrecorded
lotte_technology_search_100k_q433,intentroute_llmlingua2_matched_sent_mmr_seed19,glm-5.2,0,unrecorded
lotte_technology_search_100k_q433,intentroute_llmlingua2_matched_sent_mmr_seed19,minimax-m3,0,unrecorded
lotte_technology_search_100k_q434,dense_llmlingua2_matched_sent_mmr,glm-5.2,0,unrecorded
lotte_technology_search_100k_q434,dense_llmlingua2_matched_sent_mmr,minimax-m3,0,unrecorded
lotte_technology_search_100k_q434,intentroute_llmlingua2_matched_sent_mmr_seed19,glm-5.2,0,unrecorded
lotte_technology_search_100k_q434,intentroute_llmlingua2_matched_sent_mmr_seed19,minimax-m3,0,unrecorded
lotte_technology_search_100k_q436,dense_llmlingua2_matched_sent_mmr,glm-5.2,0,unrecorded
lotte_technology_search_100k_q436,dense_llmlingua2_matched_sent_mmr,minimax-m3,0,unrecorded
lotte_technology_search_100k_q436,intentroute_llmlingua2_matched_sent_mmr_seed19,glm-5.2,0,unrecorded
lotte_technology_search_100k_q436,intentroute_llmlingua2_matched_sent_mmr_seed19,minimax-m3,0,unrecorded
lotte_technology_search_100k_q438,dense_llmlingua2_matched_sent_mmr,glm-5.2,0,unrecorded
lotte_technology_search_100k_q438,dense_llmlingua2_matched_sent_mmr,minimax-m3,0,unrecorded
lotte_technology_search_100k_q438,intentroute_llmlingua2_matched_sent_mmr_seed19,glm-5.2,0,unrecorded
lotte_technology_search_100k_q438,intentroute_llmlingua2_matched_sent_mmr_seed19,minimax-m3,0,unrecorded
lotte_technology_search_100k_q44,dense_llmlingua2_matched_sent_mmr,glm-5.2,0,unrecorded
lotte_technology_search_100k_q44,dense_llmlingua2_matched_sent_mmr,minimax-m3,0,unrecorded
lotte_technology_search_100k_q44,intentroute_llmlingua2_matched_sent_mmr_seed19,glm-5.2,0,unrecorded
lotte_technology_search_100k_q44,intentroute_llmlingua2_matched_sent_mmr_seed19,minimax-m3,0,unrecorded
lotte_technology_search_100k_q442,dense_llmlingua2_matched_sent_mmr,glm-5.2,0,unrecorded
lotte_technology_search_100k_q442,dense_llmlingua2_matched_sent_mmr,minimax-m3,0,unrecorded
lotte_technology_search_100k_q442,intentroute_llmlingua2_matched_sent_mmr_seed19,glm-5.2,0,unrecorded
lotte_technology_search_100k_q442,intentroute_llmlingua2_matched_sent_mmr_seed19,minimax-m3,0,unrecorded
lotte_technology_search_100k_q443,dense_llmlingua2_matched_sent_mmr,glm-5.2,0,unrecorded
lotte_technology_search_100k_q443,dense_llmlingua2_matched_sent_mmr,minimax-m3,0,unrecorded
lotte_technology_search_100k_q443,intentroute_llmlingua2_matched_sent_mmr_seed19,glm-5.2,0,unrecorded
lotte_technology_search_100k_q443,intentroute_llmlingua2_matched_sent_mmr_seed19,minimax-m3,0,unrecorded
lotte_technology_search_100k_q444,dense_llmlingua2_matched_sent_mmr,glm-5.2,0,unrecorded
lotte_technology_search_100k_q444,dense_llmlingua2_matched_sent_mmr,minimax-m3,0,unrecorded
lotte_technology_search_100k_q444,intentroute_llmlingua2_matched_sent_mmr_seed19,glm-5.2,0,unrecorded
lotte_technology_search_100k_q444,intentroute_llmlingua2_matched_sent_mmr_seed19,minimax-m3,0,unrecorded
lotte_technology_search_100k_q445,dense_llmlingua2_matched_sent_mmr,glm-5.2,0,unrecorded
lotte_technology_search_100k_q445,dense_llmlingua2_matched_sent_mmr,minimax-m3,0,unrecorded
lotte_technology_search_100k_q445,intentroute_llmlingua2_matched_sent_mmr_seed19,glm-5.2,0,unrecorded
lotte_technology_search_100k_q445,intentroute_llmlingua2_matched_sent_mmr_seed19,minimax-m3,0,unrecorded
lotte_technology_search_100k_q446,dense_llmlingua2_matched_sent_mmr,glm-5.2,0,unrecorded
lotte_technology_search_100k_q446,dense_llmlingua2_matched_sent_mmr,minimax-m3,0,unrecorded
lotte_technology_search_100k_q446,intentroute_llmlingua2_matched_sent_mmr_seed19,glm-5.2,0,unrecorded
lotte_technology_search_100k_q446,intentroute_llmlingua2_matched_sent_mmr_seed19,minimax-m3,0,unrecorded
lotte_technology_search_100k_q447,dense_llmlingua2_matched_sent_mmr,glm-5.2,0,unrecorded
lotte_technology_search_100k_q447,dense_llmlingua2_matched_sent_mmr,minimax-m3,0,unrecorded
lotte_technology_search_100k_q447,intentroute_llmlingua2_matched_sent_mmr_seed19,glm-5.2,0,unrecorded
lotte_technology_search_100k_q447,intentroute_llmlingua2_matched_sent_mmr_seed19,minimax-m3,0,unrecorded
lotte_technology_search_100k_q449,dense_llmlingua2_matched_sent_mmr,glm-5.2,0,unrecorded
lotte_technology_search_100k_q449,dense_llmlingua2_matched_sent_mmr,minimax-m3,0,unrecorded
lotte_technology_search_100k_q449,intentroute_llmlingua2_matched_sent_mmr_seed19,glm-5.2,0,unrecorded
lotte_technology_search_100k_q449,intentroute_llmlingua2_matched_sent_mmr_seed19,minimax-m3,0,unrecorded
lotte_technology_search_100k_q450,dense_llmlingua2_matched_sent_mmr,glm-5.2,0,unrecorded
lotte_technology_search_100k_q450,dense_llmlingua2_matched_sent_mmr,minimax-m3,0,unrecorded
lotte_technology_search_100k_q450,intentroute_llmlingua2_matched_sent_mmr_seed19,glm-5.2,0,unrecorded
lotte_technology_search_100k_q450,intentroute_llmlingua2_matched_sent_mmr_seed19,minimax-m3,0,unrecorded
lotte_technology_search_100k_q451,dense_llmlingua2_matched_sent_mmr,glm-5.2,0,unrecorded
lotte_technology_search_100k_q451,dense_llmlingua2_matched_sent_mmr,minimax-m3,0,unrecorded
lotte_technology_search_100k_q451,intentroute_llmlingua2_matched_sent_mmr_seed19,glm-5.2,0,unrecorded
lotte_technology_search_100k_q451,intentroute_llmlingua2_matched_sent_mmr_seed19,minimax-m3,0,unrecorded
lotte_technology_search_100k_q452,dense_llmlingua2_matched_sent_mmr,glm-5.2,0,unrecorded
lotte_technology_search_100k_q452,dense_llmlingua2_matched_sent_mmr,minimax-m3,0,unrecorded
lotte_technology_search_100k_q452,intentroute_llmlingua2_matched_sent_mmr_seed19,glm-5.2,0,unrecorded
lotte_technology_search_100k_q452,intentroute_llmlingua2_matched_sent_mmr_seed19,minimax-m3,0,unrecorded
lotte_technology_search_100k_q458,dense_llmlingua2_matched_sent_mmr,glm-5.2,0,unrecorded
lotte_technology_search_100k_q458,dense_llmlingua2_matched_sent_mmr,minimax-m3,0,unrecorded
lotte_technology_search_100k_q458,intentroute_llmlingua2_matched_sent_mmr_seed19,glm-5.2,0,unrecorded
lotte_technology_search_100k_q458,intentroute_llmlingua2_matched_sent_mmr_seed19,minimax-m3,0,unrecorded
lotte_technology_search_100k_q46,dense_llmlingua2_matched_sent_mmr,glm-5.2,0,unrecorded
lotte_technology_search_100k_q46,dense_llmlingua2_matched_sent_mmr,minimax-m3,0,unrecorded
lotte_technology_search_100k_q46,intentroute_llmlingua2_matched_sent_mmr_seed19,glm-5.2,0,unrecorded
lotte_technology_search_100k_q46,intentroute_llmlingua2_matched_sent_mmr_seed19,minimax-m3,0,unrecorded
lotte_technology_search_100k_q461,dense_llmlingua2_matched_sent_mmr,glm-5.2,0,unrecorded
lotte_technology_search_100k_q461,dense_llmlingua2_matched_sent_mmr,minimax-m3,0,unrecorded
lotte_technology_search_100k_q461,intentroute_llmlingua2_matched_sent_mmr_seed19,glm-5.2,0,unrecorded
lotte_technology_search_100k_q461,intentroute_llmlingua2_matched_sent_mmr_seed19,minimax-m3,0,unrecorded
lotte_technology_search_100k_q47,dense_llmlingua2_matched_sent_mmr,glm-5.2,0,unrecorded
lotte_technology_search_100k_q47,dense_llmlingua2_matched_sent_mmr,minimax-m3,0,unrecorded
lotte_technology_search_100k_q47,intentroute_llmlingua2_matched_sent_mmr_seed19,glm-5.2,0,unrecorded
lotte_technology_search_100k_q47,intentroute_llmlingua2_matched_sent_mmr_seed19,minimax-m3,0,unrecorded
lotte_technology_search_100k_q471,dense_llmlingua2_matched_sent_mmr,glm-5.2,0,unrecorded
lotte_technology_search_100k_q471,dense_llmlingua2_matched_sent_mmr,minimax-m3,0,unrecorded
lotte_technology_search_100k_q471,intentroute_llmlingua2_matched_sent_mmr_seed19,glm-5.2,0,unrecorded
lotte_technology_search_100k_q471,intentroute_llmlingua2_matched_sent_mmr_seed19,minimax-m3,0,unrecorded
lotte_technology_search_100k_q478,dense_llmlingua2_matched_sent_mmr,glm-5.2,0,unrecorded
lotte_technology_search_100k_q478,dense_llmlingua2_matched_sent_mmr,minimax-m3,0,unrecorded
lotte_technology_search_100k_q478,intentroute_llmlingua2_matched_sent_mmr_seed19,glm-5.2,0,unrecorded
lotte_technology_search_100k_q478,intentroute_llmlingua2_matched_sent_mmr_seed19,minimax-m3,0,unrecorded
lotte_technology_search_100k_q479,dense_llmlingua2_matched_sent_mmr,glm-5.2,0,unrecorded
lotte_technology_search_100k_q479,dense_llmlingua2_matched_sent_mmr,minimax-m3,0,unrecorded
lotte_technology_search_100k_q479,intentroute_llmlingua2_matched_sent_mmr_seed19,glm-5.2,0,unrecorded
lotte_technology_search_100k_q479,intentroute_llmlingua2_matched_sent_mmr_seed19,minimax-m3,0,unrecorded
lotte_technology_search_100k_q480,dense_llmlingua2_matched_sent_mmr,glm-5.2,0,unrecorded
lotte_technology_search_100k_q480,dense_llmlingua2_matched_sent_mmr,minimax-m3,0,unrecorded
lotte_technology_search_100k_q480,intentroute_llmlingua2_matched_sent_mmr_seed19,glm-5.2,0,unrecorded
lotte_technology_search_100k_q480,intentroute_llmlingua2_matched_sent_mmr_seed19,minimax-m3,0,unrecorded
lotte_technology_search_100k_q481,dense_llmlingua2_matched_sent_mmr,glm-5.2,0,unrecorded
lotte_technology_search_100k_q481,dense_llmlingua2_matched_sent_mmr,minimax-m3,0,unrecorded
lotte_technology_search_100k_q481,intentroute_llmlingua2_matched_sent_mmr_seed19,glm-5.2,0,unrecorded
lotte_technology_search_100k_q481,intentroute_llmlingua2_matched_sent_mmr_seed19,minimax-m3,0,unrecorded
lotte_technology_search_100k_q484,dense_llmlingua2_matched_sent_mmr,glm-5.2,0,unrecorded
lotte_technology_search_100k_q484,dense_llmlingua2_matched_sent_mmr,minimax-m3,0,unrecorded
lotte_technology_search_100k_q484,intentroute_llmlingua2_matched_sent_mmr_seed19,glm-5.2,0,unrecorded
lotte_technology_search_100k_q484,intentroute_llmlingua2_matched_sent_mmr_seed19,minimax-m3,0,unrecorded
lotte_technology_search_100k_q486,dense_llmlingua2_matched_sent_mmr,glm-5.2,0,unrecorded
lotte_technology_search_100k_q486,dense_llmlingua2_matched_sent_mmr,minimax-m3,0,unrecorded
lotte_technology_search_100k_q486,intentroute_llmlingua2_matched_sent_mmr_seed19,glm-5.2,0,unrecorded
lotte_technology_search_100k_q486,intentroute_llmlingua2_matched_sent_mmr_seed19,minimax-m3,0,unrecorded
lotte_technology_search_100k_q487,dense_llmlingua2_matched_sent_mmr,glm-5.2,0,unrecorded
lotte_technology_search_100k_q487,dense_llmlingua2_matched_sent_mmr,minimax-m3,0,unrecorded
lotte_technology_search_100k_q487,intentroute_llmlingua2_matched_sent_mmr_seed19,glm-5.2,0,unrecorded
lotte_technology_search_100k_q487,intentroute_llmlingua2_matched_sent_mmr_seed19,minimax-m3,0,unrecorded
lotte_technology_search_100k_q489,dense_llmlingua2_matched_sent_mmr,glm-5.2,0,unrecorded
lotte_technology_search_100k_q489,dense_llmlingua2_matched_sent_mmr,minimax-m3,0,unrecorded
lotte_technology_search_100k_q489,intentroute_llmlingua2_matched_sent_mmr_seed19,glm-5.2,0,unrecorded
lotte_technology_search_100k_q489,intentroute_llmlingua2_matched_sent_mmr_seed19,minimax-m3,0,unrecorded
lotte_technology_search_100k_q49,dense_llmlingua2_matched_sent_mmr,glm-5.2,0,unrecorded
lotte_technology_search_100k_q49,dense_llmlingua2_matched_sent_mmr,minimax-m3,0,unrecorded
lotte_technology_search_100k_q49,intentroute_llmlingua2_matched_sent_mmr_seed19,glm-5.2,0,unrecorded
lotte_technology_search_100k_q49,intentroute_llmlingua2_matched_sent_mmr_seed19,minimax-m3,0,unrecorded
lotte_technology_search_100k_q490,dense_llmlingua2_matched_sent_mmr,glm-5.2,0,unrecorded
lotte_technology_search_100k_q490,dense_llmlingua2_matched_sent_mmr,minimax-m3,0,unrecorded
lotte_technology_search_100k_q490,intentroute_llmlingua2_matched_sent_mmr_seed19,glm-5.2,0,unrecorded
lotte_technology_search_100k_q490,intentroute_llmlingua2_matched_sent_mmr_seed19,minimax-m3,0,unrecorded
lotte_technology_search_100k_q492,dense_llmlingua2_matched_sent_mmr,glm-5.2,0,unrecorded
lotte_technology_search_100k_q492,dense_llmlingua2_matched_sent_mmr,minimax-m3,0,unrecorded
lotte_technology_search_100k_q492,intentroute_llmlingua2_matched_sent_mmr_seed19,glm-5.2,0,unrecorded
lotte_technology_search_100k_q492,intentroute_llmlingua2_matched_sent_mmr_seed19,minimax-m3,0,unrecorded
lotte_technology_search_100k_q493,dense_llmlingua2_matched_sent_mmr,glm-5.2,0,unrecorded
lotte_technology_search_100k_q493,dense_llmlingua2_matched_sent_mmr,minimax-m3,0,unrecorded
lotte_technology_search_100k_q493,intentroute_llmlingua2_matched_sent_mmr_seed19,glm-5.2,0,unrecorded
lotte_technology_search_100k_q493,intentroute_llmlingua2_matched_sent_mmr_seed19,minimax-m3,0,unrecorded
lotte_technology_search_100k_q494,dense_llmlingua2_matched_sent_mmr,glm-5.2,0,unrecorded
lotte_technology_search_100k_q494,dense_llmlingua2_matched_sent_mmr,minimax-m3,0,unrecorded
lotte_technology_search_100k_q494,intentroute_llmlingua2_matched_sent_mmr_seed19,glm-5.2,0,unrecorded
lotte_technology_search_100k_q494,intentroute_llmlingua2_matched_sent_mmr_seed19,minimax-m3,0,unrecorded
lotte_technology_search_100k_q495,dense_llmlingua2_matched_sent_mmr,glm-5.2,0,unrecorded
lotte_technology_search_100k_q495,dense_llmlingua2_matched_sent_mmr,minimax-m3,0,unrecorded
lotte_technology_search_100k_q495,intentroute_llmlingua2_matched_sent_mmr_seed19,glm-5.2,0,unrecorded
lotte_technology_search_100k_q495,intentroute_llmlingua2_matched_sent_mmr_seed19,minimax-m3,0,unrecorded
lotte_technology_search_100k_q499,dense_llmlingua2_matched_sent_mmr,glm-5.2,0,unrecorded
lotte_technology_search_100k_q499,dense_llmlingua2_matched_sent_mmr,minimax-m3,0,unrecorded
lotte_technology_search_100k_q499,intentroute_llmlingua2_matched_sent_mmr_seed19,glm-5.2,0,unrecorded
lotte_technology_search_100k_q499,intentroute_llmlingua2_matched_sent_mmr_seed19,minimax-m3,0,unrecorded
lotte_technology_search_100k_q500,dense_llmlingua2_matched_sent_mmr,glm-5.2,0,unrecorded
lotte_technology_search_100k_q500,dense_llmlingua2_matched_sent_mmr,minimax-m3,0,unrecorded
lotte_technology_search_100k_q500,intentroute_llmlingua2_matched_sent_mmr_seed19,glm-5.2,0,unrecorded
lotte_technology_search_100k_q500,intentroute_llmlingua2_matched_sent_mmr_seed19,minimax-m3,0,unrecorded
lotte_technology_search_100k_q502,dense_llmlingua2_matched_sent_mmr,glm-5.2,0,unrecorded
lotte_technology_search_100k_q502,dense_llmlingua2_matched_sent_mmr,minimax-m3,0,unrecorded
lotte_technology_search_100k_q502,intentroute_llmlingua2_matched_sent_mmr_seed19,glm-5.2,0,unrecorded
lotte_technology_search_100k_q502,intentroute_llmlingua2_matched_sent_mmr_seed19,minimax-m3,0,unrecorded
lotte_technology_search_100k_q504,dense_llmlingua2_matched_sent_mmr,glm-5.2,0,unrecorded
lotte_technology_search_100k_q504,dense_llmlingua2_matched_sent_mmr,minimax-m3,0,unrecorded
lotte_technology_search_100k_q504,intentroute_llmlingua2_matched_sent_mmr_seed19,glm-5.2,0,unrecorded
lotte_technology_search_100k_q504,intentroute_llmlingua2_matched_sent_mmr_seed19,minimax-m3,0,unrecorded
lotte_technology_search_100k_q506,dense_llmlingua2_matched_sent_mmr,glm-5.2,0,unrecorded
lotte_technology_search_100k_q506,dense_llmlingua2_matched_sent_mmr,minimax-m3,0,unrecorded
lotte_technology_search_100k_q506,intentroute_llmlingua2_matched_sent_mmr_seed19,glm-5.2,0,unrecorded
lotte_technology_search_100k_q506,intentroute_llmlingua2_matched_sent_mmr_seed19,minimax-m3,0,unrecorded
lotte_technology_search_100k_q507,dense_llmlingua2_matched_sent_mmr,glm-5.2,0,unrecorded
lotte_technology_search_100k_q507,dense_llmlingua2_matched_sent_mmr,minimax-m3,0,unrecorded
lotte_technology_search_100k_q507,intentroute_llmlingua2_matched_sent_mmr_seed19,glm-5.2,0,unrecorded
lotte_technology_search_100k_q507,intentroute_llmlingua2_matched_sent_mmr_seed19,minimax-m3,0,unrecorded
lotte_technology_search_100k_q508,dense_llmlingua2_matched_sent_mmr,glm-5.2,0,unrecorded
lotte_technology_search_100k_q508,dense_llmlingua2_matched_sent_mmr,minimax-m3,0,unrecorded
lotte_technology_search_100k_q508,intentroute_llmlingua2_matched_sent_mmr_seed19,glm-5.2,0,unrecorded
lotte_technology_search_100k_q508,intentroute_llmlingua2_matched_sent_mmr_seed19,minimax-m3,0,unrecorded
lotte_technology_search_100k_q509,dense_llmlingua2_matched_sent_mmr,glm-5.2,0,unrecorded
lotte_technology_search_100k_q509,dense_llmlingua2_matched_sent_mmr,minimax-m3,0,unrecorded
lotte_technology_search_100k_q509,intentroute_llmlingua2_matched_sent_mmr_seed19,glm-5.2,0,unrecorded
lotte_technology_search_100k_q509,intentroute_llmlingua2_matched_sent_mmr_seed19,minimax-m3,0,unrecorded
lotte_technology_search_100k_q512,dense_llmlingua2_matched_sent_mmr,glm-5.2,0,unrecorded
lotte_technology_search_100k_q512,dense_llmlingua2_matched_sent_mmr,minimax-m3,0,unrecorded
lotte_technology_search_100k_q512,intentroute_llmlingua2_matched_sent_mmr_seed19,glm-5.2,0,unrecorded
lotte_technology_search_100k_q512,intentroute_llmlingua2_matched_sent_mmr_seed19,minimax-m3,0,unrecorded
lotte_technology_search_100k_q514,dense_llmlingua2_matched_sent_mmr,glm-5.2,0,unrecorded
lotte_technology_search_100k_q514,dense_llmlingua2_matched_sent_mmr,minimax-m3,0,unrecorded
lotte_technology_search_100k_q514,intentroute_llmlingua2_matched_sent_mmr_seed19,glm-5.2,0,unrecorded
lotte_technology_search_100k_q514,intentroute_llmlingua2_matched_sent_mmr_seed19,minimax-m3,0,unrecorded
lotte_technology_search_100k_q516,dense_llmlingua2_matched_sent_mmr,glm-5.2,0,unrecorded
lotte_technology_search_100k_q516,dense_llmlingua2_matched_sent_mmr,minimax-m3,0,unrecorded
lotte_technology_search_100k_q516,intentroute_llmlingua2_matched_sent_mmr_seed19,glm-5.2,0,unrecorded
lotte_technology_search_100k_q516,intentroute_llmlingua2_matched_sent_mmr_seed19,minimax-m3,0,unrecorded
lotte_technology_search_100k_q517,dense_llmlingua2_matched_sent_mmr,glm-5.2,0,unrecorded
lotte_technology_search_100k_q517,dense_llmlingua2_matched_sent_mmr,minimax-m3,0,unrecorded
lotte_technology_search_100k_q517,intentroute_llmlingua2_matched_sent_mmr_seed19,glm-5.2,0,unrecorded
lotte_technology_search_100k_q517,intentroute_llmlingua2_matched_sent_mmr_seed19,minimax-m3,0,unrecorded
lotte_technology_search_100k_q519,dense_llmlingua2_matched_sent_mmr,glm-5.2,0,unrecorded
lotte_technology_search_100k_q519,dense_llmlingua2_matched_sent_mmr,minimax-m3,0,unrecorded
lotte_technology_search_100k_q519,intentroute_llmlingua2_matched_sent_mmr_seed19,glm-5.2,0,unrecorded
lotte_technology_search_100k_q519,intentroute_llmlingua2_matched_sent_mmr_seed19,minimax-m3,0,unrecorded
lotte_technology_search_100k_q520,dense_llmlingua2_matched_sent_mmr,glm-5.2,0,unrecorded
lotte_technology_search_100k_q520,dense_llmlingua2_matched_sent_mmr,minimax-m3,0,unrecorded
lotte_technology_search_100k_q520,intentroute_llmlingua2_matched_sent_mmr_seed19,glm-5.2,0,unrecorded
lotte_technology_search_100k_q520,intentroute_llmlingua2_matched_sent_mmr_seed19,minimax-m3,0,unrecorded
lotte_technology_search_100k_q521,dense_llmlingua2_matched_sent_mmr,glm-5.2,0,unrecorded
lotte_technology_search_100k_q521,dense_llmlingua2_matched_sent_mmr,minimax-m3,0,unrecorded
lotte_technology_search_100k_q521,intentroute_llmlingua2_matched_sent_mmr_seed19,glm-5.2,0,unrecorded
lotte_technology_search_100k_q521,intentroute_llmlingua2_matched_sent_mmr_seed19,minimax-m3,0,unrecorded
lotte_technology_search_100k_q522,dense_llmlingua2_matched_sent_mmr,glm-5.2,0,unrecorded
lotte_technology_search_100k_q522,dense_llmlingua2_matched_sent_mmr,minimax-m3,0,unrecorded
lotte_technology_search_100k_q522,intentroute_llmlingua2_matched_sent_mmr_seed19,glm-5.2,0,unrecorded
lotte_technology_search_100k_q522,intentroute_llmlingua2_matched_sent_mmr_seed19,minimax-m3,0,unrecorded
lotte_technology_search_100k_q524,dense_llmlingua2_matched_sent_mmr,glm-5.2,0,unrecorded
lotte_technology_search_100k_q524,dense_llmlingua2_matched_sent_mmr,minimax-m3,0,unrecorded
lotte_technology_search_100k_q524,intentroute_llmlingua2_matched_sent_mmr_seed19,glm-5.2,0,unrecorded
lotte_technology_search_100k_q524,intentroute_llmlingua2_matched_sent_mmr_seed19,minimax-m3,0,unrecorded
lotte_technology_search_100k_q525,dense_llmlingua2_matched_sent_mmr,glm-5.2,0,unrecorded
lotte_technology_search_100k_q525,dense_llmlingua2_matched_sent_mmr,minimax-m3,0,unrecorded
lotte_technology_search_100k_q525,intentroute_llmlingua2_matched_sent_mmr_seed19,glm-5.2,0,unrecorded
lotte_technology_search_100k_q525,intentroute_llmlingua2_matched_sent_mmr_seed19,minimax-m3,0,unrecorded
lotte_technology_search_100k_q527,dense_llmlingua2_matched_sent_mmr,glm-5.2,0,unrecorded
lotte_technology_search_100k_q527,dense_llmlingua2_matched_sent_mmr,minimax-m3,0,unrecorded
lotte_technology_search_100k_q527,intentroute_llmlingua2_matched_sent_mmr_seed19,glm-5.2,0,unrecorded
lotte_technology_search_100k_q527,intentroute_llmlingua2_matched_sent_mmr_seed19,minimax-m3,0,unrecorded
lotte_technology_search_100k_q528,dense_llmlingua2_matched_sent_mmr,glm-5.2,0,unrecorded
lotte_technology_search_100k_q528,dense_llmlingua2_matched_sent_mmr,minimax-m3,0,unrecorded
lotte_technology_search_100k_q528,intentroute_llmlingua2_matched_sent_mmr_seed19,glm-5.2,0,unrecorded
lotte_technology_search_100k_q528,intentroute_llmlingua2_matched_sent_mmr_seed19,minimax-m3,0,unrecorded
lotte_technology_search_100k_q531,dense_llmlingua2_matched_sent_mmr,glm-5.2,0,unrecorded
lotte_technology_search_100k_q531,dense_llmlingua2_matched_sent_mmr,minimax-m3,0,unrecorded
lotte_technology_search_100k_q531,intentroute_llmlingua2_matched_sent_mmr_seed19,glm-5.2,0,unrecorded
lotte_technology_search_100k_q531,intentroute_llmlingua2_matched_sent_mmr_seed19,minimax-m3,0,unrecorded
lotte_technology_search_100k_q532,dense_llmlingua2_matched_sent_mmr,glm-5.2,0,unrecorded
lotte_technology_search_100k_q532,dense_llmlingua2_matched_sent_mmr,minimax-m3,0,unrecorded
lotte_technology_search_100k_q532,intentroute_llmlingua2_matched_sent_mmr_seed19,glm-5.2,0,unrecorded
lotte_technology_search_100k_q532,intentroute_llmlingua2_matched_sent_mmr_seed19,minimax-m3,0,unrecorded
lotte_technology_search_100k_q534,dense_llmlingua2_matched_sent_mmr,glm-5.2,0,unrecorded
lotte_technology_search_100k_q534,dense_llmlingua2_matched_sent_mmr,minimax-m3,0,unrecorded
lotte_technology_search_100k_q534,intentroute_llmlingua2_matched_sent_mmr_seed19,glm-5.2,0,unrecorded
lotte_technology_search_100k_q534,intentroute_llmlingua2_matched_sent_mmr_seed19,minimax-m3,0,unrecorded
lotte_technology_search_100k_q538,dense_llmlingua2_matched_sent_mmr,glm-5.2,0,unrecorded
lotte_technology_search_100k_q538,dense_llmlingua2_matched_sent_mmr,minimax-m3,0,unrecorded
lotte_technology_search_100k_q538,intentroute_llmlingua2_matched_sent_mmr_seed19,glm-5.2,0,unrecorded
lotte_technology_search_100k_q538,intentroute_llmlingua2_matched_sent_mmr_seed19,minimax-m3,0,unrecorded
lotte_technology_search_100k_q541,dense_llmlingua2_matched_sent_mmr,glm-5.2,0,unrecorded
lotte_technology_search_100k_q541,dense_llmlingua2_matched_sent_mmr,minimax-m3,0,unrecorded
lotte_technology_search_100k_q541,intentroute_llmlingua2_matched_sent_mmr_seed19,glm-5.2,0,unrecorded
lotte_technology_search_100k_q541,intentroute_llmlingua2_matched_sent_mmr_seed19,minimax-m3,0,unrecorded
lotte_technology_search_100k_q542,dense_llmlingua2_matched_sent_mmr,glm-5.2,0,unrecorded
lotte_technology_search_100k_q542,dense_llmlingua2_matched_sent_mmr,minimax-m3,0,unrecorded
lotte_technology_search_100k_q542,intentroute_llmlingua2_matched_sent_mmr_seed19,glm-5.2,0,unrecorded
lotte_technology_search_100k_q542,intentroute_llmlingua2_matched_sent_mmr_seed19,minimax-m3,0,unrecorded
lotte_technology_search_100k_q547,dense_llmlingua2_matched_sent_mmr,glm-5.2,0,unrecorded
lotte_technology_search_100k_q547,dense_llmlingua2_matched_sent_mmr,minimax-m3,0,unrecorded
lotte_technology_search_100k_q547,intentroute_llmlingua2_matched_sent_mmr_seed19,glm-5.2,0,unrecorded
lotte_technology_search_100k_q547,intentroute_llmlingua2_matched_sent_mmr_seed19,minimax-m3,0,unrecorded
lotte_technology_search_100k_q548,dense_llmlingua2_matched_sent_mmr,glm-5.2,0,unrecorded
lotte_technology_search_100k_q548,dense_llmlingua2_matched_sent_mmr,minimax-m3,0,unrecorded
lotte_technology_search_100k_q548,intentroute_llmlingua2_matched_sent_mmr_seed19,glm-5.2,0,unrecorded
lotte_technology_search_100k_q548,intentroute_llmlingua2_matched_sent_mmr_seed19,minimax-m3,0,unrecorded
lotte_technology_search_100k_q549,dense_llmlingua2_matched_sent_mmr,glm-5.2,0,unrecorded
lotte_technology_search_100k_q549,dense_llmlingua2_matched_sent_mmr,minimax-m3,0,unrecorded
lotte_technology_search_100k_q549,intentroute_llmlingua2_matched_sent_mmr_seed19,glm-5.2,0,unrecorded
lotte_technology_search_100k_q549,intentroute_llmlingua2_matched_sent_mmr_seed19,minimax-m3,0,unrecorded
lotte_technology_search_100k_q550,dense_llmlingua2_matched_sent_mmr,glm-5.2,0,unrecorded
lotte_technology_search_100k_q550,dense_llmlingua2_matched_sent_mmr,minimax-m3,0,unrecorded
lotte_technology_search_100k_q550,intentroute_llmlingua2_matched_sent_mmr_seed19,glm-5.2,0,unrecorded
lotte_technology_search_100k_q550,intentroute_llmlingua2_matched_sent_mmr_seed19,minimax-m3,0,unrecorded
lotte_technology_search_100k_q551,dense_llmlingua2_matched_sent_mmr,glm-5.2,0,unrecorded
lotte_technology_search_100k_q551,dense_llmlingua2_matched_sent_mmr,minimax-m3,0,unrecorded
lotte_technology_search_100k_q551,intentroute_llmlingua2_matched_sent_mmr_seed19,glm-5.2,0,unrecorded
lotte_technology_search_100k_q551,intentroute_llmlingua2_matched_sent_mmr_seed19,minimax-m3,0,unrecorded
lotte_technology_search_100k_q553,dense_llmlingua2_matched_sent_mmr,glm-5.2,0,unrecorded
lotte_technology_search_100k_q553,dense_llmlingua2_matched_sent_mmr,minimax-m3,0,unrecorded
lotte_technology_search_100k_q553,intentroute_llmlingua2_matched_sent_mmr_seed19,glm-5.2,0,unrecorded
lotte_technology_search_100k_q553,intentroute_llmlingua2_matched_sent_mmr_seed19,minimax-m3,0,unrecorded
lotte_technology_search_100k_q560,dense_llmlingua2_matched_sent_mmr,glm-5.2,0,unrecorded
lotte_technology_search_100k_q560,dense_llmlingua2_matched_sent_mmr,minimax-m3,0,unrecorded
lotte_technology_search_100k_q560,intentroute_llmlingua2_matched_sent_mmr_seed19,glm-5.2,0,unrecorded
lotte_technology_search_100k_q560,intentroute_llmlingua2_matched_sent_mmr_seed19,minimax-m3,0,unrecorded
lotte_technology_search_100k_q562,dense_llmlingua2_matched_sent_mmr,glm-5.2,0,unrecorded
lotte_technology_search_100k_q562,dense_llmlingua2_matched_sent_mmr,minimax-m3,0,unrecorded
lotte_technology_search_100k_q562,intentroute_llmlingua2_matched_sent_mmr_seed19,glm-5.2,0,unrecorded
lotte_technology_search_100k_q562,intentroute_llmlingua2_matched_sent_mmr_seed19,minimax-m3,0,unrecorded
lotte_technology_search_100k_q564,dense_llmlingua2_matched_sent_mmr,glm-5.2,0,unrecorded
lotte_technology_search_100k_q564,dense_llmlingua2_matched_sent_mmr,minimax-m3,0,unrecorded
lotte_technology_search_100k_q564,intentroute_llmlingua2_matched_sent_mmr_seed19,glm-5.2,0,unrecorded
lotte_technology_search_100k_q564,intentroute_llmlingua2_matched_sent_mmr_seed19,minimax-m3,0,unrecorded
lotte_technology_search_100k_q565,dense_llmlingua2_matched_sent_mmr,glm-5.2,0,unrecorded
lotte_technology_search_100k_q565,dense_llmlingua2_matched_sent_mmr,minimax-m3,0,unrecorded
lotte_technology_search_100k_q565,intentroute_llmlingua2_matched_sent_mmr_seed19,glm-5.2,0,unrecorded
lotte_technology_search_100k_q565,intentroute_llmlingua2_matched_sent_mmr_seed19,minimax-m3,0,unrecorded
lotte_technology_search_100k_q566,dense_llmlingua2_matched_sent_mmr,glm-5.2,0,unrecorded
lotte_technology_search_100k_q566,dense_llmlingua2_matched_sent_mmr,minimax-m3,0,unrecorded
lotte_technology_search_100k_q566,intentroute_llmlingua2_matched_sent_mmr_seed19,glm-5.2,0,unrecorded
lotte_technology_search_100k_q566,intentroute_llmlingua2_matched_sent_mmr_seed19,minimax-m3,0,unrecorded
lotte_technology_search_100k_q567,dense_llmlingua2_matched_sent_mmr,glm-5.2,0,unrecorded
lotte_technology_search_100k_q567,dense_llmlingua2_matched_sent_mmr,minimax-m3,0,unrecorded
lotte_technology_search_100k_q567,intentroute_llmlingua2_matched_sent_mmr_seed19,glm-5.2,0,unrecorded
lotte_technology_search_100k_q567,intentroute_llmlingua2_matched_sent_mmr_seed19,minimax-m3,0,unrecorded
lotte_technology_search_100k_q568,dense_llmlingua2_matched_sent_mmr,glm-5.2,0,unrecorded
lotte_technology_search_100k_q568,dense_llmlingua2_matched_sent_mmr,minimax-m3,0,unrecorded
lotte_technology_search_100k_q568,intentroute_llmlingua2_matched_sent_mmr_seed19,glm-5.2,0,unrecorded
lotte_technology_search_100k_q568,intentroute_llmlingua2_matched_sent_mmr_seed19,minimax-m3,0,unrecorded
lotte_technology_search_100k_q571,dense_llmlingua2_matched_sent_mmr,glm-5.2,0,unrecorded
lotte_technology_search_100k_q571,dense_llmlingua2_matched_sent_mmr,minimax-m3,0,unrecorded
lotte_technology_search_100k_q571,intentroute_llmlingua2_matched_sent_mmr_seed19,glm-5.2,0,unrecorded
lotte_technology_search_100k_q571,intentroute_llmlingua2_matched_sent_mmr_seed19,minimax-m3,0,unrecorded
lotte_technology_search_100k_q573,dense_llmlingua2_matched_sent_mmr,glm-5.2,0,unrecorded
lotte_technology_search_100k_q573,dense_llmlingua2_matched_sent_mmr,minimax-m3,0,unrecorded
lotte_technology_search_100k_q573,intentroute_llmlingua2_matched_sent_mmr_seed19,glm-5.2,0,unrecorded
lotte_technology_search_100k_q573,intentroute_llmlingua2_matched_sent_mmr_seed19,minimax-m3,0,unrecorded
lotte_technology_search_100k_q576,dense_llmlingua2_matched_sent_mmr,glm-5.2,0,unrecorded
lotte_technology_search_100k_q576,dense_llmlingua2_matched_sent_mmr,minimax-m3,0,unrecorded
lotte_technology_search_100k_q576,intentroute_llmlingua2_matched_sent_mmr_seed19,glm-5.2,0,unrecorded
lotte_technology_search_100k_q576,intentroute_llmlingua2_matched_sent_mmr_seed19,minimax-m3,0,unrecorded
lotte_technology_search_100k_q579,dense_llmlingua2_matched_sent_mmr,glm-5.2,0,unrecorded
lotte_technology_search_100k_q579,dense_llmlingua2_matched_sent_mmr,minimax-m3,0,unrecorded
lotte_technology_search_100k_q579,intentroute_llmlingua2_matched_sent_mmr_seed19,glm-5.2,0,unrecorded
lotte_technology_search_100k_q579,intentroute_llmlingua2_matched_sent_mmr_seed19,minimax-m3,0,unrecorded
lotte_technology_search_100k_q58,dense_llmlingua2_matched_sent_mmr,glm-5.2,0,unrecorded
lotte_technology_search_100k_q58,dense_llmlingua2_matched_sent_mmr,minimax-m3,0,unrecorded
lotte_technology_search_100k_q58,intentroute_llmlingua2_matched_sent_mmr_seed19,glm-5.2,0,unrecorded
lotte_technology_search_100k_q58,intentroute_llmlingua2_matched_sent_mmr_seed19,minimax-m3,0,unrecorded
lotte_technology_search_100k_q581,dense_llmlingua2_matched_sent_mmr,glm-5.2,0,unrecorded
lotte_technology_search_100k_q581,dense_llmlingua2_matched_sent_mmr,minimax-m3,0,unrecorded
lotte_technology_search_100k_q581,intentroute_llmlingua2_matched_sent_mmr_seed19,glm-5.2,0,unrecorded
lotte_technology_search_100k_q581,intentroute_llmlingua2_matched_sent_mmr_seed19,minimax-m3,0,unrecorded
lotte_technology_search_100k_q584,dense_llmlingua2_matched_sent_mmr,glm-5.2,0,unrecorded
lotte_technology_search_100k_q584,dense_llmlingua2_matched_sent_mmr,minimax-m3,0,unrecorded
lotte_technology_search_100k_q584,intentroute_llmlingua2_matched_sent_mmr_seed19,glm-5.2,0,unrecorded
lotte_technology_search_100k_q584,intentroute_llmlingua2_matched_sent_mmr_seed19,minimax-m3,0,unrecorded
lotte_technology_search_100k_q585,dense_llmlingua2_matched_sent_mmr,glm-5.2,0,unrecorded
lotte_technology_search_100k_q585,dense_llmlingua2_matched_sent_mmr,minimax-m3,0,unrecorded
lotte_technology_search_100k_q585,intentroute_llmlingua2_matched_sent_mmr_seed19,glm-5.2,0,unrecorded
lotte_technology_search_100k_q585,intentroute_llmlingua2_matched_sent_mmr_seed19,minimax-m3,0,unrecorded
lotte_technology_search_100k_q587,dense_llmlingua2_matched_sent_mmr,glm-5.2,0,unrecorded
lotte_technology_search_100k_q587,dense_llmlingua2_matched_sent_mmr,minimax-m3,0,unrecorded
lotte_technology_search_100k_q587,intentroute_llmlingua2_matched_sent_mmr_seed19,glm-5.2,0,unrecorded
lotte_technology_search_100k_q587,intentroute_llmlingua2_matched_sent_mmr_seed19,minimax-m3,0,unrecorded
lotte_technology_search_100k_q588,dense_llmlingua2_matched_sent_mmr,glm-5.2,0,unrecorded
lotte_technology_search_100k_q588,dense_llmlingua2_matched_sent_mmr,minimax-m3,0,unrecorded
lotte_technology_search_100k_q588,intentroute_llmlingua2_matched_sent_mmr_seed19,glm-5.2,0,unrecorded
lotte_technology_search_100k_q588,intentroute_llmlingua2_matched_sent_mmr_seed19,minimax-m3,0,unrecorded
lotte_technology_search_100k_q589,dense_llmlingua2_matched_sent_mmr,glm-5.2,0,unrecorded
lotte_technology_search_100k_q589,dense_llmlingua2_matched_sent_mmr,minimax-m3,0,unrecorded
lotte_technology_search_100k_q589,intentroute_llmlingua2_matched_sent_mmr_seed19,glm-5.2,0,unrecorded
lotte_technology_search_100k_q589,intentroute_llmlingua2_matched_sent_mmr_seed19,minimax-m3,0,unrecorded
lotte_technology_search_100k_q59,dense_llmlingua2_matched_sent_mmr,glm-5.2,0,unrecorded
lotte_technology_search_100k_q59,dense_llmlingua2_matched_sent_mmr,minimax-m3,0,unrecorded
lotte_technology_search_100k_q59,intentroute_llmlingua2_matched_sent_mmr_seed19,glm-5.2,0,unrecorded
lotte_technology_search_100k_q59,intentroute_llmlingua2_matched_sent_mmr_seed19,minimax-m3,0,unrecorded
lotte_technology_search_100k_q590,dense_llmlingua2_matched_sent_mmr,glm-5.2,0,unrecorded
lotte_technology_search_100k_q590,dense_llmlingua2_matched_sent_mmr,minimax-m3,0,unrecorded
lotte_technology_search_100k_q590,intentroute_llmlingua2_matched_sent_mmr_seed19,glm-5.2,0,unrecorded
lotte_technology_search_100k_q590,intentroute_llmlingua2_matched_sent_mmr_seed19,minimax-m3,0,unrecorded
lotte_technology_search_100k_q595,dense_llmlingua2_matched_sent_mmr,glm-5.2,0,unrecorded
lotte_technology_search_100k_q595,dense_llmlingua2_matched_sent_mmr,minimax-m3,0,unrecorded
lotte_technology_search_100k_q595,intentroute_llmlingua2_matched_sent_mmr_seed19,glm-5.2,0,unrecorded
lotte_technology_search_100k_q595,intentroute_llmlingua2_matched_sent_mmr_seed19,minimax-m3,0,unrecorded
lotte_technology_search_100k_q6,dense_llmlingua2_matched_sent_mmr,glm-5.2,0,unrecorded
lotte_technology_search_100k_q6,dense_llmlingua2_matched_sent_mmr,minimax-m3,0,unrecorded
lotte_technology_search_100k_q6,intentroute_llmlingua2_matched_sent_mmr_seed19,glm-5.2,0,unrecorded
lotte_technology_search_100k_q6,intentroute_llmlingua2_matched_sent_mmr_seed19,minimax-m3,0,unrecorded
lotte_technology_search_100k_q61,dense_llmlingua2_matched_sent_mmr,glm-5.2,0,unrecorded
lotte_technology_search_100k_q61,dense_llmlingua2_matched_sent_mmr,minimax-m3,0,unrecorded
lotte_technology_search_100k_q61,intentroute_llmlingua2_matched_sent_mmr_seed19,glm-5.2,0,unrecorded
lotte_technology_search_100k_q61,intentroute_llmlingua2_matched_sent_mmr_seed19,minimax-m3,0,unrecorded
lotte_technology_search_100k_q62,dense_llmlingua2_matched_sent_mmr,glm-5.2,0,unrecorded
lotte_technology_search_100k_q62,dense_llmlingua2_matched_sent_mmr,minimax-m3,0,unrecorded
lotte_technology_search_100k_q62,intentroute_llmlingua2_matched_sent_mmr_seed19,glm-5.2,0,unrecorded
lotte_technology_search_100k_q62,intentroute_llmlingua2_matched_sent_mmr_seed19,minimax-m3,0,unrecorded
lotte_technology_search_100k_q63,dense_llmlingua2_matched_sent_mmr,glm-5.2,0,unrecorded
lotte_technology_search_100k_q63,dense_llmlingua2_matched_sent_mmr,minimax-m3,0,unrecorded
lotte_technology_search_100k_q63,intentroute_llmlingua2_matched_sent_mmr_seed19,glm-5.2,0,unrecorded
lotte_technology_search_100k_q63,intentroute_llmlingua2_matched_sent_mmr_seed19,minimax-m3,0,unrecorded
lotte_technology_search_100k_q65,dense_llmlingua2_matched_sent_mmr,glm-5.2,0,unrecorded
lotte_technology_search_100k_q65,dense_llmlingua2_matched_sent_mmr,minimax-m3,0,unrecorded
lotte_technology_search_100k_q65,intentroute_llmlingua2_matched_sent_mmr_seed19,glm-5.2,0,unrecorded
lotte_technology_search_100k_q65,intentroute_llmlingua2_matched_sent_mmr_seed19,minimax-m3,0,unrecorded
lotte_technology_search_100k_q66,dense_llmlingua2_matched_sent_mmr,glm-5.2,0,unrecorded
lotte_technology_search_100k_q66,dense_llmlingua2_matched_sent_mmr,minimax-m3,0,unrecorded
lotte_technology_search_100k_q66,intentroute_llmlingua2_matched_sent_mmr_seed19,glm-5.2,0,unrecorded
lotte_technology_search_100k_q66,intentroute_llmlingua2_matched_sent_mmr_seed19,minimax-m3,0,unrecorded
lotte_technology_search_100k_q67,dense_llmlingua2_matched_sent_mmr,glm-5.2,0,unrecorded
lotte_technology_search_100k_q67,dense_llmlingua2_matched_sent_mmr,minimax-m3,0,unrecorded
lotte_technology_search_100k_q67,intentroute_llmlingua2_matched_sent_mmr_seed19,glm-5.2,0,unrecorded
lotte_technology_search_100k_q67,intentroute_llmlingua2_matched_sent_mmr_seed19,minimax-m3,0,unrecorded
lotte_technology_search_100k_q68,dense_llmlingua2_matched_sent_mmr,glm-5.2,0,unrecorded
lotte_technology_search_100k_q68,dense_llmlingua2_matched_sent_mmr,minimax-m3,0,unrecorded
lotte_technology_search_100k_q68,intentroute_llmlingua2_matched_sent_mmr_seed19,glm-5.2,0,unrecorded
lotte_technology_search_100k_q68,intentroute_llmlingua2_matched_sent_mmr_seed19,minimax-m3,0,unrecorded
lotte_technology_search_100k_q70,dense_llmlingua2_matched_sent_mmr,glm-5.2,0,unrecorded
lotte_technology_search_100k_q70,dense_llmlingua2_matched_sent_mmr,minimax-m3,0,unrecorded
lotte_technology_search_100k_q70,intentroute_llmlingua2_matched_sent_mmr_seed19,glm-5.2,0,unrecorded
lotte_technology_search_100k_q70,intentroute_llmlingua2_matched_sent_mmr_seed19,minimax-m3,0,unrecorded
lotte_technology_search_100k_q72,dense_llmlingua2_matched_sent_mmr,glm-5.2,0,unrecorded
lotte_technology_search_100k_q72,dense_llmlingua2_matched_sent_mmr,minimax-m3,0,unrecorded
lotte_technology_search_100k_q72,intentroute_llmlingua2_matched_sent_mmr_seed19,glm-5.2,0,unrecorded
lotte_technology_search_100k_q72,intentroute_llmlingua2_matched_sent_mmr_seed19,minimax-m3,0,unrecorded
lotte_technology_search_100k_q74,dense_llmlingua2_matched_sent_mmr,glm-5.2,0,unrecorded
lotte_technology_search_100k_q74,dense_llmlingua2_matched_sent_mmr,minimax-m3,0,unrecorded
lotte_technology_search_100k_q74,intentroute_llmlingua2_matched_sent_mmr_seed19,glm-5.2,0,unrecorded
lotte_technology_search_100k_q74,intentroute_llmlingua2_matched_sent_mmr_seed19,minimax-m3,0,unrecorded
lotte_technology_search_100k_q75,dense_llmlingua2_matched_sent_mmr,glm-5.2,0,unrecorded
lotte_technology_search_100k_q75,dense_llmlingua2_matched_sent_mmr,minimax-m3,0,unrecorded
lotte_technology_search_100k_q75,intentroute_llmlingua2_matched_sent_mmr_seed19,glm-5.2,0,unrecorded
lotte_technology_search_100k_q75,intentroute_llmlingua2_matched_sent_mmr_seed19,minimax-m3,0,unrecorded
lotte_technology_search_100k_q8,dense_llmlingua2_matched_sent_mmr,glm-5.2,0,unrecorded
lotte_technology_search_100k_q8,dense_llmlingua2_matched_sent_mmr,minimax-m3,0,unrecorded
lotte_technology_search_100k_q8,intentroute_llmlingua2_matched_sent_mmr_seed19,glm-5.2,0,unrecorded
lotte_technology_search_100k_q8,intentroute_llmlingua2_matched_sent_mmr_seed19,minimax-m3,0,unrecorded
lotte_technology_search_100k_q8,intentweight_sent_mmr_r0.85_l0.70_seed19,minimax-m3,1,SensitiveContentDetected
lotte_technology_search_100k_q80,dense_llmlingua2_matched_sent_mmr,glm-5.2,0,unrecorded
lotte_technology_search_100k_q80,dense_llmlingua2_matched_sent_mmr,minimax-m3,0,unrecorded
lotte_technology_search_100k_q80,intentroute_llmlingua2_matched_sent_mmr_seed19,glm-5.2,0,unrecorded
lotte_technology_search_100k_q80,intentroute_llmlingua2_matched_sent_mmr_seed19,minimax-m3,0,unrecorded
lotte_technology_search_100k_q81,dense_llmlingua2_matched_sent_mmr,glm-5.2,0,unrecorded
lotte_technology_search_100k_q81,dense_llmlingua2_matched_sent_mmr,minimax-m3,0,unrecorded
lotte_technology_search_100k_q81,intentroute_llmlingua2_matched_sent_mmr_seed19,glm-5.2,0,unrecorded
lotte_technology_search_100k_q81,intentroute_llmlingua2_matched_sent_mmr_seed19,minimax-m3,0,unrecorded
lotte_technology_search_100k_q82,dense_llmlingua2_matched_sent_mmr,glm-5.2,0,unrecorded
lotte_technology_search_100k_q82,dense_llmlingua2_matched_sent_mmr,minimax-m3,0,unrecorded
lotte_technology_search_100k_q82,intentroute_llmlingua2_matched_sent_mmr_seed19,glm-5.2,0,unrecorded
lotte_technology_search_100k_q82,intentroute_llmlingua2_matched_sent_mmr_seed19,minimax-m3,0,unrecorded
lotte_technology_search_100k_q83,dense_llmlingua2_matched_sent_mmr,glm-5.2,0,unrecorded
lotte_technology_search_100k_q83,dense_llmlingua2_matched_sent_mmr,minimax-m3,0,unrecorded
lotte_technology_search_100k_q83,intentroute_llmlingua2_matched_sent_mmr_seed19,glm-5.2,0,unrecorded
lotte_technology_search_100k_q83,intentroute_llmlingua2_matched_sent_mmr_seed19,minimax-m3,0,unrecorded
lotte_technology_search_100k_q85,dense_llmlingua2_matched_sent_mmr,glm-5.2,0,unrecorded
lotte_technology_search_100k_q85,dense_llmlingua2_matched_sent_mmr,minimax-m3,0,unrecorded
lotte_technology_search_100k_q85,intentroute_llmlingua2_matched_sent_mmr_seed19,glm-5.2,0,unrecorded
lotte_technology_search_100k_q85,intentroute_llmlingua2_matched_sent_mmr_seed19,minimax-m3,0,unrecorded
lotte_technology_search_100k_q86,dense_llmlingua2_matched_sent_mmr,glm-5.2,0,unrecorded
lotte_technology_search_100k_q86,dense_llmlingua2_matched_sent_mmr,minimax-m3,0,unrecorded
lotte_technology_search_100k_q86,intentroute_llmlingua2_matched_sent_mmr_seed19,glm-5.2,0,unrecorded
lotte_technology_search_100k_q86,intentroute_llmlingua2_matched_sent_mmr_seed19,minimax-m3,0,unrecorded
lotte_technology_search_100k_q88,dense_llmlingua2_matched_sent_mmr,glm-5.2,0,unrecorded
lotte_technology_search_100k_q88,dense_llmlingua2_matched_sent_mmr,minimax-m3,0,unrecorded
lotte_technology_search_100k_q88,intentroute_llmlingua2_matched_sent_mmr_seed19,glm-5.2,0,unrecorded
lotte_technology_search_100k_q88,intentroute_llmlingua2_matched_sent_mmr_seed19,minimax-m3,0,unrecorded
lotte_technology_search_100k_q9,dense_llmlingua2_matched_sent_mmr,glm-5.2,0,unrecorded
lotte_technology_search_100k_q9,dense_llmlingua2_matched_sent_mmr,minimax-m3,0,unrecorded
lotte_technology_search_100k_q9,intentroute_llmlingua2_matched_sent_mmr_seed19,glm-5.2,0,unrecorded
lotte_technology_search_100k_q9,intentroute_llmlingua2_matched_sent_mmr_seed19,minimax-m3,0,unrecorded
lotte_technology_search_100k_q92,dense_llmlingua2_matched_sent_mmr,glm-5.2,0,unrecorded
lotte_technology_search_100k_q92,dense_llmlingua2_matched_sent_mmr,minimax-m3,0,unrecorded
lotte_technology_search_100k_q92,intentroute_llmlingua2_matched_sent_mmr_seed19,glm-5.2,0,unrecorded
lotte_technology_search_100k_q92,intentroute_llmlingua2_matched_sent_mmr_seed19,minimax-m3,0,unrecorded
lotte_technology_search_100k_q94,dense_llmlingua2_matched_sent_mmr,glm-5.2,0,unrecorded
lotte_technology_search_100k_q94,dense_llmlingua2_matched_sent_mmr,minimax-m3,0,unrecorded
lotte_technology_search_100k_q94,intentroute_llmlingua2_matched_sent_mmr_seed19,glm-5.2,0,unrecorded
lotte_technology_search_100k_q94,intentroute_llmlingua2_matched_sent_mmr_seed19,minimax-m3,0,unrecorded
lotte_technology_search_100k_q95,dense_llmlingua2_matched_sent_mmr,glm-5.2,0,unrecorded
lotte_technology_search_100k_q95,dense_llmlingua2_matched_sent_mmr,minimax-m3,0,unrecorded
lotte_technology_search_100k_q95,intentroute_llmlingua2_matched_sent_mmr_seed19,glm-5.2,0,unrecorded
lotte_technology_search_100k_q95,intentroute_llmlingua2_matched_sent_mmr_seed19,minimax-m3,0,unrecorded
