selector,split,budget_ratio,min_keep,target_coverage,final_hit@10,hit_delta_vs_dense_pp,token_saving_vs_dense_pct,actual_coverage,source_selective_risk,dense_selective_risk,hit_delta_vs_source_pp,num_seeds,token_saving_vs_source_pct
budget_only,calibration,0.75,4,1.0,0.8435754189944135,-1.6759776536312776,28.75052456871945,1.0,0.03410637487070608,0.04329004329004329,-2.979515828677833,3,30.23305668310849
budget_only,calibration,0.75,5,1.0,0.8417132216014898,-1.8621973929236442,28.512972127600314,1.0,0.036243127007458215,0.045454545454545456,-3.1657355679701995,3,30.001690118382704
budget_only,calibration,0.75,6,1.0,0.8417132216014898,-1.8621973929236442,27.036240294691055,1.0,0.036243127007458215,0.045454545454545456,-3.1657355679701995,3,28.554569267010013
budget_only,calibration,0.75,7,1.0,0.845437616387337,-1.4897579143389146,23.238173732118987,1.0,0.03196962273395394,0.04112554112554113,-2.79329608938547,3,24.837197458877252
budget_only,calibration,0.75,8,1.0,0.8472998137802608,-1.3035381750465518,16.64039097225111,1.0,0.029846480483423157,0.03896103896103896,-2.607076350093107,3,18.37887034621936
budget_only,calibration,0.8,4,1.0,0.8491620111731844,-1.117318435754185,24.450636350690417,1.0,0.027723338232892372,0.03679653679653679,-2.4208566108007403,3,26.022174412112292
budget_only,calibration,0.8,5,1.0,0.8491620111731844,-1.117318435754185,24.342383010148595,1.0,0.027723338232892372,0.03679653679653679,-2.4208566108007403,3,25.917041861963238
budget_only,calibration,0.8,6,1.0,0.8491620111731844,-1.117318435754185,23.838671016963893,1.0,0.027723338232892372,0.03679653679653679,-2.4208566108007403,3,25.423926622424972
budget_only,calibration,0.8,7,1.0,0.8491620111731844,-1.117318435754185,21.248026172355956,1.0,0.027723338232892372,0.03679653679653679,-2.4208566108007403,3,22.888723052512
budget_only,calibration,0.8,8,1.0,0.8472998137802608,-1.3035381750465518,16.067492618231178,1.0,0.029846480483423157,0.03896103896103896,-2.607076350093107,3,17.81884251551171
budget_only,calibration,0.85,4,1.0,0.8528864059590316,-0.7448789571694555,20.08748483003974,1.0,0.0234498339593881,0.03463203463203463,-2.0484171322160107,3,21.75151735366183
budget_only,calibration,0.85,5,1.0,0.8528864059590316,-0.7448789571694555,20.082948019493163,1.0,0.0234498339593881,0.03463203463203463,-2.0484171322160107,3,21.74709414810925
budget_only,calibration,0.85,6,1.0,0.8528864059590316,-0.7448789571694555,19.86392088810588,1.0,0.0234498339593881,0.03463203463203463,-2.0484171322160107,3,21.532434768975072
budget_only,calibration,0.85,7,1.0,0.8528864059590316,-0.7448789571694555,18.90350329989957,1.0,0.0234498339593881,0.03463203463203463,-2.0484171322160107,3,20.593299991566358
budget_only,calibration,0.85,8,1.0,0.851024208566108,-0.9310986964618184,15.374368784727082,1.0,0.025586586096140236,0.0367965367965368,-2.234636871508374,3,17.140672919185718
budget_only,calibration,0.88,4,1.0,0.851024208566108,-0.9310986964618221,17.46735071687909,1.0,0.025572976209918885,0.03463203463203463,-2.2346368715083775,3,19.187630104938478
budget_only,calibration,0.88,5,1.0,0.851024208566108,-0.9310986964618221,17.464074131484335,1.0,0.025572976209918885,0.03463203463203463,-2.2346368715083775,3,19.184427793275564
budget_only,calibration,0.88,6,1.0,0.851024208566108,-0.9310986964618221,17.43382872784052,1.0,0.025572976209918885,0.03463203463203463,-2.2346368715083775,3,19.154735839148984
budget_only,calibration,0.88,7,1.0,0.851024208566108,-0.9310986964618221,17.161368050015817,1.0,0.025572976209918885,0.03463203463203463,-2.2346368715083775,3,18.888293176447167
budget_only,calibration,0.88,8,1.0,0.851024208566108,-0.9310986964618221,14.557490841313717,1.0,0.025572976209918885,0.03463203463203463,-2.2346368715083775,3,16.34130221394746
budget_only,calibration,0.9,4,1.0,0.8547486033519553,-0.5586592178770925,15.655398993584202,1.0,0.021313081822635964,0.032467532467532464,-1.862197392923648,3,17.411686265379092
budget_only,calibration,0.9,5,1.0,0.8547486033519553,-0.5586592178770925,15.652122408189458,1.0,0.021313081822635964,0.032467532467532464,-1.862197392923648,3,17.40848395371619
budget_only,calibration,0.9,6,1.0,0.8547486033519553,-0.5586592178770925,15.627926085274401,1.0,0.021313081822635964,0.032467532467532464,-1.862197392923648,3,17.384737788855976
budget_only,calibration,0.9,7,1.0,0.8547486033519553,-0.5586592178770925,15.552438598680045,1.0,0.021313081822635964,0.032467532467532464,-1.862197392923648,3,17.311167524736426
budget_only,calibration,0.9,8,1.0,0.8528864059590316,-0.7448789571694592,13.61963128332508,1.0,0.02343622407316675,0.032467532467532464,-2.0484171322160147,3,15.421343273992298
budget_only,calibration,0.92,4,1.0,0.8547486033519553,-0.5586592178770925,13.991901793174375,1.0,0.021313081822635964,0.0303030303030303,-1.862197392923648,3,15.783465235628283
budget_only,calibration,0.92,5,1.0,0.8547486033519553,-0.5586592178770925,13.991901793174375,1.0,0.021313081822635964,0.0303030303030303,-1.862197392923648,3,15.783465235628283
budget_only,calibration,0.92,6,1.0,0.8547486033519553,-0.5586592178770925,13.98055976680794,1.0,0.021313081822635964,0.0303030303030303,-1.862197392923648,3,15.772360934645292
budget_only,calibration,0.92,7,1.0,0.8547486033519553,-0.5586592178770925,13.969721830502243,1.0,0.021313081822635964,0.0303030303030303,-1.862197392923648,3,15.761757396566619
budget_only,calibration,0.92,8,1.0,0.8547486033519553,-0.5586592178770925,12.70533793567559,1.0,0.021313081822635964,0.0303030303030303,-1.862197392923648,3,14.525787958733897
budget_only,calibration,0.95,4,1.0,0.8621973929236499,0.18621973929236665,11.309386534998357,1.0,0.012779683161848767,0.02380952380952381,-1.1173184357541888,3,13.154484459212393
budget_only,calibration,0.95,5,1.0,0.8621973929236499,0.18621973929236665,11.309386534998357,1.0,0.012779683161848767,0.02380952380952381,-1.1173184357541888,3,13.154484459212393
budget_only,calibration,0.95,6,1.0,0.8621973929236499,0.18621973929236665,11.309386534998357,1.0,0.012779683161848767,0.02380952380952381,-1.1173184357541888,3,13.154484459212393
budget_only,calibration,0.95,7,1.0,0.8621973929236499,0.18621973929236665,11.309386534998357,1.0,0.012779683161848767,0.02380952380952381,-1.1173184357541888,3,13.154484459212393
budget_only,calibration,0.95,8,1.0,0.8621973929236499,0.18621973929236665,10.96950381155098,1.0,0.012779683161848767,0.02380952380952381,-1.1173184357541888,3,12.824335296947138
budget_only,calibration,0.98,4,1.0,0.8621973929236499,0.18621973929236665,9.360070270154479,1.0,0.012779683161848767,0.02380952380952381,-1.1173184357541888,3,11.246539922240276
budget_only,calibration,0.98,5,1.0,0.8621973929236499,0.18621973929236665,9.360070270154479,1.0,0.012779683161848767,0.02380952380952381,-1.1173184357541888,3,11.246539922240276
budget_only,calibration,0.98,6,1.0,0.8621973929236499,0.18621973929236665,9.360070270154479,1.0,0.012779683161848767,0.02380952380952381,-1.1173184357541888,3,11.246539922240276
budget_only,calibration,0.98,7,1.0,0.8621973929236499,0.18621973929236665,9.360070270154479,1.0,0.012779683161848767,0.02380952380952381,-1.1173184357541888,3,11.246539922240276
budget_only,calibration,0.98,8,1.0,0.8621973929236499,0.18621973929236665,9.331841226753575,1.0,0.012779683161848767,0.02380952380952381,-1.1173184357541888,3,11.21895077560597
budget_only,test,0.75,4,1.0,0.8521183053557154,-1.8385291766586764,25.147298708077773,1.0,0.03090599508988675,0.0440771349862259,-2.7178257394084713,3,29.952929450112453
budget_only,test,0.75,5,1.0,0.8537170263788969,-1.678657074340532,24.496552699116965,1.0,0.029089451176051318,0.04224058769513315,-2.5579536370903266,3,29.342671759859883
budget_only,test,0.75,6,1.0,0.8529176658673061,-1.7585931254996041,22.818521901779107,1.0,0.030000197988437477,0.04132231404958678,-2.6378896882493987,3,27.77537973342597
budget_only,test,0.75,7,1.0,0.8577138289368506,-1.278976818545167,18.58840097437904,1.0,0.024545616535994297,0.03764921946740129,-2.1582733812949617,3,23.81312039730778
budget_only,test,0.75,8,1.0,0.8617106314948041,-0.8792965627498058,11.738168254382527,1.0,0.02000178189593728,0.03489439853076217,-1.7585931254996006,3,17.402092413366397
budget_only,test,0.8,4,1.0,0.8545163868904876,-1.598721023181456,20.897276958545383,1.0,0.028183654074602042,0.04040404040404041,-2.4780175859312505,3,25.977150756145388
budget_only,test,0.8,5,1.0,0.8545163868904876,-1.598721023181456,20.49289877767628,1.0,0.028183654074602042,0.04040404040404041,-2.4780175859312505,3,25.597373387134038
budget_only,test,0.8,6,1.0,0.8553157474020784,-1.5187849720223838,19.545271651659483,1.0,0.02727785697315277,0.03948576675849403,-2.3980815347721784,3,24.712611560727495
budget_only,test,0.8,7,1.0,0.8601119104716227,-1.0391686650679504,16.63654356431337,1.0,0.02182327552070959,0.03673094582185491,-1.918465227817745,3,21.987166117150096
budget_only,test,0.8,8,1.0,0.8617106314948041,-0.8792965627498058,11.258536691461126,1.0,0.02000178189593728,0.03489439853076217,-1.7585931254996006,3,16.953980624469068
budget_only,test,0.85,4,1.0,0.8585131894484412,-1.1990407673860948,16.00113097568402,1.0,0.023644769145481904,0.03948576675849403,-2.0783373301358896,3,21.397889158171218
budget_only,test,0.85,5,1.0,0.8585131894484412,-1.1990407673860948,15.801796511374999,1.0,0.023644769145481904,0.03948576675849403,-2.0783373301358896,3,21.209556145584123
budget_only,test,0.85,6,1.0,0.8585131894484412,-1.1990407673860948,15.625353429901253,1.0,0.023644769145481904,0.03948576675849403,-2.0783373301358896,3,21.044626736071947
budget_only,test,0.85,7,1.0,0.8593125499600319,-1.1191047162270225,13.884575231632509,1.0,0.02273402233309575,0.03856749311294766,-1.9984012789768173,3,19.412224111551396
budget_only,test,0.85,8,1.0,0.8617106314948041,-0.8792965627498058,10.222280220975247,1.0,0.02000178189593728,0.03489439853076217,-1.7585931254996006,3,15.985446600313184
budget_only,test,0.88,4,1.0,0.8593125499600319,-1.1191047162270225,13.239919091739527,1.0,0.02273402233309575,0.03856749311294766,-1.9984012789768173,3,18.8158449834256
budget_only,test,0.88,5,1.0,0.8593125499600319,-1.1191047162270225,13.066085954151983,1.0,0.02273402233309575,0.03856749311294766,-1.9984012789768173,3,18.651364708216427
budget_only,test,0.88,6,1.0,0.8593125499600319,-1.1191047162270225,13.035147244334244,1.0,0.02273402233309575,0.03856749311294766,-1.9984012789768173,3,18.622464663899795
budget_only,test,0.88,7,1.0,0.8601119104716227,-1.0391686650679504,11.99225716647091,1.0,0.02182327552070959,0.03764921946740129,-1.918465227817745,3,17.642703640715958
budget_only,test,0.88,8,1.0,0.8633093525179856,-0.7194244604316576,9.26785636608812,1.0,0.018185237982101844,0.03397612488521579,-1.5987210231814524,3,15.092669467243283
budget_only,test,0.9,4,1.0,0.8601119104716227,-1.0391686650679504,11.3812584279438,1.0,0.02182327552070959,0.03764921946740129,-1.918465227817745,3,17.0757708194788
budget_only,test,0.9,5,1.0,0.8601119104716227,-1.0391686650679504,11.207425290356259,1.0,0.02182327552070959,0.03764921946740129,-1.918465227817745,3,16.911290544269626
budget_only,test,0.9,6,1.0,0.8601119104716227,-1.0391686650679504,11.201389795119399,1.0,0.02182327552070959,0.03764921946740129,-1.918465227817745,3,16.905696970080175
budget_only,test,0.9,7,1.0,0.8601119104716227,-1.0391686650679504,10.535962851798686,1.0,0.02182327552070959,0.03764921946740129,-1.918465227817745,3,16.27934076934925
budget_only,test,0.9,8,1.0,0.8633093525179856,-0.7194244604316576,8.566923311148804,1.0,0.018185237982101844,0.03397612488521579,-1.5987210231814524,3,14.436186855803872
budget_only,test,0.92,4,1.0,0.8657074340527577,-0.47961630695444085,9.173789638522763,1.0,0.015462896966817139,0.03305785123966942,-1.3589128697042356,3,15.004155585144867
budget_only,test,0.92,5,1.0,0.8657074340527577,-0.47961630695444085,9.169276610552872,1.0,0.015462896966817139,0.03305785123966942,-1.3589128697042356,3,14.999983942663675
budget_only,test,0.92,6,1.0,0.8657074340527577,-0.47961630695444085,9.164546087259119,1.0,0.015462896966817139,0.03305785123966942,-1.3589128697042356,3,14.995596626541074
budget_only,test,0.92,7,1.0,0.8657074340527577,-0.47961630695444085,9.023663491234931,1.0,0.015462896966817139,0.03305785123966942,-1.3589128697042356,3,14.862684451010528
budget_only,test,0.92,8,1.0,0.8681055155875299,-0.23980815347722415,7.5947192135369015,1.0,0.012735606240595549,0.030303030303030304,-1.119104716227019,3,13.525666402456178
budget_only,test,0.95,4,1.0,0.8705035971223022,-3.700743415417189e-15,6.181271477663219,1.0,0.01000831551437396,0.02846648301193756,-0.8792965627497984,3,12.202146047857994
budget_only,test,0.95,5,1.0,0.8705035971223022,-3.700743415417189e-15,6.178879029100866,1.0,0.01000831551437396,0.02846648301193756,-0.8792965627497984,3,12.199934574735435
budget_only,test,0.95,6,1.0,0.8705035971223022,-3.700743415417189e-15,6.1782265431293135,1.0,0.01000831551437396,0.02846648301193756,-0.8792965627497984,3,12.199331445702011
budget_only,test,0.95,7,1.0,0.8705035971223022,-3.700743415417189e-15,6.156259515420407,1.0,0.01000831551437396,0.02846648301193756,-0.8792965627497984,3,12.17878713461567
budget_only,test,0.95,8,1.0,0.8705035971223022,-3.700743415417189e-15,5.839695071555958,1.0,0.01000831551437396,0.02846648301193756,-0.8792965627497984,3,11.882248730640411
budget_only,test,0.98,4,1.0,0.8689048760991207,-0.15987210231815188,3.7592435512636393,1.0,0.011824859428209392,0.02846648301193756,-1.0391686650679466,3,9.937439816646004
budget_only,test,0.98,5,1.0,0.8689048760991207,-0.15987210231815188,3.7592435512636393,1.0,0.011824859428209392,0.02846648301193756,-1.0391686650679466,3,9.937439816646004
budget_only,test,0.98,6,1.0,0.8689048760991207,-0.15987210231815188,3.7592435512636393,1.0,0.011824859428209392,0.02846648301193756,-1.0391686650679466,3,9.937439816646004
budget_only,test,0.98,7,1.0,0.8689048760991207,-0.15987210231815188,3.7592435512636393,1.0,0.011824859428209392,0.02846648301193756,-1.0391686650679466,3,9.937439816646004
budget_only,test,0.98,8,1.0,0.8689048760991207,-0.15987210231815188,3.6549545434773067,1.0,0.011824859428209392,0.02846648301193756,-1.0391686650679466,3,9.839232004343216
geometry_similarity,calibration,0.75,4,0.1,0.8640595903165735,0.3724394785847296,0.3040923291355339,0.1005586592178771,0.11953601953601954,0.12637362637362637,-0.9310986964618259,3,2.381804011252908
geometry_similarity,calibration,0.75,4,0.2,0.8621973929236499,0.18621973929236665,2.784089405413178,0.2011173184357542,0.0708517536103743,0.08608058608058608,-1.1173184357541888,3,4.812433074942224
geometry_similarity,calibration,0.75,4,0.3,0.8584729981378026,-0.18621973929236293,5.876303860447714,0.3016759776536313,0.061663143058491895,0.056182643221781056,-1.4897579143389184,3,7.838445254645558
geometry_similarity,calibration,0.75,4,0.4,0.8566108007448789,-0.37243947858472587,8.989312030487373,0.4022346368715084,0.050018843037497644,0.04115932464389815,-1.6759776536312814,3,10.8864478742606
geometry_similarity,calibration,0.75,4,0.5,0.8566108007448789,-0.37243947858472587,11.997847535440686,0.5027932960893855,0.040251498795118114,0.037514062603401496,-1.6759776536312814,3,13.830838775391863
geometry_similarity,calibration,0.75,4,0.6,0.8566108007448789,-0.37243947858472587,16.17637607134891,0.6033519553072626,0.033054716005375503,0.030576418514290292,-1.6759776536312814,3,17.917091081659276
geometry_similarity,calibration,0.75,4,0.7,0.8528864059590316,-0.7448789571694555,19.080438911215886,0.7039106145251397,0.03403926948469519,0.03510556326090307,-2.0484171322160107,3,20.762245267068327
geometry_similarity,calibration,0.75,4,0.8,0.8491620111731844,-1.117318435754185,22.47031854711163,0.8044692737430168,0.034947635282804444,0.04385132999141941,-2.4208566108007403,3,24.08297600534416
geometry_similarity,calibration,0.75,4,0.9,0.8472998137802608,-1.3035381750465518,25.876707132496296,0.9050279329608939,0.03340306478221678,0.043585569500603896,-2.607076350093107,3,27.417252655650927
geometry_similarity,calibration,0.75,4,1.0,0.8435754189944135,-1.6759776536312776,28.75052456871945,1.0,0.03410637487070608,0.04329004329004329,-2.979515828677833,3,30.23305668310849
geometry_similarity,calibration,0.75,5,0.1,0.8621973929236499,0.18621973929236665,0.2902298524654549,0.1005586592178771,0.1451770451770452,0.15201465201465203,-1.1173184357541888,3,2.368178244184157
geometry_similarity,calibration,0.75,5,0.2,0.8603351955307262,3.700743415417189e-15,2.767328410893899,0.2011173184357542,0.08367226643088713,0.0989010989010989,-1.3035381750465518,3,4.795958283850007
geometry_similarity,calibration,0.75,5,0.3,0.8566108007448789,-0.37243947858472587,5.839505286014405,0.3016759776536313,0.06941508104298802,0.06393458120627718,-1.6759776536312814,3,7.802492345539876
geometry_similarity,calibration,0.75,5,0.4,0.8547486033519553,-0.5586592178770888,8.925670660320185,0.4022346368715084,0.05576596947427925,0.047007277860272416,-1.8621973929236442,3,10.824131164112105
geometry_similarity,calibration,0.75,5,0.5,0.8547486033519553,-0.5586592178770888,11.875605695713602,0.5027932960893855,0.04475600329962262,0.042143692233031126,-1.8621973929236442,3,13.7116263259035
geometry_similarity,calibration,0.75,5,0.6,0.8547486033519553,-0.5586592178770888,16.050731623711894,0.6033519553072626,0.03671771966837917,0.03432173686635022,-1.8621973929236442,3,17.794534125708577
geometry_similarity,calibration,0.75,5,0.7,0.851024208566108,-0.9310986964618184,18.947737202728646,0.7039106145251397,0.03715453428220298,0.03828016643550624,-2.234636871508374,3,20.63275155697353
geometry_similarity,calibration,0.75,5,0.8,0.8472998137802608,-1.3035381750465518,22.316823123619276,0.8044692737430168,0.037635807325815195,0.04658357042857788,-2.607076350093107,3,23.933152397663665
geometry_similarity,calibration,0.75,5,0.9,0.845437616387337,-1.4897579143389184,25.64520377210593,0.9050279329608939,0.03580114631698896,0.0460186595249348,-2.793296089385474,3,27.191836340203842
geometry_similarity,calibration,0.75,5,1.0,0.8417132216014898,-1.8621973929236442,28.512972127600314,1.0,0.036243127007458215,0.045454545454545456,-3.1657355679701995,3,30.001690118382704
geometry_similarity,calibration,0.75,6,0.1,0.8640595903165735,0.3724394785847333,0.20302227195911535,0.1005586592178771,0.12295482295482296,0.12637362637362637,-0.9310986964618221,3,2.283111975762945
geometry_similarity,calibration,0.75,6,0.2,0.8621973929236499,0.18621973929237035,2.635634882528115,0.2011173184357542,0.07256115531977601,0.08699633699633699,-1.117318435754185,3,4.667049729878325
geometry_similarity,calibration,0.75,6,0.3,0.8584729981378026,-0.18621973929235924,5.550913726246339,0.3016759776536313,0.06183932346723044,0.05580449990546417,-1.4897579143389146,3,7.520084820256723
geometry_similarity,calibration,0.75,6,0.4,0.8566108007448789,-0.37243947858472587,8.566254447019517,0.4022346368715084,0.0502104139187237,0.04094667179966635,-1.6759776536312814,3,10.472146822228934
geometry_similarity,calibration,0.75,6,0.5,0.8547486033519553,-0.5586592178770888,11.32501332688098,0.5027932960893855,0.04475600329962262,0.042143692233031126,-1.8621973929236442,3,13.172453712518665
geometry_similarity,calibration,0.75,6,0.6,0.8547486033519553,-0.5586592178770888,15.295856757768348,0.6033519553072626,0.03671771966837917,0.03432173686635022,-1.8621973929236442,3,17.05578879333245
geometry_similarity,calibration,0.75,6,0.7,0.851024208566108,-0.9310986964618184,18.090153986911307,0.7039106145251397,0.03715453428220298,0.03828016643550624,-2.234636871508374,3,19.793160172606548
geometry_similarity,calibration,0.75,6,0.8,0.8472998137802608,-1.3035381750465518,21.21790679122733,0.8044692737430168,0.037635807325815195,0.04658357042857788,-2.607076350093107,3,22.856489374025806
geometry_similarity,calibration,0.75,6,0.9,0.845437616387337,-1.4897579143389184,24.330410871206258,0.9050279329608939,0.03580114631698896,0.0460186595249348,-2.793296089385474,3,25.90365918232878
geometry_similarity,calibration,0.75,6,1.0,0.8417132216014898,-1.8621973929236442,27.036240294691055,1.0,0.036243127007458215,0.045454545454545456,-3.1657355679701995,3,28.554569267010013
geometry_similarity,calibration,0.75,7,0.1,0.8659217877094972,0.5586592178770963,-0.22394200947940904,0.1005586592178771,0.09731379731379732,0.10073260073260074,-0.7448789571694592,3,1.8655075032190622
geometry_similarity,calibration,0.75,7,0.2,0.8640595903165735,0.3724394785847333,1.9378482159622716,0.2011173184357542,0.05974064249926319,0.07417582417582418,-0.9310986964618221,3,3.9845599675898957
geometry_similarity,calibration,0.75,7,0.3,0.8603351955307262,3.700743415417189e-15,4.56264516218469,0.3016759776536313,0.05408738548273432,0.048052561920968045,-1.3035381750465518,3,6.553484312245735
geometry_similarity,calibration,0.75,7,0.4,0.8584729981378026,-0.18621973929236293,7.216553309414271,0.4022346368715084,0.04446328748194209,0.03509871858329208,-1.4897579143389184,3,9.15200806676481
geometry_similarity,calibration,0.75,7,0.5,0.8584729981378026,-0.18621973929236293,9.630892655281801,0.5027932960893855,0.035685288749456014,0.03268314472900536,-1.4897579143389184,3,11.514797602686533
geometry_similarity,calibration,0.75,7,0.6,0.8584729981378026,-0.18621973929236293,13.217997527438255,0.6033519553072626,0.029309397653315583,0.02665484988683931,-1.4897579143389184,3,15.023414245042028
geometry_similarity,calibration,0.75,7,0.7,0.8547486033519553,-0.5586592178770925,15.523831487733604,0.7039106145251397,0.030924004687187402,0.03186931730621051,-1.862197392923648,3,17.281843948112307
geometry_similarity,calibration,0.75,7,0.8,0.851024208566108,-0.9310986964618184,18.28359854771654,0.8044692737430168,0.03223760818253344,0.041096509054780295,-2.234636871508374,3,19.984447206735542
geometry_similarity,calibration,0.75,7,0.9,0.8491620111731844,-1.117318435754185,20.876889865143312,0.9050279329608939,0.0310049832474446,0.041152479476273,-2.4208566108007403,3,22.52386805269444
geometry_similarity,calibration,0.75,7,1.0,0.845437616387337,-1.4897579143389146,23.238173732118987,1.0,0.03196962273395394,0.04112554112554113,-2.79329608938547,3,24.837197458877252
geometry_similarity,calibration,0.75,8,0.1,0.8696461824953445,0.9310986964618295,-0.6829160097742889,0.1005586592178771,0.04786324786324787,0.05128205128205129,-0.37243947858472587,3,1.4164553290758313
geometry_similarity,calibration,0.75,8,0.2,0.8659217877094972,0.5586592178770963,0.8280939472646262,0.2011173184357542,0.04653698791629826,0.06135531135531135,-0.7448789571694592,3,2.8970017720213646
geometry_similarity,calibration,0.75,8,0.3,0.8621973929236499,0.18621973929236665,2.7772841895933174,0.3016759776536313,0.04615926708949965,0.0400973719039516,-1.1173184357541888,3,4.8049966466782426
geometry_similarity,calibration,0.75,8,0.4,0.8603351955307262,3.700743415417189e-15,4.809649291942504,0.4022346368715084,0.038807235726399096,0.029564244990742266,-1.3035381750465518,3,6.794332274420856
geometry_similarity,calibration,0.75,8,0.5,0.8603351955307262,3.700743415417189e-15,6.545483416067122,0.5027932960893855,0.03136102937833291,0.028318222928109763,-1.3035381750465518,3,8.493150445312763
geometry_similarity,calibration,0.75,8,0.6,0.8603351955307262,3.700743415417189e-15,9.367127531004693,0.6033519553072626,0.025768523936574743,0.02304322137435158,-1.3035381750465518,3,11.251818716508676
geometry_similarity,calibration,0.75,8,0.7,0.8566108007448789,-0.37243947858472587,10.946441691272565,0.7039106145251397,0.027865900711652233,0.02875635691169672,-1.6759776536312814,3,12.798730025193706
geometry_similarity,calibration,0.75,8,0.8,0.8528864059590316,-0.7448789571694592,13.015101277994331,0.8044692737430168,0.029592796573127023,0.03838684911710247,-2.0484171322160147,3,14.825049796585798
geometry_similarity,calibration,0.75,8,0.9,0.851024208566108,-0.9310986964618221,14.89258470918415,0.9050279329608939,0.02864091705359117,0.03875439794150081,-2.2346368715083775,3,16.664448295300808
geometry_similarity,calibration,0.75,8,1.0,0.8472998137802608,-1.3035381750465518,16.64039097225111,1.0,0.029846480483423157,0.03896103896103896,-2.607076350093107,3,18.37887034621936
geometry_similarity,calibration,0.8,4,0.1,0.8696461824953445,0.9310986964618295,-0.11682287157422551,0.1005586592178771,0.04786324786324787,0.05128205128205129,-0.37243947858472587,3,1.970256006725457
geometry_similarity,calibration,0.8,4,0.2,0.8659217877094972,0.5586592178770963,2.0666432264788517,0.2011173184357542,0.04653698791629826,0.06135531135531135,-0.7448789571694592,3,4.110006188829333
geometry_similarity,calibration,0.8,4,0.3,0.8621973929236499,0.18621973929236665,4.617717001319466,0.3016759776536313,0.04615926708949965,0.0400973719039516,-1.1173184357541888,3,6.605882810164524
geometry_similarity,calibration,0.8,4,0.4,0.8603351955307262,3.700743415417189e-15,7.276918094186716,0.4022346368715084,0.038807235726399096,0.029564244990742266,-1.3035381750465518,3,9.209308931951306
geometry_similarity,calibration,0.8,4,0.5,0.8603351955307262,3.700743415417189e-15,9.7717858272559,0.5027932960893855,0.03136102937833291,0.028318222928109763,-1.3035381750465518,3,11.652136905260857
geometry_similarity,calibration,0.8,4,0.6,0.8603351955307262,3.700743415417189e-15,13.476973796138425,0.6033519553072626,0.025768523936574743,0.02304322137435158,-1.3035381750465518,3,15.274075941610036
geometry_similarity,calibration,0.8,4,0.7,0.8566108007448789,-0.37243947858472587,16.018973949885897,0.7039106145251397,0.027865900711652233,0.02875635691169672,-1.6759776536312814,3,17.765227816219586
geometry_similarity,calibration,0.8,4,0.8,0.8528864059590316,-0.7448789571694592,18.830662286124046,0.8044692737430168,0.029592796573127023,0.03838684911710247,-2.0484171322160147,3,20.519306897152315
geometry_similarity,calibration,0.8,4,0.9,0.851024208566108,-0.9310986964618221,21.97542812998971,0.9050279329608939,0.02864091705359117,0.03875439794150081,-2.2346368715083775,3,23.597025183531535
geometry_similarity,calibration,0.8,4,1.0,0.8491620111731844,-1.117318435754185,24.450636350690417,1.0,0.027723338232892372,0.03679653679653679,-2.4208566108007403,3,26.022174412112292
geometry_similarity,calibration,0.8,5,0.1,0.8696461824953445,0.9310986964618295,-0.11682287157422551,0.1005586592178771,0.04786324786324787,0.05128205128205129,-0.37243947858472587,3,1.970256006725457
geometry_similarity,calibration,0.8,5,0.2,0.8659217877094972,0.5586592178770963,2.0666432264788517,0.2011173184357542,0.04653698791629826,0.06135531135531135,-0.7448789571694592,3,4.110006188829333
geometry_similarity,calibration,0.8,5,0.3,0.8621973929236499,0.18621973929236665,4.599569759133178,0.3016759776536313,0.04615926708949965,0.0400973719039516,-1.1173184357541888,3,6.588236032985569
geometry_similarity,calibration,0.8,5,0.4,0.8603351955307262,3.700743415417189e-15,7.258770852000425,0.4022346368715084,0.038807235726399096,0.029564244990742266,-1.3035381750465518,3,9.191662154772343
geometry_similarity,calibration,0.8,5,0.5,0.8603351955307262,3.700743415417189e-15,9.752000292372243,0.5027932960893855,0.03136102937833291,0.028318222928109763,-1.3035381750465518,3,11.632874978475565
geometry_similarity,calibration,0.8,5,0.6,0.8603351955307262,3.700743415417189e-15,13.457188261254764,0.6033519553072626,0.025768523936574743,0.02304322137435158,-1.3035381750465518,3,15.25481401482474
geometry_similarity,calibration,0.8,5,0.7,0.8566108007448789,-0.37243947858472587,15.992131154152005,0.7039106145251397,0.027865900711652233,0.02875635691169672,-1.6759776536312814,3,17.739029135290192
geometry_similarity,calibration,0.8,5,0.8,0.8528864059590316,-0.7448789571694592,18.803819490390158,0.8044692737430168,0.029592796573127023,0.03838684911710247,-2.0484171322160147,3,20.49310821622292
geometry_similarity,calibration,0.8,5,0.9,0.851024208566108,-0.9310986964618221,21.87171159999446,0.9050279329608939,0.02864091705359117,0.03875439794150081,-2.2346368715083775,3,23.49635197533226
geometry_similarity,calibration,0.8,5,1.0,0.8491620111731844,-1.117318435754185,24.342383010148595,1.0,0.027723338232892372,0.03679653679653679,-2.4208566108007403,3,25.917041861963238
geometry_similarity,calibration,0.8,6,0.1,0.8696461824953445,0.9310986964618295,-0.11871320930196456,0.1005586592178771,0.04786324786324787,0.05128205128205129,-0.37243947858472587,3,1.968397947579718
geometry_similarity,calibration,0.8,6,0.2,0.8659217877094972,0.5586592178770963,2.0595859656286297,0.2011173184357542,0.04653698791629826,0.06135531135531135,-0.7448789571694592,3,4.103069434685243
geometry_similarity,calibration,0.8,6,0.3,0.8621973929236499,0.18621973929236665,4.517151034203778,0.3016759776536313,0.04615926708949965,0.0400973719039516,-1.1173184357541888,3,6.507757218906488
geometry_similarity,calibration,0.8,6,0.4,0.8603351955307262,3.700743415417189e-15,7.159717155066936,0.4022346368715084,0.038807235726399096,0.029564244990742266,-1.3035381750465518,3,9.094850099616824
geometry_similarity,calibration,0.8,6,0.5,0.8603351955307262,3.700743415417189e-15,9.57771115387476,0.5027932960893855,0.03136102937833291,0.028318222928109763,-1.3035381750465518,3,11.462199035705863
geometry_similarity,calibration,0.8,6,0.6,0.8603351955307262,3.700743415417189e-15,13.203000848131536,0.6033519553072626,0.025768523936574743,0.02304322137435158,-1.3035381750465518,3,15.006213423305784
geometry_similarity,calibration,0.8,6,0.7,0.8566108007448789,-0.37243947858472587,15.704043684444672,0.7039106145251397,0.027865900711652233,0.02875635691169672,-1.6759776536312814,3,17.4571652185506
geometry_similarity,calibration,0.8,6,0.8,0.8528864059590316,-0.7448789571694592,18.4515865604549,0.8044692737430168,0.029592796573127023,0.03838684911710247,-2.0484171322160147,3,20.14822181148017
geometry_similarity,calibration,0.8,6,0.9,0.851024208566108,-0.9310986964618221,21.37896356563064,0.9050279329608939,0.02864091705359117,0.03875439794150081,-2.2346368715083775,3,23.01400636787721
geometry_similarity,calibration,0.8,6,1.0,0.8491620111731844,-1.117318435754185,23.838671016963893,1.0,0.027723338232892372,0.03679653679653679,-2.4208566108007403,3,25.423926622424972
geometry_similarity,calibration,0.8,7,0.1,0.8696461824953445,0.9310986964618295,-0.4240657635893134,0.1005586592178771,0.04786324786324787,0.05128205128205129,-0.37243947858472587,3,1.6698334190173414
geometry_similarity,calibration,0.8,7,0.2,0.8659217877094972,0.5586592178770963,1.5726349669632118,0.2011173184357542,0.04653698791629826,0.06135531135531135,-0.7448789571694592,3,3.627180832867294
geometry_similarity,calibration,0.8,7,0.3,0.8621973929236499,0.18621973929236665,3.911864893781932,0.3016759776536313,0.04615926708949965,0.0400973719039516,-1.1173184357541888,3,5.915979918468169
geometry_similarity,calibration,0.8,7,0.4,0.8603351955307262,3.700743415417189e-15,6.269494107817316,0.4022346368715084,0.038807235726399096,0.029564244990742266,-1.3035381750465518,3,8.224225009712978
geometry_similarity,calibration,0.8,7,0.5,0.8603351955307262,3.700743415417189e-15,8.450187710536376,0.5027932960893855,0.03136102937833291,0.028318222928109763,-1.3035381750465518,3,10.358912460943989
geometry_similarity,calibration,0.8,7,0.6,0.8603351955307262,3.700743415417189e-15,11.792808903238656,0.6033519553072626,0.025768523936574743,0.02304322137435158,-1.3035381750465518,3,13.627563865121132
geometry_similarity,calibration,0.8,7,0.7,0.8566108007448789,-0.37243947858472587,13.952834813467778,0.7039106145251397,0.027865900711652233,0.02875635691169672,-1.6759776536312814,3,15.7436187531863
geometry_similarity,calibration,0.8,7,0.8,0.8528864059590316,-0.7448789571694592,16.50945357897643,0.8044692737430168,0.029592796573127023,0.03838684911710247,-2.0484171322160147,3,18.247520262811612
geometry_similarity,calibration,0.8,7,0.9,0.851024208566108,-0.9310986964618221,19.029525815082135,0.9050279329608939,0.02864091705359117,0.03875439794150081,-2.2346368715083775,3,20.71527354329053
geometry_similarity,calibration,0.8,7,1.0,0.8491620111731844,-1.117318435754185,21.248026172355956,1.0,0.027723338232892372,0.03679653679653679,-2.4208566108007403,3,22.888723052512
geometry_similarity,calibration,0.8,8,0.1,0.8696461824953445,0.9310986964618295,-0.7737782432209276,0.1005586592178771,0.04786324786324787,0.05128205128205129,-0.37243947858472587,3,1.327601482816576
geometry_similarity,calibration,0.8,8,0.2,0.8659217877094972,0.5586592178770963,0.6747245462874493,0.2011173184357542,0.04653698791629826,0.06135531135531135,-0.7448789571694592,3,2.746928140341842
geometry_similarity,calibration,0.8,8,0.3,0.8621973929236499,0.18621973929236665,2.5678347693599,0.3016759776536313,0.04615926708949965,0.0400973719039516,-1.1173184357541888,3,4.600272456530289
geometry_similarity,calibration,0.8,8,0.4,0.8603351955307262,3.700743415417189e-15,4.514504561384947,0.4022346368715084,0.038807235726399096,0.029564244990742266,-1.3035381750465518,3,6.505809313330701
geometry_similarity,calibration,0.8,8,0.5,0.8603351955307262,3.700743415417189e-15,6.163005082488041,0.5027932960893855,0.03136102937833291,0.028318222928109763,-1.3035381750465518,3,8.11997002123425
geometry_similarity,calibration,0.8,8,0.6,0.8603351955307262,3.700743415417189e-15,8.937894844292888,0.6033519553072626,0.025768523936574743,0.02304322137435158,-1.3035381750465518,3,10.832610045970418
geometry_similarity,calibration,0.8,8,0.7,0.8566108007448789,-0.37243947858472587,10.513428329105283,0.7039106145251397,0.027865900711652233,0.02875635691169672,-1.6759776536312814,3,12.375805236363968
geometry_similarity,calibration,0.8,8,0.8,0.8528864059590316,-0.7448789571694592,12.490721592319687,0.8044692737430168,0.029592796573127023,0.03838684911710247,-2.0484171322160147,3,14.312571398824673
geometry_similarity,calibration,0.8,8,0.9,0.851024208566108,-0.9310986964618221,14.363290145417388,0.9050279329608939,0.02864091705359117,0.03875439794150081,-2.2346368715083775,3,16.147138943760766
geometry_similarity,calibration,0.8,8,1.0,0.8472998137802608,-1.3035381750465518,16.067492618231178,1.0,0.029846480483423157,0.03896103896103896,-2.607076350093107,3,17.81884251551171
geometry_similarity,calibration,0.85,4,0.1,0.8696461824953445,0.9310986964618295,-0.3993653506135342,0.1005586592178771,0.04786324786324787,0.05128205128205129,-0.37243947858472587,3,1.6932308030363756
geometry_similarity,calibration,0.85,4,0.2,0.8659217877094972,0.5586592178770963,1.494753052580385,0.2011173184357542,0.04653698791629826,0.06135531135531135,-0.7448789571694592,3,3.5497301643398074
geometry_similarity,calibration,0.85,4,0.3,0.8640595903165735,0.3724394785847333,3.6259198068326928,0.3016759776536313,0.038407329105003524,0.0400973719039516,-0.9310986964618221,3,5.635160344565468
geometry_similarity,calibration,0.85,4,0.4,0.8621973929236499,0.18621973929237035,5.66282171972845,0.4022346368715084,0.03334275485208216,0.029564244990742266,-1.117318435754185,3,7.629858508742364
geometry_similarity,calibration,0.85,4,0.5,0.8621973929236499,0.18621973929237035,7.732993576632404,0.5027932960893855,0.026975064466052207,0.028318222928109763,-1.117318435754185,3,9.656194133171988
geometry_similarity,calibration,0.85,4,0.6,0.8621973929236499,0.18621973929237035,11.052678671571474,0.6033519553072626,0.02214533553077764,0.02304322137435158,-1.117318435754185,3,12.901933889303693
geometry_similarity,calibration,0.85,4,0.7,0.8603351955307262,3.700743415417189e-15,13.037911353242375,0.7039106145251397,0.021692531938609278,0.025581753737093545,-1.3035381750465518,3,14.847035911106639
geometry_similarity,calibration,0.85,4,0.8,0.8584729981378026,-0.18621973929235924,15.385710811093515,0.8044692737430168,0.0215279307631786,0.03289978774330488,-1.4897579143389146,3,17.146419285840338
geometry_similarity,calibration,0.85,4,0.9,0.8566108007448789,-0.37243947858472587,17.967156012093124,0.9050279329608939,0.021480687790193378,0.03388821789283901,-1.6759776536312814,3,19.674070546621994
geometry_similarity,calibration,0.85,4,1.0,0.8528864059590316,-0.7448789571694555,20.08748483003974,1.0,0.0234498339593881,0.03463203463203463,-2.0484171322160107,3,21.75151735366183
geometry_similarity,calibration,0.85,5,0.1,0.8696461824953445,0.9310986964618295,-0.3993653506135342,0.1005586592178771,0.04786324786324787,0.05128205128205129,-0.37243947858472587,3,1.6932308030363756
geometry_similarity,calibration,0.85,5,0.2,0.8659217877094972,0.5586592178770963,1.494753052580385,0.2011173184357542,0.04653698791629826,0.06135531135531135,-0.7448789571694592,3,3.5497301643398074
geometry_similarity,calibration,0.85,5,0.3,0.8640595903165735,0.3724394785847333,3.624281514135319,0.3016759776536313,0.038407329105003524,0.0400973719039516,-0.9310986964618221,3,5.633573182508893
geometry_similarity,calibration,0.85,5,0.4,0.8621973929236499,0.18621973929237035,5.66118342703108,0.4022346368715084,0.03334275485208216,0.029564244990742266,-1.117318435754185,3,7.628271346685793
geometry_similarity,calibration,0.85,5,0.5,0.8621973929236499,0.18621973929237035,7.729716991237656,0.5027932960893855,0.026975064466052207,0.028318222928109763,-1.117318435754185,3,9.652991821509076
geometry_similarity,calibration,0.85,5,0.6,0.8621973929236499,0.18621973929237035,11.049402086176721,0.6033519553072626,0.02214533553077764,0.02304322137435158,-1.117318435754185,3,12.898731577640781
geometry_similarity,calibration,0.85,5,0.7,0.8603351955307262,3.700743415417189e-15,13.034634767847628,0.7039106145251397,0.021692531938609278,0.025581753737093545,-1.3035381750465518,3,14.843833599443727
geometry_similarity,calibration,0.85,5,0.8,0.8584729981378026,-0.18621973929235924,15.382434225698775,0.8044692737430168,0.0215279307631786,0.03289978774330488,-1.4897579143389146,3,17.143216974177438
geometry_similarity,calibration,0.85,5,0.9,0.8566108007448789,-0.37243947858472587,17.96261920154656,0.9050279329608939,0.021480687790193378,0.03388821789283901,-1.6759776536312814,3,19.66964734106942
geometry_similarity,calibration,0.85,5,1.0,0.8528864059590316,-0.7448789571694555,20.082948019493163,1.0,0.0234498339593881,0.03463203463203463,-2.0484171322160107,3,21.74709414810925
geometry_similarity,calibration,0.85,6,0.1,0.8696461824953445,0.9310986964618295,-0.3993653506135342,0.1005586592178771,0.04786324786324787,0.05128205128205129,-0.37243947858472587,3,1.6932308030363756
geometry_similarity,calibration,0.85,6,0.2,0.8659217877094972,0.5586592178770963,1.494753052580385,0.2011173184357542,0.04653698791629826,0.06135531135531135,-0.7448789571694592,3,3.5497301643398074
geometry_similarity,calibration,0.85,6,0.3,0.8640595903165735,0.3724394785847333,3.5969346283407053,0.3016759776536313,0.038407329105003524,0.0400973719039516,-0.9310986964618221,3,5.607079785103049
geometry_similarity,calibration,0.85,6,0.4,0.8621973929236499,0.18621973929237035,5.633836541236462,0.4022346368715084,0.03334275485208216,0.029564244990742266,-1.117318435754185,3,7.601777949279946
geometry_similarity,calibration,0.85,6,0.5,0.8621973929236499,0.18621973929237035,7.644147703428701,0.5027932960893855,0.026975064466052207,0.028318222928109763,-1.117318435754185,3,9.56924307067277
geometry_similarity,calibration,0.85,6,0.6,0.8621973929236499,0.18621973929237035,10.94492942109038,0.6033519553072626,0.02214533553077764,0.02304322137435158,-1.117318435754185,3,12.796555420331487
geometry_similarity,calibration,0.85,6,0.7,0.8603351955307262,3.700743415417189e-15,12.90583975733105,0.7039106145251397,0.021692531938609278,0.025581753737093545,-1.3035381750465518,3,14.717750414459259
geometry_similarity,calibration,0.85,6,0.8,0.8584729981378026,-0.18621973929235924,15.248598314574886,0.8044692737430168,0.0215279307631786,0.03289978774330488,-1.4897579143389146,3,17.012164098096537
geometry_similarity,calibration,0.85,6,0.9,0.8566108007448789,-0.37243947858472587,17.74359207015926,0.9050279329608939,0.021480687790193378,0.03388821789283901,-1.6759776536312814,3,19.454987961935238
geometry_similarity,calibration,0.85,6,1.0,0.8528864059590316,-0.7448789571694555,19.86392088810588,1.0,0.0234498339593881,0.03463203463203463,-2.0484171322160107,3,21.532434768975072
geometry_similarity,calibration,0.85,7,0.1,0.8696461824953445,0.9310986964618295,-0.5688656335340733,0.1005586592178771,0.04786324786324787,0.05128205128205129,-0.37243947858472587,3,1.5283477233233016
geometry_similarity,calibration,0.85,7,0.2,0.8659217877094972,0.5586592178770963,1.2594690167345342,0.2011173184357542,0.04653698791629826,0.06135531135531135,-0.7448789571694592,3,3.32096858226378
geometry_similarity,calibration,0.85,7,0.3,0.8640595903165735,0.3724394785847333,3.2973791097517524,0.3016759776536313,0.038407329105003524,0.0400973719039516,-0.9310986964618221,3,5.315546643001575
geometry_similarity,calibration,0.85,7,0.4,0.8621973929236499,0.18621973929237035,5.307816294459174,0.4022346368715084,0.03334275485208216,0.029564244990742266,-1.117318435754185,3,7.284165078953083
geometry_similarity,calibration,0.85,7,0.5,0.8621973929236499,0.18621973929237035,7.215419106777625,0.5027932960893855,0.026975064466052207,0.028318222928109763,-1.117318435754185,3,9.150753531289553
geometry_similarity,calibration,0.85,7,0.6,0.8621973929236499,0.18621973929237035,10.37341731473746,0.6033519553072626,0.02214533553077764,0.02304322137435158,-1.117318435754185,3,12.238852986302748
geometry_similarity,calibration,0.85,7,0.7,0.8603351955307262,3.700743415417189e-15,12.22834271570959,0.7039106145251397,0.021692531938609278,0.025581753737093545,-1.3035381750465518,3,14.055936144021304
geometry_similarity,calibration,0.85,7,0.8,0.8584729981378026,-0.18621973929235924,14.51539932124274,0.8044692737430168,0.0215279307631786,0.03289978774330488,-1.4897579143389146,3,16.295632315126447
geometry_similarity,calibration,0.85,7,0.9,0.8566108007448789,-0.37243947858472587,16.858661968547306,0.9050279329608939,0.021480687790193378,0.03388821789283901,-1.6759776536312814,3,18.589857477408856
geometry_similarity,calibration,0.85,7,1.0,0.8528864059590316,-0.7448789571694555,18.90350329989957,1.0,0.0234498339593881,0.03463203463203463,-2.0484171322160107,3,20.593299991566358
geometry_similarity,calibration,0.85,8,0.1,0.8696461824953445,0.9310986964618295,-0.792933665528676,0.1005586592178771,0.04786324786324787,0.05128205128205129,-0.37243947858472587,3,1.3089771561518397
geometry_similarity,calibration,0.85,8,0.2,0.8659217877094972,0.5586592178770963,0.5963385418438957,0.2011173184357542,0.04653698791629826,0.06135531135531135,-0.7448789571694592,3,2.670120251525602
geometry_similarity,calibration,0.85,8,0.3,0.8640595903165735,0.3724394785847333,2.4115668505335233,0.3016759776536313,0.038407329105003524,0.0400973719039516,-0.9310986964618221,3,4.447268425930939
geometry_similarity,calibration,0.85,8,0.4,0.8621973929236499,0.18621973929237035,4.204237129005473,0.4022346368715084,0.03334275485208216,0.029564244990742266,-1.117318435754185,3,6.202634826545391
geometry_similarity,calibration,0.85,8,0.5,0.8621973929236499,0.18621973929237035,5.779140501241963,0.5027932960893855,0.026975064466052207,0.028318222928109763,-1.117318435754185,3,7.74443348707008
geometry_similarity,calibration,0.85,8,0.6,0.8621973929236499,0.18621973929237035,8.509166247641812,0.6033519553072626,0.02214533553077764,0.02304322137435158,-1.117318435754185,3,10.413458987142924
geometry_similarity,calibration,0.85,8,0.7,0.8603351955307262,3.700743415417189e-15,10.002407030039995,0.7039106145251397,0.021692531938609278,0.025581753737093545,-1.3035381750465518,3,11.875800310180121
geometry_similarity,calibration,0.85,8,0.8,0.8566108007448789,-0.37243947858472587,11.893752937899892,0.8044692737430168,0.024237957863449604,0.035654608679944,-1.6759776536312814,3,13.728550262665935
geometry_similarity,calibration,0.85,8,0.9,0.8547486033519553,-0.5586592178770925,13.722213610683694,0.9050279329608939,0.02387876932496556,0.036321307917169914,-1.862197392923648,3,15.519942991089238
geometry_similarity,calibration,0.85,8,1.0,0.851024208566108,-0.9310986964618184,15.374368784727082,1.0,0.025586586096140236,0.0367965367965368,-2.234636871508374,3,17.140672919185718
geometry_similarity,calibration,0.88,4,0.1,0.8696461824953445,0.9310986964618295,-0.6653988801639255,0.1005586592178771,0.04786324786324787,0.05128205128205129,-0.37243947858472587,3,1.4337209172912664
geometry_similarity,calibration,0.88,4,0.2,0.8677839851024208,0.7448789571694628,1.0308641741933726,0.2011173184357542,0.03542587680518715,0.04945054945054945,-0.5586592178770925,3,3.0970460635845334
geometry_similarity,calibration,0.88,4,0.3,0.8640595903165735,0.3724394785847333,2.9209498569014447,0.3016759776536313,0.03858350951374207,0.03196729060313859,-0.9310986964618221,3,4.946709668982211
geometry_similarity,calibration,0.88,4,0.4,0.8621973929236499,0.18621973929236665,4.793770455029504,0.4022346368715084,0.03325168017084354,0.023503638930136208,-1.1173184357541888,3,6.780912248568128
geometry_similarity,calibration,0.88,4,0.5,0.8621973929236499,0.18621973929236665,6.610637056416509,0.5027932960893855,0.02679481933267081,0.02348730505371363,-1.1173184357541888,3,8.558632315939795
geometry_similarity,calibration,0.88,4,0.6,0.8621973929236499,0.18621973929236665,9.620558809036831,0.6033519553072626,0.022023205584514816,0.0191216527469006,-1.1173184357541888,3,11.50055533899117
geometry_similarity,calibration,0.88,4,0.7,0.8603351955307262,0.0,11.29754041857119,0.7039106145251397,0.021635371116636656,0.022345507782400985,-1.3035381750465553,3,13.144286071155435
geometry_similarity,calibration,0.88,4,0.8,0.8566108007448789,-0.37243947858472587,13.439419086614016,0.8044692737430168,0.024194597429845265,0.03289978774330488,-1.6759776536312814,3,15.24212917731748
geometry_similarity,calibration,0.88,4,0.9,0.8547486033519553,-0.5586592178770888,15.540088392192153,0.9050279329608939,0.023844753984046806,0.03388821789283901,-1.8621973929236442,3,17.299334390665305
geometry_similarity,calibration,0.88,4,1.0,0.851024208566108,-0.9310986964618221,17.46735071687909,1.0,0.025572976209918885,0.03463203463203463,-2.2346368715083775,3,19.187630104938478
geometry_similarity,calibration,0.88,5,0.1,0.8696461824953445,0.9310986964618295,-0.6653988801639255,0.1005586592178771,0.04786324786324787,0.05128205128205129,-0.37243947858472587,3,1.4337209172912664
geometry_similarity,calibration,0.88,5,0.2,0.8677839851024208,0.7448789571694628,1.0308641741933726,0.2011173184357542,0.03542587680518715,0.04945054945054945,-0.5586592178770925,3,3.0970460635845334
geometry_similarity,calibration,0.88,5,0.3,0.8640595903165735,0.3724394785847333,2.919311564204067,0.3016759776536313,0.03858350951374207,0.03196729060313859,-0.9310986964618221,3,4.945122506925637
geometry_similarity,calibration,0.88,5,0.4,0.8621973929236499,0.18621973929236665,4.7921321623321305,0.4022346368715084,0.03325168017084354,0.023503638930136208,-1.1173184357541888,3,6.779325086511553
geometry_similarity,calibration,0.88,5,0.5,0.8621973929236499,0.18621973929236665,6.607360471021754,0.5027932960893855,0.02679481933267081,0.02348730505371363,-1.1173184357541888,3,8.555430004276879
geometry_similarity,calibration,0.88,5,0.6,0.8621973929236499,0.18621973929236665,9.617282223642077,0.6033519553072626,0.022023205584514816,0.0191216527469006,-1.1173184357541888,3,11.497353027328257
geometry_similarity,calibration,0.88,5,0.7,0.8603351955307262,0.0,11.294263833176439,0.7039106145251397,0.021635371116636656,0.022345507782400985,-1.3035381750465553,3,13.141083759492522
geometry_similarity,calibration,0.88,5,0.8,0.8566108007448789,-0.37243947858472587,13.436142501219269,0.8044692737430168,0.024194597429845265,0.03289978774330488,-1.6759776536312814,3,15.238926865654571
geometry_similarity,calibration,0.88,5,0.9,0.8547486033519553,-0.5586592178770888,15.536811806797413,0.9050279329608939,0.023844753984046806,0.03388821789283901,-1.8621973929236442,3,17.296132079002398
geometry_similarity,calibration,0.88,5,1.0,0.851024208566108,-0.9310986964618221,17.464074131484335,1.0,0.025572976209918885,0.03463203463203463,-2.2346368715083775,3,19.184427793275564
geometry_similarity,calibration,0.88,6,0.1,0.8696461824953445,0.9310986964618295,-0.6653988801639255,0.1005586592178771,0.04786324786324787,0.05128205128205129,-0.37243947858472587,3,1.4337209172912664
geometry_similarity,calibration,0.88,6,0.2,0.8677839851024208,0.7448789571694628,1.0308641741933726,0.2011173184357542,0.03542587680518715,0.04945054945054945,-0.5586592178770925,3,3.0970460635845334
geometry_similarity,calibration,0.88,6,0.3,0.8640595903165735,0.3724394785847333,2.9147747536574973,0.3016759776536313,0.03858350951374207,0.03196729060313859,-0.9310986964618221,3,4.940727288922823
geometry_similarity,calibration,0.88,6,0.4,0.8621973929236499,0.18621973929236665,4.787595351785557,0.4022346368715084,0.03325168017084354,0.023503638930136208,-1.1173184357541888,3,6.774929868508739
geometry_similarity,calibration,0.88,6,0.5,0.8621973929236499,0.18621973929236665,6.593624016866857,0.5027932960893855,0.02679481933267081,0.02348730505371363,-1.1173184357541888,3,8.541965100023093
geometry_similarity,calibration,0.88,6,0.6,0.8621973929236499,0.18621973929236665,9.603545769487184,0.6033519553072626,0.022023205584514816,0.0191216527469006,-1.1173184357541888,3,11.48388812307447
geometry_similarity,calibration,0.88,6,0.7,0.8603351955307262,0.0,11.26401842953263,0.7039106145251397,0.021635371116636656,0.022345507782400985,-1.3035381750465553,3,13.11139180536595
geometry_similarity,calibration,0.88,6,0.8,0.8566108007448789,-0.37243947858472587,13.405897097575458,0.8044692737430168,0.024194597429845265,0.03289978774330488,-1.6759776536312814,3,15.209234911528002
geometry_similarity,calibration,0.88,6,0.9,0.8547486033519553,-0.5586592178770888,15.506566403153595,0.9050279329608939,0.023844753984046806,0.03388821789283901,-1.8621973929236442,3,17.26644012487582
geometry_similarity,calibration,0.88,6,1.0,0.851024208566108,-0.9310986964618221,17.43382872784052,1.0,0.025572976209918885,0.03463203463203463,-2.2346368715083775,3,19.154735839148984
geometry_similarity,calibration,0.88,7,0.1,0.8696461824953445,0.9310986964618295,-0.6841762349261297,0.1005586592178771,0.04786324786324787,0.05128205128205129,-0.37243947858472587,3,1.4152088179570772
geometry_similarity,calibration,0.88,7,0.2,0.8677839851024208,0.7448789571694628,1.0032652433683897,0.2011173184357542,0.03542587680518715,0.04945054945054945,-0.5586592178770925,3,3.0699877070226553
geometry_similarity,calibration,0.88,7,0.3,0.8640595903165735,0.3724394785847333,2.8643657475844666,0.3016759776536313,0.03858350951374207,0.03196729060313859,-0.9310986964618221,3,4.891570752957915
geometry_similarity,calibration,0.88,7,0.4,0.8621973929236499,0.18621973929236665,4.73718634571253,0.4022346368715084,0.03325168017084354,0.023503638930136208,-1.1173184357541888,3,6.725773332543827
geometry_similarity,calibration,0.88,7,0.5,0.8621973929236499,0.18621973929236665,6.5107012018767305,0.5027932960893855,0.02679481933267081,0.02348730505371363,-1.1173184357541888,3,8.460880339976873
geometry_similarity,calibration,0.88,7,0.6,0.8621973929236499,0.18621973929236665,9.43707002693102,0.6033519553072626,0.022023205584514816,0.0191216527469006,-1.1173184357541888,3,11.321325513139191
geometry_similarity,calibration,0.88,7,0.7,0.8603351955307262,0.0,11.06880955351484,0.7039106145251397,0.021635371116636656,0.022345507782400985,-1.3035381750465553,3,12.920516451221143
geometry_similarity,calibration,0.88,7,0.8,0.8566108007448789,-0.37243947858472587,13.193549159492841,0.8044692737430168,0.024194597429845265,0.03289978774330488,-1.6759776536312814,3,15.001485651052414
geometry_similarity,calibration,0.88,7,0.9,0.8547486033519553,-0.5586592178770888,15.255403530394748,0.9050279329608939,0.023844753984046806,0.03388821789283901,-1.8621973929236442,3,17.020933081886774
geometry_similarity,calibration,0.88,7,1.0,0.851024208566108,-0.9310986964618221,17.161368050015817,1.0,0.025572976209918885,0.03463203463203463,-2.2346368715083775,3,18.888293176447167
geometry_similarity,calibration,0.88,8,0.1,0.8696461824953445,0.9310986964618295,-0.8515341350885682,0.1005586592178771,0.04786324786324787,0.05128205128205129,-0.37243947858472587,3,1.2514058928757972
geometry_similarity,calibration,0.88,8,0.2,0.8677839851024208,0.7448789571694628,0.4229315609526922,0.2011173184357542,0.03542587680518715,0.04945054945054945,-0.5586592178770925,3,2.5003885706951112
geometry_similarity,calibration,0.88,8,0.3,0.8640595903165735,0.3724394785847333,2.1320489118585972,0.3016759776536313,0.03858350951374207,0.03196729060313859,-0.9310986964618221,3,4.173473473773548
geometry_similarity,calibration,0.88,8,0.4,0.8621973929236499,0.18621973929236665,3.8299502589132652,0.4022346368715084,0.03325168017084354,0.023503638930136208,-1.1173184357541888,3,5.836248731983972
geometry_similarity,calibration,0.88,8,0.5,0.8621973929236499,0.18621973929236665,5.352428264833801,0.5027932960893855,0.02679481933267081,0.02348730505371363,-1.1173184357541888,3,7.326397913536823
geometry_similarity,calibration,0.88,8,0.6,0.8621973929236499,0.18621973929236665,7.935763803561154,0.6033519553072626,0.022023205584514816,0.0191216527469006,-1.1173184357541888,3,9.851337529198648
geometry_similarity,calibration,0.88,8,0.7,0.8603351955307262,0.0,9.321381357993424,0.7039106145251397,0.021635371116636656,0.022345507782400985,-1.3035381750465553,3,11.20879258849283
geometry_similarity,calibration,0.88,8,0.8,0.8566108007448789,-0.37243947858472587,11.152236458565694,0.8044692737430168,0.024194597429845265,0.03289978774330488,-1.6759776536312814,3,13.002638229892364
geometry_similarity,calibration,0.88,8,0.9,0.8547486033519553,-0.5586592178770888,12.933312665640846,0.9050279329608939,0.023844753984046806,0.03388821789283901,-1.8621973929236442,3,14.74788097058778
geometry_similarity,calibration,0.88,8,1.0,0.851024208566108,-0.9310986964618221,14.557490841313717,1.0,0.025572976209918885,0.03463203463203463,-2.2346368715083775,3,16.34130221394746
geometry_similarity,calibration,0.9,4,0.1,0.8696461824953445,0.9310986964618295,-0.7550008884587308,0.1005586592178771,0.04786324786324787,0.05128205128205129,-0.37243947858472587,3,1.3458912316201999
geometry_similarity,calibration,0.9,4,0.2,0.8677839851024208,0.7448789571694628,0.7858764046784686,0.2011173184357542,0.03542587680518715,0.04945054945054945,-0.5586592178770925,3,2.856891136651877
geometry_similarity,calibration,0.9,4,0.3,0.8659217877094972,0.5586592178770999,2.4907089900681765,0.3016759776536313,0.030831571529245948,0.03196729060313859,-0.7448789571694555,3,4.524699438253754
geometry_similarity,calibration,0.9,4,0.4,0.8640595903165735,0.3724394785847333,4.1974319131856195,0.4022346368715084,0.0277871992965266,0.023503638930136208,-0.9310986964618221,3,6.196261768726648
geometry_similarity,calibration,0.9,4,0.5,0.8640595903165735,0.3724394785847333,5.870254779718949,0.5027932960893855,0.022408854420390107,0.02348730505371363,-0.9310986964618221,3,7.832718027641231
geometry_similarity,calibration,0.9,4,0.6,0.8640595903165735,0.3724394785847333,8.625359006640132,0.6033519553072626,0.018400017178717715,0.0191216527469006,-0.9310986964618221,3,10.525908761100714
geometry_similarity,calibration,0.9,4,0.7,0.8621973929236499,0.18621973929236665,10.142670089438184,0.7039106145251397,0.01857726714110149,0.022345507782400985,-1.1173184357541888,3,12.012561239493564
geometry_similarity,calibration,0.9,4,0.8,0.8603351955307262,3.700743415417189e-15,12.136094234595959,0.8044692737430168,0.018839758720167847,0.030167547306146413,-1.3035381750465518,3,13.964848054022701
geometry_similarity,calibration,0.9,4,0.9,0.8584729981378026,-0.18621973929236293,14.058819748736314,0.9050279329608939,0.019082606255421197,0.03145512786850811,-1.4897579143389184,3,15.848353503770193
geometry_similarity,calibration,0.9,4,1.0,0.8547486033519553,-0.5586592178770925,15.655398993584202,1.0,0.021313081822635964,0.032467532467532464,-1.862197392923648,3,17.411686265379092
geometry_similarity,calibration,0.9,5,0.1,0.8696461824953445,0.9310986964618295,-0.7550008884587308,0.1005586592178771,0.04786324786324787,0.05128205128205129,-0.37243947858472587,3,1.3458912316201999
geometry_similarity,calibration,0.9,5,0.2,0.8677839851024208,0.7448789571694628,0.7858764046784686,0.2011173184357542,0.03542587680518715,0.04945054945054945,-0.5586592178770925,3,2.856891136651877
geometry_similarity,calibration,0.9,5,0.3,0.8659217877094972,0.5586592178770999,2.4890706973708023,0.3016759776536313,0.030831571529245948,0.03196729060313859,-0.7448789571694555,3,4.523112276197187
geometry_similarity,calibration,0.9,5,0.4,0.8640595903165735,0.3724394785847333,4.195793620488242,0.4022346368715084,0.0277871992965266,0.023503638930136208,-0.9310986964618221,3,6.194674606670074
geometry_similarity,calibration,0.9,5,0.5,0.8640595903165735,0.3724394785847333,5.866978194324209,0.5027932960893855,0.022408854420390107,0.02348730505371363,-0.9310986964618221,3,7.829515715978326
geometry_similarity,calibration,0.9,5,0.6,0.8640595903165735,0.3724394785847333,8.622082421245388,0.6033519553072626,0.018400017178717715,0.0191216527469006,-0.9310986964618221,3,10.522706449437802
geometry_similarity,calibration,0.9,5,0.7,0.8621973929236499,0.18621973929236665,10.13939350404344,0.7039106145251397,0.01857726714110149,0.022345507782400985,-1.1173184357541888,3,12.009358927830656
geometry_similarity,calibration,0.9,5,0.8,0.8603351955307262,3.700743415417189e-15,12.132817649201211,0.8044692737430168,0.018839758720167847,0.030167547306146413,-1.3035381750465518,3,13.961645742359792
geometry_similarity,calibration,0.9,5,0.9,0.8584729981378026,-0.18621973929236293,14.05554316334157,0.9050279329608939,0.019082606255421197,0.03145512786850811,-1.4897579143389184,3,15.845151192107288
geometry_similarity,calibration,0.9,5,1.0,0.8547486033519553,-0.5586592178770925,15.652122408189458,1.0,0.021313081822635964,0.032467532467532464,-1.862197392923648,3,17.40848395371619
geometry_similarity,calibration,0.9,6,0.1,0.8696461824953445,0.9310986964618295,-0.7550008884587308,0.1005586592178771,0.04786324786324787,0.05128205128205129,-0.37243947858472587,3,1.3458912316201999
geometry_similarity,calibration,0.9,6,0.2,0.8677839851024208,0.7448789571694628,0.7858764046784686,0.2011173184357542,0.03542587680518715,0.04945054945054945,-0.5586592178770925,3,2.856891136651877
geometry_similarity,calibration,0.9,6,0.3,0.8659217877094972,0.5586592178770999,2.4845338868242326,0.3016759776536313,0.030831571529245948,0.03196729060313859,-0.7448789571694555,3,4.518717058194373
geometry_similarity,calibration,0.9,6,0.4,0.8640595903165735,0.3724394785847333,4.1912568099416685,0.4022346368715084,0.0277871992965266,0.023503638930136208,-0.9310986964618221,3,6.1902793886672605
geometry_similarity,calibration,0.9,6,0.5,0.8640595903165735,0.3724394785847333,5.853241740169305,0.5027932960893855,0.022408854420390107,0.02348730505371363,-0.9310986964618221,3,7.816050811724536
geometry_similarity,calibration,0.9,6,0.6,0.8640595903165735,0.3724394785847333,8.608345967090484,0.6033519553072626,0.018400017178717715,0.0191216527469006,-0.9310986964618221,3,10.509241545184015
geometry_similarity,calibration,0.9,6,0.7,0.8621973929236499,0.18621973929236665,10.115197181128385,0.7039106145251397,0.01857726714110149,0.022345507782400985,-1.1173184357541888,3,11.985612762970447
geometry_similarity,calibration,0.9,6,0.8,0.8603351955307262,3.700743415417189e-15,12.108621326286162,0.8044692737430168,0.018839758720167847,0.030167547306146413,-1.3035381750465518,3,13.93789957749958
geometry_similarity,calibration,0.9,6,0.9,0.8584729981378026,-0.18621973929236293,14.03134684042652,0.9050279329608939,0.019082606255421197,0.03145512786850811,-1.4897579143389184,3,15.821405027247078
geometry_similarity,calibration,0.9,6,1.0,0.8547486033519553,-0.5586592178770925,15.627926085274401,1.0,0.021313081822635964,0.032467532467532464,-1.862197392923648,3,17.384737788855976
geometry_similarity,calibration,0.9,7,0.1,0.8696461824953445,0.9310986964618295,-0.7550008884587308,0.1005586592178771,0.04786324786324787,0.05128205128205129,-0.37243947858472587,3,1.3458912316201999
geometry_similarity,calibration,0.9,7,0.2,0.8677839851024208,0.7448789571694628,0.7858764046784686,0.2011173184357542,0.03542587680518715,0.04945054945054945,-0.5586592178770925,3,2.856891136651877
geometry_similarity,calibration,0.9,7,0.3,0.8659217877094972,0.5586592178770999,2.4724357253667026,0.3016759776536313,0.030831571529245948,0.03196729060313859,-0.7448789571694555,3,4.506996476853534
geometry_similarity,calibration,0.9,7,0.4,0.8640595903165735,0.3724394785847333,4.179158648484146,0.4022346368715084,0.0277871992965266,0.023503638930136208,-0.9310986964618221,3,6.178558807326429
geometry_similarity,calibration,0.9,7,0.5,0.8640595903165735,0.3724394785847333,5.832952115224913,0.5027932960893855,0.022408854420390107,0.02348730505371363,-0.9310986964618221,3,7.796319069005316
geometry_similarity,calibration,0.9,7,0.6,0.8640595903165735,0.3724394785847333,8.567892739716884,0.6033519553072626,0.018400017178717715,0.0191216527469006,-0.9310986964618221,3,10.469975500230074
geometry_similarity,calibration,0.9,7,0.7,0.8621973929236499,0.18621973929236665,10.06982907566267,0.7039106145251397,0.01857726714110149,0.022345507782400985,-1.1173184357541888,3,11.941515764237588
geometry_similarity,calibration,0.9,7,0.8,0.8603351955307262,3.700743415417189e-15,12.063253220820439,0.8044692737430168,0.018839758720167847,0.030167547306146413,-1.3035381750465518,3,13.893802578766715
geometry_similarity,calibration,0.9,7,0.9,0.8584729981378026,-0.18621973929236293,13.976653068837287,0.9050279329608939,0.019082606255421197,0.03145512786850811,-1.4897579143389184,3,15.768273413730652
geometry_similarity,calibration,0.9,7,1.0,0.8547486033519553,-0.5586592178770925,15.552438598680045,1.0,0.021313081822635964,0.032467532467532464,-1.862197392923648,3,17.311167524736426
geometry_similarity,calibration,0.9,8,0.1,0.8696461824953445,0.9310986964618295,-0.8942557677354523,0.1005586592178771,0.04786324786324787,0.05128205128205129,-0.37243947858472587,3,1.2096345579503158
geometry_similarity,calibration,0.9,8,0.2,0.8677839851024208,0.7448789571694628,0.3403868135081127,0.2011173184357542,0.03542587680518715,0.04945054945054945,-0.5586592178770925,3,2.4197323229902756
geometry_similarity,calibration,0.9,8,0.3,0.8640595903165735,0.3724394785847333,1.9472999046009631,0.3016759776536313,0.03858350951374207,0.03196729060313859,-0.9310986964618221,3,3.9922366262529247
geometry_similarity,calibration,0.9,8,0.4,0.8621973929236499,0.18621973929236665,3.525101794686647,0.4022346368715084,0.03325168017084354,0.023503638930136208,-1.1173184357541888,3,5.537424938811134
geometry_similarity,calibration,0.9,8,0.5,0.8621973929236499,0.18621973929236665,4.947013833491498,0.5027932960893855,0.02679481933267081,0.02348730505371363,-1.1173184357541888,3,6.929074662339078
geometry_similarity,calibration,0.9,8,0.6,0.8621973929236499,0.18621973929236665,7.420583761494837,0.6033519553072626,0.022023205584514816,0.0191216527469006,-1.1173184357541888,3,9.346650535369216
geometry_similarity,calibration,0.9,8,0.7,0.8603351955307262,0.0,8.763731728310587,0.7039106145251397,0.021635371116636656,0.022345507782400985,-1.3035381750465553,3,10.662484306932129
geometry_similarity,calibration,0.9,8,0.8,0.8584729981378026,-0.18621973929236293,10.56219904248094,0.8044692737430168,0.021506425386834515,0.030167547306146413,-1.4897579143389184,3,12.424471414902213
geometry_similarity,calibration,0.9,8,0.9,0.8566108007448789,-0.37243947858472587,12.270056168235017,0.9050279329608939,0.021446672449274624,0.03145512786850811,-1.6759776536312814,3,14.097941855840228
geometry_similarity,calibration,0.9,8,1.0,0.8528864059590316,-0.7448789571694592,13.61963128332508,1.0,0.02343622407316675,0.032467532467532464,-2.0484171322160147,3,15.421343273992298
geometry_similarity,calibration,0.92,4,0.1,0.8696461824953445,0.9310986964618295,-0.8313705326593516,0.1005586592178771,0.04786324786324787,0.05128205128205129,-0.37243947858472587,3,1.2710450279396694
geometry_similarity,calibration,0.92,4,0.2,0.8677839851024208,0.7448789571694628,0.674472501257084,0.2011173184357542,0.03542587680518715,0.04945054945054945,-0.5586592178770925,3,2.747687284696354
geometry_similarity,calibration,0.92,4,0.3,0.8640595903165735,0.3724394785847333,2.2680272057405824,0.3016759776536313,0.03858350951374207,0.03196729060313859,-0.9310986964618221,3,4.307035531864597
geometry_similarity,calibration,0.92,4,0.4,0.8621973929236499,0.18621973929236665,3.8735540491664353,0.4022346368715084,0.03325168017084354,0.023503638930136208,-1.1173184357541888,3,5.879618751251821
geometry_similarity,calibration,0.92,4,0.5,0.8621973929236499,0.18621973929236665,5.331508527313493,0.5027932960893855,0.02679481933267081,0.02348730505371363,-1.1173184357541888,3,7.305627299072485
geometry_similarity,calibration,0.92,4,0.6,0.8621973929236499,0.18621973929236665,7.791342001161935,0.6033519553072626,0.022023205584514816,0.0191216527469006,-1.1173184357541888,3,9.709727615879293
geometry_similarity,calibration,0.92,4,0.7,0.8603351955307262,0.0,9.094414808149624,0.7039106145251397,0.021635371116636656,0.022345507782400985,-1.3035381750465553,3,10.986688069771356
geometry_similarity,calibration,0.92,4,0.8,0.8584729981378026,-0.18621973929236293,10.76925403492589,0.8044692737430168,0.021506425386834515,0.030167547306146413,-1.4897579143389184,3,12.626865726014886
geometry_similarity,calibration,0.92,4,0.9,0.8566108007448789,-0.37243947858472587,12.539870373240888,0.9050279329608939,0.021446672449274624,0.03145512786850811,-1.6759776536312814,3,14.36152678281819
geometry_similarity,calibration,0.92,4,1.0,0.8547486033519553,-0.5586592178770925,13.991901793174375,1.0,0.021313081822635964,0.0303030303030303,-1.862197392923648,3,15.783465235628283
geometry_similarity,calibration,0.92,5,0.1,0.8696461824953445,0.9310986964618295,-0.8313705326593516,0.1005586592178771,0.04786324786324787,0.05128205128205129,-0.37243947858472587,3,1.2710450279396694
geometry_similarity,calibration,0.92,5,0.2,0.8677839851024208,0.7448789571694628,0.674472501257084,0.2011173184357542,0.03542587680518715,0.04945054945054945,-0.5586592178770925,3,2.747687284696354
geometry_similarity,calibration,0.92,5,0.3,0.8640595903165735,0.3724394785847333,2.2680272057405824,0.3016759776536313,0.03858350951374207,0.03196729060313859,-0.9310986964618221,3,4.307035531864597
geometry_similarity,calibration,0.92,5,0.4,0.8621973929236499,0.18621973929236665,3.8735540491664353,0.4022346368715084,0.03325168017084354,0.023503638930136208,-1.1173184357541888,3,5.879618751251821
geometry_similarity,calibration,0.92,5,0.5,0.8621973929236499,0.18621973929236665,5.331508527313493,0.5027932960893855,0.02679481933267081,0.02348730505371363,-1.1173184357541888,3,7.305627299072485
geometry_similarity,calibration,0.92,5,0.6,0.8621973929236499,0.18621973929236665,7.791342001161935,0.6033519553072626,0.022023205584514816,0.0191216527469006,-1.1173184357541888,3,9.709727615879293
geometry_similarity,calibration,0.92,5,0.7,0.8603351955307262,0.0,9.094414808149624,0.7039106145251397,0.021635371116636656,0.022345507782400985,-1.3035381750465553,3,10.986688069771356
geometry_similarity,calibration,0.92,5,0.8,0.8584729981378026,-0.18621973929236293,10.76925403492589,0.8044692737430168,0.021506425386834515,0.030167547306146413,-1.4897579143389184,3,12.626865726014886
geometry_similarity,calibration,0.92,5,0.9,0.8566108007448789,-0.37243947858472587,12.539870373240888,0.9050279329608939,0.021446672449274624,0.03145512786850811,-1.6759776536312814,3,14.36152678281819
geometry_similarity,calibration,0.92,5,1.0,0.8547486033519553,-0.5586592178770925,13.991901793174375,1.0,0.021313081822635964,0.0303030303030303,-1.862197392923648,3,15.783465235628283
geometry_similarity,calibration,0.92,6,0.1,0.8696461824953445,0.9310986964618295,-0.8313705326593516,0.1005586592178771,0.04786324786324787,0.05128205128205129,-0.37243947858472587,3,1.2710450279396694
geometry_similarity,calibration,0.92,6,0.2,0.8677839851024208,0.7448789571694628,0.674472501257084,0.2011173184357542,0.03542587680518715,0.04945054945054945,-0.5586592178770925,3,2.747687284696354
geometry_similarity,calibration,0.92,6,0.3,0.8640595903165735,0.3724394785847333,2.2634903951940086,0.3016759776536313,0.03858350951374207,0.03196729060313859,-0.9310986964618221,3,4.302640313861783
geometry_similarity,calibration,0.92,6,0.4,0.8621973929236499,0.18621973929236665,3.869017238619865,0.4022346368715084,0.03325168017084354,0.023503638930136208,-1.1173184357541888,3,5.875223533249008
geometry_similarity,calibration,0.92,6,0.5,0.8621973929236499,0.18621973929236665,5.320166500947062,0.5027932960893855,0.02679481933267081,0.02348730505371363,-1.1173184357541888,3,7.294522998089495
geometry_similarity,calibration,0.92,6,0.6,0.8621973929236499,0.18621973929236665,7.779999974795504,0.6033519553072626,0.022023205584514816,0.0191216527469006,-1.1173184357541888,3,9.698623314896304
geometry_similarity,calibration,0.92,6,0.7,0.8603351955307262,0.0,9.083072781783196,0.7039106145251397,0.021635371116636656,0.022345507782400985,-1.3035381750465553,3,10.97558376878837
geometry_similarity,calibration,0.92,6,0.8,0.8584729981378026,-0.18621973929236293,10.757912008559456,0.8044692737430168,0.021506425386834515,0.030167547306146413,-1.4897579143389184,3,12.615761425031902
geometry_similarity,calibration,0.92,6,0.9,0.8566108007448789,-0.37243947858472587,12.528528346874458,0.9050279329608939,0.021446672449274624,0.03145512786850811,-1.6759776536312814,3,14.350422481835201
geometry_similarity,calibration,0.92,6,1.0,0.8547486033519553,-0.5586592178770925,13.98055976680794,1.0,0.021313081822635964,0.0303030303030303,-1.862197392923648,3,15.772360934645292
geometry_similarity,calibration,0.92,7,0.1,0.8696461824953445,0.9310986964618295,-0.8313705326593516,0.1005586592178771,0.04786324786324787,0.05128205128205129,-0.37243947858472587,3,1.2710450279396694
geometry_similarity,calibration,0.92,7,0.2,0.8677839851024208,0.7448789571694628,0.674472501257084,0.2011173184357542,0.03542587680518715,0.04945054945054945,-0.5586592178770925,3,2.747687284696354
geometry_similarity,calibration,0.92,7,0.3,0.8640595903165735,0.3724394785847333,2.259079607162621,0.3016759776536313,0.03858350951374207,0.03196729060313859,-0.9310986964618221,3,4.298367185247939
geometry_similarity,calibration,0.92,7,0.4,0.8621973929236499,0.18621973929236665,3.864606450588474,0.4022346368715084,0.03325168017084354,0.023503638930136208,-1.1173184357541888,3,5.870950404635163
geometry_similarity,calibration,0.92,7,0.5,0.8621973929236499,0.18621973929236665,5.311344924884287,0.5027932960893855,0.02679481933267081,0.02348730505371363,-1.1173184357541888,3,7.2859013897662805
geometry_similarity,calibration,0.92,7,0.6,0.8621973929236499,0.18621973929236665,7.771178398732721,0.6033519553072626,0.022023205584514816,0.0191216527469006,-1.1173184357541888,3,9.690001706573078
geometry_similarity,calibration,0.92,7,0.7,0.8603351955307262,0.0,9.072234845477505,0.7039106145251397,0.021635371116636656,0.022345507782400985,-1.3035381750465553,3,10.964980230709706
geometry_similarity,calibration,0.92,7,0.8,0.8584729981378026,-0.18621973929236293,10.747074072253751,0.8044692737430168,0.021506425386834515,0.030167547306146413,-1.4897579143389184,3,12.605157886953222
geometry_similarity,calibration,0.92,7,0.9,0.8566108007448789,-0.37243947858472587,12.517690410568752,0.9050279329608939,0.021446672449274624,0.03145512786850811,-1.6759776536312814,3,14.339818943756528
geometry_similarity,calibration,0.92,7,1.0,0.8547486033519553,-0.5586592178770925,13.969721830502243,1.0,0.021313081822635964,0.0303030303030303,-1.862197392923648,3,15.761757396566619
geometry_similarity,calibration,0.92,8,0.1,0.8696461824953445,0.9310986964618295,-0.9536123723864476,0.1005586592178771,0.04786324786324787,0.05128205128205129,-0.37243947858472587,3,1.1514471621440259
geometry_similarity,calibration,0.92,8,0.2,0.8677839851024208,0.7448789571694628,0.25859820115462134,0.2011173184357542,0.03542587680518715,0.04945054945054945,-0.5586592178770925,3,2.3395208400613154
geometry_similarity,calibration,0.92,8,0.3,0.8640595903165735,0.3724394785847333,1.7956948188363464,0.3016759776536313,0.03858350951374207,0.03196729060313859,-0.9310986964618221,3,3.8440098209601703
geometry_similarity,calibration,0.92,8,0.4,0.8621973929236499,0.18621973929236665,3.32762451339557,0.4022346368715084,0.03325168017084354,0.023503638930136208,-1.1173184357541888,3,5.344197016972847
geometry_similarity,calibration,0.92,8,0.5,0.8621973929236499,0.18621973929236665,4.600073849193908,0.5027932960893855,0.02679481933267081,0.02348730505371363,-1.1173184357541888,3,6.589489668692875
geometry_similarity,calibration,0.92,8,0.6,0.8621973929236499,0.18621973929236665,7.010632519605956,0.6033519553072626,0.022023205584514816,0.0191216527469006,-1.1173184357541888,3,8.945311543305897
geometry_similarity,calibration,0.92,8,0.7,0.8603351955307262,0.0,8.24023420024222,0.7039106145251397,0.021635371116636656,0.022345507782400985,-1.3035381750465553,3,10.150432322223125
geometry_similarity,calibration,0.92,8,0.8,0.8584729981378026,-0.18621973929236293,9.823455058480754,0.8044692737430168,0.021506425386834515,0.030167547306146413,-1.4897579143389184,3,11.700681875711009
geometry_similarity,calibration,0.92,8,0.9,0.8566108007448789,-0.37243947858472587,11.435157005150545,0.9050279329608939,0.021446672449274624,0.03145512786850811,-1.6759776536312814,3,13.28017405354934
geometry_similarity,calibration,0.92,8,1.0,0.8547486033519553,-0.5586592178770925,12.70533793567559,1.0,0.021313081822635964,0.0303030303030303,-1.862197392923648,3,14.525787958733897
geometry_similarity,calibration,0.95,4,0.1,0.8696461824953445,0.9310986964618295,-1.0694270638392196,0.1005586592178771,0.04786324786324787,0.05128205128205129,-0.37243947858472587,3,1.037857921799464
geometry_similarity,calibration,0.95,4,0.2,0.8677839851024208,0.7448789571694628,0.0652796628645776,0.2011173184357542,0.03542587680518715,0.04945054945054945,-0.5586592178770925,3,2.1500172653899474
geometry_similarity,calibration,0.95,4,0.3,0.8640595903165735,0.3724394785847333,1.3594048712743094,0.3016759776536313,0.03858350951374207,0.03196729060313859,-0.9310986964618221,3,3.4153869999503796
geometry_similarity,calibration,0.95,4,0.4,0.8640595903165735,0.3724394785847333,2.6696609616274145,0.4022346368715084,0.027696124615287983,0.023503638930136208,-0.9310986964618221,3,4.698164122506336
geometry_similarity,calibration,0.95,4,0.5,0.8640595903165735,0.3724394785847333,3.8438127355833442,0.5027932960893855,0.02222860928700871,0.02348730505371363,-0.9310986964618221,3,5.847147204812072
geometry_similarity,calibration,0.95,4,0.6,0.8640595903165735,0.3724394785847333,6.123307990205532,0.6033519553072626,0.018277887232454892,0.0191216527469006,-0.9310986964618221,3,8.074999698112457
geometry_similarity,calibration,0.95,4,0.7,0.8621973929236499,0.18621973929236665,7.26305561751663,0.7039106145251397,0.01852010631912887,0.022345507782400985,-1.1173184357541888,3,9.191461509959153
geometry_similarity,calibration,0.95,4,0.8,0.8621973929236499,0.18621973929236665,8.57595818068857,0.8044692737430168,0.016086371186292508,0.027412726369507295,-1.1173184357541888,3,10.477189205834462
geometry_similarity,calibration,0.95,4,0.9,0.8621973929236499,0.18621973929236665,10.075752133876241,0.9050279329608939,0.01428644318587683,0.02662395630940503,-1.1173184357541888,3,11.946000822696316
geometry_similarity,calibration,0.95,4,1.0,0.8621973929236499,0.18621973929236665,11.309386534998357,1.0,0.012779683161848767,0.02380952380952381,-1.1173184357541888,3,13.154484459212393
geometry_similarity,calibration,0.95,5,0.1,0.8696461824953445,0.9310986964618295,-1.0694270638392196,0.1005586592178771,0.04786324786324787,0.05128205128205129,-0.37243947858472587,3,1.037857921799464
geometry_similarity,calibration,0.95,5,0.2,0.8677839851024208,0.7448789571694628,0.0652796628645776,0.2011173184357542,0.03542587680518715,0.04945054945054945,-0.5586592178770925,3,2.1500172653899474
geometry_similarity,calibration,0.95,5,0.3,0.8640595903165735,0.3724394785847333,1.3594048712743094,0.3016759776536313,0.03858350951374207,0.03196729060313859,-0.9310986964618221,3,3.4153869999503796
geometry_similarity,calibration,0.95,5,0.4,0.8640595903165735,0.3724394785847333,2.6696609616274145,0.4022346368715084,0.027696124615287983,0.023503638930136208,-0.9310986964618221,3,4.698164122506336
geometry_similarity,calibration,0.95,5,0.5,0.8640595903165735,0.3724394785847333,3.8438127355833442,0.5027932960893855,0.02222860928700871,0.02348730505371363,-0.9310986964618221,3,5.847147204812072
geometry_similarity,calibration,0.95,5,0.6,0.8640595903165735,0.3724394785847333,6.123307990205532,0.6033519553072626,0.018277887232454892,0.0191216527469006,-0.9310986964618221,3,8.074999698112457
geometry_similarity,calibration,0.95,5,0.7,0.8621973929236499,0.18621973929236665,7.26305561751663,0.7039106145251397,0.01852010631912887,0.022345507782400985,-1.1173184357541888,3,9.191461509959153
geometry_similarity,calibration,0.95,5,0.8,0.8621973929236499,0.18621973929236665,8.57595818068857,0.8044692737430168,0.016086371186292508,0.027412726369507295,-1.1173184357541888,3,10.477189205834462
geometry_similarity,calibration,0.95,5,0.9,0.8621973929236499,0.18621973929236665,10.075752133876241,0.9050279329608939,0.01428644318587683,0.02662395630940503,-1.1173184357541888,3,11.946000822696316
geometry_similarity,calibration,0.95,5,1.0,0.8621973929236499,0.18621973929236665,11.309386534998357,1.0,0.012779683161848767,0.02380952380952381,-1.1173184357541888,3,13.154484459212393
geometry_similarity,calibration,0.95,6,0.1,0.8696461824953445,0.9310986964618295,-1.0694270638392196,0.1005586592178771,0.04786324786324787,0.05128205128205129,-0.37243947858472587,3,1.037857921799464
geometry_similarity,calibration,0.95,6,0.2,0.8677839851024208,0.7448789571694628,0.0652796628645776,0.2011173184357542,0.03542587680518715,0.04945054945054945,-0.5586592178770925,3,2.1500172653899474
geometry_similarity,calibration,0.95,6,0.3,0.8640595903165735,0.3724394785847333,1.3594048712743094,0.3016759776536313,0.03858350951374207,0.03196729060313859,-0.9310986964618221,3,3.4153869999503796
geometry_similarity,calibration,0.95,6,0.4,0.8640595903165735,0.3724394785847333,2.6696609616274145,0.4022346368715084,0.027696124615287983,0.023503638930136208,-0.9310986964618221,3,4.698164122506336
geometry_similarity,calibration,0.95,6,0.5,0.8640595903165735,0.3724394785847333,3.8438127355833442,0.5027932960893855,0.02222860928700871,0.02348730505371363,-0.9310986964618221,3,5.847147204812072
geometry_similarity,calibration,0.95,6,0.6,0.8640595903165735,0.3724394785847333,6.123307990205532,0.6033519553072626,0.018277887232454892,0.0191216527469006,-0.9310986964618221,3,8.074999698112457
geometry_similarity,calibration,0.95,6,0.7,0.8621973929236499,0.18621973929236665,7.26305561751663,0.7039106145251397,0.01852010631912887,0.022345507782400985,-1.1173184357541888,3,9.191461509959153
geometry_similarity,calibration,0.95,6,0.8,0.8621973929236499,0.18621973929236665,8.57595818068857,0.8044692737430168,0.016086371186292508,0.027412726369507295,-1.1173184357541888,3,10.477189205834462
geometry_similarity,calibration,0.95,6,0.9,0.8621973929236499,0.18621973929236665,10.075752133876241,0.9050279329608939,0.01428644318587683,0.02662395630940503,-1.1173184357541888,3,11.946000822696316
geometry_similarity,calibration,0.95,6,1.0,0.8621973929236499,0.18621973929236665,11.309386534998357,1.0,0.012779683161848767,0.02380952380952381,-1.1173184357541888,3,13.154484459212393
geometry_similarity,calibration,0.95,7,0.1,0.8696461824953445,0.9310986964618295,-1.0694270638392196,0.1005586592178771,0.04786324786324787,0.05128205128205129,-0.37243947858472587,3,1.037857921799464
geometry_similarity,calibration,0.95,7,0.2,0.8677839851024208,0.7448789571694628,0.0652796628645776,0.2011173184357542,0.03542587680518715,0.04945054945054945,-0.5586592178770925,3,2.1500172653899474
geometry_similarity,calibration,0.95,7,0.3,0.8640595903165735,0.3724394785847333,1.3594048712743094,0.3016759776536313,0.03858350951374207,0.03196729060313859,-0.9310986964618221,3,3.4153869999503796
geometry_similarity,calibration,0.95,7,0.4,0.8640595903165735,0.3724394785847333,2.6696609616274145,0.4022346368715084,0.027696124615287983,0.023503638930136208,-0.9310986964618221,3,4.698164122506336
geometry_similarity,calibration,0.95,7,0.5,0.8640595903165735,0.3724394785847333,3.8438127355833442,0.5027932960893855,0.02222860928700871,0.02348730505371363,-0.9310986964618221,3,5.847147204812072
geometry_similarity,calibration,0.95,7,0.6,0.8640595903165735,0.3724394785847333,6.123307990205532,0.6033519553072626,0.018277887232454892,0.0191216527469006,-0.9310986964618221,3,8.074999698112457
geometry_similarity,calibration,0.95,7,0.7,0.8621973929236499,0.18621973929236665,7.26305561751663,0.7039106145251397,0.01852010631912887,0.022345507782400985,-1.1173184357541888,3,9.191461509959153
geometry_similarity,calibration,0.95,7,0.8,0.8621973929236499,0.18621973929236665,8.57595818068857,0.8044692737430168,0.016086371186292508,0.027412726369507295,-1.1173184357541888,3,10.477189205834462
geometry_similarity,calibration,0.95,7,0.9,0.8621973929236499,0.18621973929236665,10.075752133876241,0.9050279329608939,0.01428644318587683,0.02662395630940503,-1.1173184357541888,3,11.946000822696316
geometry_similarity,calibration,0.95,7,1.0,0.8621973929236499,0.18621973929236665,11.309386534998357,1.0,0.012779683161848767,0.02380952380952381,-1.1173184357541888,3,13.154484459212393
geometry_similarity,calibration,0.95,8,0.1,0.8696461824953445,0.9310986964618295,-1.0694270638392196,0.1005586592178771,0.04786324786324787,0.05128205128205129,-0.37243947858472587,3,1.037857921799464
geometry_similarity,calibration,0.95,8,0.2,0.8677839851024208,0.7448789571694628,0.0652796628645776,0.2011173184357542,0.03542587680518715,0.04945054945054945,-0.5586592178770925,3,2.1500172653899474
geometry_similarity,calibration,0.95,8,0.3,0.8640595903165735,0.3724394785847333,1.3364687735110865,0.3016759776536313,0.03858350951374207,0.03196729060313859,-0.9310986964618221,3,3.393166731158385
geometry_similarity,calibration,0.95,8,0.4,0.8640595903165735,0.3724394785847333,2.6312240944967313,0.4022346368715084,0.027696124615287983,0.023503638930136208,-0.9310986964618221,3,4.660662053592827
geometry_similarity,calibration,0.95,8,0.5,0.8640595903165735,0.3724394785847333,3.784204085901991,0.5027932960893855,0.02222860928700871,0.02348730505371363,-0.9310986964618221,3,5.788772433293577
geometry_similarity,calibration,0.95,8,0.6,0.8640595903165735,0.3724394785847333,6.063699340524186,0.6033519553072626,0.018277887232454892,0.0191216527469006,-0.9310986964618221,3,8.016624926593966
geometry_similarity,calibration,0.95,8,0.7,0.8621973929236499,0.18621973929236665,7.176982239646942,0.7039106145251397,0.01852010631912887,0.022345507782400985,-1.1173184357541888,3,9.10744796675759
geometry_similarity,calibration,0.95,8,0.8,0.8621973929236499,0.18621973929236665,8.48433981215085,0.8044692737430168,0.016086371186292508,0.027412726369507295,-1.1173184357541888,3,10.387725355805392
geometry_similarity,calibration,0.95,8,0.9,0.8621973929236499,0.18621973929236665,9.912048886654093,0.9050279329608939,0.01428644318587683,0.02662395630940503,-1.1173184357541888,3,11.786641280672649
geometry_similarity,calibration,0.95,8,1.0,0.8621973929236499,0.18621973929236665,10.96950381155098,1.0,0.012779683161848767,0.02380952380952381,-1.1173184357541888,3,12.824335296947138
geometry_similarity,calibration,0.98,4,0.1,0.8696461824953445,0.9310986964618295,-1.2606032193711665,0.1005586592178771,0.04786324786324787,0.05128205128205129,-0.37243947858472587,3,0.850801188622489
geometry_similarity,calibration,0.98,4,0.2,0.8677839851024208,0.7448789571694628,-0.22305985187312713,0.2011173184357542,0.03542587680518715,0.04945054945054945,-0.5586592178770925,3,1.8676507901147055
geometry_similarity,calibration,0.98,4,0.3,0.8640595903165735,0.3724394785847333,0.8196504387473954,0.3016759776536313,0.03858350951374207,0.03196729060313859,-0.9310986964618221,3,2.8867536882246116
geometry_similarity,calibration,0.98,4,0.4,0.8640595903165735,0.3724394785847333,1.8311071456026395,0.4022346368715084,0.027696124615287983,0.023503638930136208,-0.9310986964618221,3,3.876707012463343
geometry_similarity,calibration,0.98,4,0.5,0.8640595903165735,0.3724394785847333,2.9058271550795287,0.5027932960893855,0.02222860928700871,0.02348730505371363,-0.9310986964618221,3,4.928322197277868
geometry_similarity,calibration,0.98,4,0.6,0.8640595903165735,0.3724394785847333,5.10718845028854,0.6033519553072626,0.018277887232454892,0.0191216527469006,-0.9310986964618221,3,7.07934611316983
geometry_similarity,calibration,0.98,4,0.7,0.8621973929236499,0.18621973929236665,6.047190391035273,0.7039106145251397,0.01852010631912887,0.022345507782400985,-1.1173184357541888,3,8.000461833616994
geometry_similarity,calibration,0.98,4,0.8,0.8621973929236499,0.18621973929236665,7.223358525234125,0.8044692737430168,0.016086371186292508,0.027412726369507295,-1.1173184357541888,3,9.152225337042825
geometry_similarity,calibration,0.98,4,0.9,0.8621973929236499,0.18621973929236665,8.479676979089094,0.9050279329608939,0.01428644318587683,0.02662395630940503,-1.1173184357541888,3,10.382850891666836
geometry_similarity,calibration,0.98,4,1.0,0.8621973929236499,0.18621973929236665,9.360070270154479,1.0,0.012779683161848767,0.02380952380952381,-1.1173184357541888,3,11.246539922240276
geometry_similarity,calibration,0.98,5,0.1,0.8696461824953445,0.9310986964618295,-1.2606032193711665,0.1005586592178771,0.04786324786324787,0.05128205128205129,-0.37243947858472587,3,0.850801188622489
geometry_similarity,calibration,0.98,5,0.2,0.8677839851024208,0.7448789571694628,-0.22305985187312713,0.2011173184357542,0.03542587680518715,0.04945054945054945,-0.5586592178770925,3,1.8676507901147055
geometry_similarity,calibration,0.98,5,0.3,0.8640595903165735,0.3724394785847333,0.8196504387473954,0.3016759776536313,0.03858350951374207,0.03196729060313859,-0.9310986964618221,3,2.8867536882246116
geometry_similarity,calibration,0.98,5,0.4,0.8640595903165735,0.3724394785847333,1.8311071456026395,0.4022346368715084,0.027696124615287983,0.023503638930136208,-0.9310986964618221,3,3.876707012463343
geometry_similarity,calibration,0.98,5,0.5,0.8640595903165735,0.3724394785847333,2.9058271550795287,0.5027932960893855,0.02222860928700871,0.02348730505371363,-0.9310986964618221,3,4.928322197277868
geometry_similarity,calibration,0.98,5,0.6,0.8640595903165735,0.3724394785847333,5.10718845028854,0.6033519553072626,0.018277887232454892,0.0191216527469006,-0.9310986964618221,3,7.07934611316983
geometry_similarity,calibration,0.98,5,0.7,0.8621973929236499,0.18621973929236665,6.047190391035273,0.7039106145251397,0.01852010631912887,0.022345507782400985,-1.1173184357541888,3,8.000461833616994
geometry_similarity,calibration,0.98,5,0.8,0.8621973929236499,0.18621973929236665,7.223358525234125,0.8044692737430168,0.016086371186292508,0.027412726369507295,-1.1173184357541888,3,9.152225337042825
geometry_similarity,calibration,0.98,5,0.9,0.8621973929236499,0.18621973929236665,8.479676979089094,0.9050279329608939,0.01428644318587683,0.02662395630940503,-1.1173184357541888,3,10.382850891666836
geometry_similarity,calibration,0.98,5,1.0,0.8621973929236499,0.18621973929236665,9.360070270154479,1.0,0.012779683161848767,0.02380952380952381,-1.1173184357541888,3,11.246539922240276
geometry_similarity,calibration,0.98,6,0.1,0.8696461824953445,0.9310986964618295,-1.2606032193711665,0.1005586592178771,0.04786324786324787,0.05128205128205129,-0.37243947858472587,3,0.850801188622489
geometry_similarity,calibration,0.98,6,0.2,0.8677839851024208,0.7448789571694628,-0.22305985187312713,0.2011173184357542,0.03542587680518715,0.04945054945054945,-0.5586592178770925,3,1.8676507901147055
geometry_similarity,calibration,0.98,6,0.3,0.8640595903165735,0.3724394785847333,0.8196504387473954,0.3016759776536313,0.03858350951374207,0.03196729060313859,-0.9310986964618221,3,2.8867536882246116
geometry_similarity,calibration,0.98,6,0.4,0.8640595903165735,0.3724394785847333,1.8311071456026395,0.4022346368715084,0.027696124615287983,0.023503638930136208,-0.9310986964618221,3,3.876707012463343
geometry_similarity,calibration,0.98,6,0.5,0.8640595903165735,0.3724394785847333,2.9058271550795287,0.5027932960893855,0.02222860928700871,0.02348730505371363,-0.9310986964618221,3,4.928322197277868
geometry_similarity,calibration,0.98,6,0.6,0.8640595903165735,0.3724394785847333,5.10718845028854,0.6033519553072626,0.018277887232454892,0.0191216527469006,-0.9310986964618221,3,7.07934611316983
geometry_similarity,calibration,0.98,6,0.7,0.8621973929236499,0.18621973929236665,6.047190391035273,0.7039106145251397,0.01852010631912887,0.022345507782400985,-1.1173184357541888,3,8.000461833616994
geometry_similarity,calibration,0.98,6,0.8,0.8621973929236499,0.18621973929236665,7.223358525234125,0.8044692737430168,0.016086371186292508,0.027412726369507295,-1.1173184357541888,3,9.152225337042825
geometry_similarity,calibration,0.98,6,0.9,0.8621973929236499,0.18621973929236665,8.479676979089094,0.9050279329608939,0.01428644318587683,0.02662395630940503,-1.1173184357541888,3,10.382850891666836
geometry_similarity,calibration,0.98,6,1.0,0.8621973929236499,0.18621973929236665,9.360070270154479,1.0,0.012779683161848767,0.02380952380952381,-1.1173184357541888,3,11.246539922240276
geometry_similarity,calibration,0.98,7,0.1,0.8696461824953445,0.9310986964618295,-1.2606032193711665,0.1005586592178771,0.04786324786324787,0.05128205128205129,-0.37243947858472587,3,0.850801188622489
geometry_similarity,calibration,0.98,7,0.2,0.8677839851024208,0.7448789571694628,-0.22305985187312713,0.2011173184357542,0.03542587680518715,0.04945054945054945,-0.5586592178770925,3,1.8676507901147055
geometry_similarity,calibration,0.98,7,0.3,0.8640595903165735,0.3724394785847333,0.8196504387473954,0.3016759776536313,0.03858350951374207,0.03196729060313859,-0.9310986964618221,3,2.8867536882246116
geometry_similarity,calibration,0.98,7,0.4,0.8640595903165735,0.3724394785847333,1.8311071456026395,0.4022346368715084,0.027696124615287983,0.023503638930136208,-0.9310986964618221,3,3.876707012463343
geometry_similarity,calibration,0.98,7,0.5,0.8640595903165735,0.3724394785847333,2.9058271550795287,0.5027932960893855,0.02222860928700871,0.02348730505371363,-0.9310986964618221,3,4.928322197277868
geometry_similarity,calibration,0.98,7,0.6,0.8640595903165735,0.3724394785847333,5.10718845028854,0.6033519553072626,0.018277887232454892,0.0191216527469006,-0.9310986964618221,3,7.07934611316983
geometry_similarity,calibration,0.98,7,0.7,0.8621973929236499,0.18621973929236665,6.047190391035273,0.7039106145251397,0.01852010631912887,0.022345507782400985,-1.1173184357541888,3,8.000461833616994
geometry_similarity,calibration,0.98,7,0.8,0.8621973929236499,0.18621973929236665,7.223358525234125,0.8044692737430168,0.016086371186292508,0.027412726369507295,-1.1173184357541888,3,9.152225337042825
geometry_similarity,calibration,0.98,7,0.9,0.8621973929236499,0.18621973929236665,8.479676979089094,0.9050279329608939,0.01428644318587683,0.02662395630940503,-1.1173184357541888,3,10.382850891666836
geometry_similarity,calibration,0.98,7,1.0,0.8621973929236499,0.18621973929236665,9.360070270154479,1.0,0.012779683161848767,0.02380952380952381,-1.1173184357541888,3,11.246539922240276
geometry_similarity,calibration,0.98,8,0.1,0.8696461824953445,0.9310986964618295,-1.2606032193711665,0.1005586592178771,0.04786324786324787,0.05128205128205129,-0.37243947858472587,3,0.850801188622489
geometry_similarity,calibration,0.98,8,0.2,0.8677839851024208,0.7448789571694628,-0.22305985187312713,0.2011173184357542,0.03542587680518715,0.04945054945054945,-0.5586592178770925,3,1.8676507901147055
geometry_similarity,calibration,0.98,8,0.3,0.8640595903165735,0.3724394785847333,0.8055359170469437,0.3016759776536313,0.03858350951374207,0.03196729060313859,-0.9310986964618221,3,2.8730796766602986
geometry_similarity,calibration,0.98,8,0.4,0.8640595903165735,0.3724394785847333,1.8169926239021954,0.4022346368715084,0.027696124615287983,0.023503638930136208,-0.9310986964618221,3,3.8630330008990375
geometry_similarity,calibration,0.98,8,0.5,0.8640595903165735,0.3724394785847333,2.8775981116786364,0.5027932960893855,0.02222860928700871,0.02348730505371363,-0.9310986964618221,3,4.900733050643569
geometry_similarity,calibration,0.98,8,0.6,0.8640595903165735,0.3724394785847333,5.078959406887639,0.6033519553072626,0.018277887232454892,0.0191216527469006,-0.9310986964618221,3,7.051756966535524
geometry_similarity,calibration,0.98,8,0.7,0.8621973929236499,0.18621973929236665,6.018961347634374,0.7039106145251397,0.01852010631912887,0.022345507782400985,-1.1173184357541888,3,7.97287268698269
geometry_similarity,calibration,0.98,8,0.8,0.8621973929236499,0.18621973929236665,7.1951294818332325,0.8044692737430168,0.016086371186292508,0.027412726369507295,-1.1173184357541888,3,9.124636190408523
geometry_similarity,calibration,0.98,8,0.9,0.8621973929236499,0.18621973929236665,8.451447935688197,0.9050279329608939,0.01428644318587683,0.02662395630940503,-1.1173184357541888,3,10.355261745032536
geometry_similarity,calibration,0.98,8,1.0,0.8621973929236499,0.18621973929236665,9.331841226753575,1.0,0.012779683161848767,0.02380952380952381,-1.1173184357541888,3,11.21895077560597
geometry_similarity,test,0.75,4,0.1,0.8729016786570744,0.23980815347721673,-4.6491800426290935,0.08952837729816147,0.11564102564102564,0.12801932367149757,-0.639488409272578,3,2.068206341708667
geometry_similarity,test,0.75,4,0.2,0.8697042366107114,-0.07993605115907594,-2.6402844838836037,0.16306954436450838,0.0815398017898448,0.10139631610219846,-0.9592326139088706,3,3.9491303801454896
geometry_similarity,test,0.75,4,0.3,0.8665067945643485,-0.39968025579536864,0.6803253730044719,0.26298960831334933,0.061823675555057835,0.08064766963345775,-1.2789768185451633,3,7.051049730449377
geometry_similarity,test,0.75,4,0.4,0.8617106314948041,-0.8792965627498058,4.535321240593323,0.36850519584332536,0.0584867731228253,0.08629208472686734,-1.7585931254996006,3,10.665649349595023
geometry_similarity,test,0.75,4,0.5,0.8609112709832134,-0.959232613908878,8.10180956109443,0.4836131095123901,0.04508222592266083,0.06979701299301798,-1.8385291766586727,3,13.99743406433742
geometry_similarity,test,0.75,4,0.6,0.8585131894484412,-1.1990407673860948,11.147777197790239,0.5843325339728218,0.04166867037486264,0.061814413577393694,-2.0783373301358896,3,16.847952948702204
geometry_similarity,test,0.75,4,0.7,0.8577138289368506,-1.278976818545167,15.027241289312272,0.7018385291766587,0.03576771542860815,0.056191553879198865,-2.1582733812949617,3,20.474961214260585
geometry_similarity,test,0.75,4,0.8,0.8553157474020784,-1.5187849720223838,18.863260689895164,0.8169464428457234,0.03384374512986219,0.0512719036482696,-2.3980815347721784,3,24.06869418040323
geometry_similarity,test,0.75,4,0.9,0.8553157474020784,-1.5187849720223838,21.391915698812472,0.8928856914468425,0.03073691919473653,0.04748460458829279,-2.3980815347721784,3,26.433383359360015
geometry_similarity,test,0.75,4,1.0,0.8521183053557154,-1.8385291766586764,25.147298708077773,1.0,0.03090599508988675,0.0440771349862259,-2.7178257394084713,3,29.952929450112453
geometry_similarity,test,0.75,5,0.1,0.8729016786570744,0.23980815347721673,-4.658804210709477,0.08952837729816147,0.11564102564102564,0.12801932367149757,-0.639488409272578,3,2.05927726954754
geometry_similarity,test,0.75,5,0.2,0.8697042366107114,-0.07993605115907594,-2.684544782287183,0.16306954436450838,0.0815398017898448,0.10139631610219846,-0.9592326139088706,3,3.907958746644047
geometry_similarity,test,0.75,5,0.3,0.8665067945643485,-0.39968025579536864,0.6044195049806392,0.26298960831334933,0.061823675555057835,0.08064766963345775,-1.2789768185451633,3,6.980198738438026
geometry_similarity,test,0.75,5,0.4,0.8625099920063949,-0.7993605115907335,4.3679585888903345,0.36850519584332536,0.055708995345047516,0.08339353400222965,-1.6786570743405282,3,10.508825203141008
geometry_similarity,test,0.75,5,0.5,0.8617106314948041,-0.8792965627498058,7.861694723563436,0.4836131095123901,0.04307419379414678,0.06773939982429371,-1.7585931254996006,3,13.773087205451192
geometry_similarity,test,0.75,5,0.6,0.8601119104716227,-1.0391686650679504,10.886402192352861,0.5843325339728218,0.03838451843025641,0.05848099690864365,-1.918465227817745,3,16.603623936428004
geometry_similarity,test,0.75,5,0.7,0.8593125499600319,-1.1191047162270225,14.724107181695585,0.7018385291766587,0.03312154607376944,0.0535134866048583,-1.9984012789768173,3,20.191728640060667
geometry_similarity,test,0.75,5,0.8,0.8569144684252598,-1.3589128697042392,18.471605985471307,0.8169464428457234,0.03157230185403081,0.04897302573850452,-2.238209432454034,3,23.702975234869385
geometry_similarity,test,0.75,5,0.9,0.8569144684252598,-1.3589128697042392,20.959154378180866,0.8928856914468425,0.028694251527068865,0.045422978867361075,-2.238209432454034,3,26.029146775190952
geometry_similarity,test,0.75,5,1.0,0.8537170263788969,-1.678657074340532,24.496552699116965,1.0,0.029089451176051318,0.04224058769513315,-2.5579536370903266,3,29.342671759859883
geometry_similarity,test,0.75,6,0.1,0.8713029576338929,0.07993605115907225,-4.749880377571891,0.08952837729816147,0.14512820512820512,0.12801932367149757,-0.7993605115907224,3,1.9742425514451416
geometry_similarity,test,0.75,6,0.2,0.86810551558753,-0.23980815347722043,-2.8672408543216323,0.16306954436450838,0.0946318310543808,0.10139631610219846,-1.1191047162270151,3,3.737208875815408
geometry_similarity,test,0.75,6,0.3,0.864908073541167,-0.5595523581135168,0.23174126756273505,0.26298960831334933,0.06966789851555986,0.08064766963345775,-1.4388489208633115,3,6.631717811951773
geometry_similarity,test,0.75,6,0.4,0.8609112709832134,-0.959232613908878,3.83917308277872,0.36850519584332536,0.061111445038835796,0.08339353400222965,-1.8385291766586727,3,10.014000597345488
geometry_similarity,test,0.75,6,0.5,0.8601119104716227,-1.0391686650679504,7.19012353734394,0.4836131095123901,0.04693407777451269,0.06773939982429371,-1.918465227817745,3,13.144868901050048
geometry_similarity,test,0.75,6,0.6,0.8585131894484412,-1.1990407673860948,10.125222932706935,0.5843325339728218,0.04154755734612857,0.05848099690864365,-2.0783373301358896,3,15.891633320240006
geometry_similarity,test,0.75,6,0.7,0.8577138289368506,-1.278976818545167,13.605800600287088,0.7018385291766587,0.035751650655442745,0.0535134866048583,-2.1582733812949617,3,19.147630247660977
geometry_similarity,test,0.75,6,0.8,0.8553157474020784,-1.5187849720223838,17.109813389012135,0.8169464428457234,0.03382478548357335,0.04897302573850452,-2.3980815347721784,3,22.430708972024416
geometry_similarity,test,0.75,6,0.9,0.8553157474020784,-1.5187849720223838,19.43114098046891,0.8928856914468425,0.030727244272135912,0.045422978867361075,-2.3980815347721784,3,24.602514431331063
geometry_similarity,test,0.75,6,1.0,0.8529176658673061,-1.7585931254996041,22.818521901779107,1.0,0.030000197988437477,0.04132231404958678,-2.6378896882493987,3,27.77537973342597
geometry_similarity,test,0.75,7,0.1,0.8729016786570744,0.23980815347721673,-4.937796337378749,0.08952837729816147,0.1117948717948718,0.10950080515297907,-0.639488409272578,3,1.7987010968251393
geometry_similarity,test,0.75,7,0.2,0.8697042366107114,-0.07993605115907594,-3.356822828309195,0.16306954436450838,0.08205321470217955,0.09486036838978015,-0.9592326139088706,3,3.277688260447583
geometry_similarity,test,0.75,7,0.3,0.8657074340527577,-0.47961630695444085,-0.6531928313541361,0.26298960831334933,0.06547670893111186,0.07653244329600918,-1.3589128697042356,3,5.8032412961507225
geometry_similarity,test,0.75,7,0.4,0.8633093525179856,-0.7194244604316613,1.9908434468658864,0.36850519584332536,0.05308432342903702,0.07526421404682274,-1.598721023181456,3,8.279378858846657
geometry_similarity,test,0.75,7,0.5,0.8625099920063949,-0.7993605115907335,4.949867327852442,0.4836131095123901,0.041222341942294925,0.06175151431081518,-1.6786570743405282,3,11.044748083799966
geometry_similarity,test,0.75,7,0.6,0.8609112709832134,-0.959232613908878,7.45824089782069,0.5843325339728218,0.03685546644248883,0.05359719264299437,-1.8385291766586727,3,13.392872134262399
geometry_similarity,test,0.75,7,0.7,0.8609112709832134,-0.959232613908878,10.463645656618377,0.7018385291766587,0.03044943880392409,0.04813618702715462,-1.8385291766586727,3,16.204804064823243
geometry_similarity,test,0.75,7,0.8,0.8593125499600319,-1.1191047162270225,13.504774022358513,0.8169464428457234,0.028186031376415704,0.044406338000792155,-1.9984012789768173,3,19.053009566432884
geometry_similarity,test,0.75,7,0.9,0.8593125499600319,-1.1191047162270225,15.635358214798375,0.8928856914468425,0.025619592115335148,0.04127140683642939,-1.9984012789768173,3,21.04691626317738
geometry_similarity,test,0.75,7,1.0,0.8577138289368506,-1.278976818545167,18.58840097437904,1.0,0.024545616535994297,0.03764921946740129,-2.1582733812949617,3,23.81312039730778
geometry_similarity,test,0.75,8,0.1,0.8745003996802558,0.3996802557953612,-5.45152029231372,0.08952837729816147,0.08564102564102564,0.09500805152979065,-0.47961630695443347,3,1.3170921969908285
geometry_similarity,test,0.75,8,0.2,0.8713029576338929,0.07993605115907225,-4.222236721910481,0.16306954436450838,0.06815829503218389,0.08728461081402257,-0.7993605115907224,3,2.4669007887397045
geometry_similarity,test,0.75,8,0.3,0.8689048760991207,-0.1598721023181445,-2.401148375309936,0.26298960831334933,0.05014184926648998,0.06854124796631257,-1.0391686650679393,3,4.169794470739374
geometry_similarity,test,0.75,8,0.4,0.8673061550759392,-0.31974420463629266,-0.5620622906607586,0.36850519584332536,0.03996814329506522,0.06736677814938685,-1.1990407673860874,3,5.891327805868566
geometry_similarity,test,0.75,8,0.5,0.8673061550759392,-0.31974420463629266,1.5030014354691275,0.4836131095123901,0.029437533331156604,0.0538909696213067,-1.1990407673860874,3,7.822252505782479
geometry_similarity,test,0.75,8,0.6,0.864908073541167,-0.5595523581135131,3.361390230110047,0.5843325339728218,0.028879223594242855,0.04883804265649277,-1.4388489208633077,3,9.561416700705998
geometry_similarity,test,0.75,8,0.7,0.8641087130295763,-0.6394884092725891,5.694190699899951,0.7018385291766587,0.02514722695240543,0.044141287799149054,-1.5187849720223838,3,11.74453869138513
geometry_similarity,test,0.75,8,0.8,0.8625099920063949,-0.7993605115907335,7.957664535212487,0.8169464428457234,0.02368493369701688,0.041008266551971,-1.6786570743405282,3,13.863025281757382
geometry_similarity,test,0.75,8,0.9,0.8625099920063949,-0.7993605115907335,9.55647266083779,0.8928856914468425,0.021512940959535386,0.03818446262798985,-1.6786570743405282,3,15.358089464815047
geometry_similarity,test,0.75,8,1.0,0.8617106314948041,-0.8792965627498058,11.738168254382527,1.0,0.02000178189593728,0.03489439853076217,-1.7585931254996006,3,17.402092413366397
geometry_similarity,test,0.8,4,0.1,0.873701039168665,0.319744204636289,-4.916264300317552,0.08952837729816147,0.10282051282051281,0.10950080515297907,-0.5595523581135057,3,1.8185681862222285
geometry_similarity,test,0.8,4,0.2,0.8705035971223022,-3.700743415417189e-15,-3.195767540997877,0.16306954436450838,0.07473708070140943,0.09486036838978015,-0.8792965627497984,3,3.4295024158804552
geometry_similarity,test,0.8,4,0.3,0.8673061550759392,-0.31974420463629266,-0.23380747313933212,0.26298960831334933,0.05772477094661573,0.07241721695856063,-1.1990407673860874,3,6.196405553292816
geometry_similarity,test,0.8,4,0.4,0.8633093525179856,-0.7194244604316576,3.1566727565357278,0.36850519584332536,0.05285107491334576,0.07806020066889632,-1.5987210231814524,3,9.375643118373171
geometry_similarity,test,0.8,4,0.5,0.8625099920063949,-0.7993605115907335,6.255654878420106,0.4836131095123901,0.04124683013898412,0.06399408147223377,-1.6786570743405282,3,12.270680369443827
geometry_similarity,test,0.8,4,0.6,0.8601119104716227,-1.0391686650679504,8.8645112880073,0.5843325339728218,0.038400696518653486,0.05693060931174442,-1.918465227817745,3,14.712410232713905
geometry_similarity,test,0.8,4,0.7,0.8593125499600319,-1.1191047162270225,12.18849232241506,0.7018385291766587,0.03316354876194148,0.05217479851918226,-1.9984012789768173,3,17.81989102942166
geometry_similarity,test,0.8,4,0.8,0.8577138289368506,-1.278976818545167,15.431891339336197,0.8169464428457234,0.03045360507256083,0.04672835682716894,-2.1582733812949617,3,20.857994982976507
geometry_similarity,test,0.8,4,0.9,0.8577138289368506,-1.278976818545167,17.637783287659314,0.8928856914468425,0.027702925448668484,0.04334613566902255,-2.1582733812949617,3,22.922054483108823
geometry_similarity,test,0.8,4,1.0,0.8545163868904876,-1.598721023181456,20.897276958545383,1.0,0.028183654074602042,0.04040404040404041,-2.4780175859312505,3,25.977150756145388
geometry_similarity,test,0.8,5,0.1,0.873701039168665,0.319744204636289,-4.920396711470709,0.08952837729816147,0.10282051282051281,0.10950080515297907,-0.5595523581135057,3,1.8147483690105326
geometry_similarity,test,0.8,5,0.2,0.8705035971223022,-3.700743415417189e-15,-3.2082735221192835,0.16306954436450838,0.07473708070140943,0.09486036838978015,-0.8792965627497984,3,3.41784978208145
geometry_similarity,test,0.8,5,0.3,0.8673061550759392,-0.31974420463629266,-0.2570250989603802,0.26298960831334933,0.05772477094661573,0.07241721695856063,-1.1990407673860874,3,6.174611365014867
geometry_similarity,test,0.8,5,0.4,0.8633093525179856,-0.7194244604316576,3.0653790943494665,0.36850519584332536,0.05285107491334576,0.07806020066889632,-1.5987210231814524,3,9.289742474931987
geometry_similarity,test,0.8,5,0.5,0.8625099920063949,-0.7993605115907335,6.113412936621858,0.4836131095123901,0.04124683013898412,0.06399408147223377,-1.6786570743405282,3,12.137615496563313
geometry_similarity,test,0.8,5,0.6,0.8601119104716227,-1.0391686650679504,8.71927878550611,0.5843325339728218,0.038400696518653486,0.05693060931174442,-1.918465227817745,3,14.576532225754528
geometry_similarity,test,0.8,5,0.7,0.8593125499600319,-1.1191047162270225,12.03053634346861,0.7018385291766587,0.03316354876194148,0.05217479851918226,-1.9984012789768173,3,17.67220896490013
geometry_similarity,test,0.8,5,0.8,0.8577138289368506,-1.278976818545167,15.221736482665616,0.8169464428457234,0.03045360507256083,0.04672835682716894,-2.1582733812949617,3,20.661824246756833
geometry_similarity,test,0.8,5,0.9,0.8577138289368506,-1.278976818545167,17.40490016964635,0.8928856914468425,0.027702925448668484,0.04334613566902255,-2.1582733812949617,3,22.704596176936867
geometry_similarity,test,0.8,5,1.0,0.8545163868904876,-1.598721023181456,20.49289877767628,1.0,0.028183654074602042,0.04040404040404041,-2.4780175859312505,3,25.597373387134038
geometry_similarity,test,0.8,6,0.1,0.873701039168665,0.319744204636289,-4.962047065988084,0.08952837729816147,0.10282051282051281,0.10950080515297907,-0.5595523581135057,3,1.7757909926873465
geometry_similarity,test,0.8,6,0.2,0.8705035971223022,-3.700743415417189e-15,-3.2936948105615795,0.16306954436450838,0.07473708070140943,0.09486036838978015,-0.8792965627497984,3,3.3379641210790436
geometry_similarity,test,0.8,6,0.3,0.8673061550759392,-0.31974420463629266,-0.4887663665231264,0.26298960831334933,0.05772477094661573,0.07241721695856063,-1.1990407673860874,3,5.957792661988648
geometry_similarity,test,0.8,6,0.4,0.8633093525179856,-0.7194244604316576,2.7459872112749584,0.36850519584332536,0.05285107491334576,0.07806020066889632,-1.5987210231814524,3,8.990770241156028
geometry_similarity,test,0.8,6,0.5,0.8625099920063949,-0.7993605115907335,5.709360998738519,0.4836131095123901,0.04124683013898412,0.06399408147223377,-1.6786570743405282,3,11.759691026966875
geometry_similarity,test,0.8,6,0.6,0.8601119104716227,-1.0391686650679504,8.275098960372343,0.5843325339728218,0.038400696518653486,0.05693060931174442,-1.918465227817745,3,14.160887824052274
geometry_similarity,test,0.8,6,0.7,0.8593125499600319,-1.1191047162270225,11.3236221671234,0.7018385291766587,0.03316354876194148,0.05217479851918226,-1.9984012789768173,3,17.012417313804736
geometry_similarity,test,0.8,6,0.8,0.8577138289368506,-1.278976818545167,14.44555004567401,0.8169464428457234,0.03045360507256083,0.04672835682716894,-2.1582733812949617,3,19.93720228396406
geometry_similarity,test,0.8,6,0.9,0.8577138289368506,-1.278976818545167,16.554982817869416,0.8928856914468425,0.027702925448668484,0.04334613566902255,-2.1582733812949617,3,21.911394822318112
geometry_similarity,test,0.8,6,1.0,0.8553157474020784,-1.5187849720223838,19.545271651659483,1.0,0.02727785697315277,0.03948576675849403,-2.3980815347721784,3,24.712611560727495
geometry_similarity,test,0.8,7,0.1,0.8745003996802558,0.3996802557953612,-5.054428204793604,0.08952837729816147,0.08615384615384615,0.10950080515297907,-0.47961630695443347,3,1.6895024843402329
geometry_similarity,test,0.8,7,0.2,0.8713029576338929,0.07993605115906854,-3.614881030057863,0.16306954436450838,0.0684477725253088,0.09486036838978015,-0.7993605115907262,3,3.036111398922673
geometry_similarity,test,0.8,7,0.3,0.86810551558753,-0.23980815347722043,-1.107703684370794,0.26298960831334933,0.053756516978361764,0.07241721695856063,-1.1191047162270151,3,5.378164413926534
geometry_similarity,test,0.8,7,0.4,0.8657074340527577,-0.47961630695444085,1.3234046717995551,0.36850519584332536,0.04490409595747096,0.07259754738015609,-1.3589128697042356,3,7.654856217882393
geometry_similarity,test,0.8,7,0.5,0.864908073541167,-0.5595523581135131,4.051937883335503,0.4836131095123901,0.03535442583341496,0.05987885513478522,-1.4388489208633077,3,10.205004784225817
geometry_similarity,test,0.8,7,0.6,0.8625099920063949,-0.7993605115907298,6.354343381617289,0.5843325339728218,0.033587492586279674,0.05359719264299437,-1.6786570743405245,3,12.360276755361976
geometry_similarity,test,0.8,7,0.7,0.8625099920063949,-0.7993605115907298,9.143285919352728,0.7018385291766587,0.02784527213725742,0.04813618702715462,-1.6786570743405245,3,14.969418645854212
geometry_similarity,test,0.8,7,0.8,0.8617106314948042,-0.8792965627498021,11.942994475618766,0.8169464428457234,0.02479589131911435,0.04328400354512437,-1.7585931254995968,3,17.59143271383776
geometry_similarity,test,0.8,7,0.9,0.8617106314948042,-0.8792965627498021,13.95053068859019,0.8928856914468425,0.022585598369267098,0.04023298523726013,-1.7585931254995968,3,19.470544865397272
geometry_similarity,test,0.8,7,1.0,0.8601119104716227,-1.0391686650679504,16.63654356431337,1.0,0.02182327552070959,0.03673094582185491,-1.918465227817745,3,21.987166117150096
geometry_similarity,test,0.8,8,0.1,0.8745003996802558,0.3996802557953612,-5.472236721910484,0.08952837729816147,0.08564102564102564,0.09500805152979065,-0.47961630695443347,3,1.2975124658059094
geometry_similarity,test,0.8,8,0.2,0.8713029576338929,0.07993605115907225,-4.272423767888996,0.16306954436450838,0.06815829503218389,0.08728461081402257,-0.7993605115907224,3,2.41988532962912
geometry_similarity,test,0.8,8,0.3,0.8689048760991207,-0.1598721023181445,-2.518215233372486,0.26298960831334933,0.05014184926648998,0.06854124796631257,-1.0391686650679393,3,4.060511426289175
geometry_similarity,test,0.8,8,0.4,0.8673061550759392,-0.31974420463629266,-0.7764039323154578,0.36850519584332536,0.03996814329506522,0.06736677814938685,-1.1990407673860874,3,5.690947608286834
geometry_similarity,test,0.8,8,0.5,0.8673061550759392,-0.31974420463629266,1.2790356257340412,0.4836131095123901,0.029437533331156604,0.0538909696213067,-1.1990407673860874,3,7.612876178984244
geometry_similarity,test,0.8,8,0.6,0.864908073541167,-0.5595523581135131,3.0744595241202286,0.5843325339728218,0.028879223594242855,0.04883804265649277,-1.4388489208633077,3,9.293095510542356
geometry_similarity,test,0.8,8,0.7,0.8641087130295763,-0.6394884092725891,5.349841228413584,0.7018385291766587,0.02514722695240543,0.044141287799149054,-1.5187849720223838,3,11.422611571475745
geometry_similarity,test,0.8,8,0.8,0.8625099920063949,-0.7993605115907335,7.56519422332419,0.8169464428457234,0.02368493369701688,0.041008266551971,-1.6786570743405282,3,13.496263984319079
geometry_similarity,test,0.8,8,0.9,0.8625099920063949,-0.7993605115907335,9.127952499021271,0.8928856914468425,0.021512940959535386,0.03818446262798985,-1.6786570743405282,3,14.957868143133808
geometry_similarity,test,0.8,8,1.0,0.8617106314948041,-0.8792965627498058,11.258536691461126,1.0,0.02000178189593728,0.03489439853076217,-1.7585931254996006,3,16.953980624469068
geometry_similarity,test,0.85,4,0.1,0.8752997601918465,0.47961630695443347,-5.217060333202846,0.08952837729816147,0.06948717948717949,0.10950080515297907,-0.3996802557953612,3,1.53660202979455
geometry_similarity,test,0.85,4,0.2,0.8721023181454836,0.15987210231814078,-3.7353190656401005,0.16306954436450838,0.06215846434920817,0.09486036838978015,-0.7194244604316539,3,2.9244833724980657
geometry_similarity,test,0.85,4,0.3,0.8689048760991207,-0.1598721023181482,-1.348797250859109,0.26298960831334933,0.049788263010107796,0.07241721695856063,-1.0391686650679428,3,5.152887503411308
geometry_similarity,test,0.85,4,0.4,0.8657074340527577,-0.47961630695444085,1.485438688068208,0.36850519584332536,0.04482395330354698,0.07516164994425864,-1.3589128697042356,3,7.81152379832735
geometry_similarity,test,0.85,4,0.5,0.864908073541167,-0.5595523581135131,4.020781678193915,0.4836131095123901,0.03553509430676636,0.0619364683035095,-1.4388489208633077,3,10.180177782314937
geometry_similarity,test,0.85,4,0.6,0.8617106314948042,-0.8792965627498021,6.142937926834565,0.5843325339728218,0.03535877063151539,0.05694727639508817,-1.7585931254995968,3,12.165974461930391
geometry_similarity,test,0.85,4,0.7,0.8609112709832134,-0.959232613908878,8.823024054982815,0.7018385291766587,0.030507506265261535,0.05085727546252877,-1.8385291766586727,3,14.67293855670848
geometry_similarity,test,0.85,4,0.8,0.8593125499600319,-1.1191047162270225,11.459067380051318,0.8169464428457234,0.02820112144301829,0.046697288745351145,-1.9984012789768173,3,17.142545856159312
geometry_similarity,test,0.85,4,0.9,0.8593125499600319,-1.1191047162270225,13.27613206316064,0.8928856914468425,0.025669932703601434,0.0433744562580908,-1.9984012789768173,3,18.843298414058985
geometry_similarity,test,0.85,4,1.0,0.8585131894484412,-1.1990407673860948,16.00113097568402,1.0,0.023644769145481904,0.03948576675849403,-2.0783373301358896,3,21.397889158171218
geometry_similarity,test,0.85,5,0.1,0.8752997601918465,0.47961630695443347,-5.217060333202846,0.08952837729816147,0.06948717948717949,0.10950080515297907,-0.3996802557953612,3,1.53660202979455
geometry_similarity,test,0.85,5,0.2,0.8721023181454836,0.15987210231814078,-3.7353190656401005,0.16306954436450838,0.06215846434920817,0.09486036838978015,-0.7194244604316539,3,2.9244833724980657
geometry_similarity,test,0.85,5,0.3,0.8689048760991207,-0.1598721023181482,-1.3574970638131327,0.26298960831334933,0.049788263010107796,0.07241721695856063,-1.0391686650679428,3,5.144650707895416
geometry_similarity,test,0.85,5,0.4,0.8657074340527577,-0.47961630695444085,1.4767388751141846,0.36850519584332536,0.04482395330354698,0.07516164994425864,-1.3589128697042356,3,7.803287002811462
geometry_similarity,test,0.85,5,0.5,0.864908073541167,-0.5595523581135131,4.0120818652398915,0.4836131095123901,0.03553509430676636,0.0619364683035095,-1.4388489208633077,3,10.171940986799047
geometry_similarity,test,0.85,5,0.6,0.8617106314948042,-0.8792965627498021,6.132443777458778,0.5843325339728218,0.03535877063151539,0.05694727639508817,-1.7585931254995968,3,12.156057091719067
geometry_similarity,test,0.85,5,0.7,0.8609112709832134,-0.959232613908878,8.81046370003044,0.7018385291766587,0.030507506265261535,0.05085727546252877,-1.8385291766586727,3,14.661111277891306
geometry_similarity,test,0.85,5,0.8,0.8593125499600319,-1.1191047162270225,11.440852146678848,0.8169464428457234,0.02820112144301829,0.046697288745351145,-1.9984012789768173,3,17.125491459052462
geometry_similarity,test,0.85,5,0.9,0.8593125499600319,-1.1191047162270225,13.246117708469262,0.8928856914468425,0.025669932703601434,0.0433744562580908,-1.9984012789768173,3,18.815274034199863
geometry_similarity,test,0.85,5,1.0,0.8585131894484412,-1.1990407673860948,15.801796511374999,1.0,0.023644769145481904,0.03948576675849403,-2.0783373301358896,3,21.209556145584123
geometry_similarity,test,0.85,6,0.1,0.8752997601918465,0.47961630695443347,-5.226684501283237,0.08952837729816147,0.06948717948717949,0.10950080515297907,-0.3996802557953612,3,1.527676615290996
geometry_similarity,test,0.85,6,0.2,0.8721023181454836,0.15987210231814078,-3.7675627474009397,0.16306954436450838,0.06215846434920817,0.09486036838978015,-0.7194244604316539,3,2.8943876910031787
geometry_similarity,test,0.85,6,0.3,0.8689048760991207,-0.1598721023181482,-1.3971899604158529,0.26298960831334933,0.049788263010107796,0.07241721695856063,-1.0391686650679428,3,5.107558170311303
geometry_similarity,test,0.85,6,0.4,0.8657074340527577,-0.47961630695444085,1.4279111749097313,0.36850519584332536,0.04482395330354698,0.07516164994425864,-1.3589128697042356,3,7.757644586689961
geometry_similarity,test,0.85,6,0.5,0.864908073541167,-0.5595523581135131,3.933457305667924,0.4836131095123901,0.03553509430676636,0.0619364683035095,-1.4388489208633077,3,10.09863717409278
geometry_similarity,test,0.85,6,0.6,0.8617106314948042,-0.8792965627498021,6.041693853582139,0.5843325339728218,0.03535877063151539,0.05694727639508817,-1.7585931254995968,3,12.071400244724213
geometry_similarity,test,0.85,6,0.7,0.8609112709832134,-0.959232613908878,8.68486015050676,0.7018385291766587,0.030507506265261535,0.05085727546252877,-1.8385291766586727,3,14.543884550769691
geometry_similarity,test,0.85,6,0.8,0.8593125499600319,-1.1191047162270225,11.298773326373478,0.8169464428457234,0.02820112144301829,0.046697288745351145,-1.9984012789768173,3,16.99279312384226
geometry_similarity,test,0.85,6,0.9,0.8593125499600319,-1.1191047162270225,13.091913523859233,0.8928856914468425,0.025669932703601434,0.0433744562580908,-1.9984012789768173,3,18.671198762059024
geometry_similarity,test,0.85,6,1.0,0.8585131894484412,-1.1990407673860948,15.625353429901253,1.0,0.023644769145481904,0.03948576675849403,-2.0783373301358896,3,21.044626736071947
geometry_similarity,test,0.85,7,0.1,0.8752997601918465,0.47961630695443347,-5.259471921353698,0.08952837729816147,0.06948717948717949,0.10950080515297907,-0.3996802557953612,3,1.4969801229800035
geometry_similarity,test,0.85,7,0.2,0.8721023181454836,0.15987210231814078,-3.9663534734003303,0.16306954436450838,0.06215846434920817,0.09486036838978015,-0.7194244604316539,3,2.7069491797556466
geometry_similarity,test,0.85,7,0.3,0.8689048760991207,-0.1598721023181482,-1.7492605158989205,0.26298960831334933,0.049788263010107796,0.07241721695856063,-1.0391686650679428,3,4.778076941214904
geometry_similarity,test,0.85,7,0.4,0.8665067945643485,-0.39968025579536864,0.3645765366044625,0.36850519584332536,0.04227942404146046,0.07259754738015609,-1.2789768185451633,3,6.758126570065293
geometry_similarity,test,0.85,7,0.5,0.8657074340527577,-0.47961630695444085,2.766921136195566,0.4836131095123901,0.03350257398156311,0.05987885513478522,-1.3589128697042356,3,9.003312772680042
geometry_similarity,test,0.85,7,0.6,0.8625099920063949,-0.7993605115907298,4.776251685588758,0.5843325339728218,0.033708605615013744,0.05527223451904127,-1.6786570743405245,3,10.883908962079689
geometry_similarity,test,0.85,7,0.7,0.8617106314948041,-0.8792965627498058,7.323067554047584,0.7018385291766587,0.029163420243756157,0.0494967312448417,-1.7585931254996006,3,13.2667209554964
geometry_similarity,test,0.85,7,0.8,0.8601119104716227,-1.0391686650679504,9.74161555526556,0.8169464428457234,0.02706733459494573,0.04555181337307165,-1.918465227817745,3,15.531948658777608
geometry_similarity,test,0.85,7,0.9,0.8601119104716227,-1.0391686650679504,11.48494932358954,0.8928856914468425,0.024628266036934767,0.04232293154726009,-1.918465227817745,3,17.16396623856746
geometry_similarity,test,0.85,7,1.0,0.8593125499600319,-1.1191047162270225,13.884575231632509,1.0,0.02273402233309575,0.03856749311294766,-1.9984012789768173,3,19.412224111551396
geometry_similarity,test,0.85,8,0.1,0.8745003996802558,0.3996802557953612,-5.539007786332591,0.08952837729816147,0.08564102564102564,0.09500805152979065,-0.47961630695443347,3,1.2348317752638633
geometry_similarity,test,0.85,8,0.2,0.8713029576338929,0.07993605115907225,-4.389762495106357,0.16306954436450838,0.06815829503218389,0.08728461081402257,-0.7993605115907224,3,2.310001116187551
geometry_similarity,test,0.85,8,0.3,0.8689048760991207,-0.1598721023181445,-2.7622449867328016,0.26298960831334933,0.05014184926648998,0.06854124796631257,-1.0391686650679393,3,3.8325233176990583
geometry_similarity,test,0.85,8,0.4,0.8673061550759392,-0.31974420463629266,-1.1081386750184958,0.36850519584332536,0.03996814329506522,0.06736677814938685,-1.1990407673860874,3,5.3814101072602165
geometry_similarity,test,0.85,8,0.5,0.8673061550759392,-0.31974420463629266,0.8501892209317482,0.4836131095123901,0.029437533331156604,0.0538909696213067,-1.1990407673860874,3,7.212342496571522
geometry_similarity,test,0.85,8,0.6,0.864908073541167,-0.5595523581135131,2.5208251772586863,0.5843325339728218,0.028879223594242855,0.04883804265649277,-1.4388489208633077,3,8.775723710914349
geometry_similarity,test,0.85,8,0.7,0.8641087130295763,-0.6394884092725891,4.735308190873888,0.7018385291766587,0.02514722695240543,0.044141287799149054,-1.5187849720223838,3,10.848411683734062
geometry_similarity,test,0.85,8,0.8,0.8625099920063949,-0.7993605115907335,6.761929618513196,0.8169464428457234,0.02368493369701688,0.041008266551971,-1.6786570743405282,3,12.745648903070354
geometry_similarity,test,0.85,8,0.9,0.8625099920063949,-0.7993605115907335,8.213384662229753,0.8928856914468425,0.021512940959535386,0.03818446262798985,-1.6786570743405282,3,14.103193681631987
geometry_similarity,test,0.85,8,1.0,0.8617106314948041,-0.8792965627498058,10.222280220975247,1.0,0.02000178189593728,0.03489439853076217,-1.7585931254996006,3,15.985446600313184
geometry_similarity,test,0.88,4,0.1,0.873701039168665,0.319744204636289,-5.409815563965381,0.08952837729816147,0.09897435897435898,0.10950080515297907,-0.5595523581135057,3,1.3562714701502683
geometry_similarity,test,0.88,4,0.2,0.8713029576338929,0.07993605115907225,-4.184555657053386,0.16306954436450838,0.06815829503218389,0.08728461081402257,-0.7993605115907224,3,2.5028419962873603
geometry_similarity,test,0.88,4,0.3,0.8689048760991207,-0.1598721023181445,-2.120470659880813,0.26298960831334933,0.05014184926648998,0.06854124796631257,-1.0391686650679393,3,4.430522625106285
geometry_similarity,test,0.88,4,0.4,0.8657074340527577,-0.47961630695444085,0.45744703988863655,0.36850519584332536,0.04513734447316223,0.07259754738015609,-1.3589128697042356,3,6.848827403444269
geometry_similarity,test,0.88,4,0.5,0.864908073541167,-0.5595523581135168,2.623809213101913,0.4836131095123901,0.03532993763672576,0.05987885513478522,-1.4388489208633115,3,8.874172408129532
geometry_similarity,test,0.88,4,0.6,0.8617106314948041,-0.8792965627498058,4.462134064117614,0.5843325339728218,0.03522147951438425,0.05527223451904127,-1.7585931254996006,3,10.594473047845451
geometry_similarity,test,0.88,4,0.7,0.8617106314948041,-0.8792965627498058,6.791617730218798,0.7018385291766587,0.029147355470590754,0.0494967312448417,-1.7585931254996006,3,12.773747932500694
geometry_similarity,test,0.88,4,0.8,0.8601119104716227,-1.0391686650679504,9.103538648919049,0.8169464428457234,0.02704837494865689,0.04555181337307165,-1.918465227817745,3,14.939827627607434
geometry_similarity,test,0.88,4,0.9,0.8601119104716227,-1.0391686650679504,10.748673278524505,0.8928856914468425,0.02461859111433415,0.04232293154726009,-1.918465227817745,3,16.48056384647575
geometry_similarity,test,0.88,4,1.0,0.8593125499600319,-1.1191047162270225,13.239919091739527,1.0,0.02273402233309575,0.03856749311294766,-1.9984012789768173,3,18.8158449834256
geometry_similarity,test,0.88,5,0.1,0.873701039168665,0.319744204636289,-5.409815563965381,0.08952837729816147,0.09897435897435898,0.10950080515297907,-0.5595523581135057,3,1.3562714701502683
geometry_similarity,test,0.88,5,0.2,0.8713029576338929,0.07993605115907225,-4.184555657053386,0.16306954436450838,0.06815829503218389,0.08728461081402257,-0.7993605115907224,3,2.5028419962873603
geometry_similarity,test,0.88,5,0.3,0.8689048760991207,-0.1598721023181445,-2.120470659880813,0.26298960831334933,0.05014184926648998,0.06854124796631257,-1.0391686650679393,3,4.430522625106285
geometry_similarity,test,0.88,5,0.4,0.8657074340527577,-0.47961630695444085,0.45744703988863655,0.36850519584332536,0.04513734447316223,0.07259754738015609,-1.3589128697042356,3,6.848827403444269
geometry_similarity,test,0.88,5,0.5,0.864908073541167,-0.5595523581135168,2.623809213101913,0.4836131095123901,0.03532993763672576,0.05987885513478522,-1.4388489208633115,3,8.874172408129532
geometry_similarity,test,0.88,5,0.6,0.8617106314948041,-0.8792965627498058,4.462134064117614,0.5843325339728218,0.03522147951438425,0.05527223451904127,-1.7585931254996006,3,10.594473047845451
geometry_similarity,test,0.88,5,0.7,0.8617106314948041,-0.8792965627498058,6.791617730218798,0.7018385291766587,0.029147355470590754,0.0494967312448417,-1.7585931254996006,3,12.773747932500694
geometry_similarity,test,0.88,5,0.8,0.8601119104716227,-1.0391686650679504,9.09902562094915,0.8169464428457234,0.02704837494865689,0.04555181337307165,-1.918465227817745,3,14.935655985126242
geometry_similarity,test,0.88,5,0.9,0.8601119104716227,-1.0391686650679504,10.744160250554609,0.8928856914468425,0.02461859111433415,0.04232293154726009,-1.918465227817745,3,16.47639220399456
geometry_similarity,test,0.88,5,1.0,0.8593125499600319,-1.1191047162270225,13.066085954151983,1.0,0.02273402233309575,0.03856749311294766,-1.9984012789768173,3,18.651364708216427
geometry_similarity,test,0.88,6,0.1,0.873701039168665,0.319744204636289,-5.409815563965381,0.08952837729816147,0.09897435897435898,0.10950080515297907,-0.5595523581135057,3,1.3562714701502683
geometry_similarity,test,0.88,6,0.2,0.8713029576338929,0.07993605115907225,-4.187056853277664,0.16306954436450838,0.06815829503218389,0.08728461081402257,-0.7993605115907224,3,2.500530001659229
geometry_similarity,test,0.88,6,0.3,0.8689048760991207,-0.1598721023181445,-2.12297185610509,0.26298960831334933,0.05014184926648998,0.06854124796631257,-1.0391686650679393,3,4.428210630478158
geometry_similarity,test,0.88,6,0.4,0.8657074340527577,-0.47961630695444085,0.45494584366435237,0.36850519584332536,0.04513734447316223,0.07259754738015609,-1.3589128697042356,3,6.846515408816142
geometry_similarity,test,0.88,6,0.5,0.864908073541167,-0.5595523581135168,2.6191874374700905,0.4836131095123901,0.03532993763672576,0.05987885513478522,-1.4388489208633115,3,8.869900244142773
geometry_similarity,test,0.88,6,0.6,0.8617106314948041,-0.8792965627498058,4.453488624994561,0.5843325339728218,0.03522147951438425,0.05527223451904127,-1.7585931254996006,3,10.586407416448099
geometry_similarity,test,0.88,6,0.7,0.8617106314948041,-0.8792965627498058,6.779872982730865,0.7018385291766587,0.029147355470590754,0.0494967312448417,-1.7585931254996006,3,12.762817438194567
geometry_similarity,test,0.88,6,0.8,0.8601119104716227,-1.0391686650679504,9.084453434251158,0.8169464428457234,0.02704837494865689,0.04555181337307165,-1.918465227817745,3,14.922090627574894
geometry_similarity,test,0.88,6,0.9,0.8601119104716227,-1.0391686650679504,10.722791334986292,0.8928856914468425,0.02461859111433415,0.04232293154726009,-1.918465227817745,3,16.456423397511394
geometry_similarity,test,0.88,6,1.0,0.8593125499600319,-1.1191047162270225,13.035147244334244,1.0,0.02273402233309575,0.03856749311294766,-1.9984012789768173,3,18.622464663899795
geometry_similarity,test,0.88,7,0.1,0.873701039168665,0.319744204636289,-5.416829788159561,0.08952837729816147,0.09897435897435898,0.10950080515297907,-0.5595523581135057,3,1.3497024876977237
geometry_similarity,test,0.88,7,0.2,0.8713029576338929,0.07993605115907225,-4.233927095567447,0.16306954436450838,0.06815829503218389,0.08728461081402257,-0.7993605115907224,3,2.4564436467212514
geometry_similarity,test,0.88,7,0.3,0.8689048760991207,-0.1598721023181445,-2.1970290138762096,0.26298960831334933,0.05014184926648998,0.06854124796631257,-1.0391686650679393,3,4.3588051288085925
geometry_similarity,test,0.88,7,0.4,0.8665067945643485,-0.3996802557953649,-0.2681173604767532,0.36850519584332536,0.04259281521107572,0.07003344481605352,-1.2789768185451595,3,6.165608773896517
geometry_similarity,test,0.88,7,0.5,0.8657074340527577,-0.47961630695444085,1.8571925703597263,0.4836131095123901,0.03329741731152251,0.05782124196606094,-1.3589128697042356,3,8.152908378764511
geometry_similarity,test,0.88,7,0.6,0.8625099920063949,-0.7993605115907335,3.6370111792596416,0.5843325339728218,0.0335713144978826,0.05359719264299437,-1.6786570743405282,3,9.818573506665714
geometry_similarity,test,0.88,7,0.7,0.8625099920063949,-0.7993605115907335,5.919298360085253,0.7018385291766587,0.02780326944908538,0.04813618702715462,-1.6786570743405282,3,11.953981839845495
geometry_similarity,test,0.88,7,0.8,0.8609112709832134,-0.959232613908878,8.163795728391829,0.8169464428457234,0.025914588100584328,0.044406338000792155,-1.8385291766586727,3,14.056588334354496
geometry_similarity,test,0.88,7,0.9,0.8609112709832134,-0.959232613908878,9.780329722910952,0.8928856914468425,0.023576924447667482,0.04127140683642939,-1.8385291766586727,3,15.570546602660096
geometry_similarity,test,0.88,7,1.0,0.8601119104716227,-1.0391686650679504,11.99225716647091,1.0,0.02182327552070959,0.03764921946740129,-1.918465227817745,3,17.642703640715958
geometry_similarity,test,0.88,8,0.1,0.8745003996802558,0.3996802557953612,-5.628017747618437,0.08952837729816147,0.08564102564102564,0.09500805152979065,-0.47961630695443347,3,1.1515310468358815
geometry_similarity,test,0.88,8,0.2,0.8721023181454837,0.1598721023181445,-4.535919352733919,0.16306954436450838,0.0610660964506236,0.079708853238265,-0.7194244604316502,3,2.173075543550292
geometry_similarity,test,0.88,8,0.3,0.8697042366107115,-0.07993605115907225,-3.0050241419809534,0.26298960831334933,0.04639653091443005,0.0646652789740645,-0.9592326139088669,3,3.604990196668049
geometry_similarity,test,0.88,8,0.4,0.86810551558753,-0.23980815347722043,-1.4558049501935733,0.36850519584332536,0.037423614032978704,0.06480267558528428,-1.1191047162270151,3,5.0554230743931505
geometry_similarity,test,0.88,8,0.5,0.86810551558753,-0.23980815347722043,0.3712101439819038,0.4836131095123901,0.02740501300595335,0.05183335645258242,-1.1191047162270151,3,6.763880409449589
geometry_similarity,test,0.88,8,0.6,0.8657074340527577,-0.47961630695444085,1.9301622515115913,0.5843325339728218,0.027229058577741206,0.04716300078044587,-1.3589128697042356,3,8.222811962543556
geometry_similarity,test,0.88,8,0.7,0.8657074340527577,-0.47961630695444085,3.9687459219626797,0.7018385291766587,0.022501057597566723,0.042780743581461986,-1.3589128697042356,3,10.130806076560372
geometry_similarity,test,0.88,8,0.8,0.8641087130295764,-0.6394884092725853,5.927508808560607,0.8169464428457234,0.0214134904211855,0.0398627911796915,-1.51878497202238,3,11.9649426626099
geometry_similarity,test,0.88,8,0.9,0.8641087130295764,-0.6394884092725853,7.310398451433283,0.8928856914468425,0.01947027329186772,0.037132937917159145,-1.51878497202238,3,13.258666699336198
geometry_similarity,test,0.88,8,1.0,0.8633093525179856,-0.7194244604316576,9.26785636608812,1.0,0.018185237982101844,0.03397612488521579,-1.5987210231814524,3,15.092669467243283
geometry_similarity,test,0.9,4,0.1,0.873701039168665,0.319744204636289,-5.509700291443738,0.08952837729816147,0.09897435897435898,0.10950080515297907,-0.5595523581135057,3,1.26293532337259
geometry_similarity,test,0.9,4,0.2,0.8705035971223022,-3.700743415417189e-15,-4.376440906520518,0.16306954436450838,0.07525049361374417,0.09486036838978015,-0.8792965627497984,3,2.3230471805159247
geometry_similarity,test,0.9,4,0.3,0.86810551558753,-0.23980815347722043,-2.504023663491243,0.26298960831334933,0.0538871676185499,0.07241721695856063,-1.1191047162270151,3,4.071794683154584
geometry_similarity,test,0.9,4,0.4,0.8657074340527577,-0.47961630695444085,-0.3037865935882437,0.36850519584332536,0.04513734447316223,0.07259754738015609,-1.3589128697042356,3,6.135654936193435
geometry_similarity,test,0.9,4,0.5,0.864908073541167,-0.5595523581135168,1.675801470268386,0.4836131095123901,0.03532993763672576,0.05987885513478522,-1.4388489208633115,3,7.986488262831763
geometry_similarity,test,0.9,4,0.6,0.8625099920063949,-0.7993605115907335,3.3821610335377748,0.5843325339728218,0.03369242752661667,0.05372184692214205,-1.6786570743405282,3,9.583420290072542
geometry_similarity,test,0.9,4,0.7,0.8625099920063949,-0.7993605115907335,5.511712123189346,0.7018385291766587,0.02781933422225078,0.048158043159165664,-1.6786570743405282,3,11.575857689994441
geometry_similarity,test,0.9,4,0.8,0.8609112709832134,-0.959232613908878,7.5885205968071645,0.8169464428457234,0.025933547746873165,0.04442947891740386,-1.8385291766586727,3,13.52152799657191
geometry_similarity,test,0.9,4,0.9,0.8609112709832134,-0.959232613908878,9.152257601461567,0.8928856914468425,0.0235865993702681,0.04128450994809083,-1.8385291766586727,3,14.985943023813945
geometry_similarity,test,0.9,4,1.0,0.8601119104716227,-1.0391686650679504,11.3812584279438,1.0,0.02182327552070959,0.03764921946740129,-1.918465227817745,3,17.0757708194788
geometry_similarity,test,0.9,5,0.1,0.873701039168665,0.319744204636289,-5.509700291443738,0.08952837729816147,0.09897435897435898,0.10950080515297907,-0.5595523581135057,3,1.26293532337259
geometry_similarity,test,0.9,5,0.2,0.8705035971223022,-3.700743415417189e-15,-4.376440906520518,0.16306954436450838,0.07525049361374417,0.09486036838978015,-0.8792965627497984,3,2.3230471805159247
geometry_similarity,test,0.9,5,0.3,0.86810551558753,-0.23980815347722043,-2.504023663491243,0.26298960831334933,0.0538871676185499,0.07241721695856063,-1.1191047162270151,3,4.071794683154584
geometry_similarity,test,0.9,5,0.4,0.8657074340527577,-0.47961630695444085,-0.3037865935882437,0.36850519584332536,0.04513734447316223,0.07259754738015609,-1.3589128697042356,3,6.135654936193435
geometry_similarity,test,0.9,5,0.5,0.864908073541167,-0.5595523581135168,1.675801470268386,0.4836131095123901,0.03532993763672576,0.05987885513478522,-1.4388489208633115,3,7.986488262831763
geometry_similarity,test,0.9,5,0.6,0.8625099920063949,-0.7993605115907335,3.3821610335377748,0.5843325339728218,0.03369242752661667,0.05372184692214205,-1.6786570743405282,3,9.583420290072542
geometry_similarity,test,0.9,5,0.7,0.8625099920063949,-0.7993605115907335,5.511712123189346,0.7018385291766587,0.02781933422225078,0.048158043159165664,-1.6786570743405282,3,11.575857689994441
geometry_similarity,test,0.9,5,0.8,0.8609112709832134,-0.959232613908878,7.584007568837266,0.8169464428457234,0.025933547746873165,0.04442947891740386,-1.8385291766586727,3,13.517356354090719
geometry_similarity,test,0.9,5,0.9,0.8609112709832134,-0.959232613908878,9.147744573491668,0.8928856914468425,0.0235865993702681,0.04128450994809083,-1.8385291766586727,3,14.98177138133275
geometry_similarity,test,0.9,5,1.0,0.8601119104716227,-1.0391686650679504,11.207425290356259,1.0,0.02182327552070959,0.03764921946740129,-1.918465227817745,3,16.911290544269626
geometry_similarity,test,0.9,6,0.1,0.873701039168665,0.319744204636289,-5.509700291443738,0.08952837729816147,0.09897435897435898,0.10950080515297907,-0.5595523581135057,3,1.26293532337259
geometry_similarity,test,0.9,6,0.2,0.8705035971223022,-3.700743415417189e-15,-4.377745878463624,0.16306954436450838,0.07525049361374417,0.09486036838978015,-0.8792965627497984,3,2.32184092244907
geometry_similarity,test,0.9,6,0.3,0.86810551558753,-0.23980815347722043,-2.5053286354343416,0.26298960831334933,0.0538871676185499,0.07241721695856063,-1.1191047162270151,3,4.070588425087736
geometry_similarity,test,0.9,6,0.4,0.8657074340527577,-0.47961630695444085,-0.30509156553135686,0.36850519584332536,0.04513734447316223,0.07259754738015609,-1.3589128697042356,3,6.134448678126581
geometry_similarity,test,0.9,6,0.5,0.864908073541167,-0.5595523581135168,1.6744964983252841,0.4836131095123901,0.03532993763672576,0.05987885513478522,-1.4388489208633115,3,7.985282004764912
geometry_similarity,test,0.9,6,0.6,0.8625099920063949,-0.7993605115907335,3.3808560615946726,0.5843325339728218,0.03369242752661667,0.05372184692214205,-1.6786570743405282,3,9.582214032005695
geometry_similarity,test,0.9,6,0.7,0.8625099920063949,-0.7993605115907335,5.510407151246244,0.7018385291766587,0.02781933422225078,0.048158043159165664,-1.6786570743405282,3,11.57465143192759
geometry_similarity,test,0.9,6,0.8,0.8609112709832134,-0.959232613908878,7.582050110922615,0.8169464428457234,0.025933547746873165,0.04442947891740386,-1.8385291766586727,3,13.515546966990444
geometry_similarity,test,0.9,6,0.9,0.8609112709832134,-0.959232613908878,9.145787115577013,0.8928856914468425,0.0235865993702681,0.04128450994809083,-1.8385291766586727,3,14.979961994232475
geometry_similarity,test,0.9,6,1.0,0.8601119104716227,-1.0391686650679504,11.201389795119399,1.0,0.02182327552070959,0.03764921946740129,-1.918465227817745,3,16.905696970080175
geometry_similarity,test,0.9,7,0.1,0.873701039168665,0.319744204636289,-5.513343338118244,0.08952837729816147,0.09897435897435898,0.10950080515297907,-0.5595523581135057,3,1.259511768853272
geometry_similarity,test,0.9,7,0.2,0.8705035971223022,-3.700743415417189e-15,-4.41183827047719,0.16306954436450838,0.07525049361374417,0.09486036838978015,-0.8792965627497984,3,2.289766181040128
geometry_similarity,test,0.9,7,0.3,0.86810551558753,-0.23980815347722043,-2.554645700117445,0.26298960831334933,0.0538871676185499,0.07241721695856063,-1.1191047162270151,3,4.024321189418353
geometry_similarity,test,0.9,7,0.4,0.8657074340527577,-0.47961630695444085,-0.8444799686806892,0.36850519584332536,0.04513734447316223,0.07259754738015609,-1.3589128697042356,3,5.626376166957326
geometry_similarity,test,0.9,7,0.5,0.864908073541167,-0.5595523581135168,1.1285288616294669,0.4836131095123901,0.03532993763672576,0.05987885513478522,-1.4388489208633115,3,7.471072019245117
geometry_similarity,test,0.9,7,0.6,0.8625099920063949,-0.7993605115907335,2.822980555918042,0.5843325339728218,0.03369242752661667,0.05372184692214205,-1.6786570743405282,3,9.05697554117717
geometry_similarity,test,0.9,7,0.7,0.8625099920063949,-0.7993605115907335,4.932358954282475,0.7018385291766587,0.02781933422225078,0.048158043159165664,-1.6786570743405282,3,11.030750351966212
geometry_similarity,test,0.9,7,0.8,0.8609112709832134,-0.959232613908878,6.966048979946926,0.8169464428457234,0.025933547746873165,0.04442947891740386,-1.8385291766586727,3,12.935797634560053
geometry_similarity,test,0.9,7,0.9,0.8609112709832134,-0.959232613908878,8.514724433424677,0.8928856914468425,0.0235865993702681,0.04128450994809083,-1.8385291766586727,3,14.386106997652023
geometry_similarity,test,0.9,7,1.0,0.8601119104716227,-1.0391686650679504,10.535962851798686,1.0,0.02182327552070959,0.03764921946740129,-1.918465227817745,3,16.27934076934925
geometry_similarity,test,0.9,8,0.1,0.8745003996802558,0.3996802557953612,-5.7063704380355835,0.08952837729816147,0.08564102564102564,0.09500805152979065,-0.47961630695443347,3,1.0783721528709693
geometry_similarity,test,0.9,8,0.2,0.8713029576338929,0.07993605115907225,-4.670983948845109,0.16306954436450838,0.06815829503218389,0.08728461081402257,-0.7993605115907224,3,2.046624700888385
geometry_similarity,test,0.9,8,0.3,0.8689048760991207,-0.1598721023181445,-3.1807603636521944,0.26298960831334933,0.05014184926648998,0.06854124796631257,-1.0391686650679393,3,3.440398952638235
geometry_similarity,test,0.9,8,0.4,0.8673061550759392,-0.31974420463629266,-1.7478467962938875,0.36850519584332536,0.03996814329506522,0.06736677814938685,-1.1990407673860874,3,4.78194075026525
geometry_similarity,test,0.9,8,0.5,0.8673061550759392,-0.31974420463629266,0.0028818130410113163,0.4836131095123901,0.029437533331156604,0.0538909696213067,-1.1990407673860874,3,6.4187575386222075
geometry_similarity,test,0.9,8,0.6,0.8657074340527577,-0.47961630695444085,1.5295902388098637,0.5843325339728218,0.027350171606475272,0.04728765505959354,-1.3589128697042356,3,7.847785532518045
geometry_similarity,test,0.9,8,0.7,0.8657074340527577,-0.47961630695444085,3.4908543216320753,0.7018385291766587,0.022517122370732126,0.04280259971347302,-1.3589128697042356,3,9.683355178901861
geometry_similarity,test,0.9,8,0.8,0.8641087130295764,-0.6394884092725853,5.355931097481396,0.8169464428457234,0.021432450067474337,0.03988593209630321,-1.51878497202238,3,11.42979947419595
geometry_similarity,test,0.9,8,0.9,0.8641087130295764,-0.6394884092725853,6.6954304232458925,0.8928856914468425,0.01947994821446834,0.03714604102882059,-1.51878497202238,3,12.682806125588794
geometry_similarity,test,0.9,8,1.0,0.8633093525179856,-0.7194244604316576,8.566923311148804,1.0,0.018185237982101844,0.03397612488521579,-1.5987210231814524,3,14.436186855803872
geometry_similarity,test,0.92,4,0.1,0.8752997601918465,0.47961630695443347,-5.670483709600253,0.08952837729816147,0.06948717948717949,0.10950080515297907,-0.3996802557953612,3,1.1124708853068488
geometry_similarity,test,0.92,4,0.2,0.8729016786570744,0.23980815347721304,-4.647711949193097,0.16306954436450838,0.05535574326077279,0.08745296098237275,-0.6394884092725817,3,2.0689007173391913
geometry_similarity,test,0.92,4,0.3,0.8713029576338929,0.07993605115906854,-2.959730740789072,0.26298960831334933,0.038291006673551745,0.0640838836252273,-0.7993605115907262,3,3.645141596464404
geometry_similarity,test,0.92,4,0.4,0.8705035971223022,-3.700743415417189e-15,-1.3180760363652306,0.36850519584332536,0.0289299953917974,0.061467112597547384,-0.8792965627497984,3,5.183618026816198
geometry_similarity,test,0.92,4,0.5,0.8697042366107114,-0.07993605115907594,0.4939318804645672,0.4836131095123901,0.02375028569562804,0.05201831044527674,-0.9592326139088706,3,6.877537570769147
geometry_similarity,test,0.92,4,0.6,0.8673061550759392,-0.31974420463629266,2.024174605245984,0.5843325339728218,0.02420331077900019,0.0473043221429373,-1.1990407673860874,3,8.309406178095031
geometry_similarity,test,0.92,4,0.7,0.8673061550759392,-0.31974420463629266,3.9848949497585737,0.7018385291766587,0.01992902047723086,0.0428456208745066,-1.1990407673860874,3,10.14428210595388
geometry_similarity,test,0.92,4,0.8,0.8665067945643485,-0.39968025579536864,5.917775892818296,0.8169464428457234,0.01806126965646182,0.038755670475429334,-1.2789768185451633,3,11.955026209745364
geometry_similarity,test,0.92,4,0.9,0.8665067945643485,-0.39968025579536864,7.321925703597369,0.8928856914468425,0.016455629391000908,0.036149043130381024,-1.2789768185451633,3,13.269569067446497
geometry_similarity,test,0.92,4,1.0,0.8657074340527577,-0.47961630695444085,9.173789638522763,1.0,0.015462896966817139,0.03305785123966942,-1.3589128697042356,3,15.004155585144867
geometry_similarity,test,0.92,5,0.1,0.8752997601918465,0.47961630695443347,-5.670483709600253,0.08952837729816147,0.06948717948717949,0.10950080515297907,-0.3996802557953612,3,1.1124708853068488
geometry_similarity,test,0.92,5,0.2,0.8729016786570744,0.23980815347721304,-4.647711949193097,0.16306954436450838,0.05535574326077279,0.08745296098237275,-0.6394884092725817,3,2.0689007173391913
geometry_similarity,test,0.92,5,0.3,0.8713029576338929,0.07993605115906854,-2.959730740789072,0.26298960831334933,0.038291006673551745,0.0640838836252273,-0.7993605115907262,3,3.645141596464404
geometry_similarity,test,0.92,5,0.4,0.8705035971223022,-3.700743415417189e-15,-1.3180760363652306,0.36850519584332536,0.0289299953917974,0.061467112597547384,-0.8792965627497984,3,5.183618026816198
geometry_similarity,test,0.92,5,0.5,0.8697042366107114,-0.07993605115907594,0.4939318804645672,0.4836131095123901,0.02375028569562804,0.05201831044527674,-0.9592326139088706,3,6.877537570769147
geometry_similarity,test,0.92,5,0.6,0.8673061550759392,-0.31974420463629266,2.024174605245984,0.5843325339728218,0.02420331077900019,0.0473043221429373,-1.1990407673860874,3,8.309406178095031
geometry_similarity,test,0.92,5,0.7,0.8673061550759392,-0.31974420463629266,3.9848949497585737,0.7018385291766587,0.01992902047723086,0.0428456208745066,-1.1990407673860874,3,10.14428210595388
geometry_similarity,test,0.92,5,0.8,0.8665067945643485,-0.39968025579536864,5.913262864848397,0.8169464428457234,0.01806126965646182,0.038755670475429334,-1.2789768185451633,3,11.950854567264173
geometry_similarity,test,0.92,5,0.9,0.8665067945643485,-0.39968025579536864,7.3174126756274696,0.8928856914468425,0.016455629391000908,0.036149043130381024,-1.2789768185451633,3,13.265397424965304
geometry_similarity,test,0.92,5,1.0,0.8657074340527577,-0.47961630695444085,9.169276610552872,1.0,0.015462896966817139,0.03305785123966942,-1.3589128697042356,3,14.999983942663675
geometry_similarity,test,0.92,6,0.1,0.8752997601918465,0.47961630695443347,-5.670483709600253,0.08952837729816147,0.06948717948717949,0.10950080515297907,-0.3996802557953612,3,1.1124708853068488
geometry_similarity,test,0.92,6,0.2,0.8729016786570744,0.23980815347721304,-4.647711949193097,0.16306954436450838,0.05535574326077279,0.08745296098237275,-0.6394884092725817,3,2.0689007173391913
geometry_similarity,test,0.92,6,0.3,0.8713029576338929,0.07993605115906854,-2.959730740789072,0.26298960831334933,0.038291006673551745,0.0640838836252273,-0.7993605115907262,3,3.645141596464404
geometry_similarity,test,0.92,6,0.4,0.8705035971223022,-3.700743415417189e-15,-1.3180760363652306,0.36850519584332536,0.0289299953917974,0.061467112597547384,-0.8792965627497984,3,5.183618026816198
geometry_similarity,test,0.92,6,0.5,0.8697042366107114,-0.07993605115907594,0.4939318804645672,0.4836131095123901,0.02375028569562804,0.05201831044527674,-0.9592326139088706,3,6.877537570769147
geometry_similarity,test,0.92,6,0.6,0.8673061550759392,-0.31974420463629266,2.024174605245984,0.5843325339728218,0.02420331077900019,0.0473043221429373,-1.1990407673860874,3,8.309406178095031
geometry_similarity,test,0.92,6,0.7,0.8673061550759392,-0.31974420463629266,3.9848949497585737,0.7018385291766587,0.01992902047723086,0.0428456208745066,-1.1990407673860874,3,10.14428210595388
geometry_similarity,test,0.92,6,0.8,0.8665067945643485,-0.39968025579536864,5.912610378876848,0.8169464428457234,0.01806126965646182,0.038755670475429334,-1.2789768185451633,3,11.950251438230746
geometry_similarity,test,0.92,6,0.9,0.8665067945643485,-0.39968025579536864,7.316760189655917,0.8928856914468425,0.016455629391000908,0.036149043130381024,-1.2789768185451633,3,13.264794295931877
geometry_similarity,test,0.92,6,1.0,0.8657074340527577,-0.47961630695444085,9.164546087259119,1.0,0.015462896966817139,0.03305785123966942,-1.3589128697042356,3,14.995596626541074
geometry_similarity,test,0.92,7,0.1,0.8752997601918465,0.47961630695443347,-5.671190569402766,0.08952837729816147,0.06948717948717949,0.10950080515297907,-0.3996802557953612,3,1.111801645671188
geometry_similarity,test,0.92,7,0.2,0.8729016786570744,0.23980815347721304,-4.650974379050858,0.16306954436450838,0.05535574326077279,0.08745296098237275,-0.6394884092725817,3,2.065853910000459
geometry_similarity,test,0.92,7,0.3,0.8713029576338929,0.07993605115906854,-2.964624385575713,0.26298960831334933,0.038291006673551745,0.0640838836252273,-0.7993605115907262,3,3.6405503899664424
geometry_similarity,test,0.92,7,0.4,0.8705035971223022,-3.700743415417189e-15,-1.3917525773195976,0.36850519584332536,0.0289299953917974,0.061467112597547384,-0.8792965627497984,3,5.113904655770744
geometry_similarity,test,0.92,7,0.5,0.8697042366107114,-0.07993605115907594,0.42025533951019306,0.4836131095123901,0.02375028569562804,0.05201831044527674,-0.9592326139088706,3,6.807824199723693
geometry_similarity,test,0.92,7,0.6,0.8673061550759392,-0.31974420463629266,1.939840793422935,0.5843325339728218,0.02420331077900019,0.0473043221429373,-1.1990407673860874,3,8.229841699503634
geometry_similarity,test,0.92,7,0.7,0.8673061550759392,-0.31974420463629266,3.8965374744442913,0.7018385291766587,0.01992902047723086,0.0428456208745066,-1.1990407673860874,3,10.060998331656357
geometry_similarity,test,0.92,7,0.8,0.8665067945643485,-0.39968025579536864,5.791411109661138,0.8169464428457234,0.01806126965646182,0.038755670475429334,-1.2789768185451633,3,11.835906559522387
geometry_similarity,test,0.92,7,0.9,0.8665067945643485,-0.39968025579536864,7.192189742920518,0.8928856914468425,0.016455629391000908,0.036149043130381024,-1.2789768185451633,3,13.147291973856339
geometry_similarity,test,0.92,7,1.0,0.8657074340527577,-0.47961630695444085,9.023663491234931,1.0,0.015462896966817139,0.03305785123966942,-1.3589128697042356,3,14.862684451010528
geometry_similarity,test,0.92,8,0.1,0.8760991207034372,0.5595523581135057,-5.836378267867248,0.08952837729816147,0.05615384615384616,0.09500805152979065,-0.319744204636289,3,0.9566165260254667
geometry_similarity,test,0.92,8,0.2,0.873701039168665,0.319744204636289,-4.8621079646787635,0.16306954436450838,0.04826354467921251,0.07987720340661517,-0.5595523581135057,3,1.8675712003614435
geometry_similarity,test,0.92,8,0.3,0.8721023181454837,0.1598721023181445,-3.447681499847762,0.26298960831334933,0.034545688321491824,0.06020791463297923,-0.7194244604316502,3,3.1902791487658733
geometry_similarity,test,0.92,8,0.4,0.8713029576338929,0.07993605115907225,-2.0897494453869347,0.36850519584332536,0.026385466129710884,0.058903010033444815,-0.7993605115907224,3,4.461628936832329
geometry_similarity,test,0.92,8,0.5,0.8713029576338929,0.07993605115907225,-0.44575666623167437,0.4836131095123901,0.01970973324191073,0.047903084107828175,-0.7993605115907224,3,5.998653806996734
geometry_similarity,test,0.92,8,0.6,0.8697042366107114,-0.07993605115907594,0.9594806211666381,0.5843325339728218,0.019390106846626377,0.04242051787728802,-0.9592326139088706,3,7.313711971770883
geometry_similarity,test,0.92,8,0.7,0.8697042366107114,-0.07993605115907594,2.8172713036669648,0.7018385291766587,0.015954829874052178,0.038828865514489996,-0.9592326139088706,3,9.05272015881829
geometry_similarity,test,0.92,8,0.8,0.8689048760991207,-0.1598721023181482,4.591924398625428,0.8169464428457234,0.014674999178846718,0.03533445810999646,-1.0391686650679428,3,10.7143739915093
geometry_similarity,test,0.92,8,0.9,0.8689048760991207,-0.1598721023181482,5.849862977945967,0.8928856914468425,0.013380969979267193,0.03304899581028004,-1.0391686650679428,3,11.891109680796237
geometry_similarity,test,0.92,8,1.0,0.8681055155875299,-0.23980815347722415,7.5947192135369015,1.0,0.012735606240595549,0.030303030303030304,-1.119104716227019,3,13.525666402456178
geometry_similarity,test,0.95,4,0.1,0.8776978417266187,0.7194244604316502,-5.903529949106094,0.08952837729816147,0.030000000000000002,0.08051529790660225,-0.1598721023181445,3,0.8934855519057853
geometry_similarity,test,0.95,4,0.2,0.8752997601918465,0.47961630695443347,-5.059430597242165,0.16306954436450838,0.03436862500921685,0.0723014458308576,-0.3996802557953612,3,1.6821900161289223
geometry_similarity,test,0.95,4,0.3,0.873701039168665,0.319744204636289,-3.789257905955027,0.26298960831334933,0.026924400977183835,0.05633194564073117,-0.5595523581135057,3,2.869793681767585
geometry_similarity,test,0.95,4,0.4,0.8729016786570744,0.23980815347721673,-2.4658532341554684,0.36850519584332536,0.021063159089846593,0.05633890746934225,-0.639488409272578,3,4.109475279591775
geometry_similarity,test,0.95,4,0.5,0.8729016786570744,0.23980815347721673,-0.9362086215146522,0.4836131095123901,0.015669180788193425,0.0458454709391039,-0.639488409272578,3,5.539721785168857
geometry_similarity,test,0.95,4,0.6,0.8713029576338929,0.07993605115906854,0.3644677889425352,0.5843325339728218,0.016105954902020155,0.040745476001241114,-0.7993605115907262,3,6.756813951178764
geometry_similarity,test,0.95,4,0.7,0.8713029576338929,0.07993605115906854,1.9376658401844253,0.7018385291766587,0.013308660519213469,0.03746832129680293,-0.7993605115907262,3,8.23018063142369
geometry_similarity,test,0.95,4,0.8,0.8713029576338929,0.07993605115906854,3.5127669755100213,0.8169464428457234,0.011288728701231616,0.03306664828204918,-0.7993605115907262,3,9.704873564092424
geometry_similarity,test,0.95,4,0.9,0.8713029576338929,0.07993605115906854,4.668537126451773,0.8928856914468425,0.010306310567533478,0.03095904950028008,-0.7993605115907262,3,10.785590362945582
geometry_similarity,test,0.95,4,1.0,0.8705035971223022,-3.700743415417189e-15,6.181271477663219,1.0,0.01000831551437396,0.02846648301193756,-0.8792965627497984,3,12.202146047857994
geometry_similarity,test,0.95,5,0.1,0.8776978417266187,0.7194244604316502,-5.903529949106094,0.08952837729816147,0.030000000000000002,0.08051529790660225,-0.1598721023181445,3,0.8934855519057853
geometry_similarity,test,0.95,5,0.2,0.8752997601918465,0.47961630695443347,-5.059430597242165,0.16306954436450838,0.03436862500921685,0.0723014458308576,-0.3996802557953612,3,1.6821900161289223
geometry_similarity,test,0.95,5,0.3,0.873701039168665,0.319744204636289,-3.789257905955027,0.26298960831334933,0.026924400977183835,0.05633194564073117,-0.5595523581135057,3,2.869793681767585
geometry_similarity,test,0.95,5,0.4,0.8729016786570744,0.23980815347721673,-2.4658532341554684,0.36850519584332536,0.021063159089846593,0.05633890746934225,-0.639488409272578,3,4.109475279591775
geometry_similarity,test,0.95,5,0.5,0.8729016786570744,0.23980815347721673,-0.9362086215146522,0.4836131095123901,0.015669180788193425,0.0458454709391039,-0.639488409272578,3,5.539721785168857
geometry_similarity,test,0.95,5,0.6,0.8713029576338929,0.07993605115906854,0.3644677889425352,0.5843325339728218,0.016105954902020155,0.040745476001241114,-0.7993605115907262,3,6.756813951178764
geometry_similarity,test,0.95,5,0.7,0.8713029576338929,0.07993605115906854,1.9376658401844253,0.7018385291766587,0.013308660519213469,0.03746832129680293,-0.7993605115907262,3,8.23018063142369
geometry_similarity,test,0.95,5,0.8,0.8713029576338929,0.07993605115906854,3.5103745269476647,0.8169464428457234,0.011288728701231616,0.03306664828204918,-0.7993605115907262,3,9.702662090969865
geometry_similarity,test,0.95,5,0.9,0.8713029576338929,0.07993605115906854,4.66614467788942,0.8928856914468425,0.010306310567533478,0.03095904950028008,-0.7993605115907262,3,10.783378889823021
geometry_similarity,test,0.95,5,1.0,0.8705035971223022,-3.700743415417189e-15,6.178879029100866,1.0,0.01000831551437396,0.02846648301193756,-0.8792965627497984,3,12.199934574735435
geometry_similarity,test,0.95,6,0.1,0.8776978417266187,0.7194244604316502,-5.903529949106094,0.08952837729816147,0.030000000000000002,0.08051529790660225,-0.1598721023181445,3,0.8934855519057853
geometry_similarity,test,0.95,6,0.2,0.8752997601918465,0.47961630695443347,-5.059430597242165,0.16306954436450838,0.03436862500921685,0.0723014458308576,-0.3996802557953612,3,1.6821900161289223
geometry_similarity,test,0.95,6,0.3,0.873701039168665,0.319744204636289,-3.789257905955027,0.26298960831334933,0.026924400977183835,0.05633194564073117,-0.5595523581135057,3,2.869793681767585
geometry_similarity,test,0.95,6,0.4,0.8729016786570744,0.23980815347721673,-2.4658532341554684,0.36850519584332536,0.021063159089846593,0.05633890746934225,-0.639488409272578,3,4.109475279591775
geometry_similarity,test,0.95,6,0.5,0.8729016786570744,0.23980815347721673,-0.9362086215146522,0.4836131095123901,0.015669180788193425,0.0458454709391039,-0.639488409272578,3,5.539721785168857
geometry_similarity,test,0.95,6,0.6,0.8713029576338929,0.07993605115906854,0.3644677889425352,0.5843325339728218,0.016105954902020155,0.040745476001241114,-0.7993605115907262,3,6.756813951178764
geometry_similarity,test,0.95,6,0.7,0.8713029576338929,0.07993605115906854,1.9376658401844253,0.7018385291766587,0.013308660519213469,0.03746832129680293,-0.7993605115907262,3,8.23018063142369
geometry_similarity,test,0.95,6,0.8,0.8713029576338929,0.07993605115906854,3.5097220409761154,0.8169464428457234,0.011288728701231616,0.03306664828204918,-0.7993605115907262,3,9.70205896193644
geometry_similarity,test,0.95,6,0.9,0.8713029576338929,0.07993605115906854,4.665492191917867,0.8928856914468425,0.010306310567533478,0.03095904950028008,-0.7993605115907262,3,10.782775760789598
geometry_similarity,test,0.95,6,1.0,0.8705035971223022,-3.700743415417189e-15,6.1782265431293135,1.0,0.01000831551437396,0.02846648301193756,-0.8792965627497984,3,12.199331445702011
geometry_similarity,test,0.95,7,0.1,0.8776978417266187,0.7194244604316502,-5.903529949106094,0.08952837729816147,0.030000000000000002,0.08051529790660225,-0.1598721023181445,3,0.8934855519057853
geometry_similarity,test,0.95,7,0.2,0.8752997601918465,0.47961630695443347,-5.059430597242165,0.16306954436450838,0.03436862500921685,0.0723014458308576,-0.3996802557953612,3,1.6821900161289223
geometry_similarity,test,0.95,7,0.3,0.873701039168665,0.319744204636289,-3.789257905955027,0.26298960831334933,0.026924400977183835,0.05633194564073117,-0.5595523581135057,3,2.869793681767585
geometry_similarity,test,0.95,7,0.4,0.8729016786570744,0.23980815347721673,-2.4658532341554684,0.36850519584332536,0.021063159089846593,0.05633890746934225,-0.639488409272578,3,4.109475279591775
geometry_similarity,test,0.95,7,0.5,0.8729016786570744,0.23980815347721673,-0.9362086215146522,0.4836131095123901,0.015669180788193425,0.0458454709391039,-0.639488409272578,3,5.539721785168857
geometry_similarity,test,0.95,7,0.6,0.8713029576338929,0.07993605115906854,0.35381051807386416,0.5843325339728218,0.016105954902020155,0.040745476001241114,-0.7993605115907262,3,6.746962843632816
geometry_similarity,test,0.95,7,0.7,0.8713029576338929,0.07993605115906854,1.9270085693157506,0.7018385291766587,0.013308660519213469,0.03746832129680293,-0.7993605115907262,3,8.220329523877743
geometry_similarity,test,0.95,7,0.8,0.8713029576338929,0.07993605115906854,3.4877550132672095,0.8169464428457234,0.011288728701231616,0.03306664828204918,-0.7993605115907262,3,9.681514650850097
geometry_similarity,test,0.95,7,0.9,0.8713029576338929,0.07993605115906854,4.643525164208961,0.8928856914468425,0.010306310567533478,0.03095904950028008,-0.7993605115907262,3,10.76223144970326
geometry_similarity,test,0.95,7,1.0,0.8705035971223022,-3.700743415417189e-15,6.156259515420407,1.0,0.01000831551437396,0.02846648301193756,-0.8792965627497984,3,12.17878713461567
geometry_similarity,test,0.95,8,0.1,0.8776978417266187,0.7194244604316502,-5.922941406759752,0.08952837729816147,0.030000000000000002,0.08051529790660225,-0.1598721023181445,3,0.8755424631613792
geometry_similarity,test,0.95,8,0.2,0.8752997601918465,0.47961630695443347,-5.090967419200491,0.16306954436450838,0.03436862500921685,0.0723014458308576,-0.3996802557953612,3,1.6528903165638524
geometry_similarity,test,0.95,8,0.3,0.873701039168665,0.319744204636289,-3.830473269824708,0.26298960831334933,0.026924400977183835,0.05633194564073117,-0.5595523581135057,3,2.831502457096724
geometry_similarity,test,0.95,8,0.4,0.8729016786570744,0.23980815347721673,-2.6213080168776473,0.36850519584332536,0.021063159089846593,0.05633890746934225,-0.639488409272578,3,3.963717563898946
geometry_similarity,test,0.95,8,0.5,0.8729016786570744,0.23980815347721673,-1.1339662447257481,0.4836131095123901,0.015669180788193425,0.0458454709391039,-0.639488409272578,3,5.354213736812345
geometry_similarity,test,0.95,8,0.6,0.8713029576338929,0.07993605115906854,0.1502348949497486,0.5843325339728218,0.016105954902020155,0.040745476001241114,-0.7993605115907262,3,6.556073565962572
geometry_similarity,test,0.95,8,0.7,0.8713029576338929,0.07993605115906854,1.7114707033798693,0.7018385291766587,0.013308660519213469,0.03746832129680293,-0.7993605115907262,3,8.018276359376923
geometry_similarity,test,0.95,8,0.8,0.8713029576338929,0.07993605115906854,3.2223563443385914,0.8169464428457234,0.011288728701231616,0.03306664828204918,-0.7993605115907262,3,9.43247713373092
geometry_similarity,test,0.95,8,0.9,0.8713029576338929,0.07993605115906854,4.359041280612463,0.8928856914468425,0.010306310567533478,0.03095904950028008,-0.7993605115907262,3,10.49546149647516
geometry_similarity,test,0.95,8,1.0,0.8705035971223022,-3.700743415417189e-15,5.839695071555958,1.0,0.01000831551437396,0.02846648301193756,-0.8792965627497984,3,11.882248730640411
geometry_similarity,test,0.98,4,0.1,0.8760991207034372,0.5595523581135057,-6.060452825264262,0.08952837729816147,0.05948717948717949,0.08051529790660225,-0.319744204636289,3,0.7467943764178253
geometry_similarity,test,0.98,4,0.2,0.873701039168665,0.319744204636289,-5.336084649180051,0.16306954436450838,0.04746065427375285,0.0723014458308576,-0.5595523581135057,3,1.4234427066181832
geometry_similarity,test,0.98,4,0.3,0.8721023181454837,0.1598721023181445,-4.288137805037199,0.26298960831334933,0.034768623937685865,0.05633194564073117,-0.7194244604316502,3,2.40359899995759
geometry_similarity,test,0.98,4,0.4,0.8713029576338929,0.07993605115907225,-3.13796815868459,0.36850519584332536,0.02646560878363487,0.05633890746934225,-0.7993605115907224,3,3.4811400010746008
geometry_similarity,test,0.98,4,0.5,0.8713029576338929,0.07993605115907225,-1.9532167558397557,0.4836131095123901,0.019529064768559333,0.0458454709391039,-0.7993605115907224,3,4.59022857696237
geometry_similarity,test,0.98,4,0.6,0.8697042366107114,-0.07993605115907594,-0.9043999304015005,0.5843325339728218,0.019268993817892315,0.040745476001241114,-0.9592326139088706,3,5.571731550743231
geometry_similarity,test,0.98,4,0.7,0.8697042366107114,-0.07993605115907594,0.34902562094914674,0.7018385291766587,0.015938765100886775,0.03746832129680293,-0.9592326139088706,3,6.745977139081002
geometry_similarity,test,0.98,4,0.8,0.8697042366107114,-0.07993605115907594,1.6542694332071783,0.8169464428457234,0.013541212330774157,0.03306664828204918,-0.9592326139088706,3,7.967425433480305
geometry_similarity,test,0.98,4,0.9,0.8697042366107114,-0.07993605115907594,2.5611705598329593,0.8928856914468425,0.012339303312600526,0.03095904950028008,-0.9592326139088706,3,8.814902238447653
geometry_similarity,test,0.98,4,1.0,0.8689048760991207,-0.15987210231815188,3.7592435512636393,1.0,0.011824859428209392,0.02846648301193756,-1.0391686650679466,3,9.937439816646004
geometry_similarity,test,0.98,5,0.1,0.8760991207034372,0.5595523581135057,-6.060452825264262,0.08952837729816147,0.05948717948717949,0.08051529790660225,-0.319744204636289,3,0.7467943764178253
geometry_similarity,test,0.98,5,0.2,0.873701039168665,0.319744204636289,-5.336084649180051,0.16306954436450838,0.04746065427375285,0.0723014458308576,-0.5595523581135057,3,1.4234427066181832
geometry_similarity,test,0.98,5,0.3,0.8721023181454837,0.1598721023181445,-4.288137805037199,0.26298960831334933,0.034768623937685865,0.05633194564073117,-0.7194244604316502,3,2.40359899995759
geometry_similarity,test,0.98,5,0.4,0.8713029576338929,0.07993605115907225,-3.13796815868459,0.36850519584332536,0.02646560878363487,0.05633890746934225,-0.7993605115907224,3,3.4811400010746008
geometry_similarity,test,0.98,5,0.5,0.8713029576338929,0.07993605115907225,-1.9532167558397557,0.4836131095123901,0.019529064768559333,0.0458454709391039,-0.7993605115907224,3,4.59022857696237
geometry_similarity,test,0.98,5,0.6,0.8697042366107114,-0.07993605115907594,-0.9043999304015005,0.5843325339728218,0.019268993817892315,0.040745476001241114,-0.9592326139088706,3,5.571731550743231
geometry_similarity,test,0.98,5,0.7,0.8697042366107114,-0.07993605115907594,0.34902562094914674,0.7018385291766587,0.015938765100886775,0.03746832129680293,-0.9592326139088706,3,6.745977139081002
geometry_similarity,test,0.98,5,0.8,0.8697042366107114,-0.07993605115907594,1.6542694332071783,0.8169464428457234,0.013541212330774157,0.03306664828204918,-0.9592326139088706,3,7.967425433480305
geometry_similarity,test,0.98,5,0.9,0.8697042366107114,-0.07993605115907594,2.5611705598329593,0.8928856914468425,0.012339303312600526,0.03095904950028008,-0.9592326139088706,3,8.814902238447653
geometry_similarity,test,0.98,5,1.0,0.8689048760991207,-0.15987210231815188,3.7592435512636393,1.0,0.011824859428209392,0.02846648301193756,-1.0391686650679466,3,9.937439816646004
geometry_similarity,test,0.98,6,0.1,0.8760991207034372,0.5595523581135057,-6.060452825264262,0.08952837729816147,0.05948717948717949,0.08051529790660225,-0.319744204636289,3,0.7467943764178253
geometry_similarity,test,0.98,6,0.2,0.873701039168665,0.319744204636289,-5.336084649180051,0.16306954436450838,0.04746065427375285,0.0723014458308576,-0.5595523581135057,3,1.4234427066181832
geometry_similarity,test,0.98,6,0.3,0.8721023181454837,0.1598721023181445,-4.288137805037199,0.26298960831334933,0.034768623937685865,0.05633194564073117,-0.7194244604316502,3,2.40359899995759
geometry_similarity,test,0.98,6,0.4,0.8713029576338929,0.07993605115907225,-3.13796815868459,0.36850519584332536,0.02646560878363487,0.05633890746934225,-0.7993605115907224,3,3.4811400010746008
geometry_similarity,test,0.98,6,0.5,0.8713029576338929,0.07993605115907225,-1.9532167558397557,0.4836131095123901,0.019529064768559333,0.0458454709391039,-0.7993605115907224,3,4.59022857696237
geometry_similarity,test,0.98,6,0.6,0.8697042366107114,-0.07993605115907594,-0.9043999304015005,0.5843325339728218,0.019268993817892315,0.040745476001241114,-0.9592326139088706,3,5.571731550743231
geometry_similarity,test,0.98,6,0.7,0.8697042366107114,-0.07993605115907594,0.34902562094914674,0.7018385291766587,0.015938765100886775,0.03746832129680293,-0.9592326139088706,3,6.745977139081002
geometry_similarity,test,0.98,6,0.8,0.8697042366107114,-0.07993605115907594,1.6542694332071783,0.8169464428457234,0.013541212330774157,0.03306664828204918,-0.9592326139088706,3,7.967425433480305
geometry_similarity,test,0.98,6,0.9,0.8697042366107114,-0.07993605115907594,2.5611705598329593,0.8928856914468425,0.012339303312600526,0.03095904950028008,-0.9592326139088706,3,8.814902238447653
geometry_similarity,test,0.98,6,1.0,0.8689048760991207,-0.15987210231815188,3.7592435512636393,1.0,0.011824859428209392,0.02846648301193756,-1.0391686650679466,3,9.937439816646004
geometry_similarity,test,0.98,7,0.1,0.8760991207034372,0.5595523581135057,-6.060452825264262,0.08952837729816147,0.05948717948717949,0.08051529790660225,-0.319744204636289,3,0.7467943764178253
geometry_similarity,test,0.98,7,0.2,0.873701039168665,0.319744204636289,-5.336084649180051,0.16306954436450838,0.04746065427375285,0.0723014458308576,-0.5595523581135057,3,1.4234427066181832
geometry_similarity,test,0.98,7,0.3,0.8721023181454837,0.1598721023181445,-4.288137805037199,0.26298960831334933,0.034768623937685865,0.05633194564073117,-0.7194244604316502,3,2.40359899995759
geometry_similarity,test,0.98,7,0.4,0.8713029576338929,0.07993605115907225,-3.13796815868459,0.36850519584332536,0.02646560878363487,0.05633890746934225,-0.7993605115907224,3,3.4811400010746008
geometry_similarity,test,0.98,7,0.5,0.8713029576338929,0.07993605115907225,-1.9532167558397557,0.4836131095123901,0.019529064768559333,0.0458454709391039,-0.7993605115907224,3,4.59022857696237
geometry_similarity,test,0.98,7,0.6,0.8697042366107114,-0.07993605115907594,-0.9043999304015005,0.5843325339728218,0.019268993817892315,0.040745476001241114,-0.9592326139088706,3,5.571731550743231
geometry_similarity,test,0.98,7,0.7,0.8697042366107114,-0.07993605115907594,0.34902562094914674,0.7018385291766587,0.015938765100886775,0.03746832129680293,-0.9592326139088706,3,6.745977139081002
geometry_similarity,test,0.98,7,0.8,0.8697042366107114,-0.07993605115907594,1.6542694332071783,0.8169464428457234,0.013541212330774157,0.03306664828204918,-0.9592326139088706,3,7.967425433480305
geometry_similarity,test,0.98,7,0.9,0.8697042366107114,-0.07993605115907594,2.5611705598329593,0.8928856914468425,0.012339303312600526,0.03095904950028008,-0.9592326139088706,3,8.814902238447653
geometry_similarity,test,0.98,7,1.0,0.8689048760991207,-0.15987210231815188,3.7592435512636393,1.0,0.011824859428209392,0.02846648301193756,-1.0391686650679466,3,9.937439816646004
geometry_similarity,test,0.98,8,0.1,0.8760991207034372,0.5595523581135057,-6.060452825264262,0.08952837729816147,0.05948717948717949,0.08051529790660225,-0.319744204636289,3,0.7467943764178253
geometry_similarity,test,0.98,8,0.2,0.873701039168665,0.319744204636289,-5.336084649180051,0.16306954436450838,0.04746065427375285,0.0723014458308576,-0.5595523581135057,3,1.4234427066181832
geometry_similarity,test,0.98,8,0.3,0.8721023181454837,0.1598721023181445,-4.288137805037199,0.26298960831334933,0.034768623937685865,0.05633194564073117,-0.7194244604316502,3,2.40359899995759
geometry_similarity,test,0.98,8,0.4,0.8713029576338929,0.07993605115907225,-3.2422571664709223,0.36850519584332536,0.02646560878363487,0.05633890746934225,-0.7993605115907224,3,3.3829321887718145
geometry_similarity,test,0.98,8,0.5,0.8713029576338929,0.07993605115907225,-2.057505763626081,0.4836131095123901,0.019529064768559333,0.0458454709391039,-0.7993605115907224,3,4.492020764659587
geometry_similarity,test,0.98,8,0.6,0.8697042366107114,-0.07993605115907594,-1.0086889381878332,0.5843325339728218,0.019268993817892315,0.040745476001241114,-0.9592326139088706,3,5.473523738440445
geometry_similarity,test,0.98,8,0.7,0.8697042366107114,-0.07993605115907594,0.24473661316281037,0.7018385291766587,0.015938765100886775,0.03746832129680293,-0.9592326139088706,3,6.647769326778212
geometry_similarity,test,0.98,8,0.8,0.8697042366107114,-0.07993605115907594,1.5499804254208456,0.8169464428457234,0.013541212330774157,0.03306664828204918,-0.9592326139088706,3,7.869217621177519
geometry_similarity,test,0.98,8,0.9,0.8697042366107114,-0.07993605115907594,2.4568815520466267,0.8928856914468425,0.012339303312600526,0.03095904950028008,-0.9592326139088706,3,8.716694426144862
geometry_similarity,test,0.98,8,1.0,0.8689048760991207,-0.15987210231815188,3.6549545434773067,1.0,0.011824859428209392,0.02846648301193756,-1.0391686650679466,3,9.839232004343216
learned_confidence,calibration,0.75,4,0.1,0.8677839851024208,0.7448789571694628,1.2128406861169894,0.1005586592178771,0.05664488017429194,0.07747821350762527,-0.5586592178770925,3,3.2727216258025362
learned_confidence,calibration,0.75,4,0.2,0.8659217877094972,0.5586592178770999,4.334418387189062,0.2011173184357542,0.03956529581529582,0.05096966205837174,-0.7448789571694555,3,6.331779657162321
learned_confidence,calibration,0.75,4,0.3,0.8621973929236499,0.18621973929236665,7.839860669507215,0.3016759776536313,0.03874254104157386,0.04609014675052411,-1.1173184357541888,3,9.764004819027795
learned_confidence,calibration,0.75,4,0.4,0.8603351955307262,3.700743415417189e-15,11.634650646684541,0.4022346368715084,0.0335583886697416,0.03909260673966557,-1.3035381750465518,3,13.473149330016506
learned_confidence,calibration,0.75,4,0.5,0.8547486033519553,-0.5586592178770888,14.968324240808869,0.5027932960893855,0.0391351943076081,0.04745418455430919,-1.8621973929236442,3,16.738583265789202
learned_confidence,calibration,0.75,4,0.6,0.8547486033519553,-0.5586592178770888,18.118383030312202,0.6033519553072626,0.03294498381877022,0.04000792236086354,-1.8621973929236442,3,19.821309929359934
learned_confidence,calibration,0.75,4,0.7,0.8491620111731844,-1.117318435754185,21.167371762639117,0.7039106145251397,0.03673128125202935,0.04048852965545062,-2.4208566108007403,3,22.807032247416256
learned_confidence,calibration,0.75,4,0.8,0.8472998137802608,-1.303538175046548,23.795823361801826,0.8044692737430168,0.035521964043419264,0.041396601701945215,-2.6070763500931036,3,25.38082871061135
learned_confidence,calibration,0.75,4,0.9,0.8435754189944135,-1.6759776536312776,26.5307639862938,0.9050279329608939,0.036834527905956475,0.04215779309426298,-2.979515828677833,3,28.059760987103335
learned_confidence,calibration,0.75,4,1.0,0.8435754189944135,-1.6759776536312776,28.75052456871945,1.0,0.03410637487070608,0.04329004329004329,-2.979515828677833,3,30.23305668310849
learned_confidence,calibration,0.75,5,0.1,0.8677839851024208,0.7448789571694628,1.208177853055233,0.1005586592178771,0.05664488017429194,0.07747821350762527,-0.5586592178770925,3,3.2681384132430455
learned_confidence,calibration,0.75,5,0.2,0.8659217877094972,0.5586592178770999,4.326857036278109,0.2011173184357542,0.03956529581529582,0.05096966205837174,-0.7448789571694555,3,6.324347420579368
learned_confidence,calibration,0.75,5,0.3,0.8621973929236499,0.18621973929236665,7.736270162027152,0.3016759776536313,0.03874254104157386,0.04609014675052411,-1.1173184357541888,3,9.663288580104068
learned_confidence,calibration,0.75,5,0.4,0.8603351955307262,3.700743415417189e-15,11.496655992559639,0.4022346368715084,0.0335583886697416,0.03909260673966557,-1.3035381750465518,3,13.339102687904784
learned_confidence,calibration,0.75,5,0.5,0.8528864059590316,-0.7448789571694555,14.792648854644378,0.5027932960893855,0.043103448275862065,0.051470248811337306,-2.0484171322160107,3,16.567467347950675
learned_confidence,calibration,0.75,5,0.6,0.8528864059590316,-0.7448789571694555,17.915108713322727,0.6033519553072626,0.036278317152103556,0.04337492572786691,-2.0484171322160107,3,19.623443966792376
learned_confidence,calibration,0.75,5,0.7,0.8472998137802608,-1.3035381750465518,20.9579223424057,0.7039106145251397,0.0395561400090915,0.04336209287384143,-2.607076350093107,3,22.603155917239555
learned_confidence,calibration,0.75,5,0.8,0.845437616387337,-1.4897579143389146,23.582971333658477,0.8044692737430168,0.03804721656867179,0.04396070426604778,-2.79329608938547,3,25.173607873972312
learned_confidence,calibration,0.75,5,0.9,0.8417132216014898,-1.8621973929236442,26.302537211298183,0.9050279329608939,0.039149342720771294,0.044505210934638564,-3.1657355679701995,3,27.837512537104068
learned_confidence,calibration,0.75,5,1.0,0.8417132216014898,-1.8621973929236442,28.512972127600314,1.0,0.036243127007458215,0.045454545454545456,-3.1657355679701995,3,30.001690118382704
learned_confidence,calibration,0.75,6,0.1,0.8659217877094972,0.5586592178770963,1.0903468013595357,0.1005586592178771,0.07625272331154684,0.09708605664488017,-0.7448789571694592,3,3.1525165003383018
learned_confidence,calibration,0.75,6,0.2,0.8640595903165735,0.3724394785847333,4.11022433267928,0.2011173184357542,0.049666305916305914,0.0613863287250384,-0.9310986964618221,3,6.11168117673333
learned_confidence,calibration,0.75,6,0.3,0.8621973929236499,0.18621973929236665,7.280950814672556,0.3016759776536313,0.03874254104157386,0.04609014675052411,-1.1173184357541888,3,9.216516751969168
learned_confidence,calibration,0.75,6,0.4,0.8603351955307262,3.700743415417189e-15,10.876751240376615,0.4022346368715084,0.0335583886697416,0.03909260673966557,-1.3035381750465518,3,12.730926557039378
learned_confidence,calibration,0.75,6,0.5,0.8528864059590316,-0.7448789571694555,14.069027572466105,0.5027932960893855,0.043103448275862065,0.051470248811337306,-2.0484171322160107,3,15.85760178875166
learned_confidence,calibration,0.75,6,0.6,0.8528864059590316,-0.7448789571694555,16.989851406852353,0.6033519553072626,0.036278317152103556,0.04337492572786691,-2.0484171322160107,3,18.716794632657912
learned_confidence,calibration,0.75,6,0.7,0.8472998137802608,-1.3035381750465518,19.838086272493456,0.7039106145251397,0.0395561400090915,0.04336209287384143,-2.607076350093107,3,21.50526552406671
learned_confidence,calibration,0.75,6,0.8,0.845437616387337,-1.4897579143389146,22.355259990749946,0.8044692737430168,0.03804721656867179,0.04396070426604778,-2.79329608938547,3,23.970183514108548
learned_confidence,calibration,0.75,6,0.9,0.8417132216014898,-1.8621973929236442,24.89599991934559,0.9050279329608939,0.039149342720771294,0.044505210934638564,-3.1657355679701995,3,26.459021749596076
learned_confidence,calibration,0.75,6,1.0,0.8417132216014898,-1.8621973929236442,27.036240294691055,1.0,0.036243127007458215,0.045454545454545456,-3.1657355679701995,3,28.554569267010013
learned_confidence,calibration,0.75,7,0.1,0.8677839851024208,0.7448789571694628,0.525891955856835,0.1005586592178771,0.05664488017429194,0.07747821350762527,-0.5586592178770925,3,2.6014800609788926
learned_confidence,calibration,0.75,7,0.2,0.8659217877094972,0.5586592178770999,3.227562636340612,0.2011173184357542,0.03956529581529582,0.05096966205837174,-0.7448789571694555,3,5.247900710155696
learned_confidence,calibration,0.75,7,0.3,0.8640595903165735,0.3724394785847333,5.851225379926388,0.3016759776536313,0.03220659332915556,0.039423480083857446,-0.9310986964618221,3,7.816585080446063
learned_confidence,calibration,0.75,7,0.4,0.8621973929236499,0.18621973929237035,9.062279066778071,0.4022346368715084,0.028656427885427875,0.03419064595535184,-1.117318435754185,3,10.953363184153282
learned_confidence,calibration,0.75,7,0.5,0.8566108007448789,-0.37243947858472587,11.879764438714636,0.5027932960893855,0.03516694033935413,0.04343812029728108,-1.6759776536312814,3,13.713978772031322
learned_confidence,calibration,0.75,7,0.6,0.8566108007448789,-0.37243947858472587,14.350561871383949,0.6033519553072626,0.029611650485436892,0.03664091899386017,-1.6759776536312814,3,16.133234019010914
learned_confidence,calibration,0.75,7,0.7,0.851024208566108,-0.9310986964618221,16.73037104809146,0.7039106145251397,0.033857718033638545,0.03753867714807599,-2.2346368715083775,3,18.46283253323022
learned_confidence,calibration,0.75,7,0.8,0.8491620111731844,-1.117318435754185,18.949123450395653,0.8044692737430168,0.0329177973767526,0.03875109905644257,-2.4208566108007403,3,20.63594665296595
learned_confidence,calibration,0.75,7,0.9,0.845437616387337,-1.4897579143389146,21.297174953277157,0.9050279329608939,0.03450352557495415,0.03979372690040955,-2.79329608938547,3,22.936141270841077
learned_confidence,calibration,0.75,7,1.0,0.845437616387337,-1.4897579143389146,23.238173732118987,1.0,0.03196962273395394,0.04112554112554113,-2.79329608938547,3,24.837197458877252
learned_confidence,calibration,0.75,8,0.1,0.8696461824953445,0.9310986964618259,-0.4257040562866872,0.1005586592178771,0.03812636165577342,0.058959694989106755,-0.3724394785847296,3,1.668845204312593
learned_confidence,calibration,0.75,8,0.2,0.8677839851024208,0.7448789571694628,1.6734529791092578,0.2011173184357542,0.030041486291486293,0.04144585253456221,-0.5586592178770925,3,3.724579667228267
learned_confidence,calibration,0.75,8,0.3,0.8659217877094972,0.5586592178770999,3.5146419259264907,0.3016759776536313,0.02591728515305493,0.03313417190775681,-0.7448789571694555,3,5.5271423327301505
learned_confidence,calibration,0.75,8,0.4,0.8640595903165735,0.3724394785847333,6.093692699137636,0.4022346368715084,0.0239615922046767,0.029428741193447076,-0.9310986964618221,3,8.04556880738982
learned_confidence,calibration,0.75,8,0.5,0.8603351955307262,0.0,8.318620204685779,0.5027932960893855,0.02736726874657909,0.035590638415731894,-1.3035381750465553,3,10.22642260176854
learned_confidence,calibration,0.75,8,0.6,0.8603351955307262,0.0,10.265794086771551,0.6033519553072626,0.023042071197411005,0.030005941770647655,-1.3035381750465553,3,12.133673619273576
learned_confidence,calibration,0.75,8,0.7,0.8528864059590316,-0.7448789571694555,11.856198228375488,0.7039106145251397,0.03112864471718943,0.03476596358805697,-2.0484171322160107,3,13.690545816301432
learned_confidence,calibration,0.75,8,0.8,0.851024208566108,-0.9310986964618221,13.47142880547039,0.8044692737430168,0.030509149329112015,0.03628796987575614,-2.2346368715083775,3,15.273321596683813
learned_confidence,calibration,0.75,8,0.9,0.8472998137802608,-1.3035381750465518,15.234861860419993,0.9050279329608939,0.03225213939499654,0.037495560439072574,-2.607076350093107,3,17.001525519846577
learned_confidence,calibration,0.75,8,1.0,0.8472998137802608,-1.3035381750465518,16.64039097225111,1.0,0.029846480483423157,0.03896103896103896,-2.607076350093107,3,18.37887034621936
learned_confidence,calibration,0.8,4,0.1,0.8696461824953445,0.9310986964618259,0.7509681679729022,0.1005586592178771,0.03812636165577342,0.058959694989106755,-0.3724394785847296,3,2.8199322744233424
learned_confidence,calibration,0.8,4,0.2,0.8677839851024208,0.7448789571694628,3.3016638752679572,0.2011173184357542,0.030041486291486293,0.04144585253456221,-0.5586592178770925,3,5.319197493298311
learned_confidence,calibration,0.8,4,0.3,0.8677839851024208,0.7448789571694628,6.2213535070175645,0.3016759776536313,0.019627976976954304,0.026844863731656184,-0.5586592178770925,3,8.177964688529803
learned_confidence,calibration,0.8,4,0.4,0.8659217877094972,0.5586592178770999,9.521379089588155,0.4022346368715084,0.019266756523925524,0.024666836431542313,-0.7448789571694555,3,11.40235763653374
learned_confidence,calibration,0.8,4,0.5,0.8621973929236499,0.18621973929236665,12.45241074770419,0.5027932960893855,0.023535851122058016,0.03175922079121082,-1.1173184357541888,3,14.273931149383968
learned_confidence,calibration,0.8,4,0.6,0.8621973929236499,0.18621973929236665,15.206128726958363,0.6033519553072626,0.019805825242718445,0.026737967914438502,-1.1173184357541888,3,16.969193898368285
learned_confidence,calibration,0.8,4,0.7,0.8547486033519553,-0.5586592178770925,17.836470663848804,0.7039106145251397,0.02835086693941165,0.03191696073905412,-1.862197392923648,3,19.544332144005278
learned_confidence,calibration,0.8,4,0.8,0.8528864059590316,-0.7448789571694555,20.11268933307625,0.8044692737430168,0.02802158714005729,0.03374344061366962,-2.0484171322160107,3,21.77384490736747
learned_confidence,calibration,0.8,4,0.9,0.8491620111731844,-1.117318435754185,22.480904438386972,0.9050279329608939,0.029984565698851412,0.03518074562425776,-2.4208566108007403,3,24.093206281271716
learned_confidence,calibration,0.8,4,1.0,0.8491620111731844,-1.117318435754185,24.450636350690417,1.0,0.027723338232892372,0.03679653679653679,-2.4208566108007403,3,26.022174412112292
learned_confidence,calibration,0.8,5,0.1,0.8696461824953445,0.9310986964618259,0.7463053349111459,0.1005586592178771,0.03812636165577342,0.058959694989106755,-0.3724394785847296,3,2.8153490618638513
learned_confidence,calibration,0.8,5,0.2,0.8677839851024208,0.7448789571694628,3.2970010422062006,0.2011173184357542,0.030041486291486293,0.04144585253456221,-0.5586592178770925,3,5.31461428073882
learned_confidence,calibration,0.8,5,0.3,0.8677839851024208,0.7448789571694628,6.137296489390809,0.3016759776536313,0.019627976976954304,0.026844863731656184,-0.5586592178770925,3,8.096465160921095
learned_confidence,calibration,0.8,5,0.4,0.8659217877094972,0.5586592178770999,9.437322071961384,0.4022346368715084,0.019266756523925524,0.024666836431542313,-0.7448789571694555,3,11.320858108925021
learned_confidence,calibration,0.8,5,0.5,0.8621973929236499,0.18621973929236665,12.361296469227197,0.5027932960893855,0.023535851122058016,0.03175922079121082,-1.1173184357541888,3,14.185494867631158
learned_confidence,calibration,0.8,5,0.6,0.8621973929236499,0.18621973929236665,15.10405048966048,0.6033519553072626,0.019805825242718445,0.026737967914438502,-1.1173184357541888,3,16.870135839775347
learned_confidence,calibration,0.8,5,0.7,0.8547486033519553,-0.5586592178770925,17.73275413385356,0.7039106145251397,0.02835086693941165,0.03191696073905412,-1.862197392923648,3,19.443658935806003
learned_confidence,calibration,0.8,5,0.8,0.8528864059590316,-0.7448789571694555,20.008972803081,0.8044692737430168,0.02802158714005729,0.03374344061366962,-2.0484171322160107,3,21.673171699168186
learned_confidence,calibration,0.8,5,0.9,0.8491620111731844,-1.117318435754185,22.37718790839172,0.9050279329608939,0.029984565698851412,0.03518074562425776,-2.4208566108007403,3,23.992533073072437
learned_confidence,calibration,0.8,5,1.0,0.8491620111731844,-1.117318435754185,24.342383010148595,1.0,0.027723338232892372,0.03679653679653679,-2.4208566108007403,3,25.917041861963238
learned_confidence,calibration,0.8,6,0.1,0.8696461824953445,0.9310986964618259,0.7328209257866111,0.1005586592178771,0.03812636165577342,0.058959694989106755,-0.3724394785847296,3,2.8020778099102936
learned_confidence,calibration,0.8,6,0.2,0.8677839851024208,0.7448789571694628,3.2600764452577167,0.2011173184357542,0.030041486291486293,0.04144585253456221,-0.5586592178770925,3,5.278436504856964
learned_confidence,calibration,0.8,6,0.3,0.8677839851024208,0.7448789571694628,5.9904802592031166,0.3016759776536313,0.019627976976954304,0.026844863731656184,-0.5586592178770925,3,7.952619797792319
learned_confidence,calibration,0.8,6,0.4,0.8659217877094972,0.5586592178770999,9.277399500194708,0.4022346368715084,0.019266756523925524,0.024666836431542313,-0.7448789571694555,3,11.164315449343679
learned_confidence,calibration,0.8,6,0.5,0.8621973929236499,0.18621973929236665,12.137858549808515,0.5027932960893855,0.023535851122058016,0.03175922079121082,-1.1173184357541888,3,13.966421813810806
learned_confidence,calibration,0.8,6,0.6,0.8621973929236499,0.18621973929236665,14.816089042468327,0.6033519553072626,0.019805825242718445,0.026737967914438502,-1.1173184357541888,3,16.588553018803875
learned_confidence,calibration,0.8,6,0.7,0.8547486033519553,-0.5586592178770925,17.387578464768517,0.7039106145251397,0.02835086693941165,0.03191696073905412,-1.862197392923648,3,19.105853564087997
learned_confidence,calibration,0.8,6,0.8,0.8528864059590316,-0.7448789571694555,19.64388557659712,0.8044692737430168,0.02802158714005729,0.03374344061366962,-2.0484171322160107,3,21.315794771115073
learned_confidence,calibration,0.8,6,0.9,0.8491620111731844,-1.117318435754185,21.901830981123094,0.9050279329608939,0.029984565698851412,0.03518074562425776,-2.4208566108007403,3,23.52720218423895
learned_confidence,calibration,0.8,6,1.0,0.8491620111731844,-1.117318435754185,23.838671016963893,1.0,0.027723338232892372,0.03679653679653679,-2.4208566108007403,3,25.423926622424972
learned_confidence,calibration,0.8,7,0.1,0.8696461824953445,0.9310986964618259,0.29854733846749565,0.1005586592178771,0.03812636165577342,0.058959694989106755,-0.3724394785847296,3,2.3781994784595897
learned_confidence,calibration,0.8,7,0.2,0.8677839851024208,0.7448789571694628,2.668022668930037,0.2011173184357542,0.030041486291486293,0.04144585253456221,-0.5586592178770925,3,4.699476619449043
learned_confidence,calibration,0.8,7,0.3,0.8677839851024208,0.7448789571694628,5.062198412368357,0.3016759776536313,0.019627976976954304,0.026844863731656184,-0.5586592178770925,3,7.043798905126819
learned_confidence,calibration,0.8,7,0.4,0.8659217877094972,0.5586592178770999,8.068465512048391,0.4022346368715084,0.019266756523925524,0.024666836431542313,-0.7448789571694555,3,9.98008884102715
learned_confidence,calibration,0.8,7,0.5,0.8621973929236499,0.18621973929236665,10.673476923387138,0.5027932960893855,0.023535851122058016,0.03175922079121082,-1.1173184357541888,3,12.533319252648113
learned_confidence,calibration,0.8,7,0.6,0.8621973929236499,0.18621973929236665,13.049127357093623,0.6033519553072626,0.019805825242718445,0.026737967914438502,-1.1173184357541888,3,14.859248826252399
learned_confidence,calibration,0.8,7,0.7,0.8547486033519553,-0.5586592178770925,15.286909159190387,0.7039106145251397,0.02835086693941165,0.03191696073905412,-1.862197392923648,3,17.04960696436875
learned_confidence,calibration,0.8,7,0.8,0.8528864059590316,-0.7448789571694555,17.330238220360457,0.8044692737430168,0.02802158714005729,0.03374344061366962,-2.0484171322160107,3,19.051551341354745
learned_confidence,calibration,0.8,7,0.9,0.8491620111731844,-1.117318435754185,19.43027741336267,0.9050279329608939,0.029984565698851412,0.03518074562425776,-2.4208566108007403,3,21.108374833428048
learned_confidence,calibration,0.8,7,1.0,0.8491620111731844,-1.117318435754185,21.248026172355956,1.0,0.027723338232892372,0.03679653679653679,-2.4208566108007403,3,22.888723052512
learned_confidence,calibration,0.8,8,0.1,0.8696461824953445,0.9310986964618259,-0.47082011672204455,0.1005586592178771,0.03812636165577342,0.058959694989106755,-0.3724394785847296,3,1.6249197613295907
learned_confidence,calibration,0.8,8,0.2,0.8677839851024208,0.7448789571694628,1.4945010075500198,0.2011173184357542,0.030041486291486293,0.04144585253456221,-0.5586592178770925,3,3.549966576640854
learned_confidence,calibration,0.8,8,0.3,0.8659217877094972,0.5586592178770999,3.252515094346764,0.3016759776536313,0.02591728515305493,0.03313417190775681,-0.7448789571694555,3,5.271633426997454
learned_confidence,calibration,0.8,8,0.4,0.8640595903165735,0.3724394785847333,5.744232264536387,0.4022346368715084,0.0239615922046767,0.029428741193447076,-0.9310986964618221,3,7.704852090733227
learned_confidence,calibration,0.8,8,0.5,0.8603351955307262,0.0,7.88258230215411,0.5027932960893855,0.02736726874657909,0.035590638415731894,-1.3035381750465553,3,9.800811616623236
learned_confidence,calibration,0.8,8,0.6,0.8603351955307262,0.0,9.796864307777238,0.6033519553072626,0.023042071197411005,0.030005941770647655,-1.3035381750465553,3,11.675635399724094
learned_confidence,calibration,0.8,8,0.7,0.8528864059590316,-0.7448789571694555,11.377060625651385,0.7039106145251397,0.03112864471718943,0.03476596358805697,-2.0484171322160107,3,13.22249639886065
learned_confidence,calibration,0.8,8,0.8,0.851024208566108,-0.9310986964618221,12.959021258738098,0.8044692737430168,0.030509149329112015,0.03628796987575614,-2.2346368715083775,3,14.77261239351649
learned_confidence,calibration,0.8,8,0.9,0.8472998137802608,-1.3035381750465518,14.676708140676416,0.9050279329608939,0.03225213939499654,0.037495560439072574,-2.607076350093107,3,16.456008390525035
learned_confidence,calibration,0.8,8,1.0,0.8472998137802608,-1.3035381750465518,16.067492618231178,1.0,0.029846480483423157,0.03896103896103896,-2.607076350093107,3,17.81884251551171
learned_confidence,calibration,0.85,4,0.1,0.8696461824953445,0.9310986964618259,0.30194994637742595,0.1005586592178771,0.03812636165577342,0.058959694989106755,-0.3724394785847296,3,2.3811395010895575
learned_confidence,calibration,0.85,4,0.2,0.8677839851024208,0.7448789571694628,2.4484914474820116,0.2011173184357542,0.030041486291486293,0.04144585253456221,-0.5586592178770925,3,4.4845851900616704
learned_confidence,calibration,0.85,4,0.3,0.8659217877094972,0.5586592178770999,4.8100273594880525,0.3016759776536313,0.02591728515305493,0.03313417190775681,-0.7448789571694555,3,6.796306241365087
learned_confidence,calibration,0.85,4,0.4,0.8640595903165735,0.3724394785847333,7.698841475017933,0.4022346368715084,0.0239615922046767,0.029428741193447076,-0.9310986964618221,3,9.61679653188993
learned_confidence,calibration,0.85,4,0.5,0.8621973929236499,0.18621973929236665,10.18337536184215,0.5027932960893855,0.023399014778325122,0.03157457415870378,-1.1173184357541888,3,12.051536615070878
learned_confidence,calibration,0.85,4,0.6,0.8621973929236499,0.18621973929236665,12.446865757036162,0.6033519553072626,0.01970873786407767,0.026638938403644286,-1.1173184357541888,3,14.267618159850693
learned_confidence,calibration,0.85,4,0.7,0.8547486033519553,-0.5586592178770925,14.55875106646554,0.7039106145251397,0.028255081498798622,0.03181611108068234,-1.862197392923648,3,16.335856790303595
learned_confidence,calibration,0.85,4,0.8,0.8547486033519553,-0.5586592178770925,16.406871251617822,0.8044692737430168,0.02541742047339062,0.03364246723025349,-1.862197392923648,3,18.146816240779483
learned_confidence,calibration,0.85,4,0.9,0.8528864059590316,-0.7448789571694555,18.44074862414919,0.9050279329608939,0.025338748553034265,0.032784076404843564,-2.0484171322160107,3,20.13884916764885
learned_confidence,calibration,0.85,4,1.0,0.8528864059590316,-0.7448789571694555,20.08748483003974,1.0,0.0234498339593881,0.03463203463203463,-2.0484171322160107,3,21.75151735366183
learned_confidence,calibration,0.85,5,0.1,0.8696461824953445,0.9310986964618259,0.30194994637742595,0.1005586592178771,0.03812636165577342,0.058959694989106755,-0.3724394785847296,3,2.3811395010895575
learned_confidence,calibration,0.85,5,0.2,0.8677839851024208,0.7448789571694628,2.4484914474820116,0.2011173184357542,0.030041486291486293,0.04144585253456221,-0.5586592178770925,3,4.4845851900616704
learned_confidence,calibration,0.85,5,0.3,0.8659217877094972,0.5586592178770999,4.808389066790679,0.3016759776536313,0.02591728515305493,0.03313417190775681,-0.7448789571694555,3,6.794719079308512
learned_confidence,calibration,0.85,5,0.4,0.8640595903165735,0.3724394785847333,7.6972031823205596,0.4022346368715084,0.0239615922046767,0.029428741193447076,-0.9310986964618221,3,9.615209369833362
learned_confidence,calibration,0.85,5,0.5,0.8621973929236499,0.18621973929236665,10.18173706914478,0.5027932960893855,0.023399014778325122,0.03157457415870378,-1.1173184357541888,3,12.049949453014309
learned_confidence,calibration,0.85,5,0.6,0.8621973929236499,0.18621973929236665,12.443967239186959,0.6033519553072626,0.01970873786407767,0.026638938403644286,-1.1173184357541888,3,14.264810103904447
learned_confidence,calibration,0.85,5,0.7,0.8547486033519553,-0.5586592178770925,14.554214255918973,0.7039106145251397,0.028255081498798622,0.03181611108068234,-1.862197392923648,3,16.331433584751018
learned_confidence,calibration,0.85,5,0.8,0.8547486033519553,-0.5586592178770925,16.402334441071243,0.8044692737430168,0.02541742047339062,0.03364246723025349,-1.862197392923648,3,18.142393035226895
learned_confidence,calibration,0.85,5,0.9,0.8528864059590316,-0.7448789571694555,18.436211813602625,0.9050279329608939,0.025338748553034265,0.032784076404843564,-2.0484171322160107,3,20.134425962096273
learned_confidence,calibration,0.85,5,1.0,0.8528864059590316,-0.7448789571694555,20.082948019493163,1.0,0.0234498339593881,0.03463203463203463,-2.0484171322160107,3,21.74709414810925
learned_confidence,calibration,0.85,6,0.1,0.8696461824953445,0.9310986964618259,0.30194994637742595,0.1005586592178771,0.03812636165577342,0.058959694989106755,-0.3724394785847296,3,2.3811395010895575
learned_confidence,calibration,0.85,6,0.2,0.8677839851024208,0.7448789571694628,2.445718952147998,0.2011173184357542,0.030041486291486293,0.04144585253456221,-0.5586592178770925,3,4.4818992235044
learned_confidence,calibration,0.85,6,0.3,0.8659217877094972,0.5586592178770999,4.743739516502028,0.3016759776536313,0.02591728515305493,0.03313417190775681,-0.7448789571694555,3,6.731394327897115
learned_confidence,calibration,0.85,6,0.4,0.8640595903165735,0.3724394785847333,7.632553632031902,0.4022346368715084,0.0239615922046767,0.029428741193447076,-0.9310986964618221,3,9.551884618421957
learned_confidence,calibration,0.85,6,0.5,0.8621973929236499,0.18621973929236665,10.087724272818592,0.5027932960893855,0.023399014778325122,0.03157457415870378,-1.1173184357541888,3,11.95774798283131
learned_confidence,calibration,0.85,6,0.6,0.8621973929236499,0.18621973929236665,12.32260755706615,0.6033519553072626,0.01970873786407767,0.026638938403644286,-1.1173184357541888,3,14.146115236315596
learned_confidence,calibration,0.85,6,0.7,0.8547486033519553,-0.5586592178770925,14.41558948921815,0.7039106145251397,0.028255081498798622,0.03181611108068234,-1.862197392923648,3,16.195741311889382
learned_confidence,calibration,0.85,6,0.8,0.8547486033519553,-0.5586592178770925,16.263709674370425,0.8044692737430168,0.02541742047339062,0.03364246723025349,-1.862197392923648,3,18.006700762365263
learned_confidence,calibration,0.85,6,0.9,0.8528864059590316,-0.7448789571694555,18.21718468221533,0.9050279329608939,0.025338748553034265,0.032784076404843564,-2.0484171322160107,3,19.91976658296209
learned_confidence,calibration,0.85,6,1.0,0.8528864059590316,-0.7448789571694555,19.86392088810588,1.0,0.0234498339593881,0.03463203463203463,-2.0484171322160107,3,21.532434768975072
learned_confidence,calibration,0.85,7,0.1,0.8696461824953445,0.9310986964618259,0.1229979748181842,0.1005586592178771,0.03812636165577342,0.058959694989106755,-0.3724394785847296,3,2.2068567278467066
learned_confidence,calibration,0.85,7,0.2,0.8677839851024208,0.7448789571694628,2.242822702704076,0.2011173184357542,0.030041486291486293,0.04144585253456221,-0.5586592178770925,3,4.284048748601961
learned_confidence,calibration,0.85,7,0.3,0.8659217877094972,0.5586592178770999,4.367058218621349,0.3016759776536313,0.02591728515305493,0.03313417190775681,-0.7448789571694555,3,6.363103082752526
learned_confidence,calibration,0.85,7,0.4,0.8640595903165735,0.3724394785847333,7.161859537825033,0.4022346368715084,0.0239615922046767,0.029428741193447076,-0.9310986964618221,3,9.091887945783702
learned_confidence,calibration,0.85,7,0.5,0.8621973929236499,0.18621973929236665,9.508524793039534,0.5027932960893855,0.023399014778325122,0.03157457415870378,-1.1173184357541888,3,11.392314966607312
learned_confidence,calibration,0.85,7,0.6,0.8621973929236499,0.18621973929236665,11.621166237560013,0.6033519553072626,0.01970873786407767,0.026638938403644286,-1.1173184357541888,3,13.461089136700126
learned_confidence,calibration,0.85,7,0.7,0.8547486033519553,-0.5586592178770925,13.595560982925214,0.7039106145251397,0.028255081498798622,0.03181611108068234,-1.862197392923648,3,15.394139960161914
learned_confidence,calibration,0.85,7,0.8,0.8547486033519553,-0.5586592178770925,15.41608223725251,0.8044692737430168,0.02541742047339062,0.03364246723025349,-1.862197392923648,3,17.178002638396688
learned_confidence,calibration,0.85,7,0.9,0.8528864059590316,-0.7448789571694555,17.289911015502035,0.9050279329608939,0.025338748553034265,0.032784076404843564,-2.0484171322160107,3,19.01303699749602
learned_confidence,calibration,0.85,7,1.0,0.8528864059590316,-0.7448789571694555,18.90350329989957,1.0,0.0234498339593881,0.03463203463203463,-2.0484171322160107,3,20.593299991566358
learned_confidence,calibration,0.85,8,0.1,0.8696461824953445,0.9310986964618259,-0.5130376593082057,0.1005586592178771,0.03812636165577342,0.058959694989106755,-0.3724394785847296,3,1.5833911233242366
learned_confidence,calibration,0.85,8,0.2,0.8677839851024208,0.7448789571694628,1.4295994122309974,0.2011173184357542,0.030041486291486293,0.04144585253456221,-0.5586592178770925,3,3.4864386927516997
learned_confidence,calibration,0.85,8,0.3,0.8659217877094972,0.5586592178770999,3.1595104781420282,0.3016759776536313,0.02591728515305493,0.03313417190775681,-0.7448789571694555,3,5.180527629232968
learned_confidence,calibration,0.85,8,0.4,0.8640595903165735,0.3724394785847333,5.577504476949861,0.4022346368715084,0.0239615922046767,0.029428741193447076,-0.9310986964618221,3,7.541278130398702
learned_confidence,calibration,0.85,8,0.5,0.8603351955307262,0.0,7.618313087816283,0.5027932960893855,0.02736726874657909,0.035590638415731894,-1.3035381750465553,3,9.54221278661422
learned_confidence,calibration,0.85,8,0.6,0.8603351955307262,0.0,9.431020946202258,0.6033519553072626,0.023042071197411005,0.030005941770647655,-1.3035381750465553,3,11.317725075419512
learned_confidence,calibration,0.85,8,0.7,0.8528864059590316,-0.7448789571694555,10.903972103656049,0.7039106145251397,0.03112864471718943,0.03476596358805697,-2.0484171322160107,3,12.759994549520966
learned_confidence,calibration,0.85,8,0.8,0.8528864059590316,-0.7448789571694555,12.420905118908554,0.8044692737430168,0.02802158714005729,0.03628796987575614,-2.0484171322160107,3,14.246539063492136
learned_confidence,calibration,0.85,8,0.9,0.851024208566108,-0.9310986964618184,14.061844289100693,0.9050279329608939,0.027669750884036597,0.03514814259869699,-2.234636871508374,3,15.854454767165116
learned_confidence,calibration,0.85,8,1.0,0.851024208566108,-0.9310986964618184,15.374368784727082,1.0,0.025586586096140236,0.0367965367965368,-2.234636871508374,3,17.140672919185718
learned_confidence,calibration,0.88,4,0.1,0.8696461824953445,0.9310986964618259,-0.06565773041011062,0.1005586592178771,0.03812636165577342,0.058959694989106755,-0.3724394785847296,3,2.0216332647627753
learned_confidence,calibration,0.88,4,0.2,0.8677839851024208,0.7448789571694628,1.9076028123184579,0.2011173184357542,0.030041486291486293,0.04144585253456221,-0.5586592178770925,3,3.95496703881865
learned_confidence,calibration,0.88,4,0.3,0.8659217877094972,0.5586592178770999,3.996173956439064,0.3016759776536313,0.02591728515305493,0.03313417190775681,-0.7448789571694555,3,5.999458477075288
learned_confidence,calibration,0.88,4,0.4,0.8640595903165735,0.3724394785847333,6.495956567600373,0.4022346368715084,0.0239615922046767,0.029428741193447076,-0.9310986964618221,3,8.43986232854163
learned_confidence,calibration,0.88,4,0.5,0.8603351955307262,0.0,8.751885611883422,0.5027932960893855,0.02736726874657909,0.035590638415731894,-1.3035381750465553,3,10.651314925529542
learned_confidence,calibration,0.88,4,0.6,0.8603351955307262,0.0,10.776815385836839,0.6033519553072626,0.023042071197411005,0.030005941770647655,-1.3035381750465553,3,12.634441102830944
learned_confidence,calibration,0.88,4,0.7,0.8547486033519553,-0.5586592178770925,12.610190936712762,0.7039106145251397,0.028255081498798622,0.03181611108068234,-1.862197392923648,3,14.429503862864157
learned_confidence,calibration,0.88,4,0.8,0.8528864059590316,-0.7448789571694592,14.21256721725904,0.8044692737430168,0.027904982662445347,0.03364246723025349,-2.0484171322160147,3,15.999733354755808
learned_confidence,calibration,0.88,4,0.9,0.851024208566108,-0.9310986964618221,16.002465000396978,0.9050279329608939,0.02760632224917939,0.032784076404843564,-2.2346368715083775,3,17.752434960832357
learned_confidence,calibration,0.88,4,1.0,0.851024208566108,-0.9310986964618221,17.46735071687909,1.0,0.025572976209918885,0.03463203463203463,-2.2346368715083775,3,19.187630104938478
learned_confidence,calibration,0.88,5,0.1,0.8696461824953445,0.9310986964618259,-0.06565773041011062,0.1005586592178771,0.03812636165577342,0.058959694989106755,-0.3724394785847296,3,2.0216332647627753
learned_confidence,calibration,0.88,5,0.2,0.8677839851024208,0.7448789571694628,1.9076028123184579,0.2011173184357542,0.030041486291486293,0.04144585253456221,-0.5586592178770925,3,3.95496703881865
learned_confidence,calibration,0.88,5,0.3,0.8659217877094972,0.5586592178770999,3.994535663741687,0.3016759776536313,0.02591728515305493,0.03313417190775681,-0.7448789571694555,3,5.997871315018714
learned_confidence,calibration,0.88,5,0.4,0.8640595903165735,0.3724394785847333,6.494318274903,0.4022346368715084,0.0239615922046767,0.029428741193447076,-0.9310986964618221,3,8.438275166485054
learned_confidence,calibration,0.88,5,0.5,0.8603351955307262,0.0,8.750247319186045,0.5027932960893855,0.02736726874657909,0.035590638415731894,-1.3035381750465553,3,10.64972776347297
learned_confidence,calibration,0.88,5,0.6,0.8603351955307262,0.0,10.775177093139469,0.6033519553072626,0.023042071197411005,0.030005941770647655,-1.3035381750465553,3,12.632853940774377
learned_confidence,calibration,0.88,5,0.7,0.8547486033519553,-0.5586592178770925,12.606914351318014,0.7039106145251397,0.028255081498798622,0.03181611108068234,-1.862197392923648,3,14.426301551201249
learned_confidence,calibration,0.88,5,0.8,0.8528864059590316,-0.7448789571694592,14.209290631864295,0.8044692737430168,0.027904982662445347,0.03364246723025349,-2.0484171322160147,3,15.996531043092899
learned_confidence,calibration,0.88,5,0.9,0.851024208566108,-0.9310986964618221,15.99918841500223,0.9050279329608939,0.02760632224917939,0.032784076404843564,-2.2346368715083775,3,17.749232649169446
learned_confidence,calibration,0.88,5,1.0,0.851024208566108,-0.9310986964618221,17.464074131484335,1.0,0.025572976209918885,0.03463203463203463,-2.2346368715083775,3,19.184427793275564
learned_confidence,calibration,0.88,6,0.1,0.8696461824953445,0.9310986964618259,-0.06565773041011062,0.1005586592178771,0.03812636165577342,0.058959694989106755,-0.3724394785847296,3,2.0216332647627753
learned_confidence,calibration,0.88,6,0.2,0.8677839851024208,0.7448789571694628,1.9076028123184579,0.2011173184357542,0.030041486291486293,0.04144585253456221,-0.5586592178770925,3,3.95496703881865
learned_confidence,calibration,0.88,6,0.3,0.8659217877094972,0.5586592178770999,3.9899988531951203,0.3016759776536313,0.02591728515305493,0.03313417190775681,-0.7448789571694555,3,5.9934760970159076
learned_confidence,calibration,0.88,6,0.4,0.8640595903165735,0.3724394785847333,6.489781464356426,0.4022346368715084,0.0239615922046767,0.029428741193447076,-0.9310986964618221,3,8.433879948482241
learned_confidence,calibration,0.88,6,0.5,0.8603351955307262,0.0,8.72920155915056,0.5027932960893855,0.02736726874657909,0.035590638415731894,-1.3035381750465553,3,10.629105495597376
learned_confidence,calibration,0.88,6,0.6,0.8603351955307262,0.0,10.754131333103983,0.6033519553072626,0.023042071197411005,0.030005941770647655,-1.3035381750465553,3,12.612231672898782
learned_confidence,calibration,0.88,6,0.7,0.8547486033519553,-0.5586592178770925,12.576668947674197,0.7039106145251397,0.028255081498798622,0.03181611108068234,-1.862197392923648,3,14.396609597074672
learned_confidence,calibration,0.88,6,0.8,0.8528864059590316,-0.7448789571694592,14.179045228220485,0.8044692737430168,0.027904982662445347,0.03364246723025349,-2.0484171322160147,3,15.966839088966326
learned_confidence,calibration,0.88,6,0.9,0.851024208566108,-0.9310986964618221,15.968943011358409,0.9050279329608939,0.02760632224917939,0.032784076404843564,-2.2346368715083775,3,17.719540695042866
learned_confidence,calibration,0.88,6,1.0,0.851024208566108,-0.9310986964618221,17.43382872784052,1.0,0.025572976209918885,0.03463203463203463,-2.2346368715083775,3,19.154735839148984
learned_confidence,calibration,0.88,7,0.1,0.8696461824953445,0.9310986964618259,-0.07145476610851038,0.1005586592178771,0.03812636165577342,0.058959694989106755,-0.3724394785847296,3,2.015918120001888
learned_confidence,calibration,0.88,7,0.2,0.8677839851024208,0.7448789571694628,1.9006715739834183,0.2011173184357542,0.030041486291486293,0.04144585253456221,-0.5586592178770925,3,3.948153089557057
learned_confidence,calibration,0.88,7,0.3,0.8659217877094972,0.5586592178770999,3.8841399404417665,0.3016759776536313,0.02591728515305493,0.03313417190775681,-0.7448789571694555,3,5.88977626803416
learned_confidence,calibration,0.88,7,0.4,0.8640595903165735,0.3724394785847333,6.361364521385404,0.4022346368715084,0.0239615922046767,0.029428741193447076,-0.9310986964618221,3,8.308005338497301
learned_confidence,calibration,0.88,7,0.5,0.8603351955307262,0.0,8.542310169134822,0.5027932960893855,0.02736726874657909,0.035590638415731894,-1.3035381750465553,3,10.446511941522521
learned_confidence,calibration,0.88,7,0.6,0.8603351955307262,0.0,10.524770355471713,0.6033519553072626,0.023042071197411005,0.030005941770647655,-1.3035381750465553,3,12.388087098826194
learned_confidence,calibration,0.88,7,0.7,0.8547486033519553,-0.5586592178770925,12.342897182010544,0.7039106145251397,0.028255081498798622,0.03181611108068234,-1.862197392923648,3,14.168116543292719
learned_confidence,calibration,0.88,7,0.8,0.8528864059590316,-0.7448789571694592,13.945273462556829,0.8044692737430168,0.027904982662445347,0.03364246723025349,-2.0484171322160147,3,15.73834603518437
learned_confidence,calibration,0.88,7,0.9,0.851024208566108,-0.9310986964618221,15.704295729475035,0.9050279329608939,0.02760632224917939,0.032784076404843564,-2.2346368715083775,3,17.460778010143436
learned_confidence,calibration,0.88,7,1.0,0.851024208566108,-0.9310986964618221,17.161368050015817,1.0,0.025572976209918885,0.03463203463203463,-2.2346368715083775,3,18.888293176447167
learned_confidence,calibration,0.88,8,0.1,0.8696461824953445,0.9310986964618259,-0.6170062343338204,0.1005586592178771,0.03812636165577342,0.058959694989106755,-0.3724394785847296,3,1.4812092185481407
learned_confidence,calibration,0.88,8,0.2,0.8677839851024208,0.7448789571694628,1.2264511177567068,0.2011173184357542,0.030041486291486293,0.04144585253456221,-0.5586592178770925,3,3.2869029426572736
learned_confidence,calibration,0.88,8,0.3,0.8659217877094972,0.5586592178770999,2.909229762989466,0.3016759776536313,0.02591728515305493,0.03313417190775681,-0.7448789571694555,3,4.934906517126647
learned_confidence,calibration,0.88,8,0.4,0.8640595903165735,0.3724394785847333,5.140080326751188,0.4022346368715084,0.0239615922046767,0.029428741193447076,-0.9310986964618221,3,7.112298812339387
learned_confidence,calibration,0.88,8,0.5,0.8603351955307262,0.0,7.088262388958422,0.5027932960893855,0.02736726874657909,0.035590638415731894,-1.3035381750465553,3,9.022876907826179
learned_confidence,calibration,0.88,8,0.6,0.8603351955307262,0.0,8.870976888730945,0.6033519553072626,0.023042071197411005,0.030005941770647655,-1.3035381750465553,3,10.769119031375503
learned_confidence,calibration,0.88,8,0.7,0.8547486033519553,-0.5586592178770925,10.278900428350543,0.7039106145251397,0.028255081498798622,0.03181611108068234,-1.862197392923648,3,12.148099242768803
learned_confidence,calibration,0.88,8,0.8,0.8528864059590316,-0.7448789571694592,11.710138133278898,0.8044692737430168,0.027904982662445347,0.03364246723025349,-2.0484171322160147,3,13.550960218914513
learned_confidence,calibration,0.88,8,0.9,0.851024208566108,-0.9310986964618221,13.301172387458756,0.9050279329608939,0.02760632224917939,0.032784076404843564,-2.2346368715083775,3,15.109846261326021
learned_confidence,calibration,0.88,8,1.0,0.851024208566108,-0.9310986964618221,14.557490841313717,1.0,0.025572976209918885,0.03463203463203463,-2.2346368715083775,3,16.34130221394746
learned_confidence,calibration,0.9,4,0.1,0.8696461824953445,0.9310986964618259,-0.21587656850771872,0.1005586592178771,0.03812636165577342,0.058959694989106755,-0.3724394785847296,3,1.8743703297660397
learned_confidence,calibration,0.9,4,0.2,0.8696461824953445,0.9310986964618259,1.5388609328942777,0.2011173184357542,0.019624819624819625,0.0306931643625192,-0.3724394785847296,3,3.593345228309223
learned_confidence,calibration,0.9,4,0.3,0.8677839851024208,0.7448789571694628,3.451756690850394,0.3016759776536313,0.019114564064619557,0.026189727463312367,-0.5586592178770925,3,5.465577241466712
learned_confidence,calibration,0.9,4,0.4,0.8677839851024208,0.7448789571694628,5.782417086636704,0.4022346368715084,0.014291632145816073,0.024378236142942024,-0.5586592178770925,3,7.740787740999345
learned_confidence,calibration,0.9,4,0.5,0.8640595903165735,0.3724394785847333,7.874390838667245,0.5027932960893855,0.01956759715380405,0.03157457415870378,-0.9310986964618221,3,9.791813413675865
learned_confidence,calibration,0.9,4,0.6,0.8640595903165735,0.3724394785847333,9.785900348956352,0.6033519553072626,0.016472491909385115,0.026638938403644286,-0.9310986964618221,3,11.663755254174283
learned_confidence,calibration,0.9,4,0.7,0.8584729981378026,-0.18621973929236293,11.479894998040356,0.7039106145251397,0.0226524449639587,0.028942547862291532,-1.4897579143389184,3,13.322127839580633
learned_confidence,calibration,0.9,4,0.8,0.8566108007448789,-0.37243947858472587,12.952594110463785,0.8044692737430168,0.022892167948138097,0.031078364666150927,-1.6759776536312814,3,14.765070186276482
learned_confidence,calibration,0.9,4,0.9,0.8547486033519553,-0.5586592178770925,14.39290543648529,0.9050279329608939,0.02302393373821945,0.030436658564467974,-1.862197392923648,3,16.174515417873646
learned_confidence,calibration,0.9,4,1.0,0.8547486033519553,-0.5586592178770925,15.655398993584202,1.0,0.021313081822635964,0.032467532467532464,-1.862197392923648,3,17.411686265379092
learned_confidence,calibration,0.9,5,0.1,0.8696461824953445,0.9310986964618259,-0.21587656850771872,0.1005586592178771,0.03812636165577342,0.058959694989106755,-0.3724394785847296,3,1.8743703297660397
learned_confidence,calibration,0.9,5,0.2,0.8696461824953445,0.9310986964618259,1.5388609328942777,0.2011173184357542,0.019624819624819625,0.0306931643625192,-0.3724394785847296,3,3.593345228309223
learned_confidence,calibration,0.9,5,0.3,0.8677839851024208,0.7448789571694628,3.450118398153016,0.3016759776536313,0.019114564064619557,0.026189727463312367,-0.5586592178770925,3,5.463990079410137
learned_confidence,calibration,0.9,5,0.4,0.8677839851024208,0.7448789571694628,5.78077879393933,0.4022346368715084,0.014291632145816073,0.024378236142942024,-0.5586592178770925,3,7.739200578942773
learned_confidence,calibration,0.9,5,0.5,0.8640595903165735,0.3724394785847333,7.87275254596987,0.5027932960893855,0.01956759715380405,0.03157457415870378,-0.9310986964618221,3,9.79022625161929
learned_confidence,calibration,0.9,5,0.6,0.8640595903165735,0.3724394785847333,9.784262056258974,0.6033519553072626,0.016472491909385115,0.026638938403644286,-0.9310986964618221,3,11.662168092117708
learned_confidence,calibration,0.9,5,0.7,0.8584729981378026,-0.18621973929236293,11.476618412645612,0.7039106145251397,0.0226524449639587,0.028942547862291532,-1.4897579143389184,3,13.318925527917724
learned_confidence,calibration,0.9,5,0.8,0.8566108007448789,-0.37243947858472587,12.949317525069034,0.8044692737430168,0.022892167948138097,0.031078364666150927,-1.6759776536312814,3,14.761867874613566
learned_confidence,calibration,0.9,5,0.9,0.8547486033519553,-0.5586592178770925,14.389628851090542,0.9050279329608939,0.02302393373821945,0.030436658564467974,-1.862197392923648,3,16.171313106210732
learned_confidence,calibration,0.9,5,1.0,0.8547486033519553,-0.5586592178770925,15.652122408189458,1.0,0.021313081822635964,0.032467532467532464,-1.862197392923648,3,17.40848395371619
learned_confidence,calibration,0.9,6,0.1,0.8696461824953445,0.9310986964618259,-0.21587656850771872,0.1005586592178771,0.03812636165577342,0.058959694989106755,-0.3724394785847296,3,1.8743703297660397
learned_confidence,calibration,0.9,6,0.2,0.8696461824953445,0.9310986964618259,1.5388609328942777,0.2011173184357542,0.019624819624819625,0.0306931643625192,-0.3724394785847296,3,3.593345228309223
learned_confidence,calibration,0.9,6,0.3,0.8677839851024208,0.7448789571694628,3.4455815876064464,0.3016759776536313,0.019114564064619557,0.026189727463312367,-0.5586592178770925,3,5.459594861407328
learned_confidence,calibration,0.9,6,0.4,0.8677839851024208,0.7448789571694628,5.77624198339276,0.4022346368715084,0.014291632145816073,0.024378236142942024,-0.5586592178770925,3,7.734805360939959
learned_confidence,calibration,0.9,6,0.5,0.8640595903165735,0.3724394785847333,7.857755866663141,0.5027932960893855,0.01956759715380405,0.03157457415870378,-0.9310986964618221,3,9.775549773010058
learned_confidence,calibration,0.9,6,0.6,0.8640595903165735,0.3724394785847333,9.769265376952252,0.6033519553072626,0.016472491909385115,0.026638938403644286,-0.9310986964618221,3,11.647491613508477
learned_confidence,calibration,0.9,6,0.7,0.8584729981378026,-0.18621973929236293,11.452422089730563,0.7039106145251397,0.0226524449639587,0.028942547862291532,-1.4897579143389184,3,13.295179363057516
learned_confidence,calibration,0.9,6,0.8,0.8566108007448789,-0.37243947858472587,12.925121202153981,0.8044692737430168,0.022892167948138097,0.031078364666150927,-1.6759776536312814,3,14.73812170975336
learned_confidence,calibration,0.9,6,0.9,0.8547486033519553,-0.5586592178770925,14.365432528175486,0.9050279329608939,0.02302393373821945,0.030436658564467974,-1.862197392923648,3,16.147566941350522
learned_confidence,calibration,0.9,6,1.0,0.8547486033519553,-0.5586592178770925,15.627926085274401,1.0,0.021313081822635964,0.032467532467532464,-1.862197392923648,3,17.384737788855976
learned_confidence,calibration,0.9,7,0.1,0.8696461824953445,0.9310986964618259,-0.21587656850771872,0.1005586592178771,0.03812636165577342,0.058959694989106755,-0.3724394785847296,3,1.8743703297660397
learned_confidence,calibration,0.9,7,0.2,0.8696461824953445,0.9310986964618259,1.5388609328942777,0.2011173184357542,0.019624819624819625,0.0306931643625192,-0.3724394785847296,3,3.593345228309223
learned_confidence,calibration,0.9,7,0.3,0.8677839851024208,0.7448789571694628,3.43348342614892,0.3016759776536313,0.019114564064619557,0.026189727463312367,-0.5586592178770925,3,5.447874280066492
learned_confidence,calibration,0.9,7,0.4,0.8677839851024208,0.7448789571694628,5.76036314647976,0.4022346368715084,0.014291632145816073,0.024378236142942024,-0.5586592178770925,3,7.719422097930117
learned_confidence,calibration,0.9,7,0.5,0.8640595903165735,0.3724394785847333,7.8167985492288095,0.5027932960893855,0.01956759715380405,0.03157457415870378,-0.9310986964618221,3,9.735801253986569
learned_confidence,calibration,0.9,7,0.6,0.8640595903165735,0.3724394785847333,9.724653406577625,0.6033519553072626,0.016472491909385115,0.026638938403644286,-0.9310986964618221,3,11.604202502204943
learned_confidence,calibration,0.9,7,0.7,0.8584729981378026,-0.18621973929236293,11.403399331324545,0.7039106145251397,0.0226524449639587,0.028942547862291532,-1.4897579143389184,3,13.247541772044606
learned_confidence,calibration,0.9,7,0.8,0.8566108007448789,-0.37243947858472587,12.876098443747964,0.8044692737430168,0.022892167948138097,0.031078364666150927,-1.6759776536312814,3,14.690484118740452
learned_confidence,calibration,0.9,7,0.9,0.8547486033519553,-0.5586592178770925,14.289945041581138,0.9050279329608939,0.02302393373821945,0.030436658564467974,-1.862197392923648,3,16.073996677230976
learned_confidence,calibration,0.9,7,1.0,0.8547486033519553,-0.5586592178770925,15.552438598680045,1.0,0.021313081822635964,0.032467532467532464,-1.862197392923648,3,17.311167524736426
learned_confidence,calibration,0.9,8,0.1,0.8696461824953445,0.9310986964618259,-0.6633825199209964,0.1005586592178771,0.03812636165577342,0.058959694989106755,-0.3724394785847296,3,1.435895944986365
learned_confidence,calibration,0.9,8,0.2,0.8696461824953445,0.9310986964618259,1.033006556951473,0.2011173184357542,0.019624819624819625,0.0306931643625192,-0.3724394785847296,3,3.0974284359812643
learned_confidence,calibration,0.9,8,0.3,0.8677839851024208,0.7448789571694628,2.67785242511428,0.3016759776536313,0.019114564064619557,0.026189727463312367,-0.5586592178770925,3,4.708214826497141
learned_confidence,calibration,0.9,8,0.4,0.8659217877094972,0.5586592178770963,4.86988805419977,0.4022346368715084,0.018986467826567245,0.024378236142942024,-0.7448789571694592,3,6.848003589908033
learned_confidence,calibration,0.9,8,0.5,0.8621973929236499,0.18621973929236665,6.7623681646963085,0.5027932960893855,0.023399014778325122,0.03157457415870378,-1.1173184357541888,3,8.704110240521075
learned_confidence,calibration,0.9,8,0.6,0.8621973929236499,0.18621973929236665,8.51924804885642,0.6033519553072626,0.01970873786407767,0.026638938403644286,-1.1173184357541888,3,10.424957935824086
learned_confidence,calibration,0.9,8,0.7,0.8566108007448789,-0.37243947858472587,9.819044270449362,0.7039106145251397,0.025430222741736477,0.028942547862291532,-1.6759776536312814,3,11.697967883800068
learned_confidence,calibration,0.9,8,0.8,0.8547486033519553,-0.5586592178770925,11.177440961602207,0.8044692737430168,0.025379730137192823,0.031078364666150927,-1.862197392923648,3,13.029078710030147
learned_confidence,calibration,0.9,8,0.9,0.8528864059590316,-0.7448789571694592,12.46904571970829,0.9050279329608939,0.025291507434364577,0.030436658564467974,-2.0484171322160147,3,14.293717215619651
learned_confidence,calibration,0.9,8,1.0,0.8528864059590316,-0.7448789571694592,13.61963128332508,1.0,0.02343622407316675,0.032467532467532464,-2.0484171322160147,3,15.421343273992298
learned_confidence,calibration,0.92,4,0.1,0.8696461824953445,0.9310986964618259,-0.3286667195961194,0.1005586592178771,0.03812636165577342,0.058959694989106755,-0.3724394785847296,3,1.7642446819764939
learned_confidence,calibration,0.92,4,0.2,0.8696461824953445,0.9310986964618259,1.2884541952265256,0.2011173184357542,0.019624819624819625,0.0306931643625192,-0.3724394785847296,3,3.3486519626436673
learned_confidence,calibration,0.92,4,0.3,0.8696461824953445,0.9310986964618259,3.024414341866318,0.3016759776536313,0.01282525588851893,0.01990041928721174,-0.3724394785847296,3,5.047254996142292
learned_confidence,calibration,0.92,4,0.4,0.8677839851024208,0.7448789571694628,5.243292766685703,0.4022346368715084,0.014291632145816073,0.019616331381037265,-0.5586592178770925,3,7.213449986396911
learned_confidence,calibration,0.92,4,0.5,0.8640595903165735,0.3724394785847333,7.131362089150854,0.5027932960893855,0.01956759715380405,0.027743156534182706,-0.9310986964618221,3,9.064735889633262
learned_confidence,calibration,0.92,4,0.6,0.8640595903165735,0.3724394785847333,8.78339124067907,0.6033519553072626,0.016472491909385115,0.023370964547435136,-0.9310986964618221,3,10.682244227686555
learned_confidence,calibration,0.92,4,0.7,0.8584729981378026,-0.18621973929236293,10.255964330587307,0.7039106145251397,0.0226524449639587,0.026093545013288682,-1.4897579143389184,3,12.1235740637225
learned_confidence,calibration,0.92,4,0.8,0.8566108007448789,-0.37243947858472587,11.589282541218823,0.8044692737430168,0.022892167948138097,0.02853383540406441,-1.6759776536312814,3,13.429455497706847
learned_confidence,calibration,0.92,4,0.9,0.8547486033519553,-0.5586592178770925,12.838039644162835,0.9050279329608939,0.02302393373821945,0.02812184374965316,-1.862197392923648,3,14.652228538689819
learned_confidence,calibration,0.92,4,1.0,0.8547486033519553,-0.5586592178770925,13.991901793174375,1.0,0.021313081822635964,0.0303030303030303,-1.862197392923648,3,15.783465235628283
learned_confidence,calibration,0.92,5,0.1,0.8696461824953445,0.9310986964618259,-0.3286667195961194,0.1005586592178771,0.03812636165577342,0.058959694989106755,-0.3724394785847296,3,1.7642446819764939
learned_confidence,calibration,0.92,5,0.2,0.8696461824953445,0.9310986964618259,1.2884541952265256,0.2011173184357542,0.019624819624819625,0.0306931643625192,-0.3724394785847296,3,3.3486519626436673
learned_confidence,calibration,0.92,5,0.3,0.8696461824953445,0.9310986964618259,3.024414341866318,0.3016759776536313,0.01282525588851893,0.01990041928721174,-0.3724394785847296,3,5.047254996142292
learned_confidence,calibration,0.92,5,0.4,0.8677839851024208,0.7448789571694628,5.243292766685703,0.4022346368715084,0.014291632145816073,0.019616331381037265,-0.5586592178770925,3,7.213449986396911
learned_confidence,calibration,0.92,5,0.5,0.8640595903165735,0.3724394785847333,7.131362089150854,0.5027932960893855,0.01956759715380405,0.027743156534182706,-0.9310986964618221,3,9.064735889633262
learned_confidence,calibration,0.92,5,0.6,0.8640595903165735,0.3724394785847333,8.78339124067907,0.6033519553072626,0.016472491909385115,0.023370964547435136,-0.9310986964618221,3,10.682244227686555
learned_confidence,calibration,0.92,5,0.7,0.8584729981378026,-0.18621973929236293,10.255964330587307,0.7039106145251397,0.0226524449639587,0.026093545013288682,-1.4897579143389184,3,12.1235740637225
learned_confidence,calibration,0.92,5,0.8,0.8566108007448789,-0.37243947858472587,11.589282541218823,0.8044692737430168,0.022892167948138097,0.02853383540406441,-1.6759776536312814,3,13.429455497706847
learned_confidence,calibration,0.92,5,0.9,0.8547486033519553,-0.5586592178770925,12.838039644162835,0.9050279329608939,0.02302393373821945,0.02812184374965316,-1.862197392923648,3,14.652228538689819
learned_confidence,calibration,0.92,5,1.0,0.8547486033519553,-0.5586592178770925,13.991901793174375,1.0,0.021313081822635964,0.0303030303030303,-1.862197392923648,3,15.783465235628283
learned_confidence,calibration,0.92,6,0.1,0.8696461824953445,0.9310986964618259,-0.3286667195961194,0.1005586592178771,0.03812636165577342,0.058959694989106755,-0.3724394785847296,3,1.7642446819764939
learned_confidence,calibration,0.92,6,0.2,0.8696461824953445,0.9310986964618259,1.2884541952265256,0.2011173184357542,0.019624819624819625,0.0306931643625192,-0.3724394785847296,3,3.3486519626436673
learned_confidence,calibration,0.92,6,0.3,0.8696461824953445,0.9310986964618259,3.0198775313197515,0.3016759776536313,0.01282525588851893,0.01990041928721174,-0.3724394785847296,3,5.042859778139485
learned_confidence,calibration,0.92,6,0.4,0.8677839851024208,0.7448789571694628,5.238755956139129,0.4022346368715084,0.014291632145816073,0.019616331381037265,-0.5586592178770925,3,7.2090547683941
learned_confidence,calibration,0.92,6,0.5,0.8640595903165735,0.3724394785847333,7.126825278604284,0.5027932960893855,0.01956759715380405,0.027743156534182706,-0.9310986964618221,3,9.060340671630447
learned_confidence,calibration,0.92,6,0.6,0.8640595903165735,0.3724394785847333,8.7788544301325,0.6033519553072626,0.016472491909385115,0.023370964547435136,-0.9310986964618221,3,10.677849009683742
learned_confidence,calibration,0.92,6,0.7,0.8584729981378026,-0.18621973929236293,10.244622304220881,0.7039106145251397,0.0226524449639587,0.026093545013288682,-1.4897579143389184,3,12.112469762739517
learned_confidence,calibration,0.92,6,0.8,0.8566108007448789,-0.37243947858472587,11.577940514852395,0.8044692737430168,0.022892167948138097,0.02853383540406441,-1.6759776536312814,3,13.418351196723863
learned_confidence,calibration,0.92,6,0.9,0.8547486033519553,-0.5586592178770925,12.826697617796402,0.9050279329608939,0.02302393373821945,0.02812184374965316,-1.862197392923648,3,14.641124237706826
learned_confidence,calibration,0.92,6,1.0,0.8547486033519553,-0.5586592178770925,13.98055976680794,1.0,0.021313081822635964,0.0303030303030303,-1.862197392923648,3,15.772360934645292
learned_confidence,calibration,0.92,7,0.1,0.8696461824953445,0.9310986964618259,-0.3286667195961194,0.1005586592178771,0.03812636165577342,0.058959694989106755,-0.3724394785847296,3,1.7642446819764939
learned_confidence,calibration,0.92,7,0.2,0.8696461824953445,0.9310986964618259,1.2884541952265256,0.2011173184357542,0.019624819624819625,0.0306931643625192,-0.3724394785847296,3,3.3486519626436673
learned_confidence,calibration,0.92,7,0.3,0.8696461824953445,0.9310986964618259,3.0154667432883566,0.3016759776536313,0.01282525588851893,0.01990041928721174,-0.3724394785847296,3,5.038586649525634
learned_confidence,calibration,0.92,7,0.4,0.8677839851024208,0.7448789571694628,5.234345168107742,0.4022346368715084,0.014291632145816073,0.019616331381037265,-0.5586592178770925,3,7.2047816397802515
learned_confidence,calibration,0.92,7,0.5,0.8640595903165735,0.3724394785847333,7.120398130329979,0.5027932960893855,0.01956759715380405,0.027743156534182706,-0.9310986964618221,3,9.054085613261154
learned_confidence,calibration,0.92,7,0.6,0.8640595903165735,0.3724394785847333,8.772427281858187,0.6033519553072626,0.016472491909385115,0.023370964547435136,-0.9310986964618221,3,10.671593951314444
learned_confidence,calibration,0.92,7,0.7,0.8584729981378026,-0.18621973929236293,10.233784367915181,0.7039106145251397,0.0226524449639587,0.026093545013288682,-1.4897579143389184,3,12.101866224660844
learned_confidence,calibration,0.92,7,0.8,0.8566108007448789,-0.37243947858472587,11.567102578546695,0.8044692737430168,0.022892167948138097,0.02853383540406441,-1.6759776536312814,3,13.407747658645189
learned_confidence,calibration,0.92,7,0.9,0.8547486033519553,-0.5586592178770925,12.815859681490705,0.9050279329608939,0.02302393373821945,0.02812184374965316,-1.862197392923648,3,14.630520699628157
learned_confidence,calibration,0.92,7,1.0,0.8547486033519553,-0.5586592178770925,13.969721830502243,1.0,0.021313081822635964,0.0303030303030303,-1.862197392923648,3,15.761757396566619
learned_confidence,calibration,0.92,8,0.1,0.8696461824953445,0.9310986964618259,-0.7195885616924228,0.1005586592178771,0.03812636165577342,0.058959694989106755,-0.3724394785847296,3,1.3809649291256203
learned_confidence,calibration,0.92,8,0.2,0.8696461824953445,0.9310986964618259,0.8845520340664104,0.2011173184357542,0.019624819624819625,0.0306931643625192,-0.3724394785847296,3,2.9525752552194953
learned_confidence,calibration,0.92,8,0.3,0.8696461824953445,0.9310986964618259,2.3878746176791976,0.3016759776536313,0.01282525588851893,0.01990041928721174,-0.3724394785847296,3,4.424330424316129
learned_confidence,calibration,0.92,8,0.4,0.8677839851024208,0.7448789571694628,4.5495388206057035,0.4022346368715084,0.014291632145816073,0.019616331381037265,-0.5586592178770925,3,6.534313180586245
learned_confidence,calibration,0.92,8,0.5,0.8640595903165735,0.3724394785847333,6.3038982544621485,0.5027932960893855,0.01956759715380405,0.027743156534182706,-0.9310986964618221,3,8.255059310992596
learned_confidence,calibration,0.92,8,0.6,0.8640595903165735,0.3724394785847333,7.8564956415113185,0.6033519553072626,0.016472491909385115,0.023370964547435136,-0.9310986964618221,3,9.775179997483145
learned_confidence,calibration,0.92,8,0.7,0.8584729981378026,-0.18621973929236293,9.098825596181019,0.7039106145251397,0.0226524449639587,0.026093545013288682,-1.4897579143389184,3,10.992441832994642
learned_confidence,calibration,0.92,8,0.8,0.8566108007448789,-0.37243947858472587,10.38891808410491,0.8044692737430168,0.022892167948138097,0.02853383540406441,-1.6759776536312814,3,12.256446606563294
learned_confidence,calibration,0.92,8,0.9,0.8547486033519553,-0.5586592178770925,11.620284079953723,0.9050279329608939,0.02302393373821945,0.02812184374965316,-1.862197392923648,3,13.462164753458739
learned_confidence,calibration,0.92,8,1.0,0.8547486033519553,-0.5586592178770925,12.70533793567559,1.0,0.021313081822635964,0.0303030303030303,-1.862197392923648,3,14.525787958733897
learned_confidence,calibration,0.95,4,0.1,0.8696461824953445,0.9310986964618259,-0.792933665528676,0.1005586592178771,0.03812636165577342,0.058959694989106755,-0.3724394785847296,3,1.3086521426936448
learned_confidence,calibration,0.95,4,0.2,0.8696461824953445,0.9310986964618259,0.5664712057456223,0.2011173184357542,0.019624819624819625,0.0306931643625192,-0.3724394785847296,3,2.6402102951079662
learned_confidence,calibration,0.95,4,0.3,0.8696461824953445,0.9310986964618259,1.9527188727538152,0.3016759776536313,0.01282525588851893,0.01990041928721174,-0.3724394785847296,3,3.996739143467383
learned_confidence,calibration,0.95,4,0.4,0.8677839851024208,0.7448789571694628,3.857549189738245,0.4022346368715084,0.014291632145816073,0.019616331381037265,-0.5586592178770925,3,5.854582614962838
learned_confidence,calibration,0.95,4,0.5,0.8659217877094972,0.5586592178770999,5.482231455471842,0.5027932960893855,0.015599343185550082,0.023727092277154596,-0.7448789571694555,3,7.448313606347453
learned_confidence,calibration,0.95,4,0.6,0.8659217877094972,0.5586592178770999,6.78782471276319,0.6033519553072626,0.013139158576051779,0.02000396118043177,-0.7448789571694555,3,8.726103687900437
learned_confidence,calibration,0.95,4,0.7,0.8659217877094972,0.5586592178770999,8.010999245125143,0.7039106145251397,0.011253977531008506,0.01734483714953657,-0.7448789571694555,3,9.922771778238097
learned_confidence,calibration,0.95,4,0.8,0.8640595903165735,0.3724394785847333,9.219177098180369,0.8044692737430168,0.01259210575908337,0.020698300850972608,-0.9310986964618221,3,11.106152332035863
learned_confidence,calibration,0.95,4,0.9,0.8621973929236499,0.18621973929236665,10.325780803998445,0.9050279329608939,0.013763353049067334,0.02107889654713149,-1.1173184357541888,3,12.190139130781331
learned_confidence,calibration,0.95,4,1.0,0.8621973929236499,0.18621973929236665,11.309386534998357,1.0,0.012779683161848767,0.02380952380952381,-1.1173184357541888,3,13.154484459212393
learned_confidence,calibration,0.95,5,0.1,0.8696461824953445,0.9310986964618259,-0.792933665528676,0.1005586592178771,0.03812636165577342,0.058959694989106755,-0.3724394785847296,3,1.3086521426936448
learned_confidence,calibration,0.95,5,0.2,0.8696461824953445,0.9310986964618259,0.5664712057456223,0.2011173184357542,0.019624819624819625,0.0306931643625192,-0.3724394785847296,3,2.6402102951079662
learned_confidence,calibration,0.95,5,0.3,0.8696461824953445,0.9310986964618259,1.9527188727538152,0.3016759776536313,0.01282525588851893,0.01990041928721174,-0.3724394785847296,3,3.996739143467383
learned_confidence,calibration,0.95,5,0.4,0.8677839851024208,0.7448789571694628,3.857549189738245,0.4022346368715084,0.014291632145816073,0.019616331381037265,-0.5586592178770925,3,5.854582614962838
learned_confidence,calibration,0.95,5,0.5,0.8659217877094972,0.5586592178770999,5.482231455471842,0.5027932960893855,0.015599343185550082,0.023727092277154596,-0.7448789571694555,3,7.448313606347453
learned_confidence,calibration,0.95,5,0.6,0.8659217877094972,0.5586592178770999,6.78782471276319,0.6033519553072626,0.013139158576051779,0.02000396118043177,-0.7448789571694555,3,8.726103687900437
learned_confidence,calibration,0.95,5,0.7,0.8659217877094972,0.5586592178770999,8.010999245125143,0.7039106145251397,0.011253977531008506,0.01734483714953657,-0.7448789571694555,3,9.922771778238097
learned_confidence,calibration,0.95,5,0.8,0.8640595903165735,0.3724394785847333,9.219177098180369,0.8044692737430168,0.01259210575908337,0.020698300850972608,-0.9310986964618221,3,11.106152332035863
learned_confidence,calibration,0.95,5,0.9,0.8621973929236499,0.18621973929236665,10.325780803998445,0.9050279329608939,0.013763353049067334,0.02107889654713149,-1.1173184357541888,3,12.190139130781331
learned_confidence,calibration,0.95,5,1.0,0.8621973929236499,0.18621973929236665,11.309386534998357,1.0,0.012779683161848767,0.02380952380952381,-1.1173184357541888,3,13.154484459212393
learned_confidence,calibration,0.95,6,0.1,0.8696461824953445,0.9310986964618259,-0.792933665528676,0.1005586592178771,0.03812636165577342,0.058959694989106755,-0.3724394785847296,3,1.3086521426936448
learned_confidence,calibration,0.95,6,0.2,0.8696461824953445,0.9310986964618259,0.5664712057456223,0.2011173184357542,0.019624819624819625,0.0306931643625192,-0.3724394785847296,3,2.6402102951079662
learned_confidence,calibration,0.95,6,0.3,0.8696461824953445,0.9310986964618259,1.9527188727538152,0.3016759776536313,0.01282525588851893,0.01990041928721174,-0.3724394785847296,3,3.996739143467383
learned_confidence,calibration,0.95,6,0.4,0.8677839851024208,0.7448789571694628,3.857549189738245,0.4022346368715084,0.014291632145816073,0.019616331381037265,-0.5586592178770925,3,5.854582614962838
learned_confidence,calibration,0.95,6,0.5,0.8659217877094972,0.5586592178770999,5.482231455471842,0.5027932960893855,0.015599343185550082,0.023727092277154596,-0.7448789571694555,3,7.448313606347453
learned_confidence,calibration,0.95,6,0.6,0.8659217877094972,0.5586592178770999,6.78782471276319,0.6033519553072626,0.013139158576051779,0.02000396118043177,-0.7448789571694555,3,8.726103687900437
learned_confidence,calibration,0.95,6,0.7,0.8659217877094972,0.5586592178770999,8.010999245125143,0.7039106145251397,0.011253977531008506,0.01734483714953657,-0.7448789571694555,3,9.922771778238097
learned_confidence,calibration,0.95,6,0.8,0.8640595903165735,0.3724394785847333,9.219177098180369,0.8044692737430168,0.01259210575908337,0.020698300850972608,-0.9310986964618221,3,11.106152332035863
learned_confidence,calibration,0.95,6,0.9,0.8621973929236499,0.18621973929236665,10.325780803998445,0.9050279329608939,0.013763353049067334,0.02107889654713149,-1.1173184357541888,3,12.190139130781331
learned_confidence,calibration,0.95,6,1.0,0.8621973929236499,0.18621973929236665,11.309386534998357,1.0,0.012779683161848767,0.02380952380952381,-1.1173184357541888,3,13.154484459212393
learned_confidence,calibration,0.95,7,0.1,0.8696461824953445,0.9310986964618259,-0.792933665528676,0.1005586592178771,0.03812636165577342,0.058959694989106755,-0.3724394785847296,3,1.3086521426936448
learned_confidence,calibration,0.95,7,0.2,0.8696461824953445,0.9310986964618259,0.5664712057456223,0.2011173184357542,0.019624819624819625,0.0306931643625192,-0.3724394785847296,3,2.6402102951079662
learned_confidence,calibration,0.95,7,0.3,0.8696461824953445,0.9310986964618259,1.9527188727538152,0.3016759776536313,0.01282525588851893,0.01990041928721174,-0.3724394785847296,3,3.996739143467383
learned_confidence,calibration,0.95,7,0.4,0.8677839851024208,0.7448789571694628,3.857549189738245,0.4022346368715084,0.014291632145816073,0.019616331381037265,-0.5586592178770925,3,5.854582614962838
learned_confidence,calibration,0.95,7,0.5,0.8659217877094972,0.5586592178770999,5.482231455471842,0.5027932960893855,0.015599343185550082,0.023727092277154596,-0.7448789571694555,3,7.448313606347453
learned_confidence,calibration,0.95,7,0.6,0.8659217877094972,0.5586592178770999,6.78782471276319,0.6033519553072626,0.013139158576051779,0.02000396118043177,-0.7448789571694555,3,8.726103687900437
learned_confidence,calibration,0.95,7,0.7,0.8659217877094972,0.5586592178770999,8.010999245125143,0.7039106145251397,0.011253977531008506,0.01734483714953657,-0.7448789571694555,3,9.922771778238097
learned_confidence,calibration,0.95,7,0.8,0.8640595903165735,0.3724394785847333,9.219177098180369,0.8044692737430168,0.01259210575908337,0.020698300850972608,-0.9310986964618221,3,11.106152332035863
learned_confidence,calibration,0.95,7,0.9,0.8621973929236499,0.18621973929236665,10.325780803998445,0.9050279329608939,0.013763353049067334,0.02107889654713149,-1.1173184357541888,3,12.190139130781331
learned_confidence,calibration,0.95,7,1.0,0.8621973929236499,0.18621973929236665,11.309386534998357,1.0,0.012779683161848767,0.02380952380952381,-1.1173184357541888,3,13.154484459212393
learned_confidence,calibration,0.95,8,0.1,0.8696461824953445,0.9310986964618259,-0.8348991630844719,0.1005586592178771,0.03812636165577342,0.058959694989106755,-0.3724394785847296,3,1.2677315708890635
learned_confidence,calibration,0.95,8,0.2,0.8696461824953445,0.9310986964618259,0.5245057081898263,0.2011173184357542,0.019624819624819625,0.0306931643625192,-0.3724394785847296,3,2.599289723303381
learned_confidence,calibration,0.95,8,0.3,0.8696461824953445,0.9310986964618259,1.8878172774347963,0.3016759776536313,0.01282525588851893,0.01990041928721174,-0.3724394785847296,3,3.9335983028708035
learned_confidence,calibration,0.95,8,0.4,0.8677839851024208,0.7448789571694628,3.792647594419222,0.4022346368715084,0.014291632145816073,0.019616331381037265,-0.5586592178770925,3,5.79144177436625
learned_confidence,calibration,0.95,8,0.5,0.8659217877094972,0.5586592178770999,5.417329860152823,0.5027932960893855,0.015599343185550082,0.023727092277154596,-0.7448789571694555,3,7.385172765750869
learned_confidence,calibration,0.95,8,0.6,0.8659217877094972,0.5586592178770999,6.698096681953203,0.6033519553072626,0.013139158576051779,0.02000396118043177,-0.7448789571694555,3,8.638911237677348
learned_confidence,calibration,0.95,8,0.7,0.8659217877094972,0.5586592178770999,7.731607328965399,0.7039106145251397,0.011253977531008506,0.01734483714953657,-0.7448789571694555,3,9.651473112361105
learned_confidence,calibration,0.95,8,0.8,0.8640595903165735,0.3724394785847333,8.896811504343372,0.8044692737430168,0.01259210575908337,0.020698300850972608,-0.9310986964618221,3,10.793221184521117
learned_confidence,calibration,0.95,8,0.9,0.8621973929236499,0.18621973929236665,9.999130444645248,0.9050279329608939,0.013763353049067334,0.02107889654713149,-1.1173184357541888,3,11.872996382536245
learned_confidence,calibration,0.95,8,1.0,0.8621973929236499,0.18621973929236665,10.96950381155098,1.0,0.012779683161848767,0.02380952380952381,-1.1173184357541888,3,12.824335296947138
learned_confidence,calibration,0.98,4,0.1,0.8696461824953445,0.9310986964618259,-1.083415563024485,0.1005586592178771,0.03812636165577342,0.058959694989106755,-0.3724394785847296,3,1.025111564385417
learned_confidence,calibration,0.98,4,0.2,0.8696461824953445,0.9310986964618259,0.22066542408467615,0.2011173184357542,0.019624819624819625,0.0306931643625192,-0.3724394785847296,3,2.302280457370065
learned_confidence,calibration,0.98,4,0.3,0.8696461824953445,0.9310986964618259,1.4173752282582885,0.3016759776536313,0.01282525588851893,0.01990041928721174,-0.3724394785847296,3,3.4731696895665167
learned_confidence,calibration,0.98,4,0.4,0.8677839851024208,0.7448789571694628,3.1980733677878903,0.4022346368715084,0.014291632145816073,0.019616331381037265,-0.5586592178770925,3,5.209311484446196
learned_confidence,calibration,0.98,4,0.5,0.8659217877094972,0.5586592178770999,4.69370857797455,0.5027932960893855,0.015599343185550082,0.023727092277154596,-0.7448789571694555,3,6.6763402352580234
learned_confidence,calibration,0.98,4,0.6,0.8659217877094972,0.5586592178770999,5.841899713802871,0.6033519553072626,0.013139158576051779,0.02000396118043177,-0.7448789571694555,3,7.800932670651058
learned_confidence,calibration,0.98,4,0.7,0.8659217877094972,0.5586592178770999,6.772954055971647,0.7039106145251397,0.011253977531008506,0.01734483714953657,-0.7448789571694555,3,8.7130447966817
learned_confidence,calibration,0.98,4,0.8,0.8640595903165735,0.3724394785847333,7.703126240534141,0.8044692737430168,0.01259210575908337,0.020698300850972608,-0.9310986964618221,3,9.623817137846517
learned_confidence,calibration,0.98,4,0.9,0.8621973929236499,0.18621973929236665,8.723026455906616,0.9050279329608939,0.013763353049067334,0.02107889654713149,-1.1173184357541888,3,10.622665264687804
learned_confidence,calibration,0.98,4,1.0,0.8621973929236499,0.18621973929236665,9.360070270154479,1.0,0.012779683161848767,0.02380952380952381,-1.1173184357541888,3,11.246539922240276
learned_confidence,calibration,0.98,5,0.1,0.8696461824953445,0.9310986964618259,-1.083415563024485,0.1005586592178771,0.03812636165577342,0.058959694989106755,-0.3724394785847296,3,1.025111564385417
learned_confidence,calibration,0.98,5,0.2,0.8696461824953445,0.9310986964618259,0.22066542408467615,0.2011173184357542,0.019624819624819625,0.0306931643625192,-0.3724394785847296,3,2.302280457370065
learned_confidence,calibration,0.98,5,0.3,0.8696461824953445,0.9310986964618259,1.4173752282582885,0.3016759776536313,0.01282525588851893,0.01990041928721174,-0.3724394785847296,3,3.4731696895665167
learned_confidence,calibration,0.98,5,0.4,0.8677839851024208,0.7448789571694628,3.1980733677878903,0.4022346368715084,0.014291632145816073,0.019616331381037265,-0.5586592178770925,3,5.209311484446196
learned_confidence,calibration,0.98,5,0.5,0.8659217877094972,0.5586592178770999,4.69370857797455,0.5027932960893855,0.015599343185550082,0.023727092277154596,-0.7448789571694555,3,6.6763402352580234
learned_confidence,calibration,0.98,5,0.6,0.8659217877094972,0.5586592178770999,5.841899713802871,0.6033519553072626,0.013139158576051779,0.02000396118043177,-0.7448789571694555,3,7.800932670651058
learned_confidence,calibration,0.98,5,0.7,0.8659217877094972,0.5586592178770999,6.772954055971647,0.7039106145251397,0.011253977531008506,0.01734483714953657,-0.7448789571694555,3,8.7130447966817
learned_confidence,calibration,0.98,5,0.8,0.8640595903165735,0.3724394785847333,7.703126240534141,0.8044692737430168,0.01259210575908337,0.020698300850972608,-0.9310986964618221,3,9.623817137846517
learned_confidence,calibration,0.98,5,0.9,0.8621973929236499,0.18621973929236665,8.723026455906616,0.9050279329608939,0.013763353049067334,0.02107889654713149,-1.1173184357541888,3,10.622665264687804
learned_confidence,calibration,0.98,5,1.0,0.8621973929236499,0.18621973929236665,9.360070270154479,1.0,0.012779683161848767,0.02380952380952381,-1.1173184357541888,3,11.246539922240276
learned_confidence,calibration,0.98,6,0.1,0.8696461824953445,0.9310986964618259,-1.083415563024485,0.1005586592178771,0.03812636165577342,0.058959694989106755,-0.3724394785847296,3,1.025111564385417
learned_confidence,calibration,0.98,6,0.2,0.8696461824953445,0.9310986964618259,0.22066542408467615,0.2011173184357542,0.019624819624819625,0.0306931643625192,-0.3724394785847296,3,2.302280457370065
learned_confidence,calibration,0.98,6,0.3,0.8696461824953445,0.9310986964618259,1.4173752282582885,0.3016759776536313,0.01282525588851893,0.01990041928721174,-0.3724394785847296,3,3.4731696895665167
learned_confidence,calibration,0.98,6,0.4,0.8677839851024208,0.7448789571694628,3.1980733677878903,0.4022346368715084,0.014291632145816073,0.019616331381037265,-0.5586592178770925,3,5.209311484446196
learned_confidence,calibration,0.98,6,0.5,0.8659217877094972,0.5586592178770999,4.69370857797455,0.5027932960893855,0.015599343185550082,0.023727092277154596,-0.7448789571694555,3,6.6763402352580234
learned_confidence,calibration,0.98,6,0.6,0.8659217877094972,0.5586592178770999,5.841899713802871,0.6033519553072626,0.013139158576051779,0.02000396118043177,-0.7448789571694555,3,7.800932670651058
learned_confidence,calibration,0.98,6,0.7,0.8659217877094972,0.5586592178770999,6.772954055971647,0.7039106145251397,0.011253977531008506,0.01734483714953657,-0.7448789571694555,3,8.7130447966817
learned_confidence,calibration,0.98,6,0.8,0.8640595903165735,0.3724394785847333,7.703126240534141,0.8044692737430168,0.01259210575908337,0.020698300850972608,-0.9310986964618221,3,9.623817137846517
learned_confidence,calibration,0.98,6,0.9,0.8621973929236499,0.18621973929236665,8.723026455906616,0.9050279329608939,0.013763353049067334,0.02107889654713149,-1.1173184357541888,3,10.622665264687804
learned_confidence,calibration,0.98,6,1.0,0.8621973929236499,0.18621973929236665,9.360070270154479,1.0,0.012779683161848767,0.02380952380952381,-1.1173184357541888,3,11.246539922240276
learned_confidence,calibration,0.98,7,0.1,0.8696461824953445,0.9310986964618259,-1.083415563024485,0.1005586592178771,0.03812636165577342,0.058959694989106755,-0.3724394785847296,3,1.025111564385417
learned_confidence,calibration,0.98,7,0.2,0.8696461824953445,0.9310986964618259,0.22066542408467615,0.2011173184357542,0.019624819624819625,0.0306931643625192,-0.3724394785847296,3,2.302280457370065
learned_confidence,calibration,0.98,7,0.3,0.8696461824953445,0.9310986964618259,1.4173752282582885,0.3016759776536313,0.01282525588851893,0.01990041928721174,-0.3724394785847296,3,3.4731696895665167
learned_confidence,calibration,0.98,7,0.4,0.8677839851024208,0.7448789571694628,3.1980733677878903,0.4022346368715084,0.014291632145816073,0.019616331381037265,-0.5586592178770925,3,5.209311484446196
learned_confidence,calibration,0.98,7,0.5,0.8659217877094972,0.5586592178770999,4.69370857797455,0.5027932960893855,0.015599343185550082,0.023727092277154596,-0.7448789571694555,3,6.6763402352580234
learned_confidence,calibration,0.98,7,0.6,0.8659217877094972,0.5586592178770999,5.841899713802871,0.6033519553072626,0.013139158576051779,0.02000396118043177,-0.7448789571694555,3,7.800932670651058
learned_confidence,calibration,0.98,7,0.7,0.8659217877094972,0.5586592178770999,6.772954055971647,0.7039106145251397,0.011253977531008506,0.01734483714953657,-0.7448789571694555,3,8.7130447966817
learned_confidence,calibration,0.98,7,0.8,0.8640595903165735,0.3724394785847333,7.703126240534141,0.8044692737430168,0.01259210575908337,0.020698300850972608,-0.9310986964618221,3,9.623817137846517
learned_confidence,calibration,0.98,7,0.9,0.8621973929236499,0.18621973929236665,8.723026455906616,0.9050279329608939,0.013763353049067334,0.02107889654713149,-1.1173184357541888,3,10.622665264687804
learned_confidence,calibration,0.98,7,1.0,0.8621973929236499,0.18621973929236665,9.360070270154479,1.0,0.012779683161848767,0.02380952380952381,-1.1173184357541888,3,11.246539922240276
learned_confidence,calibration,0.98,8,0.1,0.8696461824953445,0.9310986964618259,-1.083415563024485,0.1005586592178771,0.03812636165577342,0.058959694989106755,-0.3724394785847296,3,1.025111564385417
learned_confidence,calibration,0.98,8,0.2,0.8696461824953445,0.9310986964618259,0.22066542408467615,0.2011173184357542,0.019624819624819625,0.0306931643625192,-0.3724394785847296,3,2.302280457370065
learned_confidence,calibration,0.98,8,0.3,0.8696461824953445,0.9310986964618259,1.4032607065578406,0.3016759776536313,0.01282525588851893,0.01990041928721174,-0.3724394785847296,3,3.4594956780022112
learned_confidence,calibration,0.98,8,0.4,0.8677839851024208,0.7448789571694628,3.183958846087446,0.4022346368715084,0.014291632145816073,0.019616331381037265,-0.5586592178770925,3,5.195637472881887
learned_confidence,calibration,0.98,8,0.5,0.8659217877094972,0.5586592178770999,4.679594056274102,0.5027932960893855,0.015599343185550082,0.023727092277154596,-0.7448789571694555,3,6.6626662236937175
learned_confidence,calibration,0.98,8,0.6,0.8659217877094972,0.5586592178770999,5.827785192102427,0.6033519553072626,0.013139158576051779,0.02000396118043177,-0.7448789571694555,3,7.787258659086752
learned_confidence,calibration,0.98,8,0.7,0.8659217877094972,0.5586592178770999,6.744725012570751,0.7039106145251397,0.011253977531008506,0.01734483714953657,-0.7448789571694555,3,8.685455650047405
learned_confidence,calibration,0.98,8,0.8,0.8640595903165735,0.3724394785847333,7.674897197133245,0.8044692737430168,0.01259210575908337,0.020698300850972608,-0.9310986964618221,3,9.596227991212217
learned_confidence,calibration,0.98,8,0.9,0.8621973929236499,0.18621973929236665,8.694797412505725,0.9050279329608939,0.013763353049067334,0.02107889654713149,-1.1173184357541888,3,10.595076118053504
learned_confidence,calibration,0.98,8,1.0,0.8621973929236499,0.18621973929236665,9.331841226753575,1.0,0.012779683161848767,0.02380952380952381,-1.1173184357541888,3,11.21895077560597
learned_confidence,test,0.75,4,0.1,0.8784972022382094,0.7993605115907224,-3.1881552046631048,0.10951239008792965,0.007575757575757576,0.027886710239651415,-0.07993605115907225,3,3.4304216189112244
learned_confidence,test,0.75,4,0.2,0.8760991207034372,0.5595523581135057,0.6903301579016049,0.20943245403677058,0.01641443824076795,0.02469512195121951,-0.319744204636289,3,7.070598766715556
learned_confidence,test,0.75,4,0.3,0.8705035971223022,0.0,3.729772934881896,0.2973621103117506,0.03181611108068234,0.04145738659012995,-0.8792965627497947,3,9.912567822545988
learned_confidence,test,0.75,4,0.4,0.8657074340527577,-0.47961630695444085,7.096491800426286,0.3980815347721823,0.03670155442307341,0.051009585120597944,-1.3589128697042356,3,13.065713621224457
learned_confidence,test,0.75,4,0.5,0.8609112709832134,-0.9592326139088744,11.06860889990865,0.5123900879296563,0.03894634222897317,0.058204017000512275,-1.838529176658669,3,16.778277690701817
learned_confidence,test,0.75,4,0.6,0.8609112709832134,-0.9592326139088744,13.765985906303007,0.601119104716227,0.03364363449318875,0.054659255593835034,-1.838529176658669,3,19.300875690213353
learned_confidence,test,0.75,4,0.7,0.8585131894484412,-1.1990407673860948,17.32176258210448,0.7178257394084733,0.03193712225744372,0.05211110685870531,-2.0783373301358896,3,22.635656715803467
learned_confidence,test,0.75,4,0.8,0.8553157474020784,-1.5187849720223838,20.275403453825735,0.8145483613109512,0.03297721341645077,0.04780104651627292,-2.3980815347721784,3,25.39818452611361
learned_confidence,test,0.75,4,0.9,0.8537170263788969,-1.678657074340532,23.112629953455997,0.9160671462829736,0.03145725636252047,0.046648542677256766,-2.5579536370903266,3,28.047153644435046
learned_confidence,test,0.75,4,1.0,0.8521183053557154,-1.8385291766586764,25.147298708077773,1.0,0.03090599508988675,0.0440771349862259,-2.7178257394084713,3,29.952929450112453
learned_confidence,test,0.75,5,0.1,0.8784972022382094,0.7993605115907224,-3.3212079690286833,0.10951239008792965,0.007575757575757576,0.027886710239651415,-0.07993605115907225,3,3.3059761610002347
learned_confidence,test,0.75,5,0.2,0.8760991207034372,0.5595523581135057,0.5444451694288496,0.20943245403677058,0.01641443824076795,0.02469512195121951,-0.319744204636289,3,6.934090376122755
learned_confidence,test,0.75,5,0.3,0.8705035971223022,0.0,3.5251642089695037,0.2973621103117506,0.03181611108068234,0.04145738659012995,-0.8792965627497947,3,9.721110810416151
learned_confidence,test,0.75,5,0.4,0.8665067945643485,-0.39968025579536864,6.858551916133797,0.3980815347721823,0.0345918497817232,0.048816602664457594,-1.2789768185451633,3,12.84313388613919
learned_confidence,test,0.75,5,0.5,0.8617106314948042,-0.8792965627498021,10.738396624472573,0.5123900879296563,0.0372542948516466,0.05646790588940116,-1.7585931254995968,3,16.469869950672987
learned_confidence,test,0.75,5,0.6,0.8617106314948042,-0.8792965627498021,13.394775762321109,0.601119104716227,0.032225194776876694,0.053216254150833586,-1.7585931254995968,3,18.95418925463761
learned_confidence,test,0.75,5,0.7,0.8593125499600319,-1.1191047162270225,16.904117186480487,0.7178257394084733,0.030799465829684902,0.05096168157134899,-1.9984012789768173,3,22.24517672276399
learned_confidence,test,0.75,5,0.8,0.8561151079136691,-1.4388489208633115,19.664676584453428,0.8145483613109512,0.03194201672908017,0.04675611443685808,-2.3181454836131064,3,24.82537586729622
learned_confidence,test,0.75,5,0.9,0.8545163868904876,-1.5987210231814597,22.48260037409196,0.9160671462829736,0.030476864205657723,0.04565942299377506,-2.4780175859312545,3,27.456281227518215
learned_confidence,test,0.75,5,1.0,0.8537170263788969,-1.678657074340532,24.496552699116965,1.0,0.029089451176051318,0.04224058769513315,-2.5579536370903266,3,29.342671759859883
learned_confidence,test,0.75,6,0.1,0.8784972022382094,0.7993605115907224,-3.5173887511418553,0.10951239008792965,0.007575757575757576,0.027886710239651415,-0.07993605115907225,3,3.1227987687453864
learned_confidence,test,0.75,6,0.2,0.8752997601918465,0.47961630695443347,0.11842620383660796,0.20943245403677058,0.020430502497796064,0.02469512195121951,-0.3996802557953612,3,6.535016541083915
learned_confidence,test,0.75,6,0.3,0.8697042366107115,-0.07993605115907225,2.9734329461916453,0.2973621103117506,0.03468967429907314,0.04145738659012995,-0.9592326139088669,3,9.204366041702292
learned_confidence,test,0.75,6,0.4,0.8657074340527577,-0.47961630695444085,6.169363608682406,0.3980815347721823,0.03675635194622536,0.04654902896831247,-1.3589128697042356,3,12.198134727881708
learned_confidence,test,0.75,6,0.5,0.8609112709832134,-0.9592326139088744,9.725629648962546,0.5123900879296563,0.03898141056839962,0.05480953109669801,-1.838529176658669,3,15.524227306761988
learned_confidence,test,0.75,6,0.6,0.8609112709832134,-0.9592326139088744,12.290280133977108,0.601119104716227,0.03377558237377592,0.051791752726332164,-1.838529176658669,3,17.92257634270833
learned_confidence,test,0.75,6,0.7,0.8585131894484412,-1.1990407673860948,15.609150028274387,0.7178257394084733,0.03209648269090409,0.049703819936128865,-2.0783373301358896,3,21.035235208410263
learned_confidence,test,0.75,6,0.8,0.8553157474020784,-1.5187849720223838,18.203379877332637,0.8145483613109512,0.033099424136487574,0.045648694724787206,-2.3980815347721784,3,23.46029132061104
learned_confidence,test,0.75,6,0.9,0.8537170263788969,-1.678657074340532,20.88509722040976,0.9160671462829736,0.031465983889139425,0.04467030331029336,-2.5579536370903266,3,25.964436467288838
learned_confidence,test,0.75,6,1.0,0.8529176658673061,-1.7585931254996041,22.818521901779107,1.0,0.030000197988437477,0.04132231404958678,-2.6378896882493987,3,27.77537973342597
learned_confidence,test,0.75,7,0.1,0.8784972022382094,0.7993605115907224,-3.967495323850545,0.10951239008792965,0.007575757575757576,0.027886710239651415,-0.07993605115907225,3,2.7019930347475554
learned_confidence,test,0.75,7,0.2,0.8752997601918465,0.47961630695443347,-0.9379485841054414,0.20943245403677058,0.0203288764815359,0.020528455284552844,-0.3996802557953612,3,5.541945681681481
learned_confidence,test,0.75,7,0.3,0.8705035971223022,-3.700743415417189e-15,1.5595502196702693,0.2973621103117506,0.031715261422310556,0.03555768157538069,-0.8792965627497984,3,7.876809891920585
learned_confidence,test,0.75,7,0.4,0.8673061550759392,-0.3197442046362964,4.108976032015299,0.3980815347721823,0.03236962755950098,0.03990982357855423,-1.199040767386091,3,10.264720709124353
learned_confidence,test,0.75,7,0.5,0.8633093525179856,-0.7194244604316576,7.191646004610896,0.5123900879296563,0.03391208245781839,0.04793373338369236,-1.5987210231814524,3,13.147619493345012
learned_confidence,test,0.75,7,0.6,0.8633093525179856,-0.7194244604316576,9.358769411457653,0.601119104716227,0.029394325682033564,0.04592361601707396,-1.5987210231814524,3,15.174991652446002
learned_confidence,test,0.75,7,0.7,0.8609112709832134,-0.959232613908878,12.236450041324101,0.7178257394084733,0.028408676569845883,0.044839918183712434,-1.8385291766586727,3,17.874722580219178
learned_confidence,test,0.75,7,0.8,0.8593125499600319,-1.1191047162270225,14.55484144590891,0.8145483613109512,0.02756362028457538,0.04127770193369886,-1.9984012789768173,3,20.041784797236428
learned_confidence,test,0.75,7,0.9,0.8585131894484412,-1.1990407673860948,16.86594675714472,0.9160671462829736,0.025563198468732846,0.040704940267832286,-2.0783373301358896,3,22.199970242410874
learned_confidence,test,0.75,7,1.0,0.8577138289368506,-1.278976818545167,18.58840097437904,1.0,0.024545616535994297,0.03764921946740129,-2.1582733812949617,3,23.81312039730778
learned_confidence,test,0.75,8,0.1,0.8784972022382094,0.7993605115907224,-4.749282265431298,0.10951239008792965,0.007575757575757576,0.027886710239651415,-0.07993605115907225,3,1.970679001746493
learned_confidence,test,0.75,8,0.2,0.8760991207034372,0.5595523581135057,-2.4952151028752922,0.20943245403677058,0.016263835831129395,0.020528455284552844,-0.319744204636289,3,4.08207485184063
learned_confidence,test,0.75,8,0.3,0.8721023181454837,0.1598721023181445,-0.8326808473617849,0.2973621103117506,0.026017255724304855,0.03255467857237769,-0.7194244604316502,3,5.637918988599902
learned_confidence,test,0.75,8,0.4,0.8697042366107115,-0.07993605115907225,1.0600178346165519,0.3980815347721823,0.025985716112298392,0.03553819188494111,-0.9592326139088669,3,7.41051228134056
learned_confidence,test,0.75,8,0.5,0.8673061550759392,-0.3197442046362964,3.2314367741093455,0.5123900879296563,0.02542359125315756,0.04104884608371754,-1.199040767386091,3,9.44229834689047
learned_confidence,test,0.75,8,0.6,0.8665067945643485,-0.39968025579536864,4.871460263604332,0.601119104716227,0.023456671055611,0.0399408483520633,-1.2789768185451633,3,10.976218842742277
learned_confidence,test,0.75,8,0.7,0.8641087130295763,-0.6394884092725891,7.008297446604891,0.7178257394084733,0.02353932999188986,0.03981825217616867,-1.5187849720223838,3,12.980125350419074
learned_confidence,test,0.75,8,0.8,0.8633093525179856,-0.7194244604316613,8.770498934272904,0.8145483613109512,0.022085515920155976,0.03677793230183756,-1.598721023181456,3,14.627228604544207
learned_confidence,test,0.75,8,0.9,0.8625099920063949,-0.7993605115907335,10.498009917786765,0.9160671462829736,0.02064665768149459,0.03673069291683695,-1.6786570743405282,3,16.240313362735165
learned_confidence,test,0.75,8,1.0,0.8617106314948041,-0.8792965627498058,11.738168254382527,1.0,0.02000178189593728,0.03489439853076217,-1.7585931254996006,3,17.402092413366397
learned_confidence,test,0.8,4,0.1,0.8776978417266187,0.7194244604316502,-3.656313889251391,0.10951239008792965,0.015151515151515152,0.03529411764705882,-0.1598721023181445,3,2.992832754728018
learned_confidence,test,0.8,4,0.2,0.8745003996802558,0.3996802557953612,-0.2007481839140494,0.20943245403677058,0.024495543148202566,0.02469512195121951,-0.47961630695443347,3,6.236015953289498
learned_confidence,test,0.8,4,0.3,0.8705035971223022,-3.700743415417189e-15,2.4006590108312595,0.2973621103117506,0.031715261422310556,0.03850753408275532,-0.8792965627497984,3,8.667821099336408
learned_confidence,test,0.8,4,0.4,0.8665067945643485,-0.3996802557953649,5.293455565705333,0.3980815347721823,0.034537052258571246,0.044459304189512064,-1.2789768185451595,3,11.377171731795766
learned_confidence,test,0.8,4,0.5,0.8617106314948042,-0.8792965627498021,8.681815215972847,0.5123900879296563,0.03721922651222014,0.0529775044932406,-1.7585931254995968,3,14.544686546469244
learned_confidence,test,0.8,4,0.6,0.8617106314948042,-0.8792965627498021,11.0499043020575,0.601119104716227,0.03209324689628953,0.0501009893533258,-1.7585931254995968,3,16.75947797587162
learned_confidence,test,0.8,4,0.7,0.8593125499600319,-1.1191047162270225,14.08815085475662,0.7178257394084733,0.030640105396224523,0.04834730248638167,-1.9984012789768173,3,19.609338419279812
learned_confidence,test,0.8,4,0.8,0.8569144684252598,-1.3589128697042392,16.686404367306103,0.8145483613109512,0.030726909834179972,0.04440869659648249,-2.238209432454034,3,22.040364538402706
learned_confidence,test,0.8,4,0.9,0.8553157474020784,-1.5187849720223838,19.17101657314367,0.9160671462829736,0.029490619572489402,0.04366341500974313,-2.3980815347721784,3,24.36014951183195
learned_confidence,test,0.8,4,1.0,0.8545163868904876,-1.598721023181456,20.897276958545383,1.0,0.028183654074602042,0.04040404040404041,-2.4780175859312505,3,25.977150756145388
learned_confidence,test,0.8,5,0.1,0.8776978417266187,0.7194244604316502,-3.765931532472052,0.10951239008792965,0.015151515151515152,0.03529411764705882,-0.1598721023181445,3,2.8902819733267138
learned_confidence,test,0.8,5,0.2,0.8745003996802558,0.3996802557953612,-0.310365827134725,0.20943245403677058,0.024495543148202566,0.02469512195121951,-0.47961630695443347,3,6.133465171888186
learned_confidence,test,0.8,5,0.3,0.8705035971223022,-3.700743415417189e-15,2.26630127452259,0.2973621103117506,0.031715261422310556,0.03850753408275532,-0.8792965627497984,3,8.542113939689148
learned_confidence,test,0.8,5,0.4,0.8665067945643485,-0.3996802557953649,5.149963025794938,0.3980815347721823,0.034537052258571246,0.044459304189512064,-1.2789768185451595,3,11.242987478023707
learned_confidence,test,0.8,5,0.5,0.8617106314948042,-0.8792965627498021,8.497651050502409,0.5123900879296563,0.03721922651222014,0.0529775044932406,-1.7585931254995968,3,14.372907249613672
learned_confidence,test,0.8,5,0.6,0.8617106314948042,-0.8792965627498021,10.848503632171902,0.601119104716227,0.03209324689628953,0.0501009893533258,-1.7585931254995968,3,16.571663012658288
learned_confidence,test,0.8,5,0.7,0.8593125499600319,-1.1191047162270225,13.862716951585531,0.7178257394084733,0.030640105396224523,0.04834730248638167,-1.9984012789768173,3,19.398845686769015
learned_confidence,test,0.8,5,0.8,0.8569144684252598,-1.3589128697042392,16.286756709730735,0.8145483613109512,0.030726909834179972,0.04440869659648249,-2.238209432454034,3,21.665029951659726
learned_confidence,test,0.8,5,0.9,0.8553157474020784,-1.5187849720223838,18.76783461655574,0.9160671462829736,0.029490619572489402,0.04366341500974313,-2.3980815347721784,3,23.981504702204035
learned_confidence,test,0.8,5,1.0,0.8545163868904876,-1.598721023181456,20.49289877767628,1.0,0.028183654074602042,0.04040404040404041,-2.4780175859312505,3,25.597373387134038
learned_confidence,test,0.8,6,0.1,0.8776978417266187,0.7194244604316502,-3.8498303536473952,0.10951239008792965,0.015151515151515152,0.03529411764705882,-0.1598721023181445,3,2.8119212756654597
learned_confidence,test,0.8,6,0.2,0.8745003996802558,0.3996802557953612,-0.5354734873200336,0.20943245403677058,0.024495543148202566,0.02469512195121951,-0.47961630695443347,3,5.922710043558192
learned_confidence,test,0.8,6,0.3,0.8705035971223022,-3.700743415417189e-15,1.979859933011437,0.2973621103117506,0.031715261422310556,0.03850753408275532,-0.8792965627497984,3,8.273906987097234
learned_confidence,test,0.8,6,0.4,0.8673061550759392,-0.31974420463629266,4.807951629039968,0.3980815347721823,0.032314830036349024,0.042191730493366934,-1.1990407673860874,3,10.922951601360134
learned_confidence,test,0.8,6,0.5,0.8625099920063949,-0.7993605115907298,7.911773021880027,0.5123900879296563,0.03556906149571849,0.05131912970053745,-1.6786570743405245,3,13.826325405511234
learned_confidence,test,0.8,6,0.6,0.8625099920063949,-0.7993605115907298,10.221953977989472,0.601119104716227,0.03068081751775845,0.048676487928824376,-1.6786570743405245,3,15.986885244540682
learned_confidence,test,0.8,6,0.7,0.8601119104716227,-1.0391686650679504,13.142481186654488,0.7178257394084733,0.029386972564144322,0.04708944085116155,-1.918465227817745,3,18.725983907168104
learned_confidence,test,0.8,6,0.8,0.8577138289368506,-1.278976818545167,15.436893731784766,0.8145483613109512,0.02963401365931658,0.04330127688441162,-2.1582733812949617,3,20.871320080128918
learned_confidence,test,0.8,6,0.9,0.8561151079136691,-1.4388489208633115,17.84804689199182,0.9160671462829736,0.02851310246594004,0.04267429532626143,-2.3181454836131064,3,23.12279261539539
learned_confidence,test,0.8,6,1.0,0.8553157474020784,-1.5187849720223838,19.545271651659483,1.0,0.02727785697315277,0.03948576675849403,-2.3980815347721784,3,24.712611560727495
learned_confidence,test,0.8,7,0.1,0.8776978417266187,0.7194244604316502,-4.129801209274005,0.10951239008792965,0.015151515151515152,0.03529411764705882,-0.1598721023181445,3,2.5503211772582115
learned_confidence,test,0.8,7,0.2,0.8745003996802558,0.3996802557953612,-1.2981208404019395,0.20943245403677058,0.024495543148202566,0.02469512195121951,-0.47961630695443347,3,5.205184149129893
learned_confidence,test,0.8,7,0.3,0.8713029576338929,0.07993605115906854,0.9844382095784865,0.2973621103117506,0.028841698203919748,0.03555768157538069,-0.7993605115907262,3,7.338664472167659
learned_confidence,test,0.8,7,0.4,0.8689048760991207,-0.1598721023181482,3.2858106050719815,0.3980815347721823,0.02798290317277659,0.03773117434108146,-1.0391686650679428,3,9.494022568424613
learned_confidence,test,0.8,7,0.5,0.864908073541167,-0.5595523581135131,6.069207012049234,0.5123900879296563,0.030534801724563715,0.04618853268561208,-1.4388489208633077,3,12.097371498596528
learned_confidence,test,0.8,7,0.6,0.864908073541167,-0.5595523581135131,8.105941972247589,0.601119104716227,0.026431508706603265,0.044365983618320066,-1.4388489208633077,3,14.003130413162461
learned_confidence,test,0.8,7,0.7,0.8625099920063949,-0.7993605115907298,10.764767932489447,0.7178257394084733,0.025858526876546488,0.04353272864122878,-1.6786570743405245,3,16.497207625888038
learned_confidence,test,0.8,7,0.8,0.8617106314948042,-0.8792965627498021,12.847883770498928,0.8145483613109512,0.024220420527441198,0.040103993013511065,-1.7585931254995968,3,18.44468889782299
learned_confidence,test,0.8,7,0.9,0.8609112709832134,-0.9592326139088744,15.037517943364213,0.9160671462829736,0.022619044572152417,0.03970693627581632,-1.838529176658669,3,20.489495636663932
learned_confidence,test,0.8,7,1.0,0.8601119104716227,-1.0391686650679504,16.63654356431337,1.0,0.02182327552070959,0.03673094582185491,-1.918465227817745,3,21.987166117150096
learned_confidence,test,0.8,8,0.1,0.8784972022382094,0.7993605115907224,-4.789953890991357,0.10951239008792965,0.007575757575757576,0.027886710239651415,-0.07993605115907225,3,1.9326992229266076
learned_confidence,test,0.8,8,0.2,0.8760991207034372,0.5595523581135057,-2.5767214754882786,0.20943245403677058,0.016263835831129395,0.020528455284552844,-0.319744204636289,3,4.006267559993223
learned_confidence,test,0.8,8,0.3,0.8721023181454837,0.1598721023181445,-0.9577950324068052,0.2973621103117506,0.026017255724304855,0.03255467857237769,-0.7194244604316502,3,5.521506302755667
learned_confidence,test,0.8,8,0.4,0.8697042366107115,-0.07993605115907225,0.8434468658923722,0.3980815347721823,0.025985716112298392,0.03553819188494111,-0.9592326139088669,3,7.2084031545615375
learned_confidence,test,0.8,8,0.5,0.8673061550759392,-0.3197442046362964,2.9317825916742737,0.5123900879296563,0.02542359125315756,0.04104884608371754,-1.199040767386091,3,9.162319285210893
learned_confidence,test,0.8,8,0.6,0.8665067945643485,-0.39968025579536864,4.5457610161381465,0.601119104716227,0.023456671055611,0.0399408483520633,-1.2789768185451633,3,10.67196087822706
learned_confidence,test,0.8,8,0.7,0.8641087130295763,-0.6394884092725891,6.645787115577014,0.7178257394084733,0.02353932999188986,0.03981825217616867,-1.5187849720223838,3,12.641295498699604
learned_confidence,test,0.8,8,0.8,0.8633093525179856,-0.7194244604316613,8.36242333289834,0.8145483613109512,0.022085515920155976,0.03677793230183756,-1.598721023181456,3,14.245900608420973
learned_confidence,test,0.8,8,0.9,0.8625099920063949,-0.7993605115907335,10.055841924398623,0.9160671462829736,0.02064665768149459,0.03673069291683695,-1.6786570743405282,3,15.827153106372878
learned_confidence,test,0.8,8,1.0,0.8617106314948041,-0.8792965627498058,11.258536691461126,1.0,0.02000178189593728,0.03489439853076217,-1.7585931254996006,3,16.953980624469068
learned_confidence,test,0.85,4,0.1,0.8776978417266187,0.7194244604316502,-4.333648701552921,0.10951239008792965,0.015151515151515152,0.03529411764705882,-0.1598721023181445,3,2.360397438181842
learned_confidence,test,0.85,4,0.2,0.8752997601918465,0.47961630695443347,-1.5020770803427785,0.20943245403677058,0.020479478891174456,0.02469512195121951,-0.3996802557953612,3,5.017651177064564
learned_confidence,test,0.85,4,0.3,0.8705035971223022,-3.700743415417189e-15,0.7107203445125831,0.2973621103117506,0.03179155071129438,0.03850753408275532,-0.8792965627497984,3,7.0851107199195855
learned_confidence,test,0.85,4,0.4,0.8689048760991207,-0.1598721023181482,3.147972943581704,0.3980815347721823,0.02798290317277659,0.03990982357855423,-1.0391686650679428,3,9.368664331770123
learned_confidence,test,0.85,4,0.5,0.8641087130295764,-0.6394884092725853,5.862151463743525,0.5123900879296563,0.032226849101890276,0.04966984449480347,-1.51878497202238,3,11.907959951054776
learned_confidence,test,0.85,4,0.6,0.8633093525179856,-0.7194244604316576,7.837715864108918,0.601119104716227,0.029262377801446394,0.0473666174600754,-1.5987210231814524,3,13.75562348019719
learned_confidence,test,0.85,4,0.7,0.8609112709832134,-0.959232613908878,10.397744573491662,0.7178257394084733,0.028249316136385504,0.045989343471068755,-1.8385291766586727,3,16.15682967897761
learned_confidence,test,0.85,4,0.8,0.8601119104716227,-1.0391686650679504,12.556603158032102,0.8145483613109512,0.026348513389675185,0.042322634013113695,-1.918465227817745,3,18.17731645566941
learned_confidence,test,0.85,4,0.9,0.8593125499600319,-1.1191047162270225,14.558810735569184,0.9160671462829736,0.024576953835564526,0.04169405995131399,-1.9984012789768173,3,20.046644985523827
learned_confidence,test,0.85,4,1.0,0.8585131894484412,-1.1990407673860948,16.00113097568402,1.0,0.023644769145481904,0.03948576675849403,-2.0783373301358896,3,21.397889158171218
learned_confidence,test,0.85,5,0.1,0.8776978417266187,0.7194244604316502,-4.338161729522816,0.10951239008792965,0.015151515151515152,0.03529411764705882,-0.1598721023181445,3,2.356225795700647
learned_confidence,test,0.85,5,0.2,0.8752997601918465,0.47961630695443347,-1.5065901083126738,0.20943245403677058,0.020479478891174456,0.02469512195121951,-0.3996802557953612,3,5.0134795345833725
learned_confidence,test,0.85,5,0.3,0.8705035971223022,-3.700743415417189e-15,0.6870677280438479,0.2973621103117506,0.03179155071129438,0.03850753408275532,-0.8792965627497984,3,7.063052217387703
learned_confidence,test,0.85,5,0.4,0.8689048760991207,-0.1598721023181482,3.124320327112958,0.3980815347721823,0.02798290317277659,0.03990982357855423,-1.0391686650679428,3,9.346605829238234
learned_confidence,test,0.85,5,0.5,0.8641087130295764,-0.6394884092725853,5.838498847274779,0.5123900879296563,0.032226849101890276,0.04966984449480347,-1.51878497202238,3,11.885901448522892
learned_confidence,test,0.85,5,0.6,0.8633093525179856,-0.7194244604316576,7.812921397189954,0.601119104716227,0.029262377801446394,0.0473666174600754,-1.5987210231814524,3,13.732509501856804
learned_confidence,test,0.85,5,0.7,0.8609112709832134,-0.959232613908878,10.36832833094088,0.7178257394084733,0.028249316136385504,0.045989343471068755,-1.8385291766586727,3,16.129358167399136
learned_confidence,test,0.85,5,0.8,0.8601119104716227,-1.0391686650679504,12.357268693723082,0.8145483613109512,0.026348513389675185,0.042322634013113695,-1.918465227817745,3,17.988983443082308
learned_confidence,test,0.85,5,0.9,0.8593125499600319,-1.1191047162270225,14.35947627126016,0.9160671462829736,0.024576953835564526,0.04169405995131399,-1.9984012789768173,3,19.858311972936722
learned_confidence,test,0.85,5,1.0,0.8585131894484412,-1.1990407673860948,15.801796511374999,1.0,0.023644769145481904,0.03948576675849403,-2.0783373301358896,3,21.209556145584123
learned_confidence,test,0.85,6,0.1,0.8776978417266187,0.7194244604316502,-4.361488103005791,0.10951239008792965,0.015151515151515152,0.03529411764705882,-0.1598721023181445,3,2.334615163988133
learned_confidence,test,0.85,6,0.2,0.8752997601918465,0.47961630695443347,-1.5354082387228722,0.20943245403677058,0.020479478891174456,0.02469512195121951,-0.3996802557953612,3,4.986725325772719
learned_confidence,test,0.85,6,0.3,0.8705035971223022,-3.700743415417189e-15,0.6391100091347949,0.2973621103117506,0.03179155071129438,0.03850753408275532,-0.8792965627497984,3,7.0183404338133935
learned_confidence,test,0.85,6,0.4,0.8689048760991207,-0.1598721023181482,3.069402757840696,0.3980815347721823,0.02798290317277659,0.03990982357855423,-1.0391686650679428,3,9.295431408046857
learned_confidence,test,0.85,6,0.5,0.8641087130295764,-0.6394884092725853,5.7536756709730685,0.5123900879296563,0.032226849101890276,0.04966984449480347,-1.51878497202238,3,11.806893319473591
learned_confidence,test,0.85,6,0.6,0.8633093525179856,-0.7194244604316576,7.702868763321583,0.601119104716227,0.029262377801446394,0.0473666174600754,-1.5987210231814524,3,13.62986970862784
learned_confidence,test,0.85,6,0.7,0.8609112709832134,-0.959232613908878,10.23728739832093,0.7178257394084733,0.028249316136385504,0.045989343471068755,-1.8385291766586727,3,16.006916841710645
learned_confidence,test,0.85,6,0.8,0.8601119104716227,-1.0391686650679504,12.201977032493797,0.8145483613109512,0.026348513389675185,0.042322634013113695,-1.918465227817745,3,17.8438608678418
learned_confidence,test,0.85,6,0.9,0.8593125499600319,-1.1191047162270225,14.188633694375568,0.9160671462829736,0.024576953835564526,0.04169405995131399,-1.9984012789768173,3,19.69868500053792
learned_confidence,test,0.85,6,1.0,0.8585131894484412,-1.1990407673860948,15.625353429901253,1.0,0.023644769145481904,0.03948576675849403,-2.0783373301358896,3,21.044626736071947
learned_confidence,test,0.85,7,0.1,0.8776978417266187,0.7194244604316502,-4.457403540823875,0.10951239008792965,0.015151515151515152,0.03529411764705882,-0.1598721023181445,3,2.244872299754889
learned_confidence,test,0.85,7,0.2,0.8752997601918465,0.47961630695443347,-1.9591435034146842,0.20943245403677058,0.020479478891174456,0.02469512195121951,-0.3996802557953612,3,4.586914116835028
learned_confidence,test,0.85,7,0.3,0.8705035971223022,-3.700743415417189e-15,0.11543564313366561,0.2973621103117506,0.03179155071129438,0.03850753408275532,-0.8792965627497984,3,6.525256637223516
learned_confidence,test,0.85,7,0.4,0.8689048760991207,-0.1598721023181482,2.1779981730392786,0.3980815347721823,0.02798290317277659,0.03990982357855423,-1.0391686650679428,3,8.457053480996368
learned_confidence,test,0.85,7,0.5,0.864908073541167,-0.5595523581135131,4.645754491278435,0.5123900879296563,0.030534801724563715,0.04793373338369236,-1.4388489208633077,3,10.765499606690417
learned_confidence,test,0.85,7,0.6,0.8641087130295764,-0.6394884092725853,6.406977249989117,0.601119104716227,0.02784393808513434,0.04592361601707396,-1.51878497202238,3,12.413402162540306
learned_confidence,test,0.85,7,0.7,0.8617106314948041,-0.8792965627498058,8.791215363869672,0.7178257394084733,0.02711165970862669,0.044839918183712434,-1.7585931254996006,3,14.649985480255456
learned_confidence,test,0.85,7,0.8,0.8609112709832134,-0.959232613908878,10.638566270825171,0.8145483613109512,0.025313316702304585,0.04127770193369886,-1.8385291766586727,3,16.37698510205645
learned_confidence,test,0.85,7,0.9,0.8601119104716227,-1.0391686650679504,12.48667841141415,0.9160671462829736,0.02359656167870178,0.040704940267832286,-1.918465227817745,3,18.102671014544796
learned_confidence,test,0.85,7,1.0,0.8593125499600319,-1.1191047162270225,13.884575231632509,1.0,0.02273402233309575,0.03856749311294766,-1.9984012789768173,3,19.412224111551396
learned_confidence,test,0.85,8,0.1,0.8784972022382094,0.7993605115907224,-4.93094523467746,0.10951239008792965,0.007575757575757576,0.027886710239651415,-0.07993605115907225,3,1.8014061725911024
learned_confidence,test,0.85,8,0.2,0.8760991207034372,0.5595523581135057,-2.819011266257787,0.20943245403677058,0.016263835831129395,0.020528455284552844,-0.319744204636289,3,3.780341954998031
learned_confidence,test,0.85,8,0.3,0.8721023181454837,0.1598721023181445,-1.2941515507416772,0.2973621103117506,0.026017255724304855,0.03255467857237769,-0.7194244604316502,3,5.207372640538832
learned_confidence,test,0.85,8,0.4,0.8697042366107115,-0.07993605115907225,0.4143829657662283,0.3980815347721823,0.025985716112298392,0.03553819188494111,-0.9592326139088669,3,6.807694379718921
learned_confidence,test,0.85,8,0.5,0.8673061550759392,-0.3197442046362964,2.3950585062421057,0.5123900879296563,0.02542359125315756,0.04104884608371754,-1.199040767386091,3,8.660772728174623
learned_confidence,test,0.85,8,0.6,0.8665067945643485,-0.39968025579536864,3.907140371482006,0.601119104716227,0.023456671055611,0.0399408483520633,-1.2789768185451633,3,10.075483633219577
learned_confidence,test,0.85,8,0.7,0.8641087130295763,-0.6394884092725891,5.89254643525164,0.7178257394084733,0.02353932999188986,0.03981825217616867,-1.5187849720223838,3,11.937193304256482
learned_confidence,test,0.85,8,0.8,0.8633093525179856,-0.7194244604316613,7.521967027708901,0.8145483613109512,0.022085515920155976,0.03677793230183756,-1.598721023181456,3,13.460277295211728
learned_confidence,test,0.85,8,0.9,0.8625099920063949,-0.7993605115907335,9.077819826873716,0.9160671462829736,0.02064665768149459,0.03673069291683695,-1.6786570743405282,3,14.912924700951917
learned_confidence,test,0.85,8,1.0,0.8617106314948041,-0.8792965627498058,10.222280220975247,1.0,0.02000178189593728,0.03489439853076217,-1.7585931254996006,3,15.985446600313184
learned_confidence,test,0.88,4,0.1,0.8776978417266187,0.7194244604316502,-4.678813780503721,0.10951239008792965,0.015151515151515152,0.03529411764705882,-0.1598721023181445,3,2.0384910211829643
learned_confidence,test,0.88,4,0.2,0.8752997601918465,0.47961630695443347,-2.089151333246342,0.20943245403677058,0.020430502497796064,0.02469512195121951,-0.3996802557953612,3,4.468755682750654
learned_confidence,test,0.88,4,0.3,0.8713029576338929,0.07993605115907225,-0.08362695202053609,0.2973621103117506,0.028967108231679486,0.03550453107975232,-0.7993605115907224,3,6.342074902080741
learned_confidence,test,0.88,4,0.4,0.8689048760991207,-0.1598721023181482,1.987798512331988,0.3980815347721823,0.028150218276800556,0.03771684112241388,-1.0391686650679428,3,8.282681257645526
learned_confidence,test,0.88,4,0.5,0.8641087130295764,-0.6394884092725853,4.417438775066329,0.5123900879296563,0.03222003508049182,0.04793373338369236,-1.51878497202238,3,10.556321070196702
learned_confidence,test,0.88,4,0.6,0.8641087130295764,-0.6394884092725853,6.068554526077681,0.601119104716227,0.027975885965721505,0.04592361601707396,-1.51878497202238,3,12.101439122066626
learned_confidence,test,0.88,4,0.7,0.8617106314948041,-0.8792965627498058,8.288366175127234,0.7178257394084733,0.027271020142087068,0.044839918183712434,-1.7585931254996006,3,14.184565271222922
learned_confidence,test,0.88,4,0.8,0.8609112709832134,-0.959232613908878,10.157684109791631,0.8145483613109512,0.025435527422341394,0.04127770193369886,-1.8385291766586727,3,15.934500001602425
learned_confidence,test,0.88,4,0.9,0.8601119104716227,-1.0391686650679504,11.957784157640601,0.9160671462829736,0.023605289205320738,0.040704940267832286,-1.918465227817745,3,17.6149446318229
learned_confidence,test,0.88,4,1.0,0.8593125499600319,-1.1191047162270225,13.239919091739527,1.0,0.02273402233309575,0.03856749311294766,-1.9984012789768173,3,18.8158449834256
learned_confidence,test,0.88,5,0.1,0.8776978417266187,0.7194244604316502,-4.683326808473624,0.10951239008792965,0.015151515151515152,0.03529411764705882,-0.1598721023181445,3,2.034319378701773
learned_confidence,test,0.88,5,0.2,0.8752997601918465,0.47961630695443347,-2.0936643612162444,0.20943245403677058,0.020430502497796064,0.02469512195121951,-0.3996802557953612,3,4.464584040269463
learned_confidence,test,0.88,5,0.3,0.8713029576338929,0.07993605115907225,-0.08813997999043884,0.2973621103117506,0.028967108231679486,0.03550453107975232,-0.7993605115907224,3,6.33790325959955
learned_confidence,test,0.88,5,0.4,0.8689048760991207,-0.1598721023181482,1.983285484362085,0.3980815347721823,0.028150218276800556,0.03771684112241388,-1.0391686650679428,3,8.278509615164332
learned_confidence,test,0.88,5,0.5,0.8641087130295764,-0.6394884092725853,4.412925747096426,0.5123900879296563,0.03222003508049182,0.04793373338369236,-1.51878497202238,3,10.552149427715511
learned_confidence,test,0.88,5,0.6,0.8641087130295764,-0.6394884092725853,6.064041498107782,0.601119104716227,0.027975885965721505,0.04592361601707396,-1.51878497202238,3,12.097267479585431
learned_confidence,test,0.88,5,0.7,0.8617106314948041,-0.8792965627498058,8.283853147157334,0.7178257394084733,0.027271020142087068,0.044839918183712434,-1.7585931254996006,3,14.180393628741731
learned_confidence,test,0.88,5,0.8,0.8609112709832134,-0.959232613908878,9.983850972204088,0.8145483613109512,0.025435527422341394,0.04127770193369886,-1.8385291766586727,3,15.770019726393254
learned_confidence,test,0.88,5,0.9,0.8601119104716227,-1.0391686650679504,11.78395102005306,0.9160671462829736,0.023605289205320738,0.040704940267832286,-1.918465227817745,3,17.45046435661373
learned_confidence,test,0.88,5,1.0,0.8593125499600319,-1.1191047162270225,13.066085954151983,1.0,0.02273402233309575,0.03856749311294766,-1.9984012789768173,3,18.651364708216427
learned_confidence,test,0.88,6,0.1,0.8776978417266187,0.7194244604316502,-4.6864804906694575,0.10951239008792965,0.015151515151515152,0.03529411764705882,-0.1598721023181445,3,2.031404255040218
learned_confidence,test,0.88,6,0.2,0.8752997601918465,0.47961630695443347,-2.096818043412078,0.20943245403677058,0.020430502497796064,0.02469512195121951,-0.3996802557953612,3,4.461668916607908
learned_confidence,test,0.88,6,0.3,0.8713029576338929,0.07993605115907225,-0.09129366218627218,0.2973621103117506,0.028967108231679486,0.03550453107975232,-0.7993605115907224,3,6.334988135937995
learned_confidence,test,0.88,6,0.4,0.8689048760991207,-0.1598721023181482,1.9779568489277495,0.3980815347721823,0.028150218276800556,0.03771684112241388,-1.0391686650679428,3,8.27358406139136
learned_confidence,test,0.88,6,0.5,0.8641087130295764,-0.6394884092725853,4.397972943581707,0.5123900879296563,0.03222003508049182,0.04793373338369236,-1.51878497202238,3,10.538306416599138
learned_confidence,test,0.88,6,0.6,0.8641087130295764,-0.6394884092725853,6.048653703945361,0.601119104716227,0.027975885965721505,0.04592361601707396,-1.51878497202238,3,12.083022382446773
learned_confidence,test,0.88,6,0.7,0.8617106314948041,-0.8792965627498058,8.26003740919569,0.7178257394084733,0.027271020142087068,0.044839918183712434,-1.7585931254996006,3,14.158185186462557
learned_confidence,test,0.88,6,0.8,0.8609112709832134,-0.959232613908878,9.958458393144543,0.8145483613109512,0.025435527422341394,0.04127770193369886,-1.8385291766586727,3,15.746339091653043
learned_confidence,test,0.88,6,0.9,0.8601119104716227,-1.0391686650679504,11.755459132628639,0.9160671462829736,0.023605289205320738,0.040704940267832286,-1.918465227817745,3,17.42388091103595
learned_confidence,test,0.88,6,1.0,0.8593125499600319,-1.1191047162270225,13.035147244334244,1.0,0.02273402233309575,0.03856749311294766,-1.9984012789768173,3,18.622464663899795
learned_confidence,test,0.88,7,0.1,0.8776978417266187,0.7194244604316502,-4.73933185436514,0.10951239008792965,0.015151515151515152,0.03529411764705882,-0.1598721023181445,3,1.9819918242859742
learned_confidence,test,0.88,7,0.2,0.8752997601918465,0.47961630695443347,-2.423822262821355,0.20943245403677058,0.020430502497796064,0.02469512195121951,-0.3996802557953612,3,4.15280239303939
learned_confidence,test,0.88,7,0.3,0.8713029576338929,0.07993605115907225,-0.4835464787507071,0.2973621103117506,0.028967108231679486,0.03550453107975232,-0.7993605115907224,3,5.9652435940373465
learned_confidence,test,0.88,7,0.4,0.8689048760991207,-0.1598721023181482,1.3580408021227508,0.3980815347721823,0.028150218276800556,0.03771684112241388,-1.0391686650679428,3,7.690709973223087
learned_confidence,test,0.88,7,0.5,0.864908073541167,-0.5595523581135131,3.6011788246552636,0.5123900879296563,0.030527987703165258,0.04619762227258125,-1.4388489208633077,3,9.78922947952795
learned_confidence,test,0.88,7,0.6,0.864908073541167,-0.5595523581135131,5.221301492017916,0.601119104716227,0.02655744624940945,0.04448061457407252,-1.4388489208633077,3,11.305169272187003
learned_confidence,test,0.88,7,0.7,0.8625099920063949,-0.7993605115907335,7.382389403627816,0.7178257394084733,0.02613336371432825,0.04369049289635611,-1.6786570743405282,3,13.332780030956119
learned_confidence,test,0.88,7,0.8,0.8617106314948041,-0.8792965627498058,9.02986210796467,0.8145483613109512,0.02440033073497079,0.04023276985428402,-1.7585931254996006,3,14.873103170519078
learned_confidence,test,0.88,7,0.9,0.8609112709832134,-0.959232613908878,10.731708643264167,0.9160671462829736,0.022624897048457993,0.03971582058435059,-1.8385291766586727,3,16.46208781693568
learned_confidence,test,0.88,7,1.0,0.8601119104716227,-1.0391686650679504,11.99225716647091,1.0,0.02182327552070959,0.03764921946740129,-1.918465227817745,3,17.642703640715958
learned_confidence,test,0.88,8,0.1,0.8784972022382094,0.7993605115907224,-5.040943494714867,0.10951239008792965,0.007575757575757576,0.027886710239651415,-0.07993605115907225,3,1.6986532582060065
learned_confidence,test,0.88,8,0.2,0.8760991207034372,0.5595523581135057,-3.02389186132499,0.20943245403677058,0.016263835831129395,0.020528455284552844,-0.319744204636289,3,3.5887558667228037
learned_confidence,test,0.88,8,0.3,0.8729016786570744,0.23980815347721673,-1.5425312105789828,0.2973621103117506,0.023168252875302005,0.029551675569374686,-0.639488409272578,3,4.9746490658325335
learned_confidence,test,0.88,8,0.4,0.8705035971223022,0.0,0.006144242898775687,0.3980815347721823,0.023876011470948182,0.03334520942880076,-0.8792965627497947,3,6.4258464191519
learned_confidence,test,0.88,8,0.5,0.86810551558753,-0.23980815347722043,1.8909587193875292,0.5123900879296563,0.023731543875830995,0.03931273497260643,-1.1191047162270151,3,8.189610168460153
learned_confidence,test,0.88,8,0.6,0.86810551558753,-0.23980815347722043,3.3498629779459645,0.601119104716227,0.02062580196076787,0.03849784690906186,-1.1191047162270151,3,9.554536042598686
learned_confidence,test,0.88,8,0.7,0.8657074340527579,-0.4796163069544372,5.200258819435377,0.7178257394084733,0.02114854073205084,0.03866882688881235,-1.3589128697042319,3,11.289936046471228
learned_confidence,test,0.88,8,0.8,0.864908073541167,-0.5595523581135095,6.713156292139707,0.8145483613109512,0.01995742305792199,0.03573300022242272,-1.4388489208633042,3,12.704083782392624
learned_confidence,test,0.88,8,0.9,0.8641087130295764,-0.6394884092725817,8.207566662316752,0.9160671462829736,0.01868874841808248,0.03574157323335525,-1.5187849720223763,3,14.099292463725188
learned_confidence,test,0.88,8,1.0,0.8633093525179856,-0.7194244604316576,9.26785636608812,1.0,0.018185237982101844,0.03397612488521579,-1.5987210231814524,3,15.092669467243283
learned_confidence,test,0.9,4,0.1,0.8784972022382094,0.7993605115907224,-4.843620862151465,0.10951239008792965,0.007575757575757576,0.027886710239651415,-0.07993605115907225,3,1.8843863468252249
learned_confidence,test,0.9,4,0.2,0.8760991207034372,0.5595523581135057,-2.4008765061551105,0.20943245403677058,0.016263835831129395,0.020528455284552844,-0.319744204636289,3,4.176738413461541
learned_confidence,test,0.9,4,0.3,0.8713029576338929,0.07993605115907225,-0.6462873548218839,0.2973621103117506,0.028866258573307706,0.03555768157538069,-0.7993605115907224,3,5.816026851111212
learned_confidence,test,0.9,4,0.4,0.8689048760991207,-0.1598721023181482,1.2438557571012199,0.3980815347721823,0.028095420753648605,0.03773117434108146,-1.0391686650679428,3,7.5865286009887996
learned_confidence,test,0.9,4,0.5,0.864908073541167,-0.5595523581135131,3.3398581930488427,0.5123900879296563,0.0304929193637388,0.04618853268561208,-1.4388489208633077,3,9.547681528359627
learned_confidence,test,0.9,4,0.6,0.864908073541167,-0.5595523581135131,4.839651572491184,0.601119104716227,0.02642549836882228,0.044365983618320066,-1.4388489208633077,3,10.951113707320504
learned_confidence,test,0.9,4,0.7,0.8625099920063949,-0.7993605115907335,6.900963504284656,0.7178257394084733,0.02597400328086787,0.04353272864122878,-1.6786570743405282,3,12.885621036646707
learned_confidence,test,0.9,4,0.8,0.8617106314948041,-0.8792965627498058,8.648103440776023,0.8145483613109512,0.024278120014933985,0.040103993013511065,-1.7585931254996006,3,14.521555216323822
learned_confidence,test,0.9,4,0.9,0.8609112709832134,-0.959232613908878,10.244301622515113,0.9160671462829736,0.022616169521839036,0.03970693627581632,-1.8385291766586727,3,16.01150048421709
learned_confidence,test,0.9,4,1.0,0.8601119104716227,-1.0391686650679504,11.3812584279438,1.0,0.02182327552070959,0.03764921946740129,-1.918465227817745,3,17.0757708194788
learned_confidence,test,0.9,5,0.1,0.8784972022382094,0.7993605115907224,-4.848133890121368,0.10951239008792965,0.007575757575757576,0.027886710239651415,-0.07993605115907225,3,1.8802147043440336
learned_confidence,test,0.9,5,0.2,0.8760991207034372,0.5595523581135057,-2.405389534125013,0.20943245403677058,0.016263835831129395,0.020528455284552844,-0.319744204636289,3,4.172566770980346
learned_confidence,test,0.9,5,0.3,0.8713029576338929,0.07993605115907225,-0.6508003827917793,0.2973621103117506,0.028866258573307706,0.03555768157538069,-0.7993605115907224,3,5.81185520863002
learned_confidence,test,0.9,5,0.4,0.8689048760991207,-0.1598721023181482,1.239342729131317,0.3980815347721823,0.028095420753648605,0.03773117434108146,-1.0391686650679428,3,7.582356958507607
learned_confidence,test,0.9,5,0.5,0.864908073541167,-0.5595523581135131,3.3353451650789436,0.5123900879296563,0.0304929193637388,0.04618853268561208,-1.4388489208633077,3,9.54350988587843
learned_confidence,test,0.9,5,0.6,0.864908073541167,-0.5595523581135131,4.8351385445212856,0.601119104716227,0.02642549836882228,0.044365983618320066,-1.4388489208633077,3,10.946942064839309
learned_confidence,test,0.9,5,0.7,0.8625099920063949,-0.7993605115907335,6.896450476314756,0.7178257394084733,0.02597400328086787,0.04353272864122878,-1.6786570743405282,3,12.881449394165516
learned_confidence,test,0.9,5,0.8,0.8617106314948041,-0.8792965627498058,8.474270303188476,0.8145483613109512,0.024278120014933985,0.040103993013511065,-1.7585931254996006,3,14.357074941114648
learned_confidence,test,0.9,5,0.9,0.8609112709832134,-0.959232613908878,10.070468484927568,0.9160671462829736,0.022616169521839036,0.03970693627581632,-1.8385291766586727,3,15.847020209007914
learned_confidence,test,0.9,5,1.0,0.8601119104716227,-1.0391686650679504,11.207425290356259,1.0,0.02182327552070959,0.03764921946740129,-1.918465227817745,3,16.911290544269626
learned_confidence,test,0.9,6,0.1,0.8784972022382094,0.7993605115907224,-4.850091348036023,0.10951239008792965,0.007575757575757576,0.027886710239651415,-0.07993605115907225,3,1.878405317243755
learned_confidence,test,0.9,6,0.2,0.8760991207034372,0.5595523581135057,-2.407346992039668,0.20943245403677058,0.016263835831129395,0.020528455284552844,-0.319744204636289,3,4.170757383880075
learned_confidence,test,0.9,6,0.3,0.8713029576338929,0.07993605115907225,-0.6527578407064342,0.2973621103117506,0.028866258573307706,0.03555768157538069,-0.7993605115907224,3,5.810045821529745
learned_confidence,test,0.9,6,0.4,0.8689048760991207,-0.1598721023181482,1.2373852712166622,0.3980815347721823,0.028095420753648605,0.03773117434108146,-1.0391686650679428,3,7.58054757140733
learned_confidence,test,0.9,6,0.5,0.864908073541167,-0.5595523581135131,3.3299621558136447,0.5123900879296563,0.0304929193637388,0.04618853268561208,-1.4388489208633077,3,9.538534071352673
learned_confidence,test,0.9,6,0.6,0.864908073541167,-0.5595523581135131,4.829755535255986,0.601119104716227,0.02642549836882228,0.044365983618320066,-1.4388489208633077,3,10.94196625031355
learned_confidence,test,0.9,6,0.7,0.8625099920063949,-0.7993605115907335,6.891067467049457,0.7178257394084733,0.02597400328086787,0.04353272864122878,-1.6786570743405282,3,12.876473579639757
learned_confidence,test,0.9,6,0.8,0.8617106314948041,-0.8792965627498058,8.468234807951628,0.8145483613109512,0.024278120014933985,0.040103993013511065,-1.7585931254996006,3,14.351481366925201
learned_confidence,test,0.9,6,0.9,0.8609112709832134,-0.959232613908878,10.064432989690715,0.9160671462829736,0.022616169521839036,0.03970693627581632,-1.8385291766586727,3,15.84142663481846
learned_confidence,test,0.9,6,1.0,0.8601119104716227,-1.0391686650679504,11.201389795119399,1.0,0.02182327552070959,0.03764921946740129,-1.918465227817745,3,16.905696970080175
learned_confidence,test,0.9,7,0.1,0.8784972022382094,0.7993605115907224,-4.876897646700599,0.10951239008792965,0.007575757575757576,0.027886710239651415,-0.07993605115907225,3,1.8533170844465596
learned_confidence,test,0.9,7,0.2,0.8760991207034372,0.5595523581135057,-2.7034125016312194,0.20943245403677058,0.016263835831129395,0.020528455284552844,-0.319744204636289,3,3.8907984438015832
learned_confidence,test,0.9,7,0.3,0.8713029576338929,0.07993605115907225,-0.9594262473356855,0.2973621103117506,0.028866258573307706,0.03555768157538069,-0.7993605115907224,3,5.520123878505986
learned_confidence,test,0.9,7,0.4,0.8689048760991207,-0.1598721023181482,0.7111009613293288,0.3980815347721823,0.028095420753648605,0.03773117434108146,-1.0391686650679428,3,7.084973255332642
learned_confidence,test,0.9,7,0.5,0.864908073541167,-0.5595523581135131,2.784266388272653,0.5123900879296563,0.0304929193637388,0.04618853268561208,-1.4388489208633077,3,9.024967400801462
learned_confidence,test,0.9,7,0.6,0.864908073541167,-0.5595523581135131,4.268400104397748,0.601119104716227,0.02642549836882228,0.044365983618320066,-1.4388489208633077,3,10.413606234874347
learned_confidence,test,0.9,7,0.7,0.8625099920063949,-0.7993605115907335,6.2900735134194505,0.7178257394084733,0.02597400328086787,0.04353272864122878,-1.6786570743405282,3,12.310591306223902
learned_confidence,test,0.9,7,0.8,0.8617106314948041,-0.8792965627498058,7.826297359606763,0.8145483613109512,0.024278120014933985,0.040103993013511065,-1.7585931254996006,3,13.747066326258583
learned_confidence,test,0.9,7,0.9,0.8609112709832134,-0.959232613908878,9.399604158510584,0.9160671462829736,0.022616169521839036,0.03970693627581632,-1.8385291766586727,3,15.215636713779245
learned_confidence,test,0.9,7,1.0,0.8601119104716227,-1.0391686650679504,10.535962851798686,1.0,0.02182327552070959,0.03764921946740129,-1.918465227817745,3,16.27934076934925
learned_confidence,test,0.9,8,0.1,0.8792965627498002,0.8792965627497947,-5.101461568576286,0.10951239008792965,0.0,0.020479302832244008,0.0,3,1.642201853517944
learned_confidence,test,0.9,8,0.2,0.876898481215028,0.639488409272578,-3.140034364261165,0.20943245403677058,0.01209716916446273,0.01636178861788618,-0.23980815347721673,3,3.4801621576931674
learned_confidence,test,0.9,8,0.3,0.8729016786570744,0.23980815347721673,-1.7542629083474741,0.2973621103117506,0.023067403216930224,0.029604826065003056,-0.639488409272578,3,4.7767491245635325
learned_confidence,test,0.9,8,0.4,0.8705035971223022,0.0,-0.2923137152551251,0.3980815347721823,0.023821213947796228,0.03335954264746834,-0.8792965627497947,3,6.146378429454343
learned_confidence,test,0.9,8,0.5,0.8681055155875299,-0.23980815347722415,1.4963134542607226,0.5123900879296563,0.023696475536404537,0.039303645385637256,-1.119104716227019,3,7.820418347101687
learned_confidence,test,0.9,8,0.6,0.8681055155875299,-0.23980815347722415,2.905193788333549,0.601119104716227,0.0204938540801807,0.03838321595330941,-1.119104716227019,3,9.138508532542263
learned_confidence,test,0.9,8,0.7,0.8657074340527577,-0.47961630695444085,4.689797294358167,0.7178257394084733,0.02098918029859046,0.038511062633685006,-1.3589128697042356,3,10.812056569693302
learned_confidence,test,0.9,8,0.8,0.864908073541167,-0.5595523581135131,6.1353255904997965,0.8145483613109512,0.019835212337885183,0.035604223381649765,-1.4388489208633077,3,12.16345640533066
learned_confidence,test,0.9,8,0.9,0.8641087130295764,-0.6394884092725853,7.576830223150192,0.9160671462829736,0.018680020891463523,0.03573268892482098,-1.51878497202238,3,13.508827942731283
learned_confidence,test,0.9,8,1.0,0.8633093525179856,-0.7194244604316576,8.566923311148804,1.0,0.018185237982101844,0.03397612488521579,-1.5987210231814524,3,14.436186855803872
learned_confidence,test,0.92,4,0.1,0.8784972022382094,0.7993605115907224,-5.053938840314938,0.10951239008792965,0.007575757575757576,0.027886710239651415,-0.07993605115907225,3,1.6879967563180887
learned_confidence,test,0.92,4,0.2,0.8776978417266187,0.7194244604316502,-2.9883857497063904,0.20943245403677058,0.008231707317073171,0.016463414634146342,-0.1598721023181445,3,3.624305614297348
learned_confidence,test,0.92,4,0.3,0.873701039168665,0.319744204636289,-1.3497759798164404,0.2973621103117506,0.020169279629151465,0.02965797656063143,-0.5595523581135057,3,5.154610134538877
learned_confidence,test,0.92,4,0.4,0.8729016786570744,0.23980815347721304,0.18845969811648322,0.3980815347721823,0.01709974975797761,0.031017377711318447,-0.6394884092725817,3,6.595875449071864
learned_confidence,test,0.92,4,0.5,0.8697042366107114,-0.07993605115907594,2.0468484927574027,0.5123900879296563,0.020361077163974783,0.03938138170404522,-0.9592326139088706,3,8.334828986454934
learned_confidence,test,0.92,4,0.6,0.8697042366107114,-0.07993605115907594,3.4252794814911427,0.601119104716227,0.017537047442531387,0.03840171597180943,-0.9592326139088706,3,9.62416879432609
learned_confidence,test,0.92,4,0.7,0.8673061550759392,-0.3197442046362964,5.343805733176728,0.7178257394084733,0.01832355420096968,0.0384026262858212,-1.199040767386091,3,11.424556400706338
learned_confidence,test,0.92,4,0.8,0.8665067945643485,-0.39968025579536864,6.7524685719256965,0.8145483613109512,0.0175272092681216,0.03554173574899373,-1.2789768185451633,3,12.741606241550326
learned_confidence,test,0.92,4,0.9,0.8665067945643485,-0.39968025579536864,8.143296794118914,0.9160671462829736,0.015727139468264137,0.034734684932805016,-1.2789768185451633,3,14.039703099408218
learned_confidence,test,0.92,4,1.0,0.8657074340527577,-0.47961630695444085,9.173789638522763,1.0,0.015462896966817139,0.03305785123966942,-1.3589128697042356,3,15.004155585144867
learned_confidence,test,0.92,5,0.1,0.8784972022382094,0.7993605115907224,-5.058451868284834,0.10951239008792965,0.007575757575757576,0.027886710239651415,-0.07993605115907225,3,1.6838251138368936
learned_confidence,test,0.92,5,0.2,0.8776978417266187,0.7194244604316502,-2.992898777676293,0.20943245403677058,0.008231707317073171,0.016463414634146342,-0.1598721023181445,3,3.6201339718161565
learned_confidence,test,0.92,5,0.3,0.873701039168665,0.319744204636289,-1.3542890077863357,0.2973621103117506,0.020169279629151465,0.02965797656063143,-0.5595523581135057,3,5.150438492057689
learned_confidence,test,0.92,5,0.4,0.8729016786570744,0.23980815347721304,0.18394667014658786,0.3980815347721823,0.01709974975797761,0.031017377711318447,-0.6394884092725817,3,6.591703806590672
learned_confidence,test,0.92,5,0.5,0.8697042366107114,-0.07993605115907594,2.0423354647875036,0.5123900879296563,0.020361077163974783,0.03938138170404522,-0.9592326139088706,3,8.330657343973739
learned_confidence,test,0.92,5,0.6,0.8697042366107114,-0.07993605115907594,3.4207664535212436,0.601119104716227,0.017537047442531387,0.03840171597180943,-0.9592326139088706,3,9.619997151844895
learned_confidence,test,0.92,5,0.7,0.8673061550759392,-0.3197442046362964,5.339292705206833,0.7178257394084733,0.01832355420096968,0.0384026262858212,-1.199040767386091,3,11.42038475822515
learned_confidence,test,0.92,5,0.8,0.8665067945643485,-0.39968025579536864,6.747955543955797,0.8145483613109512,0.0175272092681216,0.03554173574899373,-1.2789768185451633,3,12.73743459906913
learned_confidence,test,0.92,5,0.9,0.8665067945643485,-0.39968025579536864,8.138783766149016,0.9160671462829736,0.015727139468264137,0.034734684932805016,-1.2789768185451633,3,14.035531456927023
learned_confidence,test,0.92,5,1.0,0.8657074340527577,-0.47961630695444085,9.169276610552872,1.0,0.015462896966817139,0.03305785123966942,-1.3589128697042356,3,14.999983942663675
learned_confidence,test,0.92,6,0.1,0.8784972022382094,0.7993605115907224,-5.059104354256383,0.10951239008792965,0.007575757575757576,0.027886710239651415,-0.07993605115907225,3,1.6832219848034697
learned_confidence,test,0.92,6,0.2,0.8776978417266187,0.7194244604316502,-2.99355126364785,0.20943245403677058,0.008231707317073171,0.016463414634146342,-0.1598721023181445,3,3.6195308427827255
learned_confidence,test,0.92,6,0.3,0.873701039168665,0.319744204636289,-1.3549414937578923,0.2973621103117506,0.020169279629151465,0.02965797656063143,-0.5595523581135057,3,5.149835363024257
learned_confidence,test,0.92,6,0.4,0.8729016786570744,0.23980815347721304,0.1832941841750313,0.3980815347721823,0.01709974975797761,0.031017377711318447,-0.6394884092725817,3,6.5911006775572485
learned_confidence,test,0.92,6,0.5,0.8697042366107114,-0.07993605115907594,2.0382574274653065,0.5123900879296563,0.020361077163974783,0.03938138170404522,-0.9592326139088706,3,8.326887787514833
learned_confidence,test,0.92,6,0.6,0.8697042366107114,-0.07993605115907594,3.4166884161990465,0.601119104716227,0.017537047442531387,0.03840171597180943,-0.9592326139088706,3,9.616227595385988
learned_confidence,test,0.92,6,0.7,0.8673061550759392,-0.3197442046362964,5.335214667884632,0.7178257394084733,0.01832355420096968,0.0384026262858212,-1.199040767386091,3,11.416615201766238
learned_confidence,test,0.92,6,0.8,0.8665067945643485,-0.39968025579536864,6.743225020662043,0.8145483613109512,0.0175272092681216,0.03554173574899373,-1.2789768185451633,3,12.733047282946526
learned_confidence,test,0.92,6,0.9,0.8665067945643485,-0.39968025579536864,8.13405324285527,0.9160671462829736,0.015727139468264137,0.034734684932805016,-1.2789768185451633,3,14.031144140804427
learned_confidence,test,0.92,6,1.0,0.8657074340527577,-0.47961630695444085,9.164546087259119,1.0,0.015462896966817139,0.03305785123966942,-1.3589128697042356,3,14.995596626541074
learned_confidence,test,0.92,7,0.1,0.8784972022382094,0.7993605115907224,-5.07318717647572,0.10951239008792965,0.007575757575757576,0.027886710239651415,-0.07993605115907225,3,1.6699325639529177
learned_confidence,test,0.92,7,0.2,0.8776978417266187,0.7194244604316502,-3.043520814302495,0.20943245403677058,0.008231707317073171,0.016463414634146342,-0.1598721023181445,3,3.5722773701483357
learned_confidence,test,0.92,7,0.3,0.873701039168665,0.319744204636289,-1.406542259341433,0.2973621103117506,0.020169279629151465,0.02965797656063143,-0.5595523581135057,3,5.101037491230642
learned_confidence,test,0.92,7,0.4,0.8729016786570744,0.23980815347721304,0.12859411022662082,0.3980815347721823,0.01709974975797761,0.031017377711318447,-0.6394884092725817,3,6.539422093005405
learned_confidence,test,0.92,7,0.5,0.8697042366107114,-0.07993605115907594,1.9813280264474227,0.5123900879296563,0.020361077163974783,0.03938138170404522,-0.9592326139088706,3,8.273139857308001
learned_confidence,test,0.92,7,0.6,0.8697042366107114,-0.07993605115907594,3.348938622819601,0.601119104716227,0.017537047442531387,0.03840171597180943,-0.9592326139088706,3,9.552236811154428
learned_confidence,test,0.92,7,0.7,0.8673061550759392,-0.3197442046362964,5.246639697246506,0.7178257394084733,0.01832355420096968,0.0384026262858212,-1.199040767386091,3,11.33290758826853
learned_confidence,test,0.92,7,0.8,0.8665067945643485,-0.39968025579536864,6.62262386358693,0.8145483613109512,0.0175272092681216,0.03554173574899373,-1.2789768185451633,3,12.619065515504316
learned_confidence,test,0.92,7,0.9,0.8665067945643485,-0.39968025579536864,7.993170646831089,0.9160671462829736,0.015727139468264137,0.034734684932805016,-1.2789768185451633,3,13.898231965273885
learned_confidence,test,0.92,7,1.0,0.8657074340527577,-0.47961630695444085,9.023663491234931,1.0,0.015462896966817139,0.03305785123966942,-1.3589128697042356,3,14.862684451010528
learned_confidence,test,0.92,8,0.1,0.8792965627498002,0.8792965627497947,-5.255611379355359,0.10951239008792965,0.0,0.020479302832244008,0.0,3,1.4979565336272094
learned_confidence,test,0.92,8,0.2,0.8784972022382094,0.7993605115907224,-3.361716473095829,0.20943245403677058,0.0040650406504065045,0.012296747967479675,-0.07993605115907225,3,3.2724921002371974
learned_confidence,test,0.92,8,0.3,0.8752997601918465,0.47961630695443347,-2.049132193657847,0.2973621103117506,0.014370424272773982,0.023705121050253793,-0.3996802557953612,3,4.500147698537016
learned_confidence,test,0.92,8,0.4,0.8745003996802558,0.3996802557953612,-0.6951150550263222,0.3980815347721823,0.012825542952125232,0.026645746017705328,-0.47961630695443347,3,5.76900269119401
learned_confidence,test,0.92,8,0.5,0.8721023181454836,0.15987210231814078,1.0018922093174971,0.5123900879296563,0.015291749053393543,0.03424169510215068,-0.7194244604316539,3,7.35760571558642
learned_confidence,test,0.92,8,0.6,0.8721023181454836,0.15987210231814078,2.3192613858801927,0.601119104716227,0.013155790750789032,0.033976580705552664,-0.7194244604316539,3,8.589739331387973
learned_confidence,test,0.92,8,0.7,0.8697042366107114,-0.07993605115907594,4.010015659663305,0.7178257394084733,0.014635748079911469,0.03468814982076109,-0.9592326139088706,3,10.175129297943164
learned_confidence,test,0.92,8,0.8,0.8689048760991207,-0.15987210231815188,5.349134368611071,0.8145483613109512,0.014241708998480204,0.03221567503732023,-1.0391686650679466,3,11.4268484396943
learned_confidence,test,0.92,8,0.9,0.8689048760991207,-0.15987210231815188,6.669874722693459,0.9160671462829736,0.012780110521370326,0.031758441573825645,-1.0391686650679466,3,12.659556887826605
learned_confidence,test,0.92,8,1.0,0.8681055155875299,-0.23980815347722415,7.5947192135369015,1.0,0.012735606240595549,0.030303030303030304,-1.119104716227019,3,13.525666402456178
learned_confidence,test,0.95,4,0.1,0.8792965627498002,0.8792965627497947,-5.333311583800955,0.10951239008792965,0.0,0.020479302832244008,0.0,3,1.425468379933048
learned_confidence,test,0.95,4,0.2,0.8784972022382094,0.7993605115907224,-3.6025925442603044,0.20943245403677058,0.0040650406504065045,0.012296747967479675,-0.07993605115907225,3,3.0469766705483257
learned_confidence,test,0.95,4,0.3,0.8760991207034372,0.5595523581135057,-2.371025272956643,0.2973621103117506,0.011496861054383177,0.023705121050253793,-0.319744204636289,3,4.1982997685856525
learned_confidence,test,0.95,4,0.4,0.8760991207034372,0.5595523581135057,-1.0822567314802873,0.3980815347721823,0.008493616088552798,0.024452763561564977,-0.319744204636289,3,5.405730610259973
learned_confidence,test,0.95,4,0.5,0.873701039168665,0.319744204636289,0.49420374961937447,0.5123900879296563,0.011949536659565328,0.03250558399103957,-0.5595523581135057,3,6.8814746430964595
learned_confidence,test,0.95,4,0.6,0.873701039168665,0.319744204636289,1.6374679194397241,0.601119104716227,0.0103249216559459,0.032533579262551224,-0.5595523581135057,3,7.951419846506439
learned_confidence,test,0.95,4,0.7,0.8721023181454837,0.1598721023181445,3.099525860193997,0.7178257394084733,0.010947941958853256,0.032231534990921115,-0.7194244604316502,3,9.322117350408933
learned_confidence,test,0.95,4,0.8,0.8713029576338929,0.07993605115907225,4.228109095654442,0.8145483613109512,0.010956208728838807,0.029997034037717595,-0.7993605115907224,3,10.377419444884321
learned_confidence,test,0.95,4,0.9,0.8713029576338929,0.07993605115907225,5.356420461960061,0.9160671462829736,0.009833081574476515,0.029771317898327977,-0.7993605115907224,3,11.42983158676646
learned_confidence,test,0.95,4,1.0,0.8705035971223022,-3.700743415417189e-15,6.181271477663219,1.0,0.01000831551437396,0.02846648301193756,-0.8792965627497984,3,12.202146047857994
learned_confidence,test,0.95,5,0.1,0.8792965627498002,0.8792965627497947,-5.335704032363313,0.10951239008792965,0.0,0.020479302832244008,0.0,3,1.4232569068104883
learned_confidence,test,0.95,5,0.2,0.8784972022382094,0.7993605115907224,-3.6049849928226685,0.20943245403677058,0.0040650406504065045,0.012296747967479675,-0.07993605115907225,3,3.044765197425762
learned_confidence,test,0.95,5,0.3,0.8760991207034372,0.5595523581135057,-2.373417721519,0.2973621103117506,0.011496861054383177,0.023705121050253793,-0.319744204636289,3,4.196088295463096
learned_confidence,test,0.95,5,0.4,0.8760991207034372,0.5595523581135057,-1.0846491800426443,0.3980815347721823,0.008493616088552798,0.024452763561564977,-0.319744204636289,3,5.403519137137417
learned_confidence,test,0.95,5,0.5,0.873701039168665,0.319744204636289,0.49181130105702503,0.5123900879296563,0.011949536659565328,0.03250558399103957,-0.5595523581135057,3,6.8792631699739
learned_confidence,test,0.95,5,0.6,0.873701039168665,0.319744204636289,1.6350754708773712,0.601119104716227,0.0103249216559459,0.032533579262551224,-0.5595523581135057,3,7.949208373383883
learned_confidence,test,0.95,5,0.7,0.8721023181454837,0.1598721023181445,3.09713341163164,0.7178257394084733,0.010947941958853256,0.032231534990921115,-0.7194244604316502,3,9.319905877286372
learned_confidence,test,0.95,5,0.8,0.8713029576338929,0.07993605115907225,4.225716647092085,0.8145483613109512,0.010956208728838807,0.029997034037717595,-0.7993605115907224,3,10.37520797176176
learned_confidence,test,0.95,5,0.9,0.8713029576338929,0.07993605115907225,5.354028013397705,0.9160671462829736,0.009833081574476515,0.029771317898327977,-0.7993605115907224,3,11.427620113643899
learned_confidence,test,0.95,5,1.0,0.8705035971223022,-3.700743415417189e-15,6.178879029100866,1.0,0.01000831551437396,0.02846648301193756,-0.8792965627497984,3,12.199934574735435
learned_confidence,test,0.95,6,0.1,0.8792965627498002,0.8792965627497947,-5.336356518334862,0.10951239008792965,0.0,0.020479302832244008,0.0,3,1.4226537777770647
learned_confidence,test,0.95,6,0.2,0.8784972022382094,0.7993605115907224,-3.605637478794218,0.20943245403677058,0.0040650406504065045,0.012296747967479675,-0.07993605115907225,3,3.0441620683923385
learned_confidence,test,0.95,6,0.3,0.8760991207034372,0.5595523581135057,-2.3740702074905564,0.2973621103117506,0.011496861054383177,0.023705121050253793,-0.319744204636289,3,4.195485166429665
learned_confidence,test,0.95,6,0.4,0.8760991207034372,0.5595523581135057,-1.0853016660141934,0.3980815347721823,0.008493616088552798,0.024452763561564977,-0.319744204636289,3,5.40291600810399
learned_confidence,test,0.95,6,0.5,0.873701039168665,0.319744204636289,0.49115881508546844,0.5123900879296563,0.011949536659565328,0.03250558399103957,-0.5595523581135057,3,6.878660040940476
learned_confidence,test,0.95,6,0.6,0.873701039168665,0.319744204636289,1.6344229849058183,0.601119104716227,0.0103249216559459,0.032533579262551224,-0.5595523581135057,3,7.948605244350456
learned_confidence,test,0.95,6,0.7,0.8721023181454837,0.1598721023181445,3.096480925660091,0.7178257394084733,0.010947941958853256,0.032231534990921115,-0.7194244604316502,3,9.319302748252948
learned_confidence,test,0.95,6,0.8,0.8713029576338929,0.07993605115907225,4.225064161120532,0.8145483613109512,0.010956208728838807,0.029997034037717595,-0.7993605115907224,3,10.374604842728333
learned_confidence,test,0.95,6,0.9,0.8713029576338929,0.07993605115907225,5.353375527426155,0.9160671462829736,0.009833081574476515,0.029771317898327977,-0.7993605115907224,3,11.427016984610475
learned_confidence,test,0.95,6,1.0,0.8705035971223022,-3.700743415417189e-15,6.1782265431293135,1.0,0.01000831551437396,0.02846648301193756,-0.8792965627497984,3,12.199331445702011
learned_confidence,test,0.95,7,0.1,0.8792965627498002,0.8792965627497947,-5.3370090043064105,0.10951239008792965,0.0,0.020479302832244008,0.0,3,1.4220506487436408
learned_confidence,test,0.95,7,0.2,0.8784972022382094,0.7993605115907224,-3.6062899647657667,0.20943245403677058,0.0040650406504065045,0.012296747967479675,-0.07993605115907225,3,3.043558939358911
learned_confidence,test,0.95,7,0.3,0.8760991207034372,0.5595523581135057,-2.3747226934621057,0.2973621103117506,0.011496861054383177,0.023705121050253793,-0.319744204636289,3,4.194882037396241
learned_confidence,test,0.95,7,0.4,0.8760991207034372,0.5595523581135057,-1.0859541519857425,0.3980815347721823,0.008493616088552798,0.024452763561564977,-0.319744204636289,3,5.402312879070566
learned_confidence,test,0.95,7,0.5,0.873701039168665,0.319744204636289,0.49050632911391184,0.5123900879296563,0.011949536659565328,0.03250558399103957,-0.5595523581135057,3,6.878056911907045
learned_confidence,test,0.95,7,0.6,0.873701039168665,0.319744204636289,1.6231132280655869,0.601119104716227,0.0103249216559459,0.032533579262551224,-0.5595523581135057,3,7.937912040810065
learned_confidence,test,0.95,7,0.7,0.8721023181454837,0.1598721023181445,3.0851711688198593,0.7178257394084733,0.010947941958853256,0.032231534990921115,-0.7194244604316502,3,9.308609544712553
learned_confidence,test,0.95,7,0.8,0.8713029576338929,0.07993605115907225,4.213754404280301,0.8145483613109512,0.010956208728838807,0.029997034037717595,-0.7993605115907224,3,10.363911639187947
learned_confidence,test,0.95,7,0.9,0.8713029576338929,0.07993605115907225,5.3314084997172495,0.9160671462829736,0.009833081574476515,0.029771317898327977,-0.7993605115907224,3,11.40647267352414
learned_confidence,test,0.95,7,1.0,0.8705035971223022,-3.700743415417189e-15,6.156259515420407,1.0,0.01000831551437396,0.02846648301193756,-0.8792965627497984,3,12.17878713461567
learned_confidence,test,0.95,8,0.1,0.8792965627498002,0.8792965627497947,-5.3796924616120885,0.10951239008792965,0.0,0.020479302832244008,0.0,3,1.381793311680446
learned_confidence,test,0.95,8,0.2,0.8784972022382094,0.7993605115907224,-3.7037278698508036,0.20943245403677058,0.0040650406504065045,0.012296747967479675,-0.07993605115907225,3,2.951487836888104
learned_confidence,test,0.95,8,0.3,0.8760991207034372,0.5595523581135057,-2.513810953064518,0.2973621103117506,0.011496861054383177,0.023705121050253793,-0.319744204636289,3,4.064018049590905
learned_confidence,test,0.95,8,0.4,0.8760991207034372,0.5595523581135057,-1.2955652703466953,0.3980815347721823,0.008493616088552798,0.024452763561564977,-0.319744204636289,3,5.2055123883767465
learned_confidence,test,0.95,8,0.5,0.873701039168665,0.319744204636289,0.2532733046239429,0.5123900879296563,0.011949536659565328,0.03250558399103957,-0.5595523581135057,3,6.655514911597378
learned_confidence,test,0.95,8,0.6,0.873701039168665,0.319744204636289,1.3614119796424313,0.601119104716227,0.0103249216559459,0.032533579262551224,-0.5595523581135057,3,7.692392117850814
learned_confidence,test,0.95,8,0.7,0.8721023181454837,0.1598721023181445,2.8190112662577684,0.7178257394084733,0.010947941958853256,0.032231534990921115,-0.7194244604316502,3,9.05894540375219
learned_confidence,test,0.95,8,0.8,0.8713029576338929,0.07993605115907225,3.9324785767105923,0.8145483613109512,0.010956208728838807,0.029997034037717595,-0.7993605115907224,3,10.100106307556821
learned_confidence,test,0.95,8,0.9,0.8713029576338929,0.07993605115907225,5.03561485928052,0.9160671462829736,0.009833081574476515,0.029771317898327977,-0.7993605115907224,3,11.12913387711291
learned_confidence,test,0.95,8,1.0,0.8705035971223022,-3.700743415417189e-15,5.839695071555958,1.0,0.01000831551437396,0.02846648301193756,-0.8792965627497984,3,11.882248730640411
learned_confidence,test,0.98,4,0.1,0.8792965627498002,0.8792965627497947,-5.597405280786472,0.10951239008792965,0.0,0.020479302832244008,0.0,3,1.178489216750885
learned_confidence,test,0.98,4,0.2,0.8776978417266187,0.7194244604316502,-4.075318630649449,0.20943245403677058,0.008081104907434617,0.012296747967479675,-0.1598721023181445,3,2.6047127136463843
learned_confidence,test,0.98,4,0.3,0.8752997601918465,0.47961630695443347,-3.1046370003045,0.2973621103117506,0.014370424272773982,0.023705121050253793,-0.3996802557953612,3,3.5122851611182635
learned_confidence,test,0.98,4,0.4,0.8745003996802558,0.3996802557953612,-2.073546043760066,0.3980815347721823,0.012880340475277184,0.024452763561564977,-0.47961630695443347,3,4.4783216109364234
learned_confidence,test,0.98,4,0.5,0.8721023181454837,0.1598721023181445,-0.8593240245334847,0.5123900879296563,0.01532681739282,0.03250558399103957,-0.7194244604316502,3,5.615119105363593
learned_confidence,test,0.98,4,0.6,0.8721023181454837,0.1598721023181445,0.04230284048892807,0.601119104716227,0.0132877386313762,0.032533579262551224,-0.7194244604316502,3,6.458995822086307
learned_confidence,test,0.98,4,0.7,0.8705035971223022,0.0,1.3682087085127599,0.7178257394084733,0.013498091652152652,0.032231534990921115,-0.8792965627497947,3,7.701890109577221
learned_confidence,test,0.98,4,0.8,0.8697042366107114,-0.07993605115907594,2.2481947888120377,0.8145483613109512,0.013206512311109603,0.029997034037717595,-0.9592326139088706,3,8.524514383662266
learned_confidence,test,0.98,4,0.9,0.8697042366107114,-0.07993605115907594,3.0634760102657754,0.9160671462829736,0.011799718364507581,0.029771317898327977,-0.9592326139088706,3,9.28553135105173
learned_confidence,test,0.98,4,1.0,0.8689048760991207,-0.15987210231815188,3.7592435512636393,1.0,0.011824859428209392,0.02846648301193756,-1.0391686650679466,3,9.937439816646004
learned_confidence,test,0.98,5,0.1,0.8792965627498002,0.8792965627497947,-5.597405280786472,0.10951239008792965,0.0,0.020479302832244008,0.0,3,1.178489216750885
learned_confidence,test,0.98,5,0.2,0.8776978417266187,0.7194244604316502,-4.075318630649449,0.20943245403677058,0.008081104907434617,0.012296747967479675,-0.1598721023181445,3,2.6047127136463843
learned_confidence,test,0.98,5,0.3,0.8752997601918465,0.47961630695443347,-3.1046370003045,0.2973621103117506,0.014370424272773982,0.023705121050253793,-0.3996802557953612,3,3.5122851611182635
learned_confidence,test,0.98,5,0.4,0.8745003996802558,0.3996802557953612,-2.073546043760066,0.3980815347721823,0.012880340475277184,0.024452763561564977,-0.47961630695443347,3,4.4783216109364234
learned_confidence,test,0.98,5,0.5,0.8721023181454837,0.1598721023181445,-0.8593240245334847,0.5123900879296563,0.01532681739282,0.03250558399103957,-0.7194244604316502,3,5.615119105363593
learned_confidence,test,0.98,5,0.6,0.8721023181454837,0.1598721023181445,0.04230284048892807,0.601119104716227,0.0132877386313762,0.032533579262551224,-0.7194244604316502,3,6.458995822086307
learned_confidence,test,0.98,5,0.7,0.8705035971223022,0.0,1.3682087085127599,0.7178257394084733,0.013498091652152652,0.032231534990921115,-0.8792965627497947,3,7.701890109577221
learned_confidence,test,0.98,5,0.8,0.8697042366107114,-0.07993605115907594,2.2481947888120377,0.8145483613109512,0.013206512311109603,0.029997034037717595,-0.9592326139088706,3,8.524514383662266
learned_confidence,test,0.98,5,0.9,0.8697042366107114,-0.07993605115907594,3.0634760102657754,0.9160671462829736,0.011799718364507581,0.029771317898327977,-0.9592326139088706,3,9.28553135105173
learned_confidence,test,0.98,5,1.0,0.8689048760991207,-0.15987210231815188,3.7592435512636393,1.0,0.011824859428209392,0.02846648301193756,-1.0391686650679466,3,9.937439816646004
learned_confidence,test,0.98,6,0.1,0.8792965627498002,0.8792965627497947,-5.597405280786472,0.10951239008792965,0.0,0.020479302832244008,0.0,3,1.178489216750885
learned_confidence,test,0.98,6,0.2,0.8776978417266187,0.7194244604316502,-4.075318630649449,0.20943245403677058,0.008081104907434617,0.012296747967479675,-0.1598721023181445,3,2.6047127136463843
learned_confidence,test,0.98,6,0.3,0.8752997601918465,0.47961630695443347,-3.1046370003045,0.2973621103117506,0.014370424272773982,0.023705121050253793,-0.3996802557953612,3,3.5122851611182635
learned_confidence,test,0.98,6,0.4,0.8745003996802558,0.3996802557953612,-2.073546043760066,0.3980815347721823,0.012880340475277184,0.024452763561564977,-0.47961630695443347,3,4.4783216109364234
learned_confidence,test,0.98,6,0.5,0.8721023181454837,0.1598721023181445,-0.8593240245334847,0.5123900879296563,0.01532681739282,0.03250558399103957,-0.7194244604316502,3,5.615119105363593
learned_confidence,test,0.98,6,0.6,0.8721023181454837,0.1598721023181445,0.04230284048892807,0.601119104716227,0.0132877386313762,0.032533579262551224,-0.7194244604316502,3,6.458995822086307
learned_confidence,test,0.98,6,0.7,0.8705035971223022,0.0,1.3682087085127599,0.7178257394084733,0.013498091652152652,0.032231534990921115,-0.8792965627497947,3,7.701890109577221
learned_confidence,test,0.98,6,0.8,0.8697042366107114,-0.07993605115907594,2.2481947888120377,0.8145483613109512,0.013206512311109603,0.029997034037717595,-0.9592326139088706,3,8.524514383662266
learned_confidence,test,0.98,6,0.9,0.8697042366107114,-0.07993605115907594,3.0634760102657754,0.9160671462829736,0.011799718364507581,0.029771317898327977,-0.9592326139088706,3,9.28553135105173
learned_confidence,test,0.98,6,1.0,0.8689048760991207,-0.15987210231815188,3.7592435512636393,1.0,0.011824859428209392,0.02846648301193756,-1.0391686650679466,3,9.937439816646004
learned_confidence,test,0.98,7,0.1,0.8792965627498002,0.8792965627497947,-5.597405280786472,0.10951239008792965,0.0,0.020479302832244008,0.0,3,1.178489216750885
learned_confidence,test,0.98,7,0.2,0.8776978417266187,0.7194244604316502,-4.075318630649449,0.20943245403677058,0.008081104907434617,0.012296747967479675,-0.1598721023181445,3,2.6047127136463843
learned_confidence,test,0.98,7,0.3,0.8752997601918465,0.47961630695443347,-3.1046370003045,0.2973621103117506,0.014370424272773982,0.023705121050253793,-0.3996802557953612,3,3.5122851611182635
learned_confidence,test,0.98,7,0.4,0.8745003996802558,0.3996802557953612,-2.073546043760066,0.3980815347721823,0.012880340475277184,0.024452763561564977,-0.47961630695443347,3,4.4783216109364234
learned_confidence,test,0.98,7,0.5,0.8721023181454837,0.1598721023181445,-0.8593240245334847,0.5123900879296563,0.01532681739282,0.03250558399103957,-0.7194244604316502,3,5.615119105363593
learned_confidence,test,0.98,7,0.6,0.8721023181454837,0.1598721023181445,0.04230284048892807,0.601119104716227,0.0132877386313762,0.032533579262551224,-0.7194244604316502,3,6.458995822086307
learned_confidence,test,0.98,7,0.7,0.8705035971223022,0.0,1.3682087085127599,0.7178257394084733,0.013498091652152652,0.032231534990921115,-0.8792965627497947,3,7.701890109577221
learned_confidence,test,0.98,7,0.8,0.8697042366107114,-0.07993605115907594,2.2481947888120377,0.8145483613109512,0.013206512311109603,0.029997034037717595,-0.9592326139088706,3,8.524514383662266
learned_confidence,test,0.98,7,0.9,0.8697042366107114,-0.07993605115907594,3.0634760102657754,0.9160671462829736,0.011799718364507581,0.029771317898327977,-0.9592326139088706,3,9.28553135105173
learned_confidence,test,0.98,7,1.0,0.8689048760991207,-0.15987210231815188,3.7592435512636393,1.0,0.011824859428209392,0.02846648301193756,-1.0391686650679466,3,9.937439816646004
learned_confidence,test,0.98,8,0.1,0.8792965627498002,0.8792965627497947,-5.597405280786472,0.10951239008792965,0.0,0.020479302832244008,0.0,3,1.178489216750885
learned_confidence,test,0.98,8,0.2,0.8776978417266187,0.7194244604316502,-4.127463134542619,0.20943245403677058,0.008081104907434617,0.012296747967479675,-0.1598721023181445,3,2.5553434205230228
learned_confidence,test,0.98,8,0.3,0.8752997601918465,0.47961630695443347,-3.15678150419767,0.2973621103117506,0.014370424272773982,0.023705121050253793,-0.3996802557953612,3,3.462915867994909
learned_confidence,test,0.98,8,0.4,0.8745003996802558,0.3996802557953612,-2.1778350515463987,0.3980815347721823,0.012880340475277184,0.024452763561564977,-0.47961630695443347,3,4.380113798633634
learned_confidence,test,0.98,8,0.5,0.8721023181454837,0.1598721023181445,-0.96361303231981,0.5123900879296563,0.01532681739282,0.03250558399103957,-0.7194244604316502,3,5.516911293060807
learned_confidence,test,0.98,8,0.6,0.8721023181454837,0.1598721023181445,-0.06198616729741202,0.601119104716227,0.0132877386313762,0.032533579262551224,-0.7194244604316502,3,6.360788009783513
learned_confidence,test,0.98,8,0.7,0.8705035971223022,0.0,1.2639197007264273,0.7178257394084733,0.013498091652152652,0.032231534990921115,-0.8792965627497947,3,7.603682297274435
learned_confidence,test,0.98,8,0.8,0.8697042366107114,-0.07993605115907594,2.143905781025701,0.8145483613109512,0.013206512311109603,0.029997034037717595,-0.9592326139088706,3,8.426306571359477
learned_confidence,test,0.98,8,0.9,0.8697042366107114,-0.07993605115907594,2.959187002479439,0.9160671462829736,0.011799718364507581,0.029771317898327977,-0.9592326139088706,3,9.187323538748945
learned_confidence,test,0.98,8,1.0,0.8689048760991207,-0.15987210231815188,3.6549545434773067,1.0,0.011824859428209392,0.02846648301193756,-1.0391686650679466,3,9.839232004343216
random_selector,calibration,0.75,4,0.1,0.8715083798882681,1.1173184357541925,1.4534176676005022,0.1005586592178771,0.022222222222222223,0.044642857142857144,-0.18621973929236293,3,3.499055595003542
random_selector,calibration,0.75,4,0.2,0.8696461824953445,0.9310986964618295,4.756971880596198,0.2011173184357542,0.02091503267973856,0.04185478418286113,-0.37243947858472587,3,6.73227555288833
random_selector,calibration,0.75,4,0.3,0.8696461824953445,0.9310986964618295,7.384919389698167,0.3016759776536313,0.01421012849584278,0.02858860716003573,-0.37243947858472587,3,9.307033635190399
random_selector,calibration,0.75,4,0.4,0.8640595903165735,0.3724394785847333,10.170016975232802,0.4022346368715084,0.026906954900393937,0.03299580368545886,-0.9310986964618221,3,12.034766892744072
random_selector,calibration,0.75,4,0.5,0.8640595903165735,0.3724394785847333,13.03690317312091,0.5027932960893855,0.021440243662465885,0.030855972561502208,-0.9310986964618221,3,14.841033458783588
random_selector,calibration,0.75,4,0.6,0.8603351955307262,0.0,16.10454323769485,0.6033519553072626,0.025231599307747123,0.043999505623532324,-1.3035381750465553,3,17.843693664746922
random_selector,calibration,0.75,4,0.7,0.8566108007448789,-0.37243947858472587,19.51937533159675,0.7039106145251397,0.02770223053241921,0.043941965325613126,-1.6759776536312814,3,21.187976428155014
random_selector,calibration,0.75,4,0.8,0.851024208566108,-0.9310986964618221,22.76420305251737,0.8044692737430168,0.0318380376344086,0.043322404371584695,-2.2346368715083775,3,24.368473019103128
random_selector,calibration,0.75,4,0.9,0.8472998137802608,-1.3035381750465518,25.755599495405853,0.9050279329608939,0.032841694362778305,0.042985864212916704,-2.607076350093107,3,27.300690892997423
random_selector,calibration,0.75,4,1.0,0.8435754189944135,-1.6759776536312776,28.75052456871945,1.0,0.03410637487070608,0.04329004329004329,-2.979515828677833,3,30.23305668310849
random_selector,calibration,0.75,5,0.1,0.8696461824953445,0.9310986964618259,1.4404373485366977,0.1005586592178771,0.044444444444444446,0.06845238095238095,-0.3724394785847296,3,3.486296922202803
random_selector,calibration,0.75,5,0.2,0.8677839851024208,0.7448789571694628,4.6598085213904366,0.2011173184357542,0.03202614379084967,0.053349037056424346,-0.5586592178770925,3,6.637754546650743
random_selector,calibration,0.75,5,0.3,0.8677839851024208,0.7448789571694628,7.283975355036931,0.3016759776536313,0.02161753590325019,0.036164364735793306,-0.5586592178770925,3,9.208796510661331
random_selector,calibration,0.75,5,0.4,0.8621973929236499,0.18621973929236665,10.06907294057157,0.4022346368715084,0.032556672414518234,0.03874293012224047,-1.1173184357541888,3,11.936529768215006
random_selector,calibration,0.75,5,0.5,0.8621973929236499,0.18621973929236665,12.877988781475706,0.5027932960893855,0.02594474816697039,0.03548560219113184,-1.1173184357541888,3,14.686607227779936
random_selector,calibration,0.75,5,0.6,0.8584729981378026,-0.18621973929236293,15.925465243620426,0.6033519553072626,0.02901947809562591,0.047830923248053395,-1.4897579143389184,3,17.669599757384614
random_selector,calibration,0.75,5,0.7,0.8547486033519553,-0.5586592178770925,19.333492121702466,0.7039106145251397,0.030846884620469524,0.047116568500216297,-1.862197392923648,3,21.007193507868045
random_selector,calibration,0.75,5,0.8,0.8491620111731844,-1.117318435754185,22.563071118285993,0.8044692737430168,0.03452620967741935,0.04605464480874317,-2.4208566108007403,3,24.172891448089825
random_selector,calibration,0.75,5,0.9,0.845437616387337,-1.4897579143389146,25.533421801138992,0.9050279329608939,0.035239775897550486,0.0454189542372476,-2.79329608938547,3,27.084468506078725
random_selector,calibration,0.75,5,1.0,0.8417132216014898,-1.8621973929236442,28.512972127600314,1.0,0.036243127007458215,0.045454545454545456,-3.1657355679701995,3,30.001690118382704
random_selector,calibration,0.75,6,0.1,0.8696461824953445,0.9310986964618259,1.382593014067901,0.1005586592178771,0.044444444444444446,0.06845238095238095,-0.3724394785847296,3,3.429276035222132
random_selector,calibration,0.75,6,0.2,0.8659217877094972,0.5586592178770963,4.320681933034165,0.2011173184357542,0.04183006535947712,0.0631529586250518,-0.7448789571694592,3,6.306352779694358
random_selector,calibration,0.75,6,0.3,0.8659217877094972,0.5586592178770963,6.831050435470809,0.3016759776536313,0.02842025699168556,0.04296708582422868,-0.7448789571694592,3,8.76568195020041
random_selector,calibration,0.75,6,0.4,0.8603351955307262,0.0,9.541920759562913,0.4022346368715084,0.03768487754272336,0.04403393541324576,-1.3035381750465553,3,11.420793676009474
random_selector,calibration,0.75,6,0.5,0.8603351955307262,0.0,12.268669920568017,0.5027932960893855,0.03005997450441895,0.03970501147383226,-1.3035381750465553,3,14.090680637690275
random_selector,calibration,0.75,6,0.6,0.8566108007448789,-0.37243947858472587,15.130767262879196,0.6033519553072626,0.03252825002545047,0.0514151526387344,-1.6759776536312814,3,16.89149986015659
random_selector,calibration,0.75,6,0.7,0.8528864059590316,-0.7448789571694592,18.408108792716913,0.7039106145251397,0.03393330437355595,0.05026122258826661,-2.0484171322160147,3,20.100625357626544
random_selector,calibration,0.75,6,0.8,0.8472998137802608,-1.3035381750465518,21.533593191759643,0.8044692737430168,0.03721438172043011,0.04878688524590164,-2.607076350093107,3,23.163985404805324
random_selector,calibration,0.75,6,0.9,0.8435754189944135,-1.6759776536312776,24.33003280366071,0.9050279329608939,0.03760384209140391,0.04781703577201978,-2.979515828677833,3,25.905108677467133
random_selector,calibration,0.75,6,1.0,0.8417132216014898,-1.8621973929236442,27.036240294691055,1.0,0.036243127007458215,0.045454545454545456,-3.1657355679701995,3,28.554569267010013
random_selector,calibration,0.75,7,0.1,0.8715083798882681,1.1173184357541925,1.0467430111063696,0.1005586592178771,0.022222222222222223,0.044642857142857144,-0.18621973929236293,3,3.1006310241647017
random_selector,calibration,0.75,7,0.2,0.8696461824953445,0.9310986964618295,3.469147797945593,0.2011173184357542,0.02091503267973856,0.04185478418286113,-0.37243947858472587,3,5.472165139741077
random_selector,calibration,0.75,7,0.3,0.8696461824953445,0.9310986964618295,5.694327348524097,0.3016759776536313,0.01421012849584278,0.02858860716003573,-0.37243947858472587,3,7.65225939555834
random_selector,calibration,0.75,7,0.4,0.8640595903165735,0.3724394785847333,7.9869289447252685,0.4022346368715084,0.026906954900393937,0.03299580368545886,-0.9310986964618221,3,9.897263205464231
random_selector,calibration,0.75,7,0.5,0.8640595903165735,0.3724394785847333,10.360689040704019,0.5027932960893855,0.021440243662465885,0.030855972561502208,-0.9310986964618221,3,12.222127991808307
random_selector,calibration,0.75,7,0.6,0.8603351955307262,0.0,12.794687898940035,0.6033519553072626,0.025231599307747123,0.043999505623532324,-1.3035381750465553,3,14.603918727773609
random_selector,calibration,0.75,7,0.7,0.8566108007448789,-0.37243947858472587,15.566427097865306,0.7039106145251397,0.02770223053241921,0.043941965325613126,-1.6759776536312814,3,17.318196797724948
random_selector,calibration,0.75,7,0.8,0.851024208566108,-0.9310986964618221,18.3403086795487,0.8044692737430168,0.0318380376344086,0.043322404371584695,-2.2346368715083775,3,20.037996322010287
random_selector,calibration,0.75,7,0.9,0.8472998137802608,-1.3035381750465518,20.87550361747631,0.9050279329608939,0.032841694362778305,0.042985864212916704,-2.607076350093107,3,22.52335346124717
random_selector,calibration,0.75,7,1.0,0.845437616387337,-1.4897579143389146,23.238173732118987,1.0,0.03196962273395394,0.04112554112554113,-2.79329608938547,3,24.837197458877252
random_selector,calibration,0.75,8,0.1,0.8733705772811918,1.3035381750465553,0.32072730113963016,0.1005586592178771,0.0,0.020833333333333332,0.0,3,2.3894141454313864
random_selector,calibration,0.75,8,0.2,0.8715083798882681,1.1173184357541925,1.9542311429360026,0.2011173184357542,0.00980392156862745,0.030360531309297913,-0.18621973929236293,3,3.9884946514653463
random_selector,calibration,0.75,8,0.3,0.8696461824953445,0.9310986964618259,3.6163420956788186,0.3016759776536313,0.013605442176870748,0.02781557067271353,-0.3724394785847296,3,5.6170897165164915
random_selector,calibration,0.75,8,0.4,0.8659217877094972,0.5586592178770963,5.302019258760778,0.4022346368715084,0.021009098428453266,0.026984126984126982,-0.7448789571694592,3,7.267541663418731
random_selector,calibration,0.75,8,0.5,0.8659217877094972,0.5586592178770963,7.019706140699096,0.5027932960893855,0.016777461221905664,0.0260597873022923,-0.7448789571694592,3,8.950291092321594
random_selector,calibration,0.75,8,0.6,0.8621973929236499,0.18621973929237035,8.95377368120589,0.6033519553072626,0.021406393158912757,0.04016808799901125,-1.117318435754185,3,10.842354860778425
random_selector,calibration,0.75,8,0.7,0.8584729981378026,-0.18621973929236293,11.076622949456153,0.7039106145251397,0.024640993194452312,0.04082559648597384,-1.4897579143389184,3,12.922334172567433
random_selector,calibration,0.75,8,0.8,0.8528864059590316,-0.7448789571694555,13.282142987666187,0.8044692737430168,0.029233870967741934,0.04065573770491803,-2.0484171322160107,3,15.086215207388669
random_selector,calibration,0.75,8,0.9,0.8491620111731844,-1.117318435754185,15.090692103051143,0.9050279329608939,0.030508828447146905,0.040603437882982395,-2.4208566108007403,3,16.85999112617117
random_selector,calibration,0.75,8,1.0,0.8472998137802608,-1.3035381750465518,16.64039097225111,1.0,0.029846480483423157,0.03896103896103896,-2.607076350093107,3,18.37887034621936
random_selector,calibration,0.8,4,0.1,0.8733705772811918,1.3035381750465553,0.947815336688059,0.1005586592178771,0.0,0.020833333333333332,0.0,3,3.00354886633634
random_selector,calibration,0.8,4,0.2,0.8715083798882681,1.1173184357541925,3.857675212253431,0.2011173184357542,0.00980392156862745,0.030360531309297913,-0.18621973929236293,3,5.851363396737615
random_selector,calibration,0.8,4,0.3,0.8696461824953445,0.9310986964618259,6.046182210913808,0.3016759776536313,0.013605442176870748,0.02781557067271353,-0.3724394785847296,3,7.995326558485301
random_selector,calibration,0.8,4,0.4,0.8659217877094972,0.5586592178770963,8.36802103063734,0.4022346368715084,0.021009098428453266,0.026984126984126982,-0.7448789571694592,3,10.269875774050304
random_selector,calibration,0.8,4,0.5,0.8659217877094972,0.5586592178770963,10.828232572031327,0.5027932960893855,0.016777461221905664,0.0260597873022923,-0.7448789571694592,3,12.67823263838869
random_selector,calibration,0.8,4,0.6,0.8621973929236499,0.18621973929237035,13.440049199189934,0.6033519553072626,0.021406393158912757,0.04016808799901125,-1.117318435754185,3,15.235313538632582
random_selector,calibration,0.8,4,0.7,0.8584729981378026,-0.18621973929236293,16.420481683257538,0.7039106145251397,0.024640993194452312,0.04082559648597384,-1.4897579143389184,3,18.15324690843695
random_selector,calibration,0.8,4,0.8,0.8547486033519553,-0.5586592178770925,19.180752833301202,0.8044692737430168,0.02662970430107527,0.03798907103825137,-1.862197392923648,3,20.85918990216995
random_selector,calibration,0.8,4,0.9,0.851024208566108,-0.9310986964618184,21.835039048076332,0.9050279329608939,0.02820997787243426,0.03825602004260681,-2.234636871508374,3,23.461365670577536
random_selector,calibration,0.8,4,1.0,0.8491620111731844,-1.117318435754185,24.450636350690417,1.0,0.027723338232892372,0.03679653679653679,-2.4208566108007403,3,26.022174412112292
random_selector,calibration,0.8,5,0.1,0.8733705772811918,1.3035381750465553,0.947815336688059,0.1005586592178771,0.0,0.020833333333333332,0.0,3,3.00354886633634
random_selector,calibration,0.8,5,0.2,0.8715083798882681,1.1173184357541925,3.784708175962729,0.2011173184357542,0.00980392156862745,0.030360531309297913,-0.18621973929236293,3,5.780573892163773
random_selector,calibration,0.8,5,0.3,0.8696461824953445,0.9310986964618259,5.973215174623103,0.3016759776536313,0.013605442176870748,0.02781557067271353,-0.3724394785847296,3,7.924537053911455
random_selector,calibration,0.8,5,0.4,0.8659217877094972,0.5586592178770963,8.295053994346635,0.4022346368715084,0.021009098428453266,0.026984126984126982,-0.7448789571694592,3,10.199086269476453
random_selector,calibration,0.8,5,0.5,0.8659217877094972,0.5586592178770963,10.751988950345881,0.5027932960893855,0.016777461221905664,0.0260597873022923,-0.7448789571694592,3,12.604240822151938
random_selector,calibration,0.8,5,0.6,0.8621973929236499,0.18621973929237035,13.348178785621846,0.6033519553072626,0.021406393158912757,0.04016808799901125,-1.117318435754185,3,15.146116732996203
random_selector,calibration,0.8,5,0.7,0.8584729981378026,-0.18621973929236293,16.328611269689446,0.7039106145251397,0.024640993194452312,0.04082559648597384,-1.4897579143389184,3,18.064050102800564
random_selector,calibration,0.8,5,0.8,0.8547486033519553,-0.5586592178770925,19.07703630330596,0.8044692737430168,0.02662970430107527,0.03798907103825137,-1.862197392923648,3,20.758516693970673
random_selector,calibration,0.8,5,0.9,0.851024208566108,-0.9310986964618184,21.731322518081086,0.9050279329608939,0.02820997787243426,0.03825602004260681,-2.234636871508374,3,23.36069246237826
random_selector,calibration,0.8,5,1.0,0.8491620111731844,-1.117318435754185,24.342383010148595,1.0,0.027723338232892372,0.03679653679653679,-2.4208566108007403,3,25.917041861963238
random_selector,calibration,0.8,6,0.1,0.8733705772811918,1.3035381750465553,0.9364733103216246,0.1005586592178771,0.0,0.020833333333333332,0.0,3,2.9923670613693796
random_selector,calibration,0.8,6,0.2,0.8715083798882681,1.1173184357541925,3.631590820015914,0.2011173184357542,0.00980392156862745,0.030360531309297913,-0.18621973929236293,3,5.631218818055165
random_selector,calibration,0.8,6,0.3,0.8696461824953445,0.9310986964618259,5.814930895553805,0.3016759776536313,0.013605442176870748,0.02781557067271353,-0.3724394785847296,3,7.770103284804501
random_selector,calibration,0.8,6,0.4,0.8659217877094972,0.5586592178770963,8.131728814670037,0.4022346368715084,0.021009098428453266,0.026984126984126982,-0.7448789571694592,3,10.039768924810824
random_selector,calibration,0.8,6,0.5,0.8659217877094972,0.5586592178770963,10.555897916721806,0.5027932960893855,0.016777461221905664,0.0260597873022923,-0.7448789571694592,3,12.412809329008619
random_selector,calibration,0.8,6,0.6,0.8621973929236499,0.18621973929237035,13.13268028465966,0.6033519553072626,0.021406393158912757,0.04016808799901125,-1.117318435754185,3,14.93562880866074
random_selector,calibration,0.8,6,0.7,0.8584729981378026,-0.18621973929236293,16.10769380057441,0.7039106145251397,0.024640993194452312,0.04082559648597384,-1.4897579143389184,3,17.848235742247326
random_selector,calibration,0.8,6,0.8,0.8547486033519553,-0.5586592178770925,18.8432645376423,0.8044692737430168,0.02662970430107527,0.03798907103825137,-1.862197392923648,3,20.530170828108908
random_selector,calibration,0.8,6,0.9,0.851024208566108,-0.9310986964618184,21.40656249645562,0.9050279329608939,0.02820997787243426,0.03825602004260681,-2.234636871508374,3,23.042928209036877
random_selector,calibration,0.8,6,1.0,0.8491620111731844,-1.117318435754185,23.838671016963893,1.0,0.027723338232892372,0.03679653679653679,-2.4208566108007403,3,25.423926622424972
random_selector,calibration,0.8,7,0.1,0.8733705772811918,1.3035381750465553,0.7558830460650201,0.1005586592178771,0.0,0.020833333333333332,0.0,3,2.815815053535046
random_selector,calibration,0.8,7,0.2,0.8715083798882681,1.1173184357541925,3.035378300687208,0.2011173184357542,0.00980392156862745,0.030360531309297913,-0.18621973929236293,3,5.047556931944975
random_selector,calibration,0.8,7,0.3,0.8696461824953445,0.9310986964618259,5.065222952732744,0.3016759776536313,0.013605442176870748,0.02781557067271353,-0.3724394785847296,3,7.0359642372344116
random_selector,calibration,0.8,7,0.4,0.8659217877094972,0.5586592178770963,7.184669613073081,0.4022346368715084,0.021009098428453266,0.026984126984126982,-0.7448789571694592,3,9.111742861165128
random_selector,calibration,0.8,7,0.5,0.8659217877094972,0.5586592178770963,9.369269913762798,0.5027932960893855,0.016777461221905664,0.0260597873022923,-0.7448789571694592,3,11.25101232060638
random_selector,calibration,0.8,7,0.6,0.8621973929236499,0.18621973929237035,11.593063216674297,0.6033519553072626,0.021406393158912757,0.04016808799901125,-1.117318435754185,3,13.428189162382905
random_selector,calibration,0.8,7,0.7,0.8584729981378026,-0.18621973929236293,14.154722882790242,0.7039106145251397,0.024640993194452312,0.04082559648597384,-1.4897579143389184,3,15.936483860326398
random_selector,calibration,0.8,7,0.8,0.8547486033519553,-0.5586592178770925,16.659042304498126,0.8044692737430168,0.02662970430107527,0.03798907103825137,-1.862197392923648,3,18.392037931611956
random_selector,calibration,0.8,7,0.9,0.851024208566108,-0.9310986964618184,19.077666415881872,0.9050279329608939,0.02820997787243426,0.03825602004260681,-2.234636871508374,3,20.7632555549711
random_selector,calibration,0.8,7,1.0,0.8491620111731844,-1.117318435754185,21.248026172355956,1.0,0.027723338232892372,0.03679653679653679,-2.4208566108007403,3,22.888723052512
random_selector,calibration,0.8,8,0.1,0.8733705772811918,1.3035381750465553,0.24813833239447636,0.1005586592178771,0.0,0.020833333333333332,0.0,3,2.318724322525123
random_selector,calibration,0.8,8,0.2,0.8715083798882681,1.1173184357541925,1.8816421741908524,0.2011173184357542,0.00980392156862745,0.030360531309297913,-0.18621973929236293,3,3.917804828559087
random_selector,calibration,0.8,8,0.3,0.8696461824953445,0.9310986964618259,3.480867891857568,0.3016759776536313,0.013605442176870748,0.02781557067271353,-0.3724394785847296,3,5.484561391922305
random_selector,calibration,0.8,8,0.4,0.8659217877094972,0.5586592178770963,5.103155729802689,0.4022346368715084,0.021009098428453266,0.026984126984126982,-0.7448789571694592,3,7.073271069114832
random_selector,calibration,0.8,8,0.5,0.8659217877094972,0.5586592178770963,6.8033254821306475,0.5027932960893855,0.016777461221905664,0.0260597873022923,-0.7448789571694592,3,8.738907982314007
random_selector,calibration,0.8,8,0.6,0.8621973929236499,0.18621973929237035,8.645648631584525,0.6033519553072626,0.021406393158912757,0.04016808799901125,-1.117318435754185,3,10.541748366340304
random_selector,calibration,0.8,8,0.7,0.8584729981378026,-0.18621973929236293,10.67650146375152,0.7039106145251397,0.024640993194452312,0.04082559648597384,-1.4897579143389184,3,12.531462436496243
random_selector,calibration,0.8,8,0.8,0.8528864059590316,-0.7448789571694555,12.794309831394482,0.8044692737430168,0.029233870967741934,0.04065573770491803,-2.0484171322160107,3,14.609359304431809
random_selector,calibration,0.8,8,0.9,0.8491620111731844,-1.117318435754185,14.568832867680149,0.9050279329608939,0.030508828447146905,0.040603437882982395,-2.4208566108007403,3,16.349690958715346
random_selector,calibration,0.8,8,1.0,0.8472998137802608,-1.3035381750465518,16.067492618231178,1.0,0.029846480483423157,0.03896103896103896,-2.607076350093107,3,17.81884251551171
random_selector,calibration,0.85,4,0.1,0.8733705772811918,1.3035381750465553,0.612847491332813,0.1005586592178771,0.0,0.020833333333333332,0.0,3,2.6766834165002584
random_selector,calibration,0.85,4,0.2,0.8733705772811918,1.3035381750465553,2.7488031011620597,0.2011173184357542,0.0,0.020556609740670462,0.0,3,4.767513534108881
random_selector,calibration,0.85,4,0.3,0.8715083798882681,1.1173184357541925,4.60725713255931,0.3016759776536313,0.006802721088435374,0.021012849584278154,-0.18621973929236293,3,6.587944593764379
random_selector,calibration,0.85,4,0.4,0.8677839851024208,0.7448789571694628,6.503643941026512,0.4022346368715084,0.01588089330024814,0.02169312169312169,-0.5586592178770925,3,8.445424675418973
random_selector,calibration,0.85,4,0.5,0.8677839851024208,0.7448789571694628,8.640481708462044,0.5027932960893855,0.012662234884457106,0.021840378019591877,-0.5586592178770925,3,10.537105248867084
random_selector,calibration,0.85,4,0.6,0.8640595903165735,0.3724394785847333,10.752745085436972,0.6033519553072626,0.017897621229088195,0.036583858608330244,-0.9310986964618221,3,12.605263993123007
random_selector,calibration,0.85,4,0.7,0.8621973929236499,0.18621973929237035,13.24710872844543,0.7039106145251397,0.01840991935331558,0.03450633922332036,-1.117318435754185,3,15.046991406776225
random_selector,calibration,0.85,4,0.8,0.8584729981378026,-0.18621973929236293,15.615701901301696,0.8044692737430168,0.021253360215053762,0.03519125683060109,-1.4897579143389184,3,17.369189078109862
random_selector,calibration,0.85,4,0.9,0.8547486033519553,-0.5586592178770925,17.863061414552334,0.9050279329608939,0.023447830143808652,0.035772266323879316,-1.862197392923648,3,19.572809551888845
random_selector,calibration,0.85,4,1.0,0.8528864059590316,-0.7448789571694555,20.08748483003974,1.0,0.0234498339593881,0.03463203463203463,-2.0484171322160107,3,21.75151735366183
random_selector,calibration,0.85,5,0.1,0.8733705772811918,1.3035381750465553,0.612847491332813,0.1005586592178771,0.0,0.020833333333333332,0.0,3,2.6766834165002584
random_selector,calibration,0.85,5,0.2,0.8733705772811918,1.3035381750465553,2.7488031011620597,0.2011173184357542,0.0,0.020556609740670462,0.0,3,4.767513534108881
random_selector,calibration,0.85,5,0.3,0.8715083798882681,1.1173184357541925,4.60725713255931,0.3016759776536313,0.006802721088435374,0.021012849584278154,-0.18621973929236293,3,6.587944593764379
random_selector,calibration,0.85,5,0.4,0.8677839851024208,0.7448789571694628,6.503643941026512,0.4022346368715084,0.01588089330024814,0.02169312169312169,-0.5586592178770925,3,8.445424675418973
random_selector,calibration,0.85,5,0.5,0.8677839851024208,0.7448789571694628,8.637205123067293,0.5027932960893855,0.012662234884457106,0.021840378019591877,-0.5586592178770925,3,10.533902937204168
random_selector,calibration,0.85,5,0.6,0.8640595903165735,0.3724394785847333,10.748208274890404,0.6033519553072626,0.017897621229088195,0.036583858608330244,-0.9310986964618221,3,12.60084078757043
random_selector,calibration,0.85,5,0.7,0.8621973929236499,0.18621973929237035,13.242571917898855,0.7039106145251397,0.01840991935331558,0.03450633922332036,-1.117318435754185,3,15.042568201223647
random_selector,calibration,0.85,5,0.8,0.8584729981378026,-0.18621973929236293,15.611165090755122,0.8044692737430168,0.021253360215053762,0.03519125683060109,-1.4897579143389184,3,17.36476587255728
random_selector,calibration,0.85,5,0.9,0.8547486033519553,-0.5586592178770925,17.85852460400576,0.9050279329608939,0.023447830143808652,0.035772266323879316,-1.862197392923648,3,19.568386346336265
random_selector,calibration,0.85,5,1.0,0.8528864059590316,-0.7448789571694555,20.082948019493163,1.0,0.0234498339593881,0.03463203463203463,-2.0484171322160107,3,21.74709414810925
random_selector,calibration,0.85,6,0.1,0.8733705772811918,1.3035381750465553,0.612847491332813,0.1005586592178771,0.0,0.020833333333333332,0.0,3,2.6766834165002584
random_selector,calibration,0.85,6,0.2,0.8733705772811918,1.3035381750465553,2.701670680483781,0.2011173184357542,0.0,0.020556609740670462,0.0,3,4.7213943289027505
random_selector,calibration,0.85,6,0.3,0.8715083798882681,1.1173184357541925,4.560124711881034,0.3016759776536313,0.006802721088435374,0.021012849584278154,-0.18621973929236293,3,6.541825388558246
random_selector,calibration,0.85,6,0.4,0.8677839851024208,0.7448789571694628,6.456511520348233,0.4022346368715084,0.01588089330024814,0.02169312169312169,-0.5586592178770925,3,8.399305470212841
random_selector,calibration,0.85,6,0.5,0.8677839851024208,0.7448789571694628,8.576336248234114,0.5027932960893855,0.012662234884457106,0.021840378019591877,-0.5586592178770925,3,10.474318827744248
random_selector,calibration,0.85,6,0.6,0.8640595903165735,0.3724394785847333,10.684818949753568,0.6033519553072626,0.017897621229088195,0.036583858608330244,-0.9310986964618221,3,12.538814890331162
random_selector,calibration,0.85,6,0.7,0.8621973929236499,0.18621973929237035,13.179182592762029,0.7039106145251397,0.01840991935331558,0.03450633922332036,-1.117318435754185,3,14.980542303984382
random_selector,calibration,0.85,6,0.8,0.8584729981378026,-0.18621973929236293,15.54172668488953,0.8044692737430168,0.021253360215053762,0.03519125683060109,-1.4897579143389184,3,17.296879684647603
random_selector,calibration,0.85,6,0.9,0.8547486033519553,-0.5586592178770925,17.74006343973415,0.9050279329608939,0.023447830143808652,0.035772266323879316,-1.862197392923648,3,19.452314491247098
random_selector,calibration,0.85,6,1.0,0.8528864059590316,-0.7448789571694555,19.86392088810588,1.0,0.0234498339593881,0.03463203463203463,-2.0484171322160107,3,21.532434768975072
random_selector,calibration,0.85,7,0.1,0.8733705772811918,1.3035381750465553,0.5643288229875254,0.1005586592178771,0.0,0.020833333333333332,0.0,3,2.6288568297156645
random_selector,calibration,0.85,7,0.2,0.8733705772811918,1.3035381750465553,2.5641801164196045,0.2011173184357542,0.0,0.020556609740670462,0.0,3,4.586627382767036
random_selector,calibration,0.85,7,0.3,0.8715083798882681,1.1173184357541925,4.398815892447353,0.3016759776536313,0.006802721088435374,0.021012849584278154,-0.18621973929236293,3,6.383732395782171
random_selector,calibration,0.85,7,0.4,0.8677839851024208,0.7448789571694628,6.26747774757439,0.4022346368715084,0.01588089330024814,0.02169312169312169,-0.5586592178770925,3,8.214176471009878
random_selector,calibration,0.85,7,0.5,0.8677839851024208,0.7448789571694628,8.21755014750936,0.5027932960893855,0.012662234884457106,0.021840378019591877,-0.5586592178770925,3,10.123781928677973
random_selector,calibration,0.85,7,0.6,0.8640595903165735,0.3724394785847333,10.20971406751531,0.6033519553072626,0.017897621229088195,0.036583858608330244,-0.9310986964618221,3,12.074114410628145
random_selector,calibration,0.85,7,0.7,0.8621973929236499,0.18621973929237035,12.482908196378368,0.7039106145251397,0.01840991935331558,0.03450633922332036,-1.117318435754185,3,14.30015887614886
random_selector,calibration,0.85,7,0.8,0.8584729981378026,-0.18621973929236293,14.755220167635157,0.8044692737430168,0.021253360215053762,0.03519125683060109,-1.4897579143389184,3,16.52813411232052
random_selector,calibration,0.85,7,0.9,0.8547486033519553,-0.5586592178770925,16.891175777464408,0.9050279329608939,0.023447830143808652,0.035772266323879316,-1.862197392923648,3,18.622375093757206
random_selector,calibration,0.85,7,1.0,0.8528864059590316,-0.7448789571694555,18.90350329989957,1.0,0.0234498339593881,0.03463203463203463,-2.0484171322160107,3,20.593299991566358
random_selector,calibration,0.85,8,0.1,0.8733705772811918,1.3035381750465553,0.23881266627096367,0.1005586592178771,0.0,0.020833333333333332,0.0,3,2.309627365015358
random_selector,calibration,0.85,8,0.2,0.8715083798882681,1.1173184357541925,1.7921661884112223,0.2011173184357542,0.00980392156862745,0.030360531309297913,-0.18621973929236293,3,3.830063810026322
random_selector,calibration,0.85,8,0.3,0.8696461824953445,0.9310986964618259,3.3597602547671266,0.3016759776536313,0.013605442176870748,0.02781557067271353,-0.3724394785847296,3,5.365708036959949
random_selector,calibration,0.85,8,0.4,0.8659217877094972,0.5586592178770963,4.922817510576442,0.4022346368715084,0.021009098428453266,0.026984126984126982,-0.7448789571694592,3,6.896598734588559
random_selector,calibration,0.85,8,0.5,0.8659217877094972,0.5586592178770963,6.5435930783393825,0.5027932960893855,0.016777461221905664,0.0260597873022923,-0.7448789571694592,3,8.484449270152087
random_selector,calibration,0.85,8,0.6,0.8621973929236499,0.18621973929237035,8.306396020713066,0.6033519553072626,0.021406393158912757,0.04016808799901125,-1.117318435754185,3,10.209795636409247
random_selector,calibration,0.85,8,0.7,0.8603351955307262,3.700743415417189e-15,10.198750108694425,0.7039106145251397,0.021496339106401998,0.03765099331137067,-1.3035381750465518,3,12.064400179127883
random_selector,calibration,0.85,8,0.8,0.8566108007448789,-0.3724394785847296,12.254807443897931,0.8044692737430168,0.023941532258064516,0.037923497267759565,-1.675977653631285,3,14.081542483168434
random_selector,calibration,0.85,8,0.9,0.8528864059590316,-0.7448789571694555,13.95081845322486,0.9050279329608939,0.02581189633766208,0.0381703478586515,-2.0484171322160107,3,15.745188221844296
random_selector,calibration,0.85,8,1.0,0.851024208566108,-0.9310986964618184,15.374368784727082,1.0,0.025586586096140236,0.0367965367965368,-2.234636871508374,3,17.140672919185718
random_selector,calibration,0.88,4,0.1,0.8733705772811918,1.3035381750465553,0.4160003226176416,0.1005586592178771,0.0,0.020833333333333332,0.0,3,2.4836285967818434
random_selector,calibration,0.88,4,0.2,0.8715083798882681,1.1173184357541925,2.277730939409639,0.2011173184357542,0.00980392156862745,0.030360531309297913,-0.18621973929236293,3,4.306135565290203
random_selector,calibration,0.88,4,0.3,0.8715083798882681,1.1173184357541925,3.9064459256290838,0.3016759776536313,0.006802721088435374,0.021012849584278154,-0.18621973929236293,3,5.90246491503608
random_selector,calibration,0.88,4,0.4,0.8677839851024208,0.7448789571694628,5.584057647739352,0.4022346368715084,0.01588089330024814,0.02169312169312169,-0.5586592178770925,3,7.545241410045175
random_selector,calibration,0.88,4,0.5,0.8677839851024208,0.7448789571694628,7.41088002782578,0.5027932960893855,0.012662234884457106,0.021840378019591877,-0.5586592178770925,3,9.333835418608214
random_selector,calibration,0.88,4,0.6,0.8640595903165735,0.3724394785847333,9.314828187203931,0.6033519553072626,0.017897621229088195,0.036583858608330244,-0.9310986964618221,3,11.19755432557539
random_selector,calibration,0.88,4,0.7,0.8621973929236499,0.18621973929237035,11.403525353839724,0.7039106145251397,0.01840991935331558,0.03450633922332036,-1.117318435754185,3,13.24326557354006
random_selector,calibration,0.88,4,0.8,0.8566108007448789,-0.37243947858472587,13.540111076244887,0.8044692737430168,0.02385752688172043,0.03519125683060109,-1.6759776536312814,3,15.338370549117563
random_selector,calibration,0.88,4,0.9,0.8528864059590316,-0.7448789571694592,15.539836347161783,0.9050279329608939,0.025746680718521296,0.035772266323879316,-2.0484171322160147,3,17.299874767259535
random_selector,calibration,0.88,4,1.0,0.851024208566108,-0.9310986964618221,17.46735071687909,1.0,0.025572976209918885,0.03463203463203463,-2.2346368715083775,3,19.187630104938478
random_selector,calibration,0.88,5,0.1,0.8733705772811918,1.3035381750465553,0.4160003226176416,0.1005586592178771,0.0,0.020833333333333332,0.0,3,2.4836285967818434
random_selector,calibration,0.88,5,0.2,0.8715083798882681,1.1173184357541925,2.277730939409639,0.2011173184357542,0.00980392156862745,0.030360531309297913,-0.18621973929236293,3,4.306135565290203
random_selector,calibration,0.88,5,0.3,0.8715083798882681,1.1173184357541925,3.9064459256290838,0.3016759776536313,0.006802721088435374,0.021012849584278154,-0.18621973929236293,3,5.90246491503608
random_selector,calibration,0.88,5,0.4,0.8677839851024208,0.7448789571694628,5.584057647739352,0.4022346368715084,0.01588089330024814,0.02169312169312169,-0.5586592178770925,3,7.545241410045175
random_selector,calibration,0.88,5,0.5,0.8677839851024208,0.7448789571694628,7.407603442431031,0.5027932960893855,0.012662234884457106,0.021840378019591877,-0.5586592178770925,3,9.3306331069453
random_selector,calibration,0.88,5,0.6,0.8640595903165735,0.3724394785847333,9.311551601809187,0.6033519553072626,0.017897621229088195,0.036583858608330244,-0.9310986964618221,3,11.194352013912479
random_selector,calibration,0.88,5,0.7,0.8621973929236499,0.18621973929237035,11.400248768444976,0.7039106145251397,0.01840991935331558,0.03450633922332036,-1.117318435754185,3,13.240063261877152
random_selector,calibration,0.88,5,0.8,0.8566108007448789,-0.37243947858472587,13.536834490850147,0.8044692737430168,0.02385752688172043,0.03519125683060109,-1.6759776536312814,3,15.33516823745466
random_selector,calibration,0.88,5,0.9,0.8528864059590316,-0.7448789571694592,15.53655976176704,0.9050279329608939,0.025746680718521296,0.035772266323879316,-2.0484171322160147,3,17.296672455596624
random_selector,calibration,0.88,5,1.0,0.851024208566108,-0.9310986964618221,17.464074131484335,1.0,0.025572976209918885,0.03463203463203463,-2.2346368715083775,3,19.184427793275564
random_selector,calibration,0.88,6,0.1,0.8733705772811918,1.3035381750465553,0.4160003226176416,0.1005586592178771,0.0,0.020833333333333332,0.0,3,2.4836285967818434
random_selector,calibration,0.88,6,0.2,0.8715083798882681,1.1173184357541925,2.2612219899207253,0.2011173184357542,0.00980392156862745,0.030360531309297913,-0.18621973929236293,3,4.289908515417418
random_selector,calibration,0.88,6,0.3,0.8715083798882681,1.1173184357541925,3.889936976140166,0.3016759776536313,0.006802721088435374,0.021012849584278154,-0.18621973929236293,3,5.886237865163291
random_selector,calibration,0.88,6,0.4,0.8677839851024208,0.7448789571694628,5.567548698250438,0.4022346368715084,0.01588089330024814,0.02169312169312169,-0.5586592178770925,3,7.5290143601723925
random_selector,calibration,0.88,6,0.5,0.8677839851024208,0.7448789571694628,7.377358038787219,0.5027932960893855,0.012662234884457106,0.021840378019591877,-0.5586592178770925,3,9.300941152818728
random_selector,calibration,0.88,6,0.6,0.8640595903165735,0.3724394785847333,9.281306198165373,0.6033519553072626,0.017897621229088195,0.036583858608330244,-0.9310986964618221,3,11.16466005978591
random_selector,calibration,0.88,6,0.7,0.8621973929236499,0.18621973929237035,11.370003364801166,0.7039106145251397,0.01840991935331558,0.03450633922332036,-1.117318435754185,3,13.210371307750583
random_selector,calibration,0.88,6,0.8,0.8566108007448789,-0.37243947858472587,13.506589087206326,0.8044692737430168,0.02385752688172043,0.03519125683060109,-1.6759776536312814,3,15.305476283328083
random_selector,calibration,0.88,6,0.9,0.8528864059590316,-0.7448789571694592,15.506314358123227,0.9050279329608939,0.025746680718521296,0.035772266323879316,-2.0484171322160147,3,17.26698050147006
random_selector,calibration,0.88,6,1.0,0.851024208566108,-0.9310986964618221,17.43382872784052,1.0,0.025572976209918885,0.03463203463203463,-2.2346368715083775,3,19.154735839148984
random_selector,calibration,0.88,7,0.1,0.8733705772811918,1.3035381750465553,0.4102032869192455,0.1005586592178771,0.0,0.020833333333333332,0.0,3,2.4779134520209523
random_selector,calibration,0.88,7,0.2,0.8715083798882681,1.1173184357541925,2.229338293579534,0.2011173184357542,0.00980392156862745,0.030360531309297913,-0.18621973929236293,3,4.258851399531146
random_selector,calibration,0.88,7,0.3,0.8715083798882681,1.1173184357541925,3.8580532797989786,0.3016759776536313,0.006802721088435374,0.021012849584278154,-0.18621973929236293,3,5.855180749277026
random_selector,calibration,0.88,7,0.4,0.8677839851024208,0.7448789571694628,5.535665001909244,0.4022346368715084,0.01588089330024814,0.02169312169312169,-0.5586592178770925,3,7.4979572442861135
random_selector,calibration,0.88,7,0.5,0.8677839851024208,0.7448789571694628,7.308675768012722,0.5027932960893855,0.012662234884457106,0.021840378019591877,-0.5586592178770925,3,9.23404814857213
random_selector,calibration,0.88,7,0.6,0.8640595903165735,0.3724394785847333,9.158560268377554,0.6033519553072626,0.017897621229088195,0.036583858608330244,-0.9310986964618221,3,11.044711277468947
random_selector,calibration,0.88,7,0.7,0.8621973929236499,0.18621973929237035,11.247257435013344,0.7039106145251397,0.01840991935331558,0.03450633922332036,-1.117318435754185,3,13.09042252543362
random_selector,calibration,0.88,7,0.8,0.8566108007448789,-0.37243947858472587,13.347674695561114,0.8044692737430168,0.02385752688172043,0.03519125683060109,-1.6759776536312814,3,15.15042110683584
random_selector,calibration,0.88,7,0.9,0.8528864059590316,-0.7448789571694592,15.309845256953619,0.9050279329608939,0.025746680718521296,0.035772266323879316,-2.0484171322160147,3,17.075066323540586
random_selector,calibration,0.88,7,1.0,0.851024208566108,-0.9310986964618221,17.161368050015817,1.0,0.025572976209918885,0.03463203463203463,-2.2346368715083775,3,18.888293176447167
random_selector,calibration,0.88,8,0.1,0.8733705772811918,1.3035381750465553,0.14164930706520584,0.1005586592178771,0.0,0.020833333333333332,0.0,3,2.214588214235458
random_selector,calibration,0.88,8,0.2,0.8715083798882681,1.1173184357541925,1.6064090010321312,0.2011173184357542,0.00980392156862745,0.030360531309297913,-0.18621973929236293,3,3.6485474973180367
random_selector,calibration,0.88,8,0.3,0.8715083798882681,1.1173184357541925,3.0561720156923267,0.3016759776536313,0.006802721088435374,0.021012849584278154,-0.18621973929236293,3,5.069263314541713
random_selector,calibration,0.88,8,0.4,0.8677839851024208,0.7448789571694628,4.544749965028753,0.4022346368715084,0.01588089330024814,0.02169312169312169,-0.5586592178770925,3,6.527215047756985
random_selector,calibration,0.88,8,0.5,0.8677839851024208,0.7448789571694628,6.083862942953393,0.5027932960893855,0.012662234884457106,0.021840378019591877,-0.5586592178770925,3,8.034942052036325
random_selector,calibration,0.88,8,0.6,0.8640595903165735,0.3724394785847333,7.822091494866479,0.6033519553072626,0.017897621229088195,0.036583858608330244,-0.9310986964618221,3,9.736161258873114
random_selector,calibration,0.88,8,0.7,0.8621973929236499,0.18621973929237035,9.65055216765028,0.7039106145251397,0.01840991935331558,0.03450633922332036,-1.117318435754185,3,11.527990914493499
random_selector,calibration,0.88,8,0.8,0.8566108007448789,-0.37243947858472587,11.603775130464818,0.8044692737430168,0.02385752688172043,0.03519125683060109,-1.6759776536312814,3,13.444223808163073
random_selector,calibration,0.88,8,0.9,0.8528864059590316,-0.7448789571694592,13.211318334133582,0.9050279329608939,0.025746680718521296,0.035772266323879316,-2.0484171322160147,3,15.021632784612171
random_selector,calibration,0.88,8,1.0,0.851024208566108,-0.9310986964618221,14.557490841313717,1.0,0.025572976209918885,0.03463203463203463,-2.2346368715083775,3,16.34130221394746
random_selector,calibration,0.9,4,0.1,0.8733705772811918,1.3035381750465553,0.21146578047634237,0.1005586592178771,0.0,0.020833333333333332,0.0,3,2.2829206420631984
random_selector,calibration,0.9,4,0.2,0.8715083798882681,1.1173184357541925,1.9020578216504231,0.2011173184357542,0.00980392156862745,0.030360531309297913,-0.18621973929236293,3,3.9380652021520413
random_selector,calibration,0.9,4,0.3,0.8715083798882681,1.1173184357541925,3.40953914826424,0.3016759776536313,0.006802721088435374,0.021012849584278154,-0.18621973929236293,3,5.4156390663224565
random_selector,calibration,0.9,4,0.4,0.8696461824953445,0.9310986964618259,4.909837191512641,0.4022346368715084,0.010504549214226633,0.02169312169312169,-0.3724394785847296,3,6.884603630310078
random_selector,calibration,0.9,4,0.5,0.8696461824953445,0.9310986964618259,6.679319327191003,0.5027932960893855,0.008388730610952832,0.021840378019591877,-0.3724394785847296,3,8.616940994047853
random_selector,calibration,0.9,4,0.6,0.8659217877094972,0.5586592178770963,8.43342671601709,0.6033519553072626,0.014351521938308052,0.036583858608330244,-0.7448789571694592,3,10.334249268583372
random_selector,calibration,0.9,4,0.7,0.8640595903165735,0.3724394785847333,10.32389046627071,0.7039106145251397,0.015406916350312575,0.03450633922332036,-0.9310986964618221,3,12.185612166788411
random_selector,calibration,0.9,4,0.8,0.8584729981378026,-0.18621973929236293,12.34214104691945,0.8044692737430168,0.021253360215053762,0.03519125683060109,-1.4897579143389184,3,14.164954006440027
random_selector,calibration,0.9,4,0.9,0.8547486033519553,-0.5586592178770925,13.962034457076104,0.9050279329608939,0.023447830143808652,0.035772266323879316,-1.862197392923648,3,15.753271592681692
random_selector,calibration,0.9,4,1.0,0.8547486033519553,-0.5586592178770925,15.655398993584202,1.0,0.021313081822635964,0.032467532467532464,-1.862197392923648,3,17.411686265379092
random_selector,calibration,0.9,5,0.1,0.8733705772811918,1.3035381750465553,0.21146578047634237,0.1005586592178771,0.0,0.020833333333333332,0.0,3,2.2829206420631984
random_selector,calibration,0.9,5,0.2,0.8715083798882681,1.1173184357541925,1.9020578216504231,0.2011173184357542,0.00980392156862745,0.030360531309297913,-0.18621973929236293,3,3.9380652021520413
random_selector,calibration,0.9,5,0.3,0.8715083798882681,1.1173184357541925,3.40953914826424,0.3016759776536313,0.006802721088435374,0.021012849584278154,-0.18621973929236293,3,5.4156390663224565
random_selector,calibration,0.9,5,0.4,0.8696461824953445,0.9310986964618259,4.909837191512641,0.4022346368715084,0.010504549214226633,0.02169312169312169,-0.3724394785847296,3,6.884603630310078
random_selector,calibration,0.9,5,0.5,0.8696461824953445,0.9310986964618259,6.6760427417962545,0.5027932960893855,0.008388730610952832,0.021840378019591877,-0.3724394785847296,3,8.613738682384941
random_selector,calibration,0.9,5,0.6,0.8659217877094972,0.5586592178770963,8.430150130622346,0.6033519553072626,0.014351521938308052,0.036583858608330244,-0.7448789571694592,3,10.331046956920467
random_selector,calibration,0.9,5,0.7,0.8640595903165735,0.3724394785847333,10.320613880875966,0.7039106145251397,0.015406916350312575,0.03450633922332036,-0.9310986964618221,3,12.182409855125501
random_selector,calibration,0.9,5,0.8,0.8584729981378026,-0.18621973929236293,12.338864461524702,0.8044692737430168,0.021253360215053762,0.03519125683060109,-1.4897579143389184,3,14.161751694777115
random_selector,calibration,0.9,5,0.9,0.8547486033519553,-0.5586592178770925,13.95875787168136,0.9050279329608939,0.023447830143808652,0.035772266323879316,-1.862197392923648,3,15.750069281018787
random_selector,calibration,0.9,5,1.0,0.8547486033519553,-0.5586592178770925,15.652122408189458,1.0,0.021313081822635964,0.032467532467532464,-1.862197392923648,3,17.40848395371619
random_selector,calibration,0.9,6,0.1,0.8733705772811918,1.3035381750465553,0.21146578047634237,0.1005586592178771,0.0,0.020833333333333332,0.0,3,2.2829206420631984
random_selector,calibration,0.9,6,0.2,0.8715083798882681,1.1173184357541925,1.8915979528902709,0.2011173184357542,0.00980392156862745,0.030360531309297913,-0.18621973929236293,3,3.9277839415456186
random_selector,calibration,0.9,6,0.3,0.8715083798882681,1.1173184357541925,3.399079279504088,0.3016759776536313,0.006802721088435374,0.021012849584278154,-0.18621973929236293,3,5.405357805716034
random_selector,calibration,0.9,6,0.4,0.8696461824953445,0.9310986964618259,4.899377322752489,0.4022346368715084,0.010504549214226633,0.02169312169312169,-0.3724394785847296,3,6.8743223697036555
random_selector,calibration,0.9,6,0.5,0.8696461824953445,0.9310986964618259,6.651846418881198,0.5027932960893855,0.008388730610952832,0.021840378019591877,-0.3724394785847296,3,8.58999251752473
random_selector,calibration,0.9,6,0.6,0.8659217877094972,0.5586592178770963,8.405953807707293,0.6033519553072626,0.014351521938308052,0.036583858608330244,-0.7448789571694592,3,10.307300792060259
random_selector,calibration,0.9,6,0.7,0.8640595903165735,0.3724394785847333,10.296417557960906,0.7039106145251397,0.015406916350312575,0.03450633922332036,-0.9310986964618221,3,12.15866369026529
random_selector,calibration,0.9,6,0.8,0.8584729981378026,-0.18621973929236293,12.31466813860965,0.8044692737430168,0.021253360215053762,0.03519125683060109,-1.4897579143389184,3,14.138005529916901
random_selector,calibration,0.9,6,0.9,0.8547486033519553,-0.5586592178770925,13.934561548766307,0.9050279329608939,0.023447830143808652,0.035772266323879316,-1.862197392923648,3,15.726323116158573
random_selector,calibration,0.9,6,1.0,0.8547486033519553,-0.5586592178770925,15.627926085274401,1.0,0.021313081822635964,0.032467532467532464,-1.862197392923648,3,17.384737788855976
random_selector,calibration,0.9,7,0.1,0.8733705772811918,1.3035381750465553,0.21146578047634237,0.1005586592178771,0.0,0.020833333333333332,0.0,3,2.2829206420631984
random_selector,calibration,0.9,7,0.2,0.8715083798882681,1.1173184357541925,1.8810120616149357,0.2011173184357542,0.00980392156862745,0.030360531309297913,-0.18621973929236293,3,3.917458965263184
random_selector,calibration,0.9,7,0.3,0.8715083798882681,1.1173184357541925,3.388493388228745,0.3016759776536313,0.006802721088435374,0.021012849584278154,-0.18621973929236293,3,5.395032829433595
random_selector,calibration,0.9,7,0.4,0.8696461824953445,0.9310986964618259,4.888791431477154,0.4022346368715084,0.010504549214226633,0.02169312169312169,-0.3724394785847296,3,6.863997393421225
random_selector,calibration,0.9,7,0.5,0.8696461824953445,0.9310986964618259,6.6122753491138795,0.5027932960893855,0.008388730610952832,0.021840378019591877,-0.3724394785847296,3,8.551511630684352
random_selector,calibration,0.9,7,0.6,0.8659217877094972,0.5586592178770963,8.341934369994545,0.6033519553072626,0.014351521938308052,0.036583858608330244,-0.7448789571694592,3,10.244840662336708
random_selector,calibration,0.9,7,0.7,0.8640595903165735,0.3724394785847333,10.232398120248172,0.7039106145251397,0.015406916350312575,0.03450633922332036,-0.9310986964618221,3,12.096203560541744
random_selector,calibration,0.9,7,0.8,0.8584729981378026,-0.18621973929236293,12.242961327470766,0.8044692737430168,0.021253360215053762,0.03519125683060109,-1.4897579143389184,3,14.068097947466363
random_selector,calibration,0.9,7,0.9,0.8547486033519553,-0.5586592178770925,13.862854737627428,0.9050279329608939,0.023447830143808652,0.035772266323879316,-1.862197392923648,3,15.656415533708032
random_selector,calibration,0.9,7,1.0,0.8547486033519553,-0.5586592178770925,15.552438598680045,1.0,0.021313081822635964,0.032467532467532464,-1.862197392923648,3,17.311167524736426
random_selector,calibration,0.9,8,0.1,0.8733705772811918,1.3035381750465553,0.04851866834529132,0.1005586592178771,0.0,0.020833333333333332,0.0,3,2.123084217537156
random_selector,calibration,0.9,8,0.2,0.8715083798882681,1.1173184357541925,1.4250626016844237,0.2011173184357542,0.00980392156862745,0.030360531309297913,-0.18621973929236293,3,3.4707084890278557
random_selector,calibration,0.9,8,0.3,0.8715083798882681,1.1173184357541925,2.7833332703220823,0.3016759776536313,0.006802721088435374,0.021012849584278154,-0.18621973929236293,3,4.801801961028078
random_selector,calibration,0.9,8,0.4,0.8677839851024208,0.7448789571694628,4.151181650113615,0.4022346368715084,0.01588089330024814,0.02169312169312169,-0.5586592178770925,3,6.141353822962555
random_selector,calibration,0.9,8,0.5,0.8677839851024208,0.7448789571694628,5.659671156848892,0.5027932960893855,0.012662234884457106,0.021840378019591877,-0.5586592178770925,3,7.619140501830612
random_selector,calibration,0.9,8,0.6,0.8640595903165735,0.3724394785847333,7.316111096408492,0.6033519553072626,0.017897621229088195,0.036583858608330244,-0.9310986964618221,3,9.240745613722678
random_selector,calibration,0.9,8,0.7,0.8621973929236499,0.18621973929237035,8.997377471459064,0.7039106145251397,0.01840991935331558,0.03450633922332036,-1.117318435754185,3,10.888230201831906
random_selector,calibration,0.9,8,0.8,0.8566108007448789,-0.37243947858472587,10.921237188236054,0.8044692737430168,0.02385752688172043,0.03519125683060109,-1.6759776536312814,3,12.775688916356069
random_selector,calibration,0.9,8,0.9,0.8528864059590316,-0.7448789571694592,12.336344011221053,0.9050279329608939,0.025746680718521296,0.035772266323879316,-2.0484171322160147,3,14.163569275804262
random_selector,calibration,0.9,8,1.0,0.8528864059590316,-0.7448789571694592,13.61963128332508,1.0,0.02343622407316675,0.032467532467532464,-2.0484171322160147,3,15.421343273992298
random_selector,calibration,0.92,4,0.1,0.8733705772811918,1.3035381750465553,0.10384255251043954,0.1005586592178771,0.0,0.020833333333333332,0.0,3,2.177774923111723
random_selector,calibration,0.92,4,0.2,0.8715083798882681,1.1173184357541925,1.6168688697922835,0.2011173184357542,0.00980392156862745,0.030360531309297913,-0.18621973929236293,3,3.6596320467194223
random_selector,calibration,0.92,4,0.3,0.8715083798882681,1.1173184357541925,2.954471845939999,0.3016759776536313,0.006802721088435374,0.021012849584278154,-0.18621973929236293,3,4.97035890876029
random_selector,calibration,0.92,4,0.4,0.8677839851024208,0.7448789571694628,4.288672214177791,0.4022346368715084,0.01588089330024814,0.02169312169312169,-0.5586592178770925,3,6.275974158567562
random_selector,calibration,0.92,4,0.5,0.8677839851024208,0.7448789571694628,5.833834272831192,0.5027932960893855,0.012662234884457106,0.021840378019591877,-0.5586592178770925,3,7.789498773373123
random_selector,calibration,0.92,4,0.6,0.8640595903165735,0.3724394785847333,7.40848560003731,0.6033519553072626,0.017897621229088195,0.036583858608330244,-0.9310986964618221,3,9.33075940098524
random_selector,calibration,0.92,4,0.7,0.8621973929236499,0.18621973929237035,9.094666853179996,0.7039106145251397,0.01840991935331558,0.03450633922332036,-1.117318435754185,3,10.982451999751634
random_selector,calibration,0.92,4,0.8,0.8584729981378026,-0.18621973929236293,10.998110922497421,0.8044692737430168,0.021253360215053762,0.03252459016393443,-1.4897579143389184,3,12.849761375192752
random_selector,calibration,0.92,4,0.9,0.8547486033519553,-0.5586592178770925,12.35801988383245,0.9050279329608939,0.023447830143808652,0.03342484848350373,-1.862197392923648,3,14.183148167487829
random_selector,calibration,0.92,4,1.0,0.8547486033519553,-0.5586592178770925,13.991901793174375,1.0,0.021313081822635964,0.0303030303030303,-1.862197392923648,3,15.783465235628283
random_selector,calibration,0.92,5,0.1,0.8733705772811918,1.3035381750465553,0.10384255251043954,0.1005586592178771,0.0,0.020833333333333332,0.0,3,2.177774923111723
random_selector,calibration,0.92,5,0.2,0.8715083798882681,1.1173184357541925,1.6168688697922835,0.2011173184357542,0.00980392156862745,0.030360531309297913,-0.18621973929236293,3,3.6596320467194223
random_selector,calibration,0.92,5,0.3,0.8715083798882681,1.1173184357541925,2.954471845939999,0.3016759776536313,0.006802721088435374,0.021012849584278154,-0.18621973929236293,3,4.97035890876029
random_selector,calibration,0.92,5,0.4,0.8677839851024208,0.7448789571694628,4.288672214177791,0.4022346368715084,0.01588089330024814,0.02169312169312169,-0.5586592178770925,3,6.275974158567562
random_selector,calibration,0.92,5,0.5,0.8677839851024208,0.7448789571694628,5.833834272831192,0.5027932960893855,0.012662234884457106,0.021840378019591877,-0.5586592178770925,3,7.789498773373123
random_selector,calibration,0.92,5,0.6,0.8640595903165735,0.3724394785847333,7.40848560003731,0.6033519553072626,0.017897621229088195,0.036583858608330244,-0.9310986964618221,3,9.33075940098524
random_selector,calibration,0.92,5,0.7,0.8621973929236499,0.18621973929237035,9.094666853179996,0.7039106145251397,0.01840991935331558,0.03450633922332036,-1.117318435754185,3,10.982451999751634
random_selector,calibration,0.92,5,0.8,0.8584729981378026,-0.18621973929236293,10.998110922497421,0.8044692737430168,0.021253360215053762,0.03252459016393443,-1.4897579143389184,3,12.849761375192752
random_selector,calibration,0.92,5,0.9,0.8547486033519553,-0.5586592178770925,12.35801988383245,0.9050279329608939,0.023447830143808652,0.03342484848350373,-1.862197392923648,3,14.183148167487829
random_selector,calibration,0.92,5,1.0,0.8547486033519553,-0.5586592178770925,13.991901793174375,1.0,0.021313081822635964,0.0303030303030303,-1.862197392923648,3,15.783465235628283
random_selector,calibration,0.92,6,0.1,0.8733705772811918,1.3035381750465553,0.10384255251043954,0.1005586592178771,0.0,0.020833333333333332,0.0,3,2.177774923111723
random_selector,calibration,0.92,6,0.2,0.8715083798882681,1.1173184357541925,1.6168688697922835,0.2011173184357542,0.00980392156862745,0.030360531309297913,-0.18621973929236293,3,3.6596320467194223
random_selector,calibration,0.92,6,0.3,0.8715083798882681,1.1173184357541925,2.954471845939999,0.3016759776536313,0.006802721088435374,0.021012849584278154,-0.18621973929236293,3,4.97035890876029
random_selector,calibration,0.92,6,0.4,0.8677839851024208,0.7448789571694628,4.288672214177791,0.4022346368715084,0.01588089330024814,0.02169312169312169,-0.5586592178770925,3,6.275974158567562
random_selector,calibration,0.92,6,0.5,0.8677839851024208,0.7448789571694628,5.822492246464761,0.5027932960893855,0.012662234884457106,0.021840378019591877,-0.5586592178770925,3,7.778394472390134
random_selector,calibration,0.92,6,0.6,0.8640595903165735,0.3724394785847333,7.3971435736708795,0.6033519553072626,0.017897621229088195,0.036583858608330244,-0.9310986964618221,3,9.319655100002247
random_selector,calibration,0.92,6,0.7,0.8621973929236499,0.18621973929237035,9.083324826813563,0.7039106145251397,0.01840991935331558,0.03450633922332036,-1.117318435754185,3,10.971347698768644
random_selector,calibration,0.92,6,0.8,0.8584729981378026,-0.18621973929236293,10.98676889613099,0.8044692737430168,0.021253360215053762,0.03252459016393443,-1.4897579143389184,3,12.838657074209765
random_selector,calibration,0.92,6,0.9,0.8547486033519553,-0.5586592178770925,12.346677857466021,0.9050279329608939,0.023447830143808652,0.03342484848350373,-1.862197392923648,3,14.172043866504843
random_selector,calibration,0.92,6,1.0,0.8547486033519553,-0.5586592178770925,13.98055976680794,1.0,0.021313081822635964,0.0303030303030303,-1.862197392923648,3,15.772360934645292
random_selector,calibration,0.92,7,0.1,0.8733705772811918,1.3035381750465553,0.10384255251043954,0.1005586592178771,0.0,0.020833333333333332,0.0,3,2.177774923111723
random_selector,calibration,0.92,7,0.2,0.8715083798882681,1.1173184357541925,1.614852509549362,0.2011173184357542,0.00980392156862745,0.030360531309297913,-0.18621973929236293,3,3.6576501169639695
random_selector,calibration,0.92,7,0.3,0.8715083798882681,1.1173184357541925,2.9524554856970773,0.3016759776536313,0.006802721088435374,0.021012849584278154,-0.18621973929236293,3,4.968376979004833
random_selector,calibration,0.92,7,0.4,0.8677839851024208,0.7448789571694628,4.286655853934869,0.4022346368715084,0.01588089330024814,0.02169312169312169,-0.5586592178770925,3,6.273992228812109
random_selector,calibration,0.92,7,0.5,0.8677839851024208,0.7448789571694628,5.811654310159057,0.5027932960893855,0.012662234884457106,0.021840378019591877,-0.5586592178770925,3,7.767790934311458
random_selector,calibration,0.92,7,0.6,0.8640595903165735,0.3724394785847333,7.386305637365179,0.6033519553072626,0.017897621229088195,0.036583858608330244,-0.9310986964618221,3,9.309051561923576
random_selector,calibration,0.92,7,0.7,0.8621973929236499,0.18621973929237035,9.072486890507866,0.7039106145251397,0.01840991935331558,0.03450633922332036,-1.117318435754185,3,10.960744160689973
random_selector,calibration,0.92,7,0.8,0.8584729981378026,-0.18621973929236293,10.97593095982529,0.8044692737430168,0.021253360215053762,0.03252459016393443,-1.4897579143389184,3,12.828053536131097
random_selector,calibration,0.92,7,0.9,0.8547486033519553,-0.5586592178770925,12.335839921160323,0.9050279329608939,0.023447830143808652,0.03342484848350373,-1.862197392923648,3,14.161440328426163
random_selector,calibration,0.92,7,1.0,0.8547486033519553,-0.5586592178770925,13.969721830502243,1.0,0.021313081822635964,0.0303030303030303,-1.862197392923648,3,15.761757396566619
random_selector,calibration,0.92,8,0.1,0.8733705772811918,1.3035381750465553,-0.026590750703510874,0.1005586592178771,0.0,0.020833333333333332,0.0,3,2.0499751661082755
random_selector,calibration,0.92,8,0.2,0.8715083798882681,1.1173184357541925,1.241573819578612,0.2011173184357542,0.00980392156862745,0.030360531309297913,-0.18621973929236293,3,3.292040792004987
random_selector,calibration,0.92,8,0.3,0.8715083798882681,1.1173184357541925,2.5079740746481747,0.3016759776536313,0.006802721088435374,0.021012849584278154,-0.18621973929236293,3,4.533153834817212
random_selector,calibration,0.92,8,0.4,0.8677839851024208,0.7448789571694628,3.7358114400718865,0.4022346368715084,0.01588089330024814,0.02169312169312169,-0.5586592178770925,3,5.734979021805645
random_selector,calibration,0.92,8,0.5,0.8677839851024208,0.7448789571694628,5.147515655146957,0.5027932960893855,0.012662234884457106,0.021840378019591877,-0.5586592178770925,3,7.118007361227545
random_selector,calibration,0.92,8,0.6,0.8640595903165735,0.3724394785847333,6.687636813193051,0.6033519553072626,0.017897621229088195,0.036583858608330244,-0.9310986964618221,3,8.625507345073135
random_selector,calibration,0.92,8,0.7,0.8621973929236499,0.18621973929237035,8.264178478126908,0.7039106145251397,0.01840991935331558,0.03450633922332036,-1.117318435754185,3,10.170016278270273
random_selector,calibration,0.92,8,0.8,0.8584729981378026,-0.18621973929236293,10.098814254154654,0.8044692737430168,0.021253360215053762,0.03252459016393443,-1.4897579143389184,3,11.970460322933251
random_selector,calibration,0.92,8,0.9,0.8547486033519553,-0.5586592178770925,11.436165185272003,0.9050279329608939,0.023447830143808652,0.03342484848350373,-1.862197392923648,3,13.281909397228027
random_selector,calibration,0.92,8,1.0,0.8547486033519553,-0.5586592178770925,12.70533793567559,1.0,0.021313081822635964,0.0303030303030303,-1.862197392923648,3,14.525787958733897
random_selector,calibration,0.95,4,0.1,0.8733705772811918,1.3035381750465553,-0.1676099451928037,0.1005586592178771,0.0,0.020833333333333332,0.0,3,1.9113572510019623
random_selector,calibration,0.95,4,0.2,0.8733705772811918,1.3035381750465553,0.8522902701796786,0.2011173184357542,0.0,0.020556609740670462,0.0,3,2.9102359414354835
random_selector,calibration,0.95,4,0.3,0.8733705772811918,1.3035381750465553,1.9905256273085852,0.3016759776536313,0.0,0.01421012849584278,0.0,3,4.025526216554761
random_selector,calibration,0.95,4,0.4,0.8715083798882681,1.1173184357541888,3.075705505545627,0.4022346368715084,0.005376344086021505,0.010846560846560846,-0.18621973929236665,3,5.087142092418528
random_selector,calibration,0.95,4,0.5,0.8715083798882681,1.1173184357541888,4.338577130190087,0.5027932960893855,0.004273504273504273,0.013235003824610753,-0.18621973929236665,3,6.323681807997069
random_selector,calibration,0.95,4,0.6,0.8696461824953445,0.9310986964618259,5.612538736170614,0.6033519553072626,0.00733397807865893,0.025831170436287233,-0.3724394785847296,3,7.570332653837153
random_selector,calibration,0.95,4,0.7,0.8677839851024208,0.7448789571694628,7.068098786529209,0.7039106145251397,0.009234076844139736,0.025130611294133305,-0.5586592178770925,3,8.995810752878024
random_selector,calibration,0.95,4,0.8,0.8640595903165735,0.3724394785847333,8.803554843108278,0.8044692737430168,0.013272849462365592,0.02439344262295082,-0.9310986964618221,3,10.699475436019128
random_selector,calibration,0.95,4,0.9,0.8621973929236499,0.18621973929236665,9.965356410576321,0.9050279329608939,0.014056780987535723,0.026281267573583778,-1.1173184357541888,3,11.839136539144608
random_selector,calibration,0.95,4,1.0,0.8621973929236499,0.18621973929236665,11.309386534998357,1.0,0.012779683161848767,0.02380952380952381,-1.1173184357541888,3,13.154484459212393
random_selector,calibration,0.95,5,0.1,0.8733705772811918,1.3035381750465553,-0.1676099451928037,0.1005586592178771,0.0,0.020833333333333332,0.0,3,1.9113572510019623
random_selector,calibration,0.95,5,0.2,0.8733705772811918,1.3035381750465553,0.8522902701796786,0.2011173184357542,0.0,0.020556609740670462,0.0,3,2.9102359414354835
random_selector,calibration,0.95,5,0.3,0.8733705772811918,1.3035381750465553,1.9905256273085852,0.3016759776536313,0.0,0.01421012849584278,0.0,3,4.025526216554761
random_selector,calibration,0.95,5,0.4,0.8715083798882681,1.1173184357541888,3.075705505545627,0.4022346368715084,0.005376344086021505,0.010846560846560846,-0.18621973929236665,3,5.087142092418528
random_selector,calibration,0.95,5,0.5,0.8715083798882681,1.1173184357541888,4.338577130190087,0.5027932960893855,0.004273504273504273,0.013235003824610753,-0.18621973929236665,3,6.323681807997069
random_selector,calibration,0.95,5,0.6,0.8696461824953445,0.9310986964618259,5.612538736170614,0.6033519553072626,0.00733397807865893,0.025831170436287233,-0.3724394785847296,3,7.570332653837153
random_selector,calibration,0.95,5,0.7,0.8677839851024208,0.7448789571694628,7.068098786529209,0.7039106145251397,0.009234076844139736,0.025130611294133305,-0.5586592178770925,3,8.995810752878024
random_selector,calibration,0.95,5,0.8,0.8640595903165735,0.3724394785847333,8.803554843108278,0.8044692737430168,0.013272849462365592,0.02439344262295082,-0.9310986964618221,3,10.699475436019128
random_selector,calibration,0.95,5,0.9,0.8621973929236499,0.18621973929236665,9.965356410576321,0.9050279329608939,0.014056780987535723,0.026281267573583778,-1.1173184357541888,3,11.839136539144608
random_selector,calibration,0.95,5,1.0,0.8621973929236499,0.18621973929236665,11.309386534998357,1.0,0.012779683161848767,0.02380952380952381,-1.1173184357541888,3,13.154484459212393
random_selector,calibration,0.95,6,0.1,0.8733705772811918,1.3035381750465553,-0.1676099451928037,0.1005586592178771,0.0,0.020833333333333332,0.0,3,1.9113572510019623
random_selector,calibration,0.95,6,0.2,0.8733705772811918,1.3035381750465553,0.8522902701796786,0.2011173184357542,0.0,0.020556609740670462,0.0,3,2.9102359414354835
random_selector,calibration,0.95,6,0.3,0.8733705772811918,1.3035381750465553,1.9905256273085852,0.3016759776536313,0.0,0.01421012849584278,0.0,3,4.025526216554761
random_selector,calibration,0.95,6,0.4,0.8715083798882681,1.1173184357541888,3.075705505545627,0.4022346368715084,0.005376344086021505,0.010846560846560846,-0.18621973929236665,3,5.087142092418528
random_selector,calibration,0.95,6,0.5,0.8715083798882681,1.1173184357541888,4.338577130190087,0.5027932960893855,0.004273504273504273,0.013235003824610753,-0.18621973929236665,3,6.323681807997069
random_selector,calibration,0.95,6,0.6,0.8696461824953445,0.9310986964618259,5.612538736170614,0.6033519553072626,0.00733397807865893,0.025831170436287233,-0.3724394785847296,3,7.570332653837153
random_selector,calibration,0.95,6,0.7,0.8677839851024208,0.7448789571694628,7.068098786529209,0.7039106145251397,0.009234076844139736,0.025130611294133305,-0.5586592178770925,3,8.995810752878024
random_selector,calibration,0.95,6,0.8,0.8640595903165735,0.3724394785847333,8.803554843108278,0.8044692737430168,0.013272849462365592,0.02439344262295082,-0.9310986964618221,3,10.699475436019128
random_selector,calibration,0.95,6,0.9,0.8621973929236499,0.18621973929236665,9.965356410576321,0.9050279329608939,0.014056780987535723,0.026281267573583778,-1.1173184357541888,3,11.839136539144608
random_selector,calibration,0.95,6,1.0,0.8621973929236499,0.18621973929236665,11.309386534998357,1.0,0.012779683161848767,0.02380952380952381,-1.1173184357541888,3,13.154484459212393
random_selector,calibration,0.95,7,0.1,0.8733705772811918,1.3035381750465553,-0.1676099451928037,0.1005586592178771,0.0,0.020833333333333332,0.0,3,1.9113572510019623
random_selector,calibration,0.95,7,0.2,0.8733705772811918,1.3035381750465553,0.8522902701796786,0.2011173184357542,0.0,0.020556609740670462,0.0,3,2.9102359414354835
random_selector,calibration,0.95,7,0.3,0.8733705772811918,1.3035381750465553,1.9905256273085852,0.3016759776536313,0.0,0.01421012849584278,0.0,3,4.025526216554761
random_selector,calibration,0.95,7,0.4,0.8715083798882681,1.1173184357541888,3.075705505545627,0.4022346368715084,0.005376344086021505,0.010846560846560846,-0.18621973929236665,3,5.087142092418528
random_selector,calibration,0.95,7,0.5,0.8715083798882681,1.1173184357541888,4.338577130190087,0.5027932960893855,0.004273504273504273,0.013235003824610753,-0.18621973929236665,3,6.323681807997069
random_selector,calibration,0.95,7,0.6,0.8696461824953445,0.9310986964618259,5.612538736170614,0.6033519553072626,0.00733397807865893,0.025831170436287233,-0.3724394785847296,3,7.570332653837153
random_selector,calibration,0.95,7,0.7,0.8677839851024208,0.7448789571694628,7.068098786529209,0.7039106145251397,0.009234076844139736,0.025130611294133305,-0.5586592178770925,3,8.995810752878024
random_selector,calibration,0.95,7,0.8,0.8640595903165735,0.3724394785847333,8.803554843108278,0.8044692737430168,0.013272849462365592,0.02439344262295082,-0.9310986964618221,3,10.699475436019128
random_selector,calibration,0.95,7,0.9,0.8621973929236499,0.18621973929236665,9.965356410576321,0.9050279329608939,0.014056780987535723,0.026281267573583778,-1.1173184357541888,3,11.839136539144608
random_selector,calibration,0.95,7,1.0,0.8621973929236499,0.18621973929236665,11.309386534998357,1.0,0.012779683161848767,0.02380952380952381,-1.1173184357541888,3,13.154484459212393
random_selector,calibration,0.95,8,0.1,0.8733705772811918,1.3035381750465553,-0.2260843922375133,0.1005586592178771,0.0,0.020833333333333332,0.0,3,1.8544429692426978
random_selector,calibration,0.95,8,0.2,0.8733705772811918,1.3035381750465553,0.7938158231349653,0.2011173184357542,0.0,0.020556609740670462,0.0,3,2.8533216596762148
random_selector,calibration,0.95,8,0.3,0.8733705772811918,1.3035381750465553,1.932051180263868,0.3016759776536313,0.0,0.01421012849584278,0.0,3,3.9686119347954927
random_selector,calibration,0.95,8,0.4,0.8715083798882681,1.1173184357541888,3.0172310585009208,0.4022346368715084,0.005376344086021505,0.010846560846560846,-0.18621973929236665,3,5.030227810659264
random_selector,calibration,0.95,8,0.5,0.8715083798882681,1.1173184357541888,4.2073876918850415,0.5027932960893855,0.004273504273504273,0.013235003824610753,-0.18621973929236665,3,6.195881889832355
random_selector,calibration,0.95,8,0.6,0.8696461824953445,0.9310986964618259,5.481349297865568,0.6033519553072626,0.00733397807865893,0.025831170436287233,-0.3724394785847296,3,7.442532735672432
random_selector,calibration,0.95,8,0.7,0.8677839851024208,0.7448789571694628,6.91044462003582,0.7039106145251397,0.009234076844139736,0.025130611294133305,-0.5586592178770925,3,8.842372063030227
random_selector,calibration,0.95,8,0.8,0.8640595903165735,0.3724394785847333,8.644136361402337,0.8044692737430168,0.013272849462365592,0.02439344262295082,-0.9310986964618221,3,10.544327494725799
random_selector,calibration,0.95,8,0.9,0.8621973929236499,0.18621973929236665,9.805937928870371,0.9050279329608939,0.014056780987535723,0.026281267573583778,-1.1173184357541888,3,11.68398859785127
random_selector,calibration,0.95,8,1.0,0.8621973929236499,0.18621973929236665,10.96950381155098,1.0,0.012779683161848767,0.02380952380952381,-1.1173184357541888,3,12.824335296947138
random_selector,calibration,0.98,4,0.1,0.8733705772811918,1.3035381750465553,-0.38928354939892956,0.1005586592178771,0.0,0.020833333333333332,0.0,3,1.6943191174742227
random_selector,calibration,0.98,4,0.2,0.8733705772811918,1.3035381750465553,0.5148019745207696,0.2011173184357542,0.0,0.020556609740670462,0.0,3,2.5796725019197497
random_selector,calibration,0.98,4,0.3,0.8733705772811918,1.3035381750465553,1.3483148899382402,0.3016759776536313,0.0,0.01421012849584278,0.0,3,3.3960875751515998
random_selector,calibration,0.98,4,0.4,0.8715083798882681,1.1173184357541888,2.28504024529023,0.4022346368715084,0.005376344086021505,0.010846560846560846,-0.18621973929236665,3,4.31253003610742
random_selector,calibration,0.98,4,0.5,0.8715083798882681,1.1173184357541888,3.3384624497012663,0.5027932960893855,0.004273504273504273,0.013235003824610753,-0.18621973929236665,3,5.344998623663973
random_selector,calibration,0.98,4,0.6,0.8696461824953445,0.9310986964618259,4.527862947994295,0.6033519553072626,0.00733397807865893,0.025831170436287233,-0.3724394785847296,3,6.508741935714202
random_selector,calibration,0.98,4,0.7,0.8677839851024208,0.7448789571694628,5.827785192102427,0.7039106145251397,0.009234076844139736,0.025130611294133305,-0.5586592178770925,3,7.7816871077542755
random_selector,calibration,0.98,4,0.8,0.8640595903165735,0.3724394785847333,7.414534680766075,0.8044692737430168,0.013272849462365592,0.02439344262295082,-0.9310986964618221,3,9.3394564745125
random_selector,calibration,0.98,4,0.9,0.8621973929236499,0.18621973929236665,8.453590318446299,0.9050279329608939,0.014056780987535723,0.026281267573583778,-1.1173184357541888,3,10.358464380961626
random_selector,calibration,0.98,4,1.0,0.8621973929236499,0.18621973929236665,9.360070270154479,1.0,0.012779683161848767,0.02380952380952381,-1.1173184357541888,3,11.246539922240276
random_selector,calibration,0.98,5,0.1,0.8733705772811918,1.3035381750465553,-0.38928354939892956,0.1005586592178771,0.0,0.020833333333333332,0.0,3,1.6943191174742227
random_selector,calibration,0.98,5,0.2,0.8733705772811918,1.3035381750465553,0.5148019745207696,0.2011173184357542,0.0,0.020556609740670462,0.0,3,2.5796725019197497
random_selector,calibration,0.98,5,0.3,0.8733705772811918,1.3035381750465553,1.3483148899382402,0.3016759776536313,0.0,0.01421012849584278,0.0,3,3.3960875751515998
random_selector,calibration,0.98,5,0.4,0.8715083798882681,1.1173184357541888,2.28504024529023,0.4022346368715084,0.005376344086021505,0.010846560846560846,-0.18621973929236665,3,4.31253003610742
random_selector,calibration,0.98,5,0.5,0.8715083798882681,1.1173184357541888,3.3384624497012663,0.5027932960893855,0.004273504273504273,0.013235003824610753,-0.18621973929236665,3,5.344998623663973
random_selector,calibration,0.98,5,0.6,0.8696461824953445,0.9310986964618259,4.527862947994295,0.6033519553072626,0.00733397807865893,0.025831170436287233,-0.3724394785847296,3,6.508741935714202
random_selector,calibration,0.98,5,0.7,0.8677839851024208,0.7448789571694628,5.827785192102427,0.7039106145251397,0.009234076844139736,0.025130611294133305,-0.5586592178770925,3,7.7816871077542755
random_selector,calibration,0.98,5,0.8,0.8640595903165735,0.3724394785847333,7.414534680766075,0.8044692737430168,0.013272849462365592,0.02439344262295082,-0.9310986964618221,3,9.3394564745125
random_selector,calibration,0.98,5,0.9,0.8621973929236499,0.18621973929236665,8.453590318446299,0.9050279329608939,0.014056780987535723,0.026281267573583778,-1.1173184357541888,3,10.358464380961626
random_selector,calibration,0.98,5,1.0,0.8621973929236499,0.18621973929236665,9.360070270154479,1.0,0.012779683161848767,0.02380952380952381,-1.1173184357541888,3,11.246539922240276
random_selector,calibration,0.98,6,0.1,0.8733705772811918,1.3035381750465553,-0.38928354939892956,0.1005586592178771,0.0,0.020833333333333332,0.0,3,1.6943191174742227
random_selector,calibration,0.98,6,0.2,0.8733705772811918,1.3035381750465553,0.5148019745207696,0.2011173184357542,0.0,0.020556609740670462,0.0,3,2.5796725019197497
random_selector,calibration,0.98,6,0.3,0.8733705772811918,1.3035381750465553,1.3483148899382402,0.3016759776536313,0.0,0.01421012849584278,0.0,3,3.3960875751515998
random_selector,calibration,0.98,6,0.4,0.8715083798882681,1.1173184357541888,2.28504024529023,0.4022346368715084,0.005376344086021505,0.010846560846560846,-0.18621973929236665,3,4.31253003610742
random_selector,calibration,0.98,6,0.5,0.8715083798882681,1.1173184357541888,3.3384624497012663,0.5027932960893855,0.004273504273504273,0.013235003824610753,-0.18621973929236665,3,5.344998623663973
random_selector,calibration,0.98,6,0.6,0.8696461824953445,0.9310986964618259,4.527862947994295,0.6033519553072626,0.00733397807865893,0.025831170436287233,-0.3724394785847296,3,6.508741935714202
random_selector,calibration,0.98,6,0.7,0.8677839851024208,0.7448789571694628,5.827785192102427,0.7039106145251397,0.009234076844139736,0.025130611294133305,-0.5586592178770925,3,7.7816871077542755
random_selector,calibration,0.98,6,0.8,0.8640595903165735,0.3724394785847333,7.414534680766075,0.8044692737430168,0.013272849462365592,0.02439344262295082,-0.9310986964618221,3,9.3394564745125
random_selector,calibration,0.98,6,0.9,0.8621973929236499,0.18621973929236665,8.453590318446299,0.9050279329608939,0.014056780987535723,0.026281267573583778,-1.1173184357541888,3,10.358464380961626
random_selector,calibration,0.98,6,1.0,0.8621973929236499,0.18621973929236665,9.360070270154479,1.0,0.012779683161848767,0.02380952380952381,-1.1173184357541888,3,11.246539922240276
random_selector,calibration,0.98,7,0.1,0.8733705772811918,1.3035381750465553,-0.38928354939892956,0.1005586592178771,0.0,0.020833333333333332,0.0,3,1.6943191174742227
random_selector,calibration,0.98,7,0.2,0.8733705772811918,1.3035381750465553,0.5148019745207696,0.2011173184357542,0.0,0.020556609740670462,0.0,3,2.5796725019197497
random_selector,calibration,0.98,7,0.3,0.8733705772811918,1.3035381750465553,1.3483148899382402,0.3016759776536313,0.0,0.01421012849584278,0.0,3,3.3960875751515998
random_selector,calibration,0.98,7,0.4,0.8715083798882681,1.1173184357541888,2.28504024529023,0.4022346368715084,0.005376344086021505,0.010846560846560846,-0.18621973929236665,3,4.31253003610742
random_selector,calibration,0.98,7,0.5,0.8715083798882681,1.1173184357541888,3.3384624497012663,0.5027932960893855,0.004273504273504273,0.013235003824610753,-0.18621973929236665,3,5.344998623663973
random_selector,calibration,0.98,7,0.6,0.8696461824953445,0.9310986964618259,4.527862947994295,0.6033519553072626,0.00733397807865893,0.025831170436287233,-0.3724394785847296,3,6.508741935714202
random_selector,calibration,0.98,7,0.7,0.8677839851024208,0.7448789571694628,5.827785192102427,0.7039106145251397,0.009234076844139736,0.025130611294133305,-0.5586592178770925,3,7.7816871077542755
random_selector,calibration,0.98,7,0.8,0.8640595903165735,0.3724394785847333,7.414534680766075,0.8044692737430168,0.013272849462365592,0.02439344262295082,-0.9310986964618221,3,9.3394564745125
random_selector,calibration,0.98,7,0.9,0.8621973929236499,0.18621973929236665,8.453590318446299,0.9050279329608939,0.014056780987535723,0.026281267573583778,-1.1173184357541888,3,10.358464380961626
random_selector,calibration,0.98,7,1.0,0.8621973929236499,0.18621973929236665,9.360070270154479,1.0,0.012779683161848767,0.02380952380952381,-1.1173184357541888,3,11.246539922240276
random_selector,calibration,0.98,8,0.1,0.8733705772811918,1.3035381750465553,-0.38928354939892956,0.1005586592178771,0.0,0.020833333333333332,0.0,3,1.6943191174742227
random_selector,calibration,0.98,8,0.2,0.8733705772811918,1.3035381750465553,0.5148019745207696,0.2011173184357542,0.0,0.020556609740670462,0.0,3,2.5796725019197497
random_selector,calibration,0.98,8,0.3,0.8733705772811918,1.3035381750465553,1.3483148899382402,0.3016759776536313,0.0,0.01421012849584278,0.0,3,3.3960875751515998
random_selector,calibration,0.98,8,0.4,0.8715083798882681,1.1173184357541888,2.28504024529023,0.4022346368715084,0.005376344086021505,0.010846560846560846,-0.18621973929236665,3,4.31253003610742
random_selector,calibration,0.98,8,0.5,0.8715083798882681,1.1173184357541888,3.3102334063003744,0.5027932960893855,0.004273504273504273,0.013235003824610753,-0.18621973929236665,3,5.317409477029674
random_selector,calibration,0.98,8,0.6,0.8696461824953445,0.9310986964618259,4.499633904593395,0.6033519553072626,0.00733397807865893,0.025831170436287233,-0.3724394785847296,3,6.4811527890798954
random_selector,calibration,0.98,8,0.7,0.8677839851024208,0.7448789571694628,5.799556148701538,0.7039106145251397,0.009234076844139736,0.025130611294133305,-0.5586592178770925,3,7.754097961119977
random_selector,calibration,0.98,8,0.8,0.8640595903165735,0.3724394785847333,7.386305637365176,0.8044692737430168,0.013272849462365592,0.02439344262295082,-0.9310986964618221,3,9.311867327878202
random_selector,calibration,0.98,8,0.9,0.8621973929236499,0.18621973929236665,8.425361275045402,0.9050279329608939,0.014056780987535723,0.026281267573583778,-1.1173184357541888,3,10.330875234327326
random_selector,calibration,0.98,8,1.0,0.8621973929236499,0.18621973929236665,9.331841226753575,1.0,0.012779683161848767,0.02380952380952381,-1.1173184357541888,3,11.21895077560597
random_selector,test,0.75,4,0.1,0.876898481215028,0.639488409272578,-2.92585584409936,0.12869704236610713,0.02192513368983957,0.022762345679012346,-0.23980815347721673,3,3.6772937864983852
random_selector,test,0.75,4,0.2,0.8745003996802558,0.3996802557953612,-0.8650876506155147,0.19104716227018387,0.027732683982683984,0.036393713813068655,-0.47961630695443347,3,5.604775153404243
random_selector,test,0.75,4,0.3,0.8697042366107114,-0.07993605115907594,2.108889033885767,0.28137490007993604,0.036978521127309524,0.043157469770373,-0.9592326139088706,3,8.383629986504825
random_selector,test,0.75,4,0.4,0.86810551558753,-0.23980815347722043,5.073295924137625,0.38689048760991207,0.03245412785439458,0.042453264643847265,-1.1191047162270151,3,11.15830894939469
random_selector,test,0.75,4,0.5,0.8673061550759392,-0.31974420463629266,8.465244247248675,0.49160671462829736,0.027520787534297354,0.040774848404387366,-1.1990407673860874,3,14.331186182895102
random_selector,test,0.75,4,0.6,0.8633093525179856,-0.7194244604316613,11.856485710557221,0.6051159072741806,0.030179360707153817,0.041391264092627736,-1.598721023181456,3,17.502583001015427
random_selector,test,0.75,4,0.7,0.8593125499600319,-1.1191047162270225,15.532482926617071,0.7146282973621103,0.031605727250490184,0.0435499142846891,-1.9984012789768173,3,20.948638060502606
random_selector,test,0.75,4,0.8,0.8569144684252598,-1.3589128697042392,18.995552220627253,0.8089528377298162,0.031224802233205597,0.041871000799742306,-2.238209432454034,3,24.19204171317437
random_selector,test,0.75,4,0.9,0.8537170263788969,-1.6786570743405282,22.187948584105435,0.9096722621902478,0.03185994832457607,0.041374285464119975,-2.557953637090323,3,27.18244382920755
random_selector,test,0.75,4,1.0,0.8521183053557154,-1.8385291766586764,25.147298708077773,1.0,0.03090599508988675,0.0440771349862259,-2.7178257394084713,3,29.952929450112453
random_selector,test,0.75,5,0.1,0.876898481215028,0.639488409272578,-2.9943668711122826,0.12869704236610713,0.02192513368983957,0.022762345679012346,-0.23980815347721673,3,3.6135980690014335
random_selector,test,0.75,5,0.2,0.8745003996802558,0.3996802557953612,-0.946485275566585,0.19104716227018387,0.027732683982683984,0.036393713813068655,-0.47961630695443347,3,5.52903818437421
random_selector,test,0.75,5,0.3,0.8705035971223022,0.0,2.0148223063204074,0.28137490007993604,0.034223700190670406,0.04037969199259522,-0.8792965627497947,3,8.295942380879348
random_selector,test,0.75,5,0.4,0.8689048760991207,-0.1598721023181445,4.880758188698934,0.38689048760991207,0.03038373447965338,0.04034356000249705,-1.0391686650679393,3,10.977687025449042
random_selector,test,0.75,5,0.5,0.8689048760991207,-0.1598721023181445,8.23382922267171,0.49160671462829736,0.023839619295781992,0.037061862235260846,-1.0391686650679393,3,14.114229658337548
random_selector,test,0.75,5,0.6,0.864908073541167,-0.5595523581135168,11.58173474270303,0.6051159072741806,0.027109538121728064,0.03828618982358388,-1.4388489208633115,3,17.245208258750807
random_selector,test,0.75,5,0.7,0.8609112709832134,-0.959232613908878,15.026697551002647,0.7146282973621103,0.02904540487592632,0.0409653136956406,-1.8385291766586727,3,20.473157863730293
random_selector,test,0.75,5,0.8,0.8585131894484412,-1.1990407673860948,18.42462699551959,0.8089528377298162,0.029001690766396648,0.039618105715391934,-2.0783373301358896,3,23.656080626699644
random_selector,test,0.75,5,0.9,0.8553157474020784,-1.5187849720223838,21.583855322110573,0.9096722621902478,0.029845555457109128,0.039332307653820654,-2.3980815347721784,3,26.615483161326527
random_selector,test,0.75,5,1.0,0.8537170263788969,-1.678657074340532,24.496552699116965,1.0,0.029089451176051318,0.04224058769513315,-2.5579536370903266,3,29.342671759859883
random_selector,test,0.75,6,0.1,0.8776978417266187,0.7194244604316502,-3.2430184001044062,0.12869704236610713,0.015864527629233512,0.016589506172839507,-0.1598721023181445,3,3.3826104743827745
random_selector,test,0.75,6,0.2,0.8752997601918465,0.47961630695443347,-1.3846839792944543,0.19104716227018387,0.023403679653679652,0.032120209539564376,-0.3996802557953612,3,5.120895896023988
random_selector,test,0.75,6,0.3,0.8713029576338929,0.07993605115907225,1.505339510200528,0.28137490007993604,0.03146887925403129,0.03760191421481744,-0.7993605115907224,3,7.820811085268516
random_selector,test,0.75,6,0.4,0.8697042366107115,-0.07993605115907225,4.22468354430379,0.38689048760991207,0.02831334110491218,0.038233855361146846,-0.9592326139088669,3,10.364737566208996
random_selector,test,0.75,6,0.5,0.8689048760991207,-0.1598721023181482,7.325188133455122,0.49160671462829736,0.023968472502244473,0.03529819380492575,-1.0391686650679428,3,13.265787042804767
random_selector,test,0.75,6,0.6,0.864908073541167,-0.5595523581135131,10.443255470007388,0.6051159072741806,0.02710304064924486,0.03679142151267207,-1.4388489208633077,3,16.18213617933312
random_selector,test,0.75,6,0.7,0.8609112709832134,-0.959232613908878,13.713460785593101,0.7146282973621103,0.029040711494532762,0.03969304906459734,-1.8385291766586727,3,19.246552541781696
random_selector,test,0.75,6,0.8,0.8585131894484412,-1.1990407673860948,16.942994475618764,0.8089528377298162,0.029038492273786392,0.03851068600332106,-2.0783373301358896,3,22.272312600777497
random_selector,test,0.75,6,0.9,0.8553157474020783,-1.5187849720223874,19.985536560963936,0.9096722621902478,0.029830922738349985,0.03831913642788347,-2.398081534772182,3,25.122605447282677
random_selector,test,0.75,6,1.0,0.8529176658673061,-1.7585931254996041,22.818521901779107,1.0,0.030000197988437477,0.04132231404958678,-2.6378896882493987,3,27.77537973342597
random_selector,test,0.75,7,0.1,0.8792965627498002,0.8792965627497947,-3.7154182435077696,0.12869704236610713,0.0,0.016589506172839507,0.0,3,2.9407402798111195
random_selector,test,0.75,7,0.2,0.8776978417266187,0.7194244604316502,-2.1261799121318945,0.19104716227018387,0.009537337662337662,0.027846705266060104,-0.1598721023181445,3,4.42837750333844
random_selector,test,0.75,7,0.3,0.8752997601918465,0.47961630695443347,0.3359759015181152,0.28137490007993604,0.01535746413042292,0.03123990704635866,-0.3996802557953612,3,6.727407287155433
random_selector,test,0.75,7,0.4,0.873701039168665,0.319744204636289,2.733644351646436,0.38689048760991207,0.016435648334354052,0.03361788505563623,-0.5595523581135057,3,8.969573781384373
random_selector,test,0.75,7,0.5,0.8729016786570744,0.23980815347721673,5.5166601418069465,0.49160671462829736,0.014766439956067301,0.03158520763579923,-0.639488409272578,3,11.573448728776722
random_selector,test,0.75,7,0.6,0.8681055155875299,-0.23980815347722415,8.279013876201661,0.6051159072741806,0.021216330579462005,0.03368634724362822,-1.119104716227019,3,14.156856384762577
random_selector,test,0.75,7,0.7,0.8641087130295764,-0.6394884092725853,11.128311366305617,0.7146282973621103,0.02403756692899908,0.03710844847554883,-1.51878497202238,3,16.82679228345196
random_selector,test,0.75,7,0.8,0.8617106314948042,-0.8792965627498021,13.859073904911039,0.8089528377298162,0.024607590784061373,0.03625779091897069,-1.7585931254995968,3,19.38306215983248
random_selector,test,0.75,7,0.9,0.8585131894484412,-1.1990407673860948,16.36918743747008,0.9096722621902478,0.025880088673380715,0.03627715861758415,-2.0783373301358896,3,21.734117660981404
random_selector,test,0.75,7,1.0,0.8577138289368506,-1.278976818545167,18.58840097437904,1.0,0.024545616535994297,0.03764921946740129,-2.1582733812949617,3,23.81312039730778
random_selector,test,0.75,8,0.1,0.8784972022382094,0.7993605115907224,-4.499869502805698,0.12869704236610713,0.006060606060606061,0.016589506172839507,-0.07993605115907225,3,2.207388050920408
random_selector,test,0.75,8,0.2,0.876898481215028,0.639488409272578,-3.311855670103103,0.19104716227018387,0.013866341991341992,0.027846705266060104,-0.23980815347721673,3,3.3194692807051194
random_selector,test,0.75,8,0.3,0.8745003996802558,0.3996802557953612,-1.3875114185045057,0.28137490007993604,0.01811228506706204,0.03123990704635866,-0.47961630695443347,3,5.116320297482283
random_selector,test,0.75,8,0.4,0.8729016786570744,0.23980815347721673,0.32281743442516,0.38689048760991207,0.018506041709095252,0.03361788505563623,-0.639488409272578,3,6.715226462424236
random_selector,test,0.75,8,0.5,0.8713029576338929,0.07993605115907225,2.1838705467832433,0.49160671462829736,0.018404065092354347,0.033523192131923264,-0.7993605115907224,3,8.458432544362555
random_selector,test,0.75,8,0.6,0.8689048760991207,-0.1598721023181482,4.122134499108266,0.6051159072741806,0.019494966697189243,0.03358433691143886,-1.0391686650679428,3,10.271031478066465
random_selector,test,0.75,8,0.7,0.8673061550759392,-0.31974420463629266,6.271640784723128,0.7146282973621103,0.018926308942658475,0.03326125827166272,-1.1990407673860874,3,12.285549068999572
random_selector,test,0.75,8,0.8,0.8657074340527577,-0.47961630695444085,8.331593370742521,0.8089528377298162,0.018998440216927613,0.03282921052386014,-1.3589128697042356,3,14.211800327014737
random_selector,test,0.75,8,0.9,0.8633093525179856,-0.7194244604316576,10.125984166340421,0.9096722621902478,0.01989051862472133,0.03225105382315784,-1.5987210231814524,3,15.891790378957781
random_selector,test,0.75,8,1.0,0.8617106314948041,-0.8792965627498058,11.738168254382527,1.0,0.02000178189593728,0.03489439853076217,-1.7585931254996006,3,17.402092413366397
random_selector,test,0.8,4,0.1,0.876898481215028,0.639488409272578,-3.4080973509069543,0.12869704236610713,0.02192513368983957,0.022762345679012346,-0.23980815347721673,3,3.226522860898192
random_selector,test,0.8,4,0.2,0.8745003996802558,0.3996802557953612,-1.6495389099134394,0.19104716227018387,0.027732683982683984,0.036393713813068655,-0.47961630695443347,3,4.8714876053590634
random_selector,test,0.8,4,0.3,0.8705035971223022,0.0,0.9239201357170823,0.28137490007993604,0.034223700190670406,0.04037969199259522,-0.8792965627497947,3,7.276245031355341
random_selector,test,0.8,4,0.4,0.8697042366107115,-0.07993605115907225,3.46948540606377,0.38689048760991207,0.02775906256364288,0.0376553879594863,-0.9592326139088669,3,9.658500715415556
random_selector,test,0.8,4,0.5,0.86810551558753,-0.23980815347722043,6.380225325155501,0.49160671462829736,0.025722858467156755,0.037061862235260846,-1.1191047162270151,3,12.380531481573664
random_selector,test,0.8,4,0.6,0.8633093525179856,-0.7194244604316613,9.32663447735873,0.6051159072741806,0.030172863234670614,0.03828618982358388,-1.598721023181456,3,15.136308987857744
random_selector,test,0.8,4,0.7,0.8609112709832134,-0.959232613908878,12.530721214493886,0.7146282973621103,0.02909946158632978,0.03969788657270017,-1.8385291766586727,3,18.140483493148913
random_selector,test,0.8,4,0.8,0.8593125499600319,-1.1191047162270225,15.54868632824394,0.8089528377298162,0.027956828376996444,0.03847655320397641,-1.9984012789768173,3,20.967887974678362
random_selector,test,0.8,4,0.9,0.8561151079136691,-1.4388489208633115,18.314084997172557,0.9096722621902478,0.028874873697710406,0.038340244161757166,-2.3181454836131064,3,23.5589191629088
random_selector,test,0.8,4,1.0,0.8545163868904876,-1.598721023181456,20.897276958545383,1.0,0.028183654074602042,0.04040404040404041,-2.4780175859312505,3,25.977150756145388
random_selector,test,0.8,5,0.1,0.876898481215028,0.639488409272578,-3.449367088607591,0.12869704236610713,0.02192513368983957,0.022762345679012346,-0.23980815347721673,3,3.1883651957805292
random_selector,test,0.8,5,0.2,0.8745003996802558,0.3996802557953612,-1.6908086476140838,0.19104716227018387,0.027732683982683984,0.036393713813068655,-0.47961630695443347,3,4.833329940241393
random_selector,test,0.8,5,0.3,0.8705035971223022,0.0,0.8785179868632772,0.28137490007993604,0.034223700190670406,0.04037969199259522,-0.8792965627497947,3,7.234174888367624
random_selector,test,0.8,5,0.4,0.8697042366107115,-0.07993605115907225,3.3631845665318107,0.38689048760991207,0.02775906256364288,0.0376553879594863,-0.9592326139088669,3,9.558827243489713
random_selector,test,0.8,5,0.5,0.86810551558753,-0.23980815347722043,6.258047326982466,0.49160671462829736,0.025722858467156755,0.037061862235260846,-1.1191047162270151,3,12.266078862109708
random_selector,test,0.8,5,0.6,0.8633093525179856,-0.7194244604316613,9.191896124233327,0.6051159072741806,0.030172863234670614,0.03828618982358388,-1.598721023181456,3,15.010142942764148
random_selector,test,0.8,5,0.7,0.8609112709832134,-0.959232613908878,12.187513593457732,0.7146282973621103,0.02909946158632978,0.03969788657270017,-1.8385291766586727,3,17.81737748903602
random_selector,test,0.8,5,0.8,0.8593125499600319,-1.1191047162270225,15.187752838313969,0.8089528377298162,0.027956828376996444,0.03847655320397641,-1.9984012789768173,3,20.628396965157417
random_selector,test,0.8,5,0.9,0.8561151079136691,-1.4388489208633115,17.939558049501933,0.9096722621902478,0.028874873697710406,0.038340244161757166,-2.3181454836131064,3,23.206734947176667
random_selector,test,0.8,5,1.0,0.8545163868904876,-1.598721023181456,20.49289877767628,1.0,0.028183654074602042,0.04040404040404041,-2.4780175859312505,3,25.597373387134038
random_selector,test,0.8,6,0.1,0.8776978417266187,0.7194244604316502,-3.6286919831223674,0.12869704236610713,0.015864527629233512,0.016589506172839507,-0.1598721023181445,3,3.0220636201303663
random_selector,test,0.8,6,0.2,0.8752997601918465,0.47961630695443347,-2.0084605680977954,0.19104716227018387,0.023403679653679652,0.032120209539564376,-0.3996802557953612,3,4.537585746000354
random_selector,test,0.8,6,0.3,0.8713029576338929,0.07993605115907225,0.5255230762538495,0.28137490007993604,0.03146887925403129,0.03760191421481744,-0.7993605115907224,3,6.905182075701333
random_selector,test,0.8,6,0.4,0.8705035971223022,0.0,2.957882030536337,0.38689048760991207,0.02568866918890168,0.03554568331813609,-0.8792965627497947,3,9.180511052495
random_selector,test,0.8,6,0.5,0.8689048760991207,-0.1598721023181482,5.71898516681891,0.49160671462829736,0.023968472502244473,0.03529819380492575,-1.0391686650679428,3,11.763546150569516
random_selector,test,0.8,6,0.6,0.8641087130295764,-0.6394884092725853,8.526034190264905,0.6051159072741806,0.0286979369809833,0.03679142151267207,-1.51878497202238,3,14.388874614575139
random_selector,test,0.8,6,0.7,0.8617106314948042,-0.8792965627498021,11.438459698116484,0.7146282973621103,0.02784632875424958,0.03842562194165691,-1.7585931254995968,3,17.118079691492852
random_selector,test,0.8,6,0.8,0.8601119104716227,-1.0391686650679466,14.344251598590626,0.8089528377298162,0.02686750375826006,0.037369133491905536,-1.9184652278177412,3,19.84104003069385
random_selector,test,0.8,6,0.9,0.8569144684252598,-1.3589128697042392,17.03195006307364,0.9096722621902478,0.027879848822088514,0.03732707293581998,-2.238209432454034,3,22.359388093045855
random_selector,test,0.8,6,1.0,0.8553157474020784,-1.5187849720223838,19.545271651659483,1.0,0.02727785697315277,0.03948576675849403,-2.3980815347721784,3,24.712611560727495
random_selector,test,0.8,7,0.1,0.8792965627498002,0.8792965627497947,-3.9361216233851026,0.12869704236610713,0.0,0.016589506172839507,0.0,3,2.7342510991393545
random_selector,test,0.8,7,0.2,0.8776978417266187,0.7194244604316502,-2.4625364304667516,0.19104716227018387,0.009537337662337662,0.027846705266060104,-0.1598721023181445,3,4.11352961775809
random_selector,test,0.8,7,0.3,0.8752997601918465,0.47961630695443347,-0.23527556657531776,0.28137490007993604,0.01535746413042292,0.03123990704635866,-0.3996802557953612,3,6.193503215232221
random_selector,test,0.8,7,0.4,0.8745003996802558,0.3996802557953612,1.984264213319405,0.38689048760991207,0.013810976418343553,0.030929713012625478,-0.47961630695443347,3,8.268986834411011
random_selector,test,0.8,7,0.5,0.8729016786570744,0.23980815347721673,4.547229109574135,0.49160671462829736,0.014766439956067301,0.03158520763579923,-0.639488409272578,3,10.666664215630243
random_selector,test,0.8,7,0.6,0.8681055155875299,-0.23980815347722415,7.101385445212923,0.6051159072741806,0.021216330579462005,0.03368634724362822,-1.119104716227019,3,13.055429821723497
random_selector,test,0.8,7,0.7,0.8657074340527577,-0.47961630695444085,9.763473835312535,0.7146282973621103,0.021535994646232237,0.0358410213526084,-1.3589128697042356,3,15.550063032675904
random_selector,test,0.8,7,0.8,0.8641087130295764,-0.6394884092725853,12.298109965635732,0.8089528377298162,0.02130281542046248,0.035116238407555164,-1.51878497202238,3,17.923012265102198
random_selector,test,0.8,7,0.9,0.8609112709832134,-0.9592326139088744,14.593773108878153,0.9096722621902478,0.022909646765274187,0.03528509512552066,-1.838529176658669,3,20.073686912281985
random_selector,test,0.8,7,1.0,0.8601119104716227,-1.0391686650679504,16.63654356431337,1.0,0.02182327552070959,0.03673094582185491,-1.918465227817745,3,21.987166117150096
random_selector,test,0.8,8,0.1,0.8784972022382094,0.7993605115907224,-4.543640436730619,0.12869704236610713,0.006060606060606061,0.016589506172839507,-0.07993605115907225,3,2.1667805556512896
random_selector,test,0.8,8,0.2,0.876898481215028,0.639488409272578,-3.401083126712782,0.19104716227018387,0.013866341991341992,0.027846705266060104,-0.23980815347721673,3,3.236044294019136
random_selector,test,0.8,8,0.3,0.8745003996802558,0.3996802557953612,-1.567108182174078,0.28137490007993604,0.01811228506706204,0.03123990704635866,-0.47961630695443347,3,4.948496860489397
random_selector,test,0.8,8,0.4,0.8729016786570744,0.23980815347721673,0.11418504502153093,0.38689048760991207,0.018506041709095252,0.03361788505563623,-0.639488409272578,3,6.520222265875834
random_selector,test,0.8,8,0.5,0.8713029576338929,0.07993605115907225,1.9058571490712921,0.49160671462829736,0.018404065092354347,0.033523192131923264,-0.7993605115907224,3,8.19814282686084
random_selector,test,0.8,8,0.6,0.8689048760991207,-0.1598721023181482,3.8237309147853282,0.6051159072741806,0.019494966697189243,0.03358433691143886,-1.0391686650679428,3,9.99171670249263
random_selector,test,0.8,8,0.7,0.8673061550759392,-0.31974420463629266,5.932619948671095,0.7146282973621103,0.018926308942658475,0.03326125827166272,-1.1990407673860874,3,11.968220915087395
random_selector,test,0.8,8,0.8,0.8657074340527577,-0.47961630695444085,7.957229544564789,0.8089528377298162,0.018998440216927613,0.03282921052386014,-1.3589128697042356,3,13.86161213279857
random_selector,test,0.8,8,0.9,0.8633093525179856,-0.7194244604316576,9.684903649571531,0.9096722621902478,0.01989051862472133,0.03225105382315784,-1.5987210231814524,3,15.479481716033401
random_selector,test,0.8,8,1.0,0.8617106314948041,-0.8792965627498058,11.258536691461126,1.0,0.02000178189593728,0.03489439853076217,-1.7585931254996006,3,16.953980624469068
random_selector,test,0.85,4,0.1,0.8784972022382094,0.7993605115907224,-4.181619470181401,0.12869704236610713,0.006060606060606061,0.016589506172839507,-0.07993605115907225,3,2.5047695092460818
random_selector,test,0.85,4,0.2,0.876898481215028,0.639488409272578,-2.7707816781939267,0.19104716227018387,0.013866341991341992,0.027846705266060104,-0.23980815347721673,3,3.8248760000177815
random_selector,test,0.85,4,0.3,0.873701039168665,0.319744204636289,-0.6146961590325906,0.28137490007993604,0.021696514457743045,0.03482413643703967,-0.5595523581135057,3,5.839802626718404
random_selector,test,0.85,4,0.4,0.8721023181454837,0.1598721023181445,1.4174713993649113,0.38689048760991207,0.020993603898149978,0.03612415071979663,-0.7194244604316502,3,7.740939301757377
random_selector,test,0.85,4,0.5,0.8713029576338929,0.07993605115907225,3.848307886380438,0.49160671462829736,0.018447608194582663,0.03547250987071469,-0.7993605115907224,3,10.014100392186856
random_selector,test,0.85,4,0.6,0.8673061550759392,-0.3197442046362964,6.180292748705895,0.6051159072741806,0.022811226911200442,0.036804948827702945,-1.199040767386091,3,12.195276764436873
random_selector,test,0.85,4,0.7,0.8641087130295764,-0.6394884092725853,8.853582147983811,0.7146282973621103,0.024096317020796097,0.03842078443355408,-1.51878497202238,3,14.702185982474276
random_selector,test,0.85,4,0.8,0.8625099920063949,-0.7993605115907298,11.473748314411237,0.8089528377298162,0.023525926887271426,0.03740326629125019,-1.6786570743405245,3,17.157698287004145
random_selector,test,0.85,4,0.9,0.8593125499600319,-1.1191047162270225,13.837868110835613,0.9096722621902478,0.024924039632741132,0.03730596520194629,-1.9984012789768173,3,19.37256441630272
random_selector,test,0.85,4,1.0,0.8585131894484412,-1.1990407673860948,16.00113097568402,1.0,0.023644769145481904,0.03948576675849403,-2.0783373301358896,3,21.397889158171218
random_selector,test,0.85,5,0.1,0.8784972022382094,0.7993605115907224,-4.183359432772201,0.12869704236610713,0.006060606060606061,0.016589506172839507,-0.07993605115907225,3,2.5031611651569454
random_selector,test,0.85,5,0.2,0.876898481215028,0.639488409272578,-2.7725216407847273,0.19104716227018387,0.013866341991341992,0.027846705266060104,-0.23980815347721673,3,3.823267655928645
random_selector,test,0.85,5,0.3,0.873701039168665,0.319744204636289,-0.6164361216233908,0.28137490007993604,0.021696514457743045,0.03482413643703967,-0.5595523581135057,3,5.838194282629272
random_selector,test,0.85,5,0.4,0.8721023181454837,0.1598721023181445,1.4024098481882612,0.38689048760991207,0.020993603898149978,0.03612415071979663,-0.7194244604316502,3,7.726736628914262
random_selector,test,0.85,5,0.5,0.8713029576338929,0.07993605115907225,3.828733307233882,0.49160671462829736,0.018447608194582663,0.03547250987071469,-0.7993605115907224,3,9.995726076862544
random_selector,test,0.85,5,0.6,0.8673061550759392,-0.3197442046362964,6.160718169559353,0.6051159072741806,0.022811226911200442,0.036804948827702945,-1.199040767386091,3,12.176902449112566
random_selector,test,0.85,5,0.7,0.8641087130295764,-0.6394884092725853,8.663219365783629,0.7146282973621103,0.024096317020796097,0.03842078443355408,-1.51878497202238,3,14.522145994096773
random_selector,test,0.85,5,0.8,0.8625099920063949,-0.7993605115907298,11.274413850102217,0.8089528377298162,0.023525926887271426,0.03740326629125019,-1.6786570743405245,3,16.969365274417044
random_selector,test,0.85,5,0.9,0.8593125499600319,-1.1191047162270225,13.6385336465266,0.9096722621902478,0.024924039632741132,0.03730596520194629,-1.9984012789768173,3,19.18423140371562
random_selector,test,0.85,5,1.0,0.8585131894484412,-1.1990407673860948,15.801796511374999,1.0,0.023644769145481904,0.03948576675849403,-2.0783373301358896,3,21.209556145584123
random_selector,test,0.85,6,0.1,0.8784972022382094,0.7993605115907224,-4.192657357866818,0.12869704236610713,0.006060606060606061,0.016589506172839507,-0.07993605115907225,3,2.4944653812379647
random_selector,test,0.85,6,0.2,0.876898481215028,0.639488409272578,-2.792476836748007,0.19104716227018387,0.013866341991341992,0.027846705266060104,-0.23980815347721673,3,3.8046375771990952
random_selector,test,0.85,6,0.3,0.873701039168665,0.319744204636289,-0.6392187567967333,0.28137490007993604,0.021696514457743045,0.03482413643703967,-0.5595523581135057,3,5.816887245357064
random_selector,test,0.85,6,0.4,0.8721023181454837,0.1598721023181445,1.3605963721779986,0.38689048760991207,0.020993603898149978,0.03612415071979663,-0.7194244604316502,3,7.687465287658091
random_selector,test,0.85,6,0.5,0.8713029576338929,0.07993605115907225,3.7669646352603428,0.49160671462829736,0.018447608194582663,0.03547250987071469,-0.7993605115907224,3,9.937950404525974
random_selector,test,0.85,6,0.6,0.8673061550759392,-0.3197442046362964,6.08807473139327,0.6051159072741806,0.022811226911200442,0.036804948827702945,-1.199040767386091,3,12.108976094754652
random_selector,test,0.85,6,0.7,0.8641087130295764,-0.6394884092725853,8.574318152159725,0.7146282973621103,0.024096317020796097,0.03842078443355408,-1.51878497202238,3,14.438940515503107
random_selector,test,0.85,6,0.8,0.8625099920063949,-0.7993605115907298,11.155443907955975,0.8089528377298162,0.023525926887271426,0.03740326629125019,-1.6786570743405245,3,16.858213807817833
random_selector,test,0.85,6,0.9,0.8593125499600319,-1.1191047162270225,13.478728957327405,0.9096722621902478,0.024924039632741132,0.03730596520194629,-1.9984012789768173,3,19.034880178990566
random_selector,test,0.85,6,1.0,0.8585131894484412,-1.1990407673860948,15.625353429901253,1.0,0.023644769145481904,0.03948576675849403,-2.0783373301358896,3,21.044626736071947
random_selector,test,0.85,7,0.1,0.8784972022382094,0.7993605115907224,-4.309180477619745,0.12869704236610713,0.006060606060606061,0.016589506172839507,-0.07993605115907225,3,2.3857362797473747
random_selector,test,0.85,7,0.2,0.876898481215028,0.639488409272578,-2.9822958806385635,0.19104716227018387,0.013866341991341992,0.027846705266060104,-0.23980815347721673,3,3.627953797305298
random_selector,test,0.85,7,0.3,0.8745003996802558,0.3996802557953612,-1.0101026577928662,0.28137490007993604,0.01811228506706204,0.03123990704635866,-0.47961630695443347,3,5.469826792914519
random_selector,test,0.85,7,0.4,0.8729016786570744,0.23980815347721673,0.8634020618556634,0.38689048760991207,0.018506041709095252,0.03361788505563623,-0.639488409272578,3,7.221495537209007
random_selector,test,0.85,7,0.5,0.8721023181454837,0.1598721023181445,3.174018008612811,0.49160671462829736,0.01652082592097958,0.033523192131923264,-0.7194244604316502,3,9.382516446668136
random_selector,test,0.85,7,0.6,0.8681055155875299,-0.23980815347722415,5.380127452259768,0.6051159072741806,0.021216330579462005,0.0351946428695709,-1.119104716227019,3,11.446210390034032
random_selector,test,0.85,7,0.7,0.864908073541167,-0.5595523581135131,7.751207099047363,0.7146282973621103,0.022789127478312438,0.03710844847554883,-1.4388489208633077,3,13.668105002689805
random_selector,test,0.85,7,0.8,0.8633093525179856,-0.7194244604316576,10.034201139675488,0.8089528377298162,0.022392140039198864,0.03625779091897069,-1.5987210231814524,3,15.805802950684596
random_selector,test,0.85,7,0.9,0.8601119104716227,-1.0391686650679504,12.085073295924138,0.9096722621902478,0.023904671640896078,0.03627715861758415,-1.918465227817745,3,17.727254222901504
random_selector,test,0.85,7,1.0,0.8593125499600319,-1.1191047162270225,13.884575231632509,1.0,0.02273402233309575,0.03856749311294766,-1.9984012789768173,3,19.412224111551396
random_selector,test,0.85,8,0.1,0.8784972022382094,0.7993605115907224,-4.708284396885465,0.12869704236610713,0.006060606060606061,0.016589506172839507,-0.07993605115907225,3,2.0130302927692654
random_selector,test,0.85,8,0.2,0.876898481215028,0.639488409272578,-3.6161860020009615,0.19104716227018387,0.013866341991341992,0.027846705266060104,-0.23980815347721673,3,3.035173391269711
random_selector,test,0.85,8,0.3,0.8745003996802558,0.3996802557953612,-1.8809539344904147,0.28137490007993604,0.01811228506706204,0.03123990704635866,-0.47961630695443347,3,4.655877554566616
random_selector,test,0.85,8,0.4,0.8729016786570744,0.23980815347721673,-0.2858976032015385,0.38689048760991207,0.018506041709095252,0.03361788505563623,-0.639488409272578,3,6.147307022742813
random_selector,test,0.85,8,0.5,0.8713029576338929,0.07993605115907225,1.3941450258819394,0.49160671462829736,0.018404065092354347,0.033523192131923264,-0.7993605115907224,3,7.720406112397653
random_selector,test,0.85,8,0.6,0.8689048760991207,-0.1598721023181482,3.195006307364382,0.6051159072741806,0.019494966697189243,0.03358433691143886,-1.0391686650679428,3,9.404606603626098
random_selector,test,0.85,8,0.7,0.8673061550759392,-0.31974420463629266,5.195963286789329,0.7146282973621103,0.018926308942658475,0.03326125827166272,-1.1990407673860874,3,11.27987022544548
random_selector,test,0.85,8,0.8,0.8657074340527577,-0.47961630695444085,7.097959893862272,0.8089528377298162,0.018998440216927613,0.03282921052386014,-1.3589128697042356,3,13.059056022926168
random_selector,test,0.85,8,0.9,0.8633093525179856,-0.7194244604316576,8.723302448997343,0.9096722621902478,0.01989051862472133,0.03225105382315784,-1.5987210231814524,3,14.581280025257437
random_selector,test,0.85,8,1.0,0.8617106314948041,-0.8792965627498058,10.222280220975247,1.0,0.02000178189593728,0.03489439853076217,-1.7585931254996006,3,15.985446600313184
random_selector,test,0.88,4,0.1,0.8792965627498002,0.8792965627497947,-4.491278437513602,0.12869704236610713,0.0,0.016589506172839507,0.0,3,2.21538887931367
random_selector,test,0.88,4,0.2,0.8776978417266187,0.7194244604316502,-3.21077471834356,0.19104716227018387,0.009537337662337662,0.027846705266060104,-0.1598721023181445,3,3.4138021739422117
random_selector,test,0.88,4,0.3,0.8745003996802558,0.3996802557953612,-1.2544042803079858,0.28137490007993604,0.018941693521103926,0.03482413643703967,-0.47961630695443347,3,5.242520321510554
random_selector,test,0.88,4,0.4,0.8729016786570744,0.23980815347721673,0.5126364783157126,0.38689048760991207,0.018923210523408777,0.03612415071979663,-0.639488409272578,3,6.895772474404312
random_selector,test,0.88,4,0.5,0.8713029576338929,0.07993605115907225,2.569272260646397,0.49160671462829736,0.018576461401045147,0.03547250987071469,-0.7993605115907224,3,8.818841349525146
random_selector,test,0.88,4,0.6,0.8681055155875299,-0.23980815347722415,4.639229631562917,0.6051159072741806,0.0212098331069788,0.036804948827702945,-1.119104716227019,3,10.754810029677357
random_selector,test,0.88,4,0.7,0.864908073541167,-0.5595523581135131,7.016344773587365,0.7146282973621103,0.02278443409691888,0.03842078443355408,-1.4388489208633077,3,12.984980711668777
random_selector,test,0.88,4,0.8,0.8641087130295764,-0.6394884092725853,9.38410761668624,0.8089528377298162,0.021295154698516044,0.03625779091897069,-1.51878497202238,3,15.204263226636856
random_selector,test,0.88,4,0.9,0.8609112709832134,-0.9592326139088744,11.317695419548478,0.9096722621902478,0.022870670930291877,0.03627715861758415,-1.838529176658669,3,17.01611227965221
random_selector,test,0.88,4,1.0,0.8593125499600319,-1.1191047162270225,13.239919091739527,1.0,0.02273402233309575,0.03856749311294766,-1.9984012789768173,3,18.8158449834256
random_selector,test,0.88,5,0.1,0.8792965627498002,0.8792965627497947,-4.491278437513602,0.12869704236610713,0.0,0.016589506172839507,0.0,3,2.21538887931367
random_selector,test,0.88,5,0.2,0.8776978417266187,0.7194244604316502,-3.21077471834356,0.19104716227018387,0.009537337662337662,0.027846705266060104,-0.1598721023181445,3,3.4138021739422117
random_selector,test,0.88,5,0.3,0.8745003996802558,0.3996802557953612,-1.2544042803079858,0.28137490007993604,0.018941693521103926,0.03482413643703967,-0.47961630695443347,3,5.242520321510554
random_selector,test,0.88,5,0.4,0.8729016786570744,0.23980815347721673,0.5126364783157126,0.38689048760991207,0.018923210523408777,0.03612415071979663,-0.639488409272578,3,6.895772474404312
random_selector,test,0.88,5,0.5,0.8713029576338929,0.07993605115907225,2.564759232676498,0.49160671462829736,0.018576461401045147,0.03547250987071469,-0.7993605115907224,3,8.81466970704395
random_selector,test,0.88,5,0.6,0.8681055155875299,-0.23980815347722415,4.634716603593018,0.6051159072741806,0.0212098331069788,0.036804948827702945,-1.119104716227019,3,10.750638387196165
random_selector,test,0.88,5,0.7,0.864908073541167,-0.5595523581135131,6.842511635999823,0.7146282973621103,0.02278443409691888,0.03842078443355408,-1.4388489208633077,3,12.820500436459604
random_selector,test,0.88,5,0.8,0.8641087130295764,-0.6394884092725853,9.210274479098697,0.8089528377298162,0.021295154698516044,0.03625779091897069,-1.51878497202238,3,15.039782951427679
random_selector,test,0.88,5,0.9,0.8609112709832134,-0.9592326139088744,11.143862281960933,0.9096722621902478,0.022870670930291877,0.03627715861758415,-1.838529176658669,3,16.851632004443037
random_selector,test,0.88,5,1.0,0.8593125499600319,-1.1191047162270225,13.066085954151983,1.0,0.02273402233309575,0.03856749311294766,-1.9984012789768173,3,18.651364708216427
random_selector,test,0.88,6,0.1,0.8792965627498002,0.8792965627497947,-4.492637783287671,0.12869704236610713,0.0,0.016589506172839507,0.0,3,2.214132360494033
random_selector,test,0.88,6,0.2,0.8776978417266187,0.7194244604316502,-3.2121340641176297,0.19104716227018387,0.009537337662337662,0.027846705266060104,-0.1598721023181445,3,3.412545655122571
random_selector,test,0.88,6,0.3,0.8745003996802558,0.3996802557953612,-1.2557636260820477,0.28137490007993604,0.018941693521103926,0.03482413643703967,-0.47961630695443347,3,5.241263802690921
random_selector,test,0.88,6,0.4,0.8729016786570744,0.23980815347721673,0.5028491887424306,0.38689048760991207,0.018923210523408777,0.03612415071979663,-0.639488409272578,3,6.886552610444171
random_selector,test,0.88,6,0.5,0.8713029576338929,0.07993605115907225,2.5521445038931647,0.49160671462829736,0.018576461401045147,0.03547250987071469,-0.7993605115907224,3,8.80283628393896
random_selector,test,0.88,6,0.6,0.8681055155875299,-0.23980815347722415,4.620361912218881,0.6051159072741806,0.0212098331069788,0.036804948827702945,-1.119104716227019,3,10.737175315901666
random_selector,test,0.88,6,0.7,0.864908073541167,-0.5595523581135131,6.822556440036531,0.7146282973621103,0.02278443409691888,0.03842078443355408,-1.4388489208633077,3,12.801791012134434
random_selector,test,0.88,6,0.8,0.8641087130295764,-0.6394884092725853,9.185099395362993,0.8089528377298162,0.021295154698516044,0.03625779091897069,-1.51878497202238,3,15.016210546906313
random_selector,test,0.88,6,0.9,0.8609112709832134,-0.9592326139088744,11.112923572143197,0.9096722621902478,0.022870670930291877,0.03627715861758415,-1.838529176658669,3,16.822731960126415
random_selector,test,0.88,6,1.0,0.8593125499600319,-1.1191047162270225,13.035147244334244,1.0,0.02273402233309575,0.03856749311294766,-1.9984012789768173,3,18.622464663899795
random_selector,test,0.88,7,0.1,0.8792965627498002,0.8792965627497947,-4.531188829440176,0.12869704236610713,0.0,0.016589506172839507,0.0,3,2.1779890006430547
random_selector,test,0.88,7,0.2,0.8776978417266187,0.7194244604316502,-3.312671277567536,0.19104716227018387,0.009537337662337662,0.027846705266060104,-0.1598721023181445,3,3.3189584424643703
random_selector,test,0.88,7,0.3,0.8752997601918465,0.47961630695443347,-1.498379659837316,0.28137490007993604,0.01535746413042292,0.03123990704635866,-0.3996802557953612,3,5.0135574914334775
random_selector,test,0.88,7,0.4,0.873701039168665,0.319744204636289,0.1877528383139667,0.38689048760991207,0.016435648334354052,0.03361788505563623,-0.5595523581135057,3,6.590460507525212
random_selector,test,0.88,7,0.5,0.8721023181454837,0.1598721023181445,2.207795032406797,0.49160671462829736,0.016649679127442064,0.033523192131923264,-0.7194244604316502,3,8.47946793761946
random_selector,test,0.88,7,0.6,0.8689048760991207,-0.1598721023181482,4.228272217147318,0.6051159072741806,0.019614936775240364,0.0351946428695709,-1.0391686650679428,3,10.369509913299565
random_selector,test,0.88,7,0.7,0.8657074340527579,-0.4796163069544372,6.337487494018875,0.7146282973621103,0.021477244554435216,0.03710844847554883,-1.3589128697042319,3,12.346830889138234
random_selector,test,0.88,7,0.8,0.864908073541167,-0.5595523581135131,8.428596285179864,0.8089528377298162,0.020161367850443482,0.03511231554669119,-1.4388489208633077,3,14.30464382018621
random_selector,test,0.88,7,0.9,0.8617106314948042,-0.8792965627498021,10.332985340815167,0.9096722621902478,0.02185130293844682,0.035248352033222005,-1.7585931254995968,3,16.08912242069137
random_selector,test,0.88,7,1.0,0.8601119104716227,-1.0391686650679504,11.99225716647091,1.0,0.02182327552070959,0.03764921946740129,-1.918465227817745,3,17.642703640715958
random_selector,test,0.88,8,0.1,0.8792965627498002,0.8792965627497947,-4.842642133194142,0.12869704236610713,0.0,0.016589506172839507,0.0,3,1.8871224284746895
random_selector,test,0.88,8,0.2,0.8776978417266187,0.7194244604316502,-3.813671756057254,0.19104716227018387,0.009537337662337662,0.027846705266060104,-0.1598721023181445,3,2.850223952235923
random_selector,test,0.88,8,0.3,0.8752997601918465,0.47961630695443347,-2.1820762103614832,0.28137490007993604,0.01535746413042292,0.03123990704635866,-0.3996802557953612,3,4.37412227656793
random_selector,test,0.88,8,0.4,0.873701039168665,0.319744204636289,-0.6530297098612414,0.38689048760991207,0.016435648334354052,0.03361788505563623,-0.5595523581135057,3,5.8037696834629555
random_selector,test,0.88,8,0.5,0.8721023181454837,0.1598721023181445,0.8970050893905716,0.49160671462829736,0.016649679127442064,0.033523192131923264,-0.7194244604316502,3,7.255077512135451
random_selector,test,0.88,8,0.6,0.8697042366107114,-0.07993605115907594,2.6261472878333025,0.6051159072741806,0.018020040443501927,0.03358433691143886,-0.9592326139088706,3,8.872612579473678
random_selector,test,0.88,8,0.7,0.86810551558753,-0.23980815347722043,4.462405933272425,0.7146282973621103,0.017673176110578274,0.03326125827166272,-1.1191047162270151,3,10.594078999886317
random_selector,test,0.88,8,0.8,0.8673061550759392,-0.31974420463629266,6.27702379398842,0.8089528377298162,0.016775328750118668,0.03168373515158065,-1.1990407673860874,3,12.291531478265375
random_selector,test,0.88,8,0.9,0.864908073541167,-0.5595523581135095,7.836193396841958,0.9096722621902478,0.017876125757254384,0.0312222472387957,-1.4388489208633042,3,13.75182882296379
random_selector,test,0.88,8,1.0,0.8633093525179856,-0.7194244604316576,9.26785636608812,1.0,0.018185237982101844,0.03397612488521579,-1.5987210231814524,3,15.092669467243283
random_selector,test,0.9,4,0.1,0.8792965627498002,0.8792965627497947,-4.758634564356871,0.12869704236610713,0.0,0.016589506172839507,0.0,3,1.9653007416893575
random_selector,test,0.9,4,0.2,0.8776978417266187,0.7194244604316502,-3.6793140197485843,0.19104716227018387,0.009537337662337662,0.027846705266060104,-0.1598721023181445,3,2.975898865255825
random_selector,test,0.9,4,0.3,0.8752997601918465,0.47961630695443347,-1.9942689982165456,0.28137490007993604,0.01535746413042292,0.03123990704635866,-0.3996802557953612,3,4.549211811566715
random_selector,test,0.9,4,0.4,0.873701039168665,0.319744204636289,-0.39317717169081723,0.38689048760991207,0.016435648334354052,0.03361788505563623,-0.5595523581135057,3,6.046886560971883
random_selector,test,0.9,4,0.5,0.8729016786570744,0.23980815347721673,1.5063726129888155,0.49160671462829736,0.014766439956067301,0.03158520763579923,-0.639488409272578,3,7.823388982752093
random_selector,test,0.9,4,0.6,0.8697042366107114,-0.07993605115907594,3.399778154769669,0.6051159072741806,0.018146507994036252,0.03368634724362822,-0.9592326139088706,3,9.594852138870595
random_selector,test,0.9,4,0.7,0.8665067945643485,-0.3996802557953649,5.569729000826481,0.7146282973621103,0.020228805103748575,0.0358410213526084,-1.2789768185451595,3,11.631041019059252
random_selector,test,0.9,4,0.8,0.864908073541167,-0.5595523581135131,7.792748705902823,0.8089528377298162,0.02016902857238992,0.035116238407555164,-1.4388489208633077,3,13.714893302665915
random_selector,test,0.9,4,0.9,0.8617106314948042,-0.8792965627498021,9.595295576145105,0.9096722621902478,0.021890278773429132,0.03528509512552066,-1.7585931254995968,3,15.403842877399935
random_selector,test,0.9,4,1.0,0.8601119104716227,-1.0391686650679504,11.3812584279438,1.0,0.02182327552070959,0.03764921946740129,-1.918465227817745,3,17.0757708194788
random_selector,test,0.9,5,0.1,0.8792965627498002,0.8792965627497947,-4.758634564356871,0.12869704236610713,0.0,0.016589506172839507,0.0,3,1.9653007416893575
random_selector,test,0.9,5,0.2,0.8776978417266187,0.7194244604316502,-3.6793140197485843,0.19104716227018387,0.009537337662337662,0.027846705266060104,-0.1598721023181445,3,2.975898865255825
random_selector,test,0.9,5,0.3,0.8752997601918465,0.47961630695443347,-1.9942689982165456,0.28137490007993604,0.01535746413042292,0.03123990704635866,-0.3996802557953612,3,4.549211811566715
random_selector,test,0.9,5,0.4,0.873701039168665,0.319744204636289,-0.39317717169081723,0.38689048760991207,0.016435648334354052,0.03361788505563623,-0.5595523581135057,3,6.046886560971883
random_selector,test,0.9,5,0.5,0.8729016786570744,0.23980815347721673,1.5018595850189238,0.49160671462829736,0.014766439956067301,0.03158520763579923,-0.639488409272578,3,7.819217340270905
random_selector,test,0.9,5,0.6,0.8697042366107114,-0.07993605115907594,3.39526512679977,0.6051159072741806,0.018146507994036252,0.03368634724362822,-0.9592326139088706,3,9.5906804963894
random_selector,test,0.9,5,0.7,0.8665067945643485,-0.3996802557953649,5.395895863238938,0.7146282973621103,0.020228805103748575,0.0358410213526084,-1.2789768185451595,3,11.466560743850081
random_selector,test,0.9,5,0.8,0.864908073541167,-0.5595523581135131,7.6189155683152805,0.8089528377298162,0.02016902857238992,0.035116238407555164,-1.4388489208633077,3,13.550413027456738
random_selector,test,0.9,5,0.9,0.8617106314948042,-0.8792965627498021,9.421462438557564,0.9096722621902478,0.021890278773429132,0.03528509512552066,-1.7585931254995968,3,15.239362602190761
random_selector,test,0.9,5,1.0,0.8601119104716227,-1.0391686650679504,11.207425290356259,1.0,0.02182327552070959,0.03764921946740129,-1.918465227817745,3,16.911290544269626
random_selector,test,0.9,6,0.1,0.8792965627498002,0.8792965627497947,-4.758634564356871,0.12869704236610713,0.0,0.016589506172839507,0.0,3,1.9653007416893575
random_selector,test,0.9,6,0.2,0.8776978417266187,0.7194244604316502,-3.6793140197485843,0.19104716227018387,0.009537337662337662,0.027846705266060104,-0.1598721023181445,3,2.975898865255825
random_selector,test,0.9,6,0.3,0.8752997601918465,0.47961630695443347,-1.9942689982165456,0.28137490007993604,0.01535746413042292,0.03123990704635866,-0.3996802557953612,3,4.549211811566715
random_selector,test,0.9,6,0.4,0.873701039168665,0.319744204636289,-0.39317717169081723,0.38689048760991207,0.016435648334354052,0.03361788505563623,-0.5595523581135057,3,6.046886560971883
random_selector,test,0.9,6,0.5,0.8729016786570744,0.23980815347721673,1.5012070990473674,0.49160671462829736,0.014766439956067301,0.03158520763579923,-0.639488409272578,3,7.818614211237474
random_selector,test,0.9,6,0.6,0.8697042366107114,-0.07993605115907594,3.394612640828217,0.6051159072741806,0.018146507994036252,0.03368634724362822,-0.9592326139088706,3,9.590077367355976
random_selector,test,0.9,6,0.7,0.8665067945643485,-0.3996802557953649,5.393285919352727,0.7146282973621103,0.020228805103748575,0.0358410213526084,-1.2789768185451595,3,11.464133597086112
random_selector,test,0.9,6,0.8,0.864908073541167,-0.5595523581135131,7.6163056244290726,0.8089528377298162,0.02016902857238992,0.035116238407555164,-1.4388489208633077,3,13.547985880692778
random_selector,test,0.9,6,0.9,0.8617106314948042,-0.8792965627498021,9.415426943320714,0.9096722621902478,0.021890278773429132,0.03528509512552066,-1.7585931254995968,3,15.233769028001312
random_selector,test,0.9,6,1.0,0.8601119104716227,-1.0391686650679504,11.201389795119399,1.0,0.02182327552070959,0.03764921946740129,-1.918465227817745,3,16.905696970080175
random_selector,test,0.9,7,0.1,0.8792965627498002,0.8792965627497947,-4.782287180825621,0.12869704236610713,0.0,0.016589506172839507,0.0,3,1.9430288757994203
random_selector,test,0.9,7,0.2,0.8776978417266187,0.7194244604316502,-3.718408804210719,0.19104716227018387,0.009537337662337662,0.027846705266060104,-0.1598721023181445,3,2.9392688998603886
random_selector,test,0.9,7,0.3,0.8752997601918465,0.47961630695443347,-2.0452172778285296,0.28137490007993604,0.01535746413042292,0.03123990704635866,-0.3996802557953612,3,4.501625002064047
random_selector,test,0.9,7,0.4,0.873701039168665,0.319744204636289,-0.48795075905868995,0.38689048760991207,0.016435648334354052,0.03361788505563623,-0.5595523581135057,3,5.95781353565055
random_selector,test,0.9,7,0.5,0.8729016786570744,0.23980815347721673,1.3923506894601718,0.49160671462829736,0.014766439956067301,0.03158520763579923,-0.639488409272578,3,7.716416408188213
random_selector,test,0.9,7,0.6,0.8697042366107114,-0.07993605115907594,3.2840162686502214,0.6051159072741806,0.018146507994036252,0.03368634724362822,-0.9592326139088706,3,9.486249916117192
random_selector,test,0.9,7,0.7,0.8665067945643485,-0.3996802557953649,5.224292052720858,0.7146282973621103,0.020228805103748575,0.0358410213526084,-1.2789768185451595,3,11.305104063020414
random_selector,test,0.9,7,0.8,0.864908073541167,-0.5595523581135131,7.190667275653569,0.8089528377298162,0.02016902857238992,0.035116238407555164,-1.4388489208633077,3,13.146150770598142
random_selector,test,0.9,7,0.9,0.8617106314948042,-0.8792965627498021,8.972497716299095,0.9096722621902478,0.021890278773429132,0.03528509512552066,-1.7585931254995968,3,14.815644974504504
random_selector,test,0.9,7,1.0,0.8601119104716227,-1.0391686650679504,10.535962851798686,1.0,0.02182327552070959,0.03764921946740129,-1.918465227817745,3,16.27934076934925
random_selector,test,0.9,8,0.1,0.8792965627498002,0.8792965627497947,-4.947039888642402,0.12869704236610713,0.0,0.016589506172839507,0.0,3,1.7892597732757494
random_selector,test,0.9,8,0.2,0.8776978417266187,0.7194244604316502,-4.016268650224027,0.19104716227018387,0.009537337662337662,0.027846705266060104,-0.1598721023181445,3,2.660518363632828
random_selector,test,0.9,8,0.3,0.8752997601918465,0.47961630695443347,-2.4368176084214266,0.28137490007993604,0.01535746413042292,0.03123990704635866,-0.3996802557953612,3,4.13547680991001
random_selector,test,0.9,8,0.4,0.873701039168665,0.319744204636289,-0.9749771629909976,0.38689048760991207,0.016435648334354052,0.03361788505563623,-0.5595523581135057,3,5.502272539136414
random_selector,test,0.9,8,0.5,0.8729016786570744,0.23980815347721673,0.5243812258036421,0.49160671462829736,0.014766439956067301,0.03158520763579923,-0.639488409272578,3,6.906578896966316
random_selector,test,0.9,8,0.6,0.8705035971223022,-3.700743415417189e-15,2.2145917612771293,0.6051159072741806,0.016551611662297815,0.032076041285496175,-0.8792965627497984,3,8.487699890211434
random_selector,test,0.9,8,0.7,0.8689048760991207,-0.1598721023181482,3.960372351994427,0.7146282973621103,0.016424736659891633,0.03199383114872229,-1.0391686650679428,3,10.124197895997622
random_selector,test,0.9,8,0.8,0.8673061550759392,-0.3197442046362964,5.694680064378606,0.8089528377298162,0.016782989472065104,0.031687658012444615,-1.199040767386091,3,11.746595873579698
random_selector,test,0.9,8,0.9,0.864908073541167,-0.5595523581135131,7.197735873678709,0.9096722621902478,0.017915101592236693,0.03125899033109435,-1.4388489208633077,3,13.154040004314464
random_selector,test,0.9,8,1.0,0.8633093525179856,-0.7194244604316576,8.566923311148804,1.0,0.018185237982101844,0.03397612488521579,-1.5987210231814524,3,14.436186855803872
random_selector,test,0.92,4,0.1,0.8792965627498002,0.8792965627497947,-4.92550785158119,0.12869704236610713,0.0,0.016589506172839507,0.0,3,1.8090388013950058
random_selector,test,0.92,4,0.2,0.8784972022382094,0.7993605115907224,-3.966625342555141,0.19104716227018387,0.004329004329004329,0.0224703611800386,-0.07993605115907225,3,2.7067503195033518
random_selector,test,0.92,4,0.3,0.8776978417266187,0.7194244604316502,-2.4072382443777482,0.28137490007993604,0.006339050327320122,0.02202134782779944,-0.1598721023181445,3,4.162825386438692
random_selector,test,0.92,4,0.4,0.876898481215028,0.639488409272578,-1.0124407325242668,0.38689048760991207,0.007045517752850654,0.024022131686914305,-0.23980815347721673,3,5.466977611219792
random_selector,test,0.92,4,0.5,0.876898481215028,0.639488409272578,0.7286637087302558,0.49160671462829736,0.005607950512118446,0.024181901782880974,-0.23980815347721673,3,7.094988014488853
random_selector,test,0.92,4,0.6,0.873701039168665,0.319744204636289,2.428009047805472,0.6051159072741806,0.010791369143049286,0.027680219369919233,-0.5595523581135057,3,8.684979196803281
random_selector,test,0.92,4,0.7,0.8713029576338929,0.07993605115907225,4.249913001870453,0.7146282973621103,0.012728781636841609,0.029494210721700595,-0.7993605115907224,3,10.3935786245642
random_selector,test,0.92,4,0.8,0.8697042366107114,-0.07993605115907594,6.055831049632428,0.8089528377298162,0.013485874830412645,0.02947674144916684,-0.9592326139088706,3,12.083773960520569
random_selector,test,0.92,4,0.9,0.8665067945643485,-0.39968025579536864,7.747727173865752,0.9096722621902478,0.01597866039473437,0.030282562197455815,-1.2789768185451633,3,13.668640307641574
random_selector,test,0.92,4,1.0,0.8657074340527577,-0.47961630695444085,9.173789638522763,1.0,0.015462896966817139,0.03305785123966942,-1.3589128697042356,3,15.004155585144867
random_selector,test,0.92,5,0.1,0.8792965627498002,0.8792965627497947,-4.92550785158119,0.12869704236610713,0.0,0.016589506172839507,0.0,3,1.8090388013950058
random_selector,test,0.92,5,0.2,0.8784972022382094,0.7993605115907224,-3.966625342555141,0.19104716227018387,0.004329004329004329,0.0224703611800386,-0.07993605115907225,3,2.7067503195033518
random_selector,test,0.92,5,0.3,0.8776978417266187,0.7194244604316502,-2.4072382443777482,0.28137490007993604,0.006339050327320122,0.02202134782779944,-0.1598721023181445,3,4.162825386438692
random_selector,test,0.92,5,0.4,0.876898481215028,0.639488409272578,-1.0124407325242668,0.38689048760991207,0.007045517752850654,0.024022131686914305,-0.23980815347721673,3,5.466977611219792
random_selector,test,0.92,5,0.5,0.876898481215028,0.639488409272578,0.7241506807603567,0.49160671462829736,0.005607950512118446,0.024181901782880974,-0.23980815347721673,3,7.090816372007661
random_selector,test,0.92,5,0.6,0.873701039168665,0.319744204636289,2.423496019835573,0.6051159072741806,0.010791369143049286,0.027680219369919233,-0.5595523581135057,3,8.68080755432209
random_selector,test,0.92,5,0.7,0.8713029576338929,0.07993605115907225,4.245399973900554,0.7146282973621103,0.012728781636841609,0.029494210721700595,-0.7993605115907224,3,10.389406982083004
random_selector,test,0.92,5,0.8,0.8697042366107114,-0.07993605115907594,6.051318021662529,0.8089528377298162,0.013485874830412645,0.02947674144916684,-0.9592326139088706,3,12.079602318039374
random_selector,test,0.92,5,0.9,0.8665067945643485,-0.39968025579536864,7.743214145895853,0.9096722621902478,0.01597866039473437,0.030282562197455815,-1.2789768185451633,3,13.66446866516038
random_selector,test,0.92,5,1.0,0.8657074340527577,-0.47961630695444085,9.169276610552872,1.0,0.015462896966817139,0.03305785123966942,-1.3589128697042356,3,14.999983942663675
random_selector,test,0.92,6,0.1,0.8792965627498002,0.8792965627497947,-4.92550785158119,0.12869704236610713,0.0,0.016589506172839507,0.0,3,1.8090388013950058
random_selector,test,0.92,6,0.2,0.8784972022382094,0.7993605115907224,-3.966625342555141,0.19104716227018387,0.004329004329004329,0.0224703611800386,-0.07993605115907225,3,2.7067503195033518
random_selector,test,0.92,6,0.3,0.8776978417266187,0.7194244604316502,-2.4072382443777482,0.28137490007993604,0.006339050327320122,0.02202134782779944,-0.1598721023181445,3,4.162825386438692
random_selector,test,0.92,6,0.4,0.876898481215028,0.639488409272578,-1.0124407325242668,0.38689048760991207,0.007045517752850654,0.024022131686914305,-0.23980815347721673,3,5.466977611219792
random_selector,test,0.92,6,0.5,0.876898481215028,0.639488409272578,0.7234981947888075,0.49160671462829736,0.005607950512118446,0.024181901782880974,-0.23980815347721673,3,7.0902132429742375
random_selector,test,0.92,6,0.6,0.873701039168665,0.319744204636289,2.42284353386402,0.6051159072741806,0.010791369143049286,0.027680219369919233,-0.5595523581135057,3,8.680204425288661
random_selector,test,0.92,6,0.7,0.8713029576338929,0.07993605115907225,4.244095001957456,0.7146282973621103,0.012728781636841609,0.029494210721700595,-0.7993605115907224,3,10.38818609338589
random_selector,test,0.92,6,0.8,0.8697042366107114,-0.07993605115907594,6.050013049719427,0.8089528377298162,0.013485874830412645,0.02947674144916684,-0.9592326139088706,3,12.07838142934226
random_selector,test,0.92,6,0.9,0.8665067945643485,-0.39968025579536864,7.738483622602103,0.9096722621902478,0.01597866039473437,0.030282562197455815,-1.2789768185451633,3,13.660081349037782
random_selector,test,0.92,6,1.0,0.8657074340527577,-0.47961630695444085,9.164546087259119,1.0,0.015462896966817139,0.03305785123966942,-1.3589128697042356,3,14.995596626541074
random_selector,test,0.92,7,0.1,0.8792965627498002,0.8792965627497947,-4.939427552307622,0.12869704236610713,0.0,0.016589506172839507,0.0,3,1.7958599285695838
random_selector,test,0.92,7,0.2,0.8784972022382094,0.7993605115907224,-3.9919091739527643,0.19104716227018387,0.004329004329004329,0.0224703611800386,-0.07993605115907225,3,2.6830510994963177
random_selector,test,0.92,7,0.3,0.8776978417266187,0.7194244604316502,-2.4325220757753785,0.28137490007993604,0.006339050327320122,0.02202134782779944,-0.1598721023181445,3,4.139126166431653
random_selector,test,0.92,7,0.4,0.876898481215028,0.639488409272578,-1.0511549001696634,0.38689048760991207,0.007045517752850654,0.024022131686914305,-0.23980815347721673,3,5.430562838135107
random_selector,test,0.92,7,0.5,0.876898481215028,0.639488409272578,0.6820653355952796,0.49160671462829736,0.005607950512118446,0.024181901782880974,-0.23980815347721673,3,7.051283434990866
random_selector,test,0.92,7,0.6,0.873701039168665,0.319744204636289,2.380703814867972,0.6051159072741806,0.010791369143049286,0.027680219369919233,-0.5595523581135057,3,8.640612572728294
random_selector,test,0.92,7,0.7,0.8713029576338929,0.07993605115907225,4.15883683500804,0.7146282973621103,0.012728781636841609,0.029494210721700595,-0.7993605115907224,3,10.307812614029631
random_selector,test,0.92,7,0.8,0.8697042366107114,-0.07993605115907594,5.9269106964200216,0.8089528377298162,0.013485874830412645,0.02947674144916684,-0.9592326139088706,3,11.962210543988965
random_selector,test,0.92,7,0.9,0.8665067945643485,-0.39968025579536864,7.598090391056585,0.9096722621902478,0.01597866039473437,0.030282562197455815,-1.2789768185451633,3,13.527621520282311
random_selector,test,0.92,7,1.0,0.8657074340527577,-0.47961630695444085,9.023663491234931,1.0,0.015462896966817139,0.03305785123966942,-1.3589128697042356,3,14.862684451010528
random_selector,test,0.92,8,0.1,0.8792965627498002,0.8792965627497947,-5.048392709556755,0.12869704236610713,0.0,0.016589506172839507,0.0,3,1.6943318614970708
random_selector,test,0.92,8,0.2,0.8784972022382094,0.7993605115907224,-4.212721301492024,0.19104716227018387,0.004329004329004329,0.0224703611800386,-0.07993605115907225,3,2.476389284481243
random_selector,test,0.92,8,0.3,0.8776978417266187,0.7194244604316502,-2.7002044456044225,0.28137490007993604,0.006339050327320122,0.02202134782779944,-0.1598721023181445,3,3.888823797492121
random_selector,test,0.92,8,0.4,0.876898481215028,0.639488409272578,-1.3890338857714586,0.38689048760991207,0.007045517752850654,0.024022131686914305,-0.23980815347721673,3,5.114508032338046
random_selector,test,0.92,8,0.5,0.876898481215028,0.639488409272578,0.011364130671183878,0.49160671462829736,0.005607950512118446,0.024181901782880974,-0.23980815347721673,3,6.425993548525803
random_selector,test,0.92,8,0.6,0.8745003996802558,0.3996802557953612,1.5557440515028904,0.6051159072741806,0.00919647281131085,0.026069913411787188,-0.47961630695443347,3,7.8708417093395004
random_selector,test,0.92,8,0.7,0.8729016786570744,0.23980815347721673,3.2298599330114364,0.7146282973621103,0.010173152643671307,0.026914447640754915,-0.639488409272578,3,9.440270465638575
random_selector,test,0.92,8,0.8,0.8713029576338929,0.07993605115906854,4.873961459828605,0.8089528377298162,0.011225961856213957,0.027189713565471816,-0.7993605115907262,3,10.978198337604782
random_selector,test,0.92,8,0.9,0.8689048760991207,-0.15987210231815188,6.2992626908521405,0.9096722621902478,0.012983875370404678,0.027248520895092998,-1.0391686650679466,3,12.312503523613287
random_selector,test,0.92,8,1.0,0.8681055155875299,-0.23980815347722415,7.5947192135369015,1.0,0.012735606240595549,0.030303030303030304,-1.119104716227019,3,13.525666402456178
random_selector,test,0.95,4,0.1,0.8792965627498002,0.8792965627497947,-5.230762538605423,0.12869704236610713,0.0,0.016589506172839507,0.0,3,1.522747625430972
random_selector,test,0.95,4,0.2,0.8784972022382094,0.7993605115907224,-4.447561877419637,0.19104716227018387,0.004329004329004329,0.0224703611800386,-0.07993605115907225,3,2.2550330781396455
random_selector,test,0.95,4,0.3,0.8776978417266187,0.7194244604316502,-3.089847318282657,0.28137490007993604,0.006339050327320122,0.02202134782779944,-0.1598721023181445,3,3.5228750797600386
random_selector,test,0.95,4,0.4,0.8776978417266187,0.7194244604316502,-1.9091195789290676,0.38689048760991207,0.004557955563795927,0.021515866022753904,-0.1598721023181445,3,4.626497720103921
random_selector,test,0.95,4,0.5,0.8776978417266187,0.7194244604316502,-0.6614576536604503,0.49160671462829736,0.0036811682385153636,0.02223258404408955,-0.1598721023181445,3,5.794800521811953
random_selector,test,0.95,4,0.6,0.8752997601918465,0.47961630695443347,0.8323546043759992,0.6051159072741806,0.007601576479572413,0.024459607453655142,-0.3996802557953612,3,7.191939929925487
random_selector,test,0.95,4,0.7,0.8745003996802558,0.3996802557953612,2.244442994475615,0.7146282973621103,0.007612830269107446,0.025602111682749666,-0.47961630695443347,3,8.516778607981697
random_selector,test,0.95,4,0.8,0.8729016786570744,0.23980815347721673,3.7721845230327475,0.8089528377298162,0.009002850389405011,0.02604423819319232,-0.639488409272578,3,9.9460325675179
random_selector,test,0.95,4,0.9,0.8713029576338929,0.07993605115907225,5.037789812519018,0.9096722621902478,0.009989090346074985,0.025227650818667367,-0.7993605115907224,3,11.130728771517491
random_selector,test,0.95,4,1.0,0.8705035971223022,-3.700743415417189e-15,6.181271477663219,1.0,0.01000831551437396,0.02846648301193756,-0.8792965627497984,3,12.202146047857994
random_selector,test,0.95,5,0.1,0.8792965627498002,0.8792965627497947,-5.230762538605423,0.12869704236610713,0.0,0.016589506172839507,0.0,3,1.522747625430972
random_selector,test,0.95,5,0.2,0.8784972022382094,0.7993605115907224,-4.447561877419637,0.19104716227018387,0.004329004329004329,0.0224703611800386,-0.07993605115907225,3,2.2550330781396455
random_selector,test,0.95,5,0.3,0.8776978417266187,0.7194244604316502,-3.089847318282657,0.28137490007993604,0.006339050327320122,0.02202134782779944,-0.1598721023181445,3,3.5228750797600386
random_selector,test,0.95,5,0.4,0.8776978417266187,0.7194244604316502,-1.9091195789290676,0.38689048760991207,0.004557955563795927,0.021515866022753904,-0.1598721023181445,3,4.626497720103921
random_selector,test,0.95,5,0.5,0.8776978417266187,0.7194244604316502,-0.6638501022228072,0.49160671462829736,0.0036811682385153636,0.02223258404408955,-0.1598721023181445,3,5.792589048689397
random_selector,test,0.95,5,0.6,0.8752997601918465,0.47961630695443347,0.8299621558136461,0.6051159072741806,0.007601576479572413,0.024459607453655142,-0.3996802557953612,3,7.189728456802928
random_selector,test,0.95,5,0.7,0.8745003996802558,0.3996802557953612,2.242050545913262,0.7146282973621103,0.007612830269107446,0.025602111682749666,-0.47961630695443347,3,8.514567134859139
random_selector,test,0.95,5,0.8,0.8729016786570744,0.23980815347721673,3.7697920744703906,0.8089528377298162,0.009002850389405011,0.02604423819319232,-0.639488409272578,3,9.943821094395338
random_selector,test,0.95,5,0.9,0.8713029576338929,0.07993605115907225,5.035397363956665,0.9096722621902478,0.009989090346074985,0.025227650818667367,-0.7993605115907224,3,11.128517298394932
random_selector,test,0.95,5,1.0,0.8705035971223022,-3.700743415417189e-15,6.178879029100866,1.0,0.01000831551437396,0.02846648301193756,-0.8792965627497984,3,12.199934574735435
random_selector,test,0.95,6,0.1,0.8792965627498002,0.8792965627497947,-5.230762538605423,0.12869704236610713,0.0,0.016589506172839507,0.0,3,1.522747625430972
random_selector,test,0.95,6,0.2,0.8784972022382094,0.7993605115907224,-4.447561877419637,0.19104716227018387,0.004329004329004329,0.0224703611800386,-0.07993605115907225,3,2.2550330781396455
random_selector,test,0.95,6,0.3,0.8776978417266187,0.7194244604316502,-3.089847318282657,0.28137490007993604,0.006339050327320122,0.02202134782779944,-0.1598721023181445,3,3.5228750797600386
random_selector,test,0.95,6,0.4,0.8776978417266187,0.7194244604316502,-1.9091195789290676,0.38689048760991207,0.004557955563795927,0.021515866022753904,-0.1598721023181445,3,4.626497720103921
random_selector,test,0.95,6,0.5,0.8776978417266187,0.7194244604316502,-0.6645025881943564,0.49160671462829736,0.0036811682385153636,0.02223258404408955,-0.1598721023181445,3,5.7919859196559695
random_selector,test,0.95,6,0.6,0.8752997601918465,0.47961630695443347,0.8293096698420932,0.6051159072741806,0.007601576479572413,0.024459607453655142,-0.3996802557953612,3,7.189125327769504
random_selector,test,0.95,6,0.7,0.8745003996802558,0.3996802557953612,2.241398059941705,0.7146282973621103,0.007612830269107446,0.025602111682749666,-0.47961630695443347,3,8.513964005825711
random_selector,test,0.95,6,0.8,0.8729016786570744,0.23980815347721673,3.7691395884988377,0.8089528377298162,0.009002850389405011,0.02604423819319232,-0.639488409272578,3,9.943217965361914
random_selector,test,0.95,6,0.9,0.8713029576338929,0.07993605115907225,5.034744877985113,0.9096722621902478,0.009989090346074985,0.025227650818667367,-0.7993605115907224,3,11.127914169361508
random_selector,test,0.95,6,1.0,0.8705035971223022,-3.700743415417189e-15,6.1782265431293135,1.0,0.01000831551437396,0.02846648301193756,-0.8792965627497984,3,12.199331445702011
random_selector,test,0.95,7,0.1,0.8792965627498002,0.8792965627497947,-5.230762538605423,0.12869704236610713,0.0,0.016589506172839507,0.0,3,1.522747625430972
random_selector,test,0.95,7,0.2,0.8784972022382094,0.7993605115907224,-4.458219148288323,0.19104716227018387,0.004329004329004329,0.0224703611800386,-0.07993605115907225,3,2.245181970593694
random_selector,test,0.95,7,0.3,0.8776978417266187,0.7194244604316502,-3.100504589151335,0.28137490007993604,0.006339050327320122,0.02202134782779944,-0.1598721023181445,3,3.513023972214091
random_selector,test,0.95,7,0.4,0.8776978417266187,0.7194244604316502,-1.9197768497977459,0.38689048760991207,0.004557955563795927,0.021515866022753904,-0.1598721023181445,3,4.616646612557969
random_selector,test,0.95,7,0.5,0.8776978417266187,0.7194244604316502,-0.6758123450345913,0.49160671462829736,0.0036811682385153636,0.02223258404408955,-0.1598721023181445,3,5.781531683076595
random_selector,test,0.95,7,0.6,0.8752997601918465,0.47961630695443347,0.8179999130018619,0.6051159072741806,0.007601576479572413,0.024459607453655142,-0.3996802557953612,3,7.178671091190129
random_selector,test,0.95,7,0.7,0.8745003996802558,0.3996802557953612,2.2194310322327993,0.7146282973621103,0.007612830269107446,0.025602111682749666,-0.47961630695443347,3,8.493419694739375
random_selector,test,0.95,7,0.8,0.8729016786570744,0.23980815347721673,3.747172560789939,0.8089528377298162,0.009002850389405011,0.02604423819319232,-0.639488409272578,3,9.92267365427558
random_selector,test,0.95,7,0.9,0.8713029576338929,0.07993605115907225,5.012777850276214,0.9096722621902478,0.009989090346074985,0.025227650818667367,-0.7993605115907224,3,11.107369858275174
random_selector,test,0.95,7,1.0,0.8705035971223022,-3.700743415417189e-15,6.156259515420407,1.0,0.01000831551437396,0.02846648301193756,-0.8792965627497984,3,12.17878713461567
random_selector,test,0.95,8,0.1,0.8792965627498002,0.8792965627497947,-5.253382052285886,0.12869704236610713,0.0,0.016589506172839507,0.0,3,1.5018391522722219
random_selector,test,0.95,8,0.2,0.8784972022382094,0.7993605115907224,-4.5162360259254575,0.19104716227018387,0.004329004329004329,0.0224703611800386,-0.07993605115907225,3,2.1912781255729854
random_selector,test,0.95,8,0.3,0.8776978417266187,0.7194244604316502,-3.15852146678847,0.28137490007993604,0.006339050327320122,0.02202134782779944,-0.1598721023181445,3,3.4591201271933825
random_selector,test,0.95,8,0.4,0.8776978417266187,0.7194244604316502,-1.9839923441646052,0.38689048760991207,0.004557955563795927,0.021515866022753904,-0.1598721023181445,3,4.556876818062446
random_selector,test,0.95,8,0.5,0.8776978417266187,0.7194244604316502,-0.7619404932794005,0.49160671462829736,0.0036811682385153636,0.02223258404408955,-0.1598721023181445,3,5.701113759512018
random_selector,test,0.95,8,0.6,0.8752997601918465,0.47961630695443347,0.6569446256905439,0.6051159072741806,0.007601576479572413,0.024459607453655142,-0.3996802557953612,3,7.028206035456915
random_selector,test,0.95,8,0.7,0.8745003996802558,0.3996802557953612,2.0494584366436066,0.7146282973621103,0.007612830269107446,0.025602111682749666,-0.47961630695443347,3,8.33456678846587
random_selector,test,0.95,8,0.8,0.8729016786570744,0.23980815347721673,3.5133650876506106,0.8089528377298162,0.009002850389405011,0.02604423819319232,-0.639488409272578,3,9.703590801272632
random_selector,test,0.95,8,0.9,0.8713029576338929,0.07993605115907225,4.759341424159376,0.9096722621902478,0.009989090346074985,0.025227650818667367,-0.7993605115907224,3,10.869939152340935
random_selector,test,0.95,8,1.0,0.8705035971223022,-3.700743415417189e-15,5.839695071555958,1.0,0.01000831551437396,0.02846648301193756,-0.8792965627497984,3,11.882248730640411
random_selector,test,0.98,4,0.1,0.8792965627498002,0.8792965627497947,-5.4510309278350615,0.12869704236610713,0.0,0.016589506172839507,0.0,3,1.316069471748264
random_selector,test,0.98,4,0.2,0.8784972022382094,0.7993605115907224,-4.82111009613293,0.19104716227018387,0.004329004329004329,0.0224703611800386,-0.07993605115907225,3,1.9053157741124778
random_selector,test,0.98,4,0.3,0.8776978417266187,0.7194244604316502,-3.7931728217843372,0.28137490007993604,0.006339050327320122,0.02202134782779944,-0.1598721023181445,3,2.8653738182367494
random_selector,test,0.98,4,0.4,0.8776978417266187,0.7194244604316502,-2.8124320327113095,0.38689048760991207,0.004557955563795927,0.021515866022753904,-0.1598721023181445,3,3.781969035309255
random_selector,test,0.98,4,0.5,0.876898481215028,0.639488409272578,-1.8364217669320098,0.49160671462829736,0.005564407409890128,0.02223258404408955,-0.23980815347721673,3,4.696045559717806
random_selector,test,0.98,4,0.6,0.8745003996802558,0.3996802557953612,-0.6525947192135432,0.6051159072741806,0.009070005260776524,0.024459607453655142,-0.47961630695443347,3,5.803373205824539
random_selector,test,0.98,4,0.7,0.873701039168665,0.319744204636289,0.5480882161033485,0.7146282973621103,0.008861269719794087,0.025602111682749666,-0.5595523581135057,3,6.930251430906849
random_selector,test,0.98,4,0.8,0.8721023181454837,0.1598721023181445,1.8601287572317087,0.8089528377298162,0.010128976515531138,0.02604423819319232,-0.7194244604316502,3,8.157694525647855
random_selector,test,0.98,4,0.9,0.8705035971223022,-3.700743415417189e-15,2.837661490277954,0.9096722621902478,0.01096948250293773,0.025227650818667367,-0.8792965627497984,3,9.073645805374213
random_selector,test,0.98,4,1.0,0.8689048760991207,-0.15987210231815188,3.7592435512636393,1.0,0.011824859428209392,0.02846648301193756,-1.0391686650679466,3,9.937439816646004
random_selector,test,0.98,5,0.1,0.8792965627498002,0.8792965627497947,-5.4510309278350615,0.12869704236610713,0.0,0.016589506172839507,0.0,3,1.316069471748264
random_selector,test,0.98,5,0.2,0.8784972022382094,0.7993605115907224,-4.82111009613293,0.19104716227018387,0.004329004329004329,0.0224703611800386,-0.07993605115907225,3,1.9053157741124778
random_selector,test,0.98,5,0.3,0.8776978417266187,0.7194244604316502,-3.7931728217843372,0.28137490007993604,0.006339050327320122,0.02202134782779944,-0.1598721023181445,3,2.8653738182367494
random_selector,test,0.98,5,0.4,0.8776978417266187,0.7194244604316502,-2.8124320327113095,0.38689048760991207,0.004557955563795927,0.021515866022753904,-0.1598721023181445,3,3.781969035309255
random_selector,test,0.98,5,0.5,0.876898481215028,0.639488409272578,-1.8364217669320098,0.49160671462829736,0.005564407409890128,0.02223258404408955,-0.23980815347721673,3,4.696045559717806
random_selector,test,0.98,5,0.6,0.8745003996802558,0.3996802557953612,-0.6525947192135432,0.6051159072741806,0.009070005260776524,0.024459607453655142,-0.47961630695443347,3,5.803373205824539
random_selector,test,0.98,5,0.7,0.873701039168665,0.319744204636289,0.5480882161033485,0.7146282973621103,0.008861269719794087,0.025602111682749666,-0.5595523581135057,3,6.930251430906849
random_selector,test,0.98,5,0.8,0.8721023181454837,0.1598721023181445,1.8601287572317087,0.8089528377298162,0.010128976515531138,0.02604423819319232,-0.7194244604316502,3,8.157694525647855
random_selector,test,0.98,5,0.9,0.8705035971223022,-3.700743415417189e-15,2.837661490277954,0.9096722621902478,0.01096948250293773,0.025227650818667367,-0.8792965627497984,3,9.073645805374213
random_selector,test,0.98,5,1.0,0.8689048760991207,-0.15987210231815188,3.7592435512636393,1.0,0.011824859428209392,0.02846648301193756,-1.0391686650679466,3,9.937439816646004
random_selector,test,0.98,6,0.1,0.8792965627498002,0.8792965627497947,-5.4510309278350615,0.12869704236610713,0.0,0.016589506172839507,0.0,3,1.316069471748264
random_selector,test,0.98,6,0.2,0.8784972022382094,0.7993605115907224,-4.82111009613293,0.19104716227018387,0.004329004329004329,0.0224703611800386,-0.07993605115907225,3,1.9053157741124778
random_selector,test,0.98,6,0.3,0.8776978417266187,0.7194244604316502,-3.7931728217843372,0.28137490007993604,0.006339050327320122,0.02202134782779944,-0.1598721023181445,3,2.8653738182367494
random_selector,test,0.98,6,0.4,0.8776978417266187,0.7194244604316502,-2.8124320327113095,0.38689048760991207,0.004557955563795927,0.021515866022753904,-0.1598721023181445,3,3.781969035309255
random_selector,test,0.98,6,0.5,0.876898481215028,0.639488409272578,-1.8364217669320098,0.49160671462829736,0.005564407409890128,0.02223258404408955,-0.23980815347721673,3,4.696045559717806
random_selector,test,0.98,6,0.6,0.8745003996802558,0.3996802557953612,-0.6525947192135432,0.6051159072741806,0.009070005260776524,0.024459607453655142,-0.47961630695443347,3,5.803373205824539
random_selector,test,0.98,6,0.7,0.873701039168665,0.319744204636289,0.5480882161033485,0.7146282973621103,0.008861269719794087,0.025602111682749666,-0.5595523581135057,3,6.930251430906849
random_selector,test,0.98,6,0.8,0.8721023181454837,0.1598721023181445,1.8601287572317087,0.8089528377298162,0.010128976515531138,0.02604423819319232,-0.7194244604316502,3,8.157694525647855
random_selector,test,0.98,6,0.9,0.8705035971223022,-3.700743415417189e-15,2.837661490277954,0.9096722621902478,0.01096948250293773,0.025227650818667367,-0.8792965627497984,3,9.073645805374213
random_selector,test,0.98,6,1.0,0.8689048760991207,-0.15987210231815188,3.7592435512636393,1.0,0.011824859428209392,0.02846648301193756,-1.0391686650679466,3,9.937439816646004
random_selector,test,0.98,7,0.1,0.8792965627498002,0.8792965627497947,-5.4510309278350615,0.12869704236610713,0.0,0.016589506172839507,0.0,3,1.316069471748264
random_selector,test,0.98,7,0.2,0.8784972022382094,0.7993605115907224,-4.82111009613293,0.19104716227018387,0.004329004329004329,0.0224703611800386,-0.07993605115907225,3,1.9053157741124778
random_selector,test,0.98,7,0.3,0.8776978417266187,0.7194244604316502,-3.7931728217843372,0.28137490007993604,0.006339050327320122,0.02202134782779944,-0.1598721023181445,3,2.8653738182367494
random_selector,test,0.98,7,0.4,0.8776978417266187,0.7194244604316502,-2.8124320327113095,0.38689048760991207,0.004557955563795927,0.021515866022753904,-0.1598721023181445,3,3.781969035309255
random_selector,test,0.98,7,0.5,0.876898481215028,0.639488409272578,-1.8364217669320098,0.49160671462829736,0.005564407409890128,0.02223258404408955,-0.23980815347721673,3,4.696045559717806
random_selector,test,0.98,7,0.6,0.8745003996802558,0.3996802557953612,-0.6525947192135432,0.6051159072741806,0.009070005260776524,0.024459607453655142,-0.47961630695443347,3,5.803373205824539
random_selector,test,0.98,7,0.7,0.873701039168665,0.319744204636289,0.5480882161033485,0.7146282973621103,0.008861269719794087,0.025602111682749666,-0.5595523581135057,3,6.930251430906849
random_selector,test,0.98,7,0.8,0.8721023181454837,0.1598721023181445,1.8601287572317087,0.8089528377298162,0.010128976515531138,0.02604423819319232,-0.7194244604316502,3,8.157694525647855
random_selector,test,0.98,7,0.9,0.8705035971223022,-3.700743415417189e-15,2.837661490277954,0.9096722621902478,0.01096948250293773,0.025227650818667367,-0.8792965627497984,3,9.073645805374213
random_selector,test,0.98,7,1.0,0.8689048760991207,-0.15987210231815188,3.7592435512636393,1.0,0.011824859428209392,0.02846648301193756,-1.0391686650679466,3,9.937439816646004
random_selector,test,0.98,8,0.1,0.8792965627498002,0.8792965627497947,-5.4510309278350615,0.12869704236610713,0.0,0.016589506172839507,0.0,3,1.316069471748264
random_selector,test,0.98,8,0.2,0.8784972022382094,0.7993605115907224,-4.82111009613293,0.19104716227018387,0.004329004329004329,0.0224703611800386,-0.07993605115907225,3,1.9053157741124778
random_selector,test,0.98,8,0.3,0.8776978417266187,0.7194244604316502,-3.7931728217843372,0.28137490007993604,0.006339050327320122,0.02202134782779944,-0.1598721023181445,3,2.8653738182367494
random_selector,test,0.98,8,0.4,0.8776978417266187,0.7194244604316502,-2.8124320327113095,0.38689048760991207,0.004557955563795927,0.021515866022753904,-0.1598721023181445,3,3.781969035309255
random_selector,test,0.98,8,0.5,0.876898481215028,0.639488409272578,-1.8364217669320098,0.49160671462829736,0.005564407409890128,0.02223258404408955,-0.23980815347721673,3,4.696045559717806
random_selector,test,0.98,8,0.6,0.8745003996802558,0.3996802557953612,-0.6525947192135432,0.6051159072741806,0.009070005260776524,0.024459607453655142,-0.47961630695443347,3,5.803373205824539
random_selector,test,0.98,8,0.7,0.873701039168665,0.319744204636289,0.5480882161033485,0.7146282973621103,0.008861269719794087,0.025602111682749666,-0.5595523581135057,3,6.930251430906849
random_selector,test,0.98,8,0.8,0.8721023181454837,0.1598721023181445,1.807984253338546,0.8089528377298162,0.010128976515531138,0.02604423819319232,-0.7194244604316502,3,8.108325232524502
random_selector,test,0.98,8,0.9,0.8705035971223022,-3.700743415417189e-15,2.7855169863847915,0.9096722621902478,0.01096948250293773,0.025227650818667367,-0.8792965627497984,3,9.024276512250859
random_selector,test,0.98,8,1.0,0.8689048760991207,-0.15987210231815188,3.6549545434773067,1.0,0.011824859428209392,0.02846648301193756,-1.0391686650679466,3,9.839232004343216
shuffled_confidence,calibration,0.75,4,0.1,0.8715083798882681,1.1173184357541925,0.980077100574798,0.1005586592178771,0.022222222222222223,0.06388888888888888,-0.18621973929236293,3,3.0456837180333096
shuffled_confidence,calibration,0.75,4,0.2,0.8677839851024208,0.7448789571694628,3.782565793204617,0.2011173184357542,0.03261648745519713,0.05448028673835125,-0.5586592178770925,3,5.792442046545143
shuffled_confidence,calibration,0.75,4,0.3,0.8659217877094972,0.5586592178770999,7.005591618998649,0.3016759776536313,0.027944017570025233,0.03628035675908016,-0.7448789571694555,3,8.947352400764341
shuffled_confidence,calibration,0.75,4,0.4,0.8640595903165735,0.3724394785847333,10.606306922794833,0.4022346368715084,0.02630290171273778,0.03214853128718091,-0.9310986964618221,3,12.465785175255606
shuffled_confidence,calibration,0.75,4,0.5,0.8603351955307262,3.700743415417189e-15,13.702806143345576,0.5027932960893855,0.029807744997618416,0.030481331533963114,-1.3035381750465518,3,15.496187181618525
shuffled_confidence,calibration,0.75,4,0.6,0.8584729981378026,-0.18621973929236293,16.140459654521887,0.6033519553072626,0.028559444825745444,0.02568438003220612,-1.4897579143389184,3,17.881601766743184
shuffled_confidence,calibration,0.75,4,0.7,0.8547486033519553,-0.5586592178770925,19.18415544121114,0.7039106145251397,0.030554783307076883,0.0403542171454944,-1.862197392923648,3,20.860436560375494
shuffled_confidence,calibration,0.75,4,0.8,0.851024208566108,-0.9310986964618221,22.12615105814805,0.8044692737430168,0.032110282700369246,0.043471500288773376,-2.2346368715083775,3,23.74211864636055
shuffled_confidence,calibration,0.75,4,0.9,0.845437616387337,-1.4897579143389146,25.331533731816535,0.9050279329608939,0.035377751140412216,0.04316546762589928,-2.79329608938547,3,26.88322804595118
shuffled_confidence,calibration,0.75,4,1.0,0.8435754189944135,-1.6759776536312776,28.75052456871945,1.0,0.03410637487070608,0.04329004329004329,-2.979515828677833,3,30.23305668310849
shuffled_confidence,calibration,0.75,5,0.1,0.8715083798882681,1.1173184357541925,0.9333227474420706,0.1005586592178771,0.022222222222222223,0.06388888888888888,-0.18621973929236293,3,3.0001241982334004
shuffled_confidence,calibration,0.75,5,0.2,0.8677839851024208,0.7448789571694628,3.722579075977724,0.2011173184357542,0.03261648745519713,0.05448028673835125,-0.5586592178770925,3,5.733936891662772
shuffled_confidence,calibration,0.75,5,0.3,0.8659217877094972,0.5586592178770999,6.945604901771755,0.3016759776536313,0.027944017570025233,0.03628035675908016,-0.7448789571694555,3,8.888847245881966
shuffled_confidence,calibration,0.75,5,0.4,0.8640595903165735,0.3724394785847333,10.487845758523225,0.4022346368715084,0.02630290171273778,0.03214853128718091,-0.9310986964618221,3,12.350534357972087
shuffled_confidence,calibration,0.75,5,0.5,0.8603351955307262,3.700743415417189e-15,13.58094237116404,0.5027932960893855,0.029807744997618416,0.030481331533963114,-1.3035381750465518,3,15.377591857872682
shuffled_confidence,calibration,0.75,5,0.6,0.8584729981378026,-0.18621973929236293,16.014059071793774,0.6033519553072626,0.028559444825745444,0.02568438003220612,-1.4897579143389184,3,17.758547101047565
shuffled_confidence,calibration,0.75,5,0.7,0.8547486033519553,-0.5586592178770925,19.046538854631777,0.7039106145251397,0.030554783307076883,0.0403542171454944,-1.862197392923648,3,20.726409065816878
shuffled_confidence,calibration,0.75,5,0.8,0.851024208566108,-0.9310986964618221,21.977696535262996,0.8044692737430168,0.032110282700369246,0.043471500288773376,-2.2346368715083775,3,23.597406315944617
shuffled_confidence,calibration,0.75,5,0.9,0.845437616387337,-1.4897579143389146,25.172871385201685,0.9050279329608939,0.035377751140412216,0.04316546762589928,-2.79329608938547,3,26.728472904455884
shuffled_confidence,calibration,0.75,5,1.0,0.8417132216014898,-1.8621973929236442,28.512972127600314,1.0,0.036243127007458215,0.045454545454545456,-3.1657355679701995,3,30.001690118382704
shuffled_confidence,calibration,0.75,6,0.1,0.8715083798882681,1.1173184357541925,0.7589075864293989,0.1005586592178771,0.022222222222222223,0.06388888888888888,-0.18621973929236293,3,2.829625754986372
shuffled_confidence,calibration,0.75,6,0.2,0.8677839851024208,0.7448789571694628,3.432727291057828,0.2011173184357542,0.03261648745519713,0.05448028673835125,-0.5586592178770925,3,5.450147860559503
shuffled_confidence,calibration,0.75,6,0.3,0.8659217877094972,0.5586592178770999,6.5059123462998025,0.3016759776536313,0.027944017570025233,0.03628035675908016,-0.7448789571694555,3,8.459231465005915
shuffled_confidence,calibration,0.75,6,0.4,0.8640595903165735,0.3724394785847333,9.959559374877928,0.4022346368715084,0.02630290171273778,0.03214853128718091,-0.9310986964618221,3,11.834201174206637
shuffled_confidence,calibration,0.75,6,0.5,0.8603351955307262,3.700743415417189e-15,12.972379645347443,0.5027932960893855,0.029807744997618416,0.030481331533963114,-1.3035381750465518,3,14.782394605829941
shuffled_confidence,calibration,0.75,6,0.6,0.8584729981378026,-0.18621973929236293,15.270148164671111,0.6033519553072626,0.028559444825745444,0.02568438003220612,-1.4897579143389184,3,17.03074764305706
shuffled_confidence,calibration,0.75,6,0.7,0.8547486033519553,-0.5586592178770925,18.079694118151156,0.7039106145251397,0.030554783307076883,0.0403542171454944,-1.862197392923648,3,19.779289913281485
shuffled_confidence,calibration,0.75,6,0.8,0.851024208566108,-0.9310986964618221,20.899825962906537,0.8044692737430168,0.032110282700369246,0.043471500288773376,-2.2346368715083775,3,22.541260223989294
shuffled_confidence,calibration,0.75,6,0.9,0.845437616387337,-1.4897579143389146,23.78044861494955,0.9050279329608939,0.035377751140412216,0.04316546762589928,-2.79329608938547,3,25.363613427384877
shuffled_confidence,calibration,0.75,6,1.0,0.8417132216014898,-1.8621973929236442,27.036240294691055,1.0,0.036243127007458215,0.045454545454545456,-3.1657355679701995,3,28.554569267010013
shuffled_confidence,calibration,0.75,7,0.1,0.8715083798882681,1.1173184357541925,0.3314392149301441,0.1005586592178771,0.022222222222222223,0.06388888888888888,-0.18621973929236293,3,2.411590890020835
shuffled_confidence,calibration,0.75,7,0.2,0.8677839851024208,0.7448789571694628,2.6404237381050577,0.2011173184357542,0.03261648745519713,0.05448028673835125,-0.5586592178770925,3,4.674004063546351
shuffled_confidence,calibration,0.75,7,0.3,0.8659217877094972,0.5586592178770999,5.39830046036025,0.3016759776536313,0.027944017570025233,0.03628035675908016,-0.7448789571694555,3,7.373723367818977
shuffled_confidence,calibration,0.75,7,0.4,0.8640595903165735,0.3724394785847333,8.333742906507682,0.4022346368715084,0.02630290171273778,0.03214853128718091,-0.9310986964618221,3,10.240957895132201
shuffled_confidence,calibration,0.75,7,0.5,0.8603351955307262,3.700743415417189e-15,10.909769139354445,0.5027932960893855,0.029807744997618416,0.030481331533963114,-1.3035381750465518,3,12.762764271985487
shuffled_confidence,calibration,0.75,7,0.6,0.8584729981378026,-0.18621973929236293,12.98195735650132,0.6033519553072626,0.028559444825745444,0.02568438003220612,-1.4897579143389184,3,14.790491727028318
shuffled_confidence,calibration,0.75,7,0.7,0.8547486033519553,-0.5586592178770925,15.333033399747203,0.7039106145251397,0.030554783307076883,0.0403542171454944,-1.862197392923648,3,17.090818240612776
shuffled_confidence,calibration,0.75,7,0.8,0.851024208566108,-0.9310986964618221,17.796899594081484,0.8044692737430168,0.032110282700369246,0.043471500288773376,-2.2346368715083775,3,19.504754036894052
shuffled_confidence,calibration,0.75,7,0.9,0.845437616387337,-1.4897579143389146,20.21980847098143,0.9050279329608939,0.035377751140412216,0.04316546762589928,-2.79329608938547,3,21.878227494745715
shuffled_confidence,calibration,0.75,7,1.0,0.845437616387337,-1.4897579143389146,23.238173732118987,1.0,0.03196962273395394,0.04112554112554113,-2.79329608938547,3,24.837197458877252
shuffled_confidence,calibration,0.75,8,0.1,0.8715083798882681,1.1173184357541925,-0.36785972181789434,0.1005586592178771,0.022222222222222223,0.06388888888888888,-0.18621973929236293,3,1.7261631269252249
shuffled_confidence,calibration,0.75,8,0.2,0.8677839851024208,0.7448789571694628,1.2955114560767516,0.2011173184357542,0.03261648745519713,0.05448028673835125,-0.5586592178770925,3,3.35652610713418
shuffled_confidence,calibration,0.75,8,0.3,0.8659217877094972,0.5586592178770999,3.3114936314522003,0.3016759776536313,0.027944017570025233,0.03628035675908016,-0.7448789571694555,3,5.329809929281171
shuffled_confidence,calibration,0.75,8,0.4,0.8640595903165735,0.3724394785847333,5.601196709804179,0.4022346368715084,0.02630290171273778,0.03214853128718091,-0.9310986964618221,3,7.56408241627421
shuffled_confidence,calibration,0.75,8,0.5,0.8621973929236499,0.18621973929237035,7.475403555599251,0.5027932960893855,0.025534240724114143,0.026095366621682412,-1.117318435754185,3,9.399020524969211
shuffled_confidence,calibration,0.75,8,0.6,0.8603351955307262,3.700743415417189e-15,8.91382454389302,0.6033519553072626,0.02497521543506444,0.021980676328502417,-1.3035381750465518,3,10.807766249268969
shuffled_confidence,calibration,0.75,8,0.7,0.8584729981378026,-0.18621973929235924,10.464909660759998,0.7039106145251397,0.024438060523687435,0.03412368755047883,-1.4897579143389146,3,12.326774223290068
shuffled_confidence,calibration,0.75,8,0.8,0.8528864059590316,-0.7448789571694555,12.292740220967882,0.8044692737430168,0.02944292499760635,0.04073925985161491,-2.0484171322160107,3,14.118472046707305
shuffled_confidence,calibration,0.75,8,0.9,0.8472998137802608,-1.3035381750465518,14.138970068392425,0.9050279329608939,0.03303033330003663,0.0407673860911271,-2.607076350093107,3,15.926961400777666
shuffled_confidence,calibration,0.75,8,1.0,0.8472998137802608,-1.3035381750465518,16.64039097225111,1.0,0.029846480483423157,0.03896103896103896,-2.607076350093107,3,18.37887034621936
shuffled_confidence,calibration,0.8,4,0.1,0.8715083798882681,1.1173184357541925,0.5373600047384556,0.1005586592178771,0.022222222222222223,0.06388888888888888,-0.18621973929236293,3,2.6123801432462734
shuffled_confidence,calibration,0.8,4,0.2,0.8677839851024208,0.7448789571694628,3.04949282238766,0.2011173184357542,0.03261648745519713,0.05448028673835125,-0.5586592178770925,3,5.074859078038119
shuffled_confidence,calibration,0.8,4,0.3,0.8659217877094972,0.5586592178770999,5.872145117446696,0.3016759776536313,0.027944017570025233,0.03628035675908016,-0.7448789571694555,3,7.837499124614389
shuffled_confidence,calibration,0.8,4,0.4,0.8640595903165735,0.3724394785847333,9.034680135953092,0.4022346368715084,0.02630290171273778,0.03214853128718091,-0.9310986964618221,3,10.926830883443653
shuffled_confidence,calibration,0.8,4,0.5,0.8621973929236499,0.18621973929237035,11.649017213415354,0.5027932960893855,0.025534240724114143,0.026095366621682412,-1.117318435754185,3,13.484217051204457
shuffled_confidence,calibration,0.8,4,0.6,0.8603351955307262,3.700743415417189e-15,13.752459014327508,0.6033519553072626,0.02497521543506444,0.021980676328502417,-1.3035381750465518,3,15.542451688523547
shuffled_confidence,calibration,0.8,4,0.7,0.8584729981378026,-0.18621973929235924,16.25224162548882,0.7039106145251397,0.024438060523687435,0.03412368755047883,-1.4897579143389146,3,17.988073509609247
shuffled_confidence,calibration,0.8,4,0.8,0.8528864059590316,-0.7448789571694555,18.730852454099455,0.8044692737430168,0.02944292499760635,0.04073925985161491,-2.0484171322160107,3,20.416650344862198
shuffled_confidence,calibration,0.8,4,0.9,0.8491620111731844,-1.117318435754185,21.446889701314046,0.9050279329608939,0.030666267106183198,0.03836930455635491,-2.4208566108007403,3,23.078238921208364
shuffled_confidence,calibration,0.8,4,1.0,0.8491620111731844,-1.117318435754185,24.450636350690417,1.0,0.027723338232892372,0.03679653679653679,-2.4208566108007403,3,26.022174412112292
shuffled_confidence,calibration,0.8,5,0.1,0.8715083798882681,1.1173184357541925,0.5238755956139207,0.1005586592178771,0.022222222222222223,0.06388888888888888,-0.18621973929236293,3,2.5993165786268015
shuffled_confidence,calibration,0.8,5,0.2,0.8677839851024208,0.7448789571694628,3.0313455802013722,0.2011173184357542,0.03261648745519713,0.05448028673835125,-0.5586592178770925,3,5.057212300859168
shuffled_confidence,calibration,0.8,5,0.3,0.8659217877094972,0.5586592178770999,5.853997875260405,0.3016759776536313,0.027944017570025233,0.03628035675908016,-0.7448789571694555,3,7.819852347435425
shuffled_confidence,calibration,0.8,5,0.4,0.8640595903165735,0.3724394785847333,9.005568934945925,0.4022346368715084,0.02630290171273778,0.03214853128718091,-0.9310986964618221,3,10.898562329424566
shuffled_confidence,calibration,0.8,5,0.5,0.8621973929236499,0.18621973929237035,11.619906012408183,0.5027932960893855,0.025534240724114143,0.026095366621682412,-1.117318435754185,3,13.455948497185362
shuffled_confidence,calibration,0.8,5,0.6,0.8603351955307262,3.700743415417189e-15,13.71881100277376,0.6033519553072626,0.02497521543506444,0.021980676328502417,-1.3035381750465518,3,15.509723792554686
shuffled_confidence,calibration,0.8,5,0.7,0.8584729981378026,-0.18621973929235924,16.218593613935074,0.7039106145251397,0.024438060523687435,0.03412368755047883,-1.4897579143389146,3,17.955345613640382
shuffled_confidence,calibration,0.8,5,0.8,0.8528864059590316,-0.7448789571694555,18.697204442545708,0.8044692737430168,0.02944292499760635,0.04073925985161491,-2.0484171322160107,3,20.383922448893326
shuffled_confidence,calibration,0.8,5,0.9,0.8491620111731844,-1.117318435754185,21.404546136212698,0.9050279329608939,0.030666267106183198,0.03836930455635491,-2.4208566108007403,3,23.03695912148907
shuffled_confidence,calibration,0.8,5,1.0,0.8491620111731844,-1.117318435754185,24.342383010148595,1.0,0.027723338232892372,0.03679653679653679,-2.4208566108007403,3,25.917041861963238
shuffled_confidence,calibration,0.8,6,0.1,0.8715083798882681,1.1173184357541925,0.48417850333141166,0.1005586592178771,0.022222222222222223,0.06388888888888888,-0.18621973929236293,3,2.560437997321733
shuffled_confidence,calibration,0.8,6,0.2,0.8677839851024208,0.7448789571694628,2.9585045664258423,0.2011173184357542,0.03261648745519713,0.05448028673835125,-0.5586592178770925,3,4.985965189911786
shuffled_confidence,calibration,0.8,6,0.3,0.8659217877094972,0.5586592178770999,5.719153784015055,0.3016759776536313,0.027944017570025233,0.03628035675908016,-0.7448789571694555,3,7.688537257116279
shuffled_confidence,calibration,0.8,6,0.4,0.8640595903165735,0.3724394785847333,8.85345975912057,0.4022346368715084,0.02630290171273778,0.03214853128718091,-0.9310986964618221,3,10.750367807832525
shuffled_confidence,calibration,0.8,6,0.5,0.8621973929236499,0.18621973929237035,11.461117643278152,0.5027932960893855,0.025534240724114143,0.026095366621682412,-1.117318435754185,3,13.301175453241372
shuffled_confidence,calibration,0.8,6,0.6,0.8603351955307262,3.700743415417189e-15,13.505958974630413,0.6033519553072626,0.02497521543506444,0.021980676328502417,-1.3035381750465518,3,15.30192393277866
shuffled_confidence,calibration,0.8,6,0.7,0.8584729981378026,-0.18621973929235924,15.95054372414176,0.7039106145251397,0.024438060523687435,0.03412368755047883,-1.4897579143389146,3,17.69337770662549
shuffled_confidence,calibration,0.8,6,0.8,0.8528864059590316,-0.7448789571694555,18.38151804201339,0.8044692737430168,0.02944292499760635,0.04073925985161491,-2.0484171322160107,3,20.074990961017214
shuffled_confidence,calibration,0.8,6,0.9,0.8491620111731844,-1.117318435754185,20.936876582370214,0.9050279329608939,0.030666267106183198,0.03836930455635491,-2.4208566108007403,3,22.578860480063774
shuffled_confidence,calibration,0.8,6,1.0,0.8491620111731844,-1.117318435754185,23.838671016963893,1.0,0.027723338232892372,0.03679653679653679,-2.4208566108007403,3,25.423926622424972
shuffled_confidence,calibration,0.8,7,0.1,0.8715083798882681,1.1173184357541925,0.15009281558244028,0.1005586592178771,0.022222222222222223,0.06388888888888888,-0.18621973929236293,3,2.2340979772747813
shuffled_confidence,calibration,0.8,7,0.2,0.8677839851024208,0.7448789571694628,2.36065375439977,0.2011173184357542,0.03261648745519713,0.05448028673835125,-0.5586592178770925,3,4.400525932516131
shuffled_confidence,calibration,0.8,7,0.3,0.8659217877094972,0.5586592178770999,4.92495989333455,0.3016759776536313,0.027944017570025233,0.03628035675908016,-0.7448789571694555,3,6.9106337600950525
shuffled_confidence,calibration,0.8,7,0.4,0.8640595903165735,0.3724394785847333,7.6804421878012805,0.4022346368715084,0.02630290171273778,0.03214853128718091,-0.9310986964618221,3,9.601001222249046
shuffled_confidence,calibration,0.8,7,0.5,0.8621973929236499,0.18621973929237035,9.966994703273691,0.5027932960893855,0.025534240724114143,0.026095366621682412,-1.117318435754185,3,11.838923738858245
shuffled_confidence,calibration,0.8,7,0.6,0.8603351955307262,3.700743415417189e-15,11.872329110318855,0.6033519553072626,0.02497521543506444,0.021980676328502417,-1.3035381750465518,3,13.703224409468476
shuffled_confidence,calibration,0.8,7,0.7,0.8584729981378026,-0.18621973929235924,14.047855789915427,0.7039106145251397,0.024438060523687435,0.03412368755047883,-1.4897579143389146,3,15.831768225941245
shuffled_confidence,calibration,0.8,7,0.8,0.8528864059590316,-0.7448789571694555,16.262323426703418,0.8044692737430168,0.02944292499760635,0.04073925985161491,-2.0484171322160107,3,18.00167409150002
shuffled_confidence,calibration,0.8,7,0.9,0.8491620111731844,-1.117318435754185,18.520394853744573,0.9050279329608939,0.030666267106183198,0.03836930455635491,-2.4208566108007403,3,20.21373761000384
shuffled_confidence,calibration,0.8,7,1.0,0.8491620111731844,-1.117318435754185,21.248026172355956,1.0,0.027723338232892372,0.03679653679653679,-2.4208566108007403,3,22.888723052512
shuffled_confidence,calibration,0.8,8,0.1,0.8715083798882681,1.1173184357541925,-0.38726718915600794,0.1005586592178771,0.022222222222222223,0.06388888888888888,-0.18621973929236293,3,1.7073613610243028
shuffled_confidence,calibration,0.8,8,0.2,0.8677839851024208,0.7448789571694628,1.2648879848873862,0.2011173184357542,0.03261648745519713,0.05448028673835125,-0.5586592178770925,3,3.326666778543711
shuffled_confidence,calibration,0.8,8,0.3,0.8659217877094972,0.5586592178770999,3.232855581978289,0.3016759776536313,0.027944017570025233,0.03628035675908016,-0.7448789571694555,3,5.252994581969291
shuffled_confidence,calibration,0.8,8,0.4,0.8640595903165735,0.3724394785847333,5.481097252835199,0.4022346368715084,0.02630290171273778,0.03214853128718091,-0.9310986964618221,3,7.44646048988545
shuffled_confidence,calibration,0.8,8,0.5,0.8621973929236499,0.18621973929237035,7.261543347334446,0.5027932960893855,0.025534240724114143,0.026095366621682412,-1.117318435754185,3,9.1899056798877
shuffled_confidence,calibration,0.8,8,0.6,0.8603351955307262,3.700743415417189e-15,8.666568369104832,0.6033519553072626,0.02497521543506444,0.021980676328502417,-1.3035381750465518,3,10.565946787781803
shuffled_confidence,calibration,0.8,8,0.7,0.8584729981378026,-0.18621973929235924,10.16674038983805,0.7039106145251397,0.024438060523687435,0.03412368755047883,-1.4897579143389146,3,12.035357989084195
shuffled_confidence,calibration,0.8,8,0.8,0.8528864059590316,-0.7448789571694555,11.908245527145885,0.8044692737430168,0.02944292499760635,0.04073925985161491,-2.0484171322160107,3,13.742182406189855
shuffled_confidence,calibration,0.8,8,0.9,0.8472998137802608,-1.3035381750465518,13.679365955521616,0.9050279329608939,0.03303033330003663,0.0407673860911271,-2.607076350093107,3,15.477065748242387
shuffled_confidence,calibration,0.8,8,1.0,0.8472998137802608,-1.3035381750465518,16.067492618231178,1.0,0.029846480483423157,0.03896103896103896,-2.607076350093107,3,17.81884251551171
shuffled_confidence,calibration,0.85,4,0.1,0.8715083798882681,1.1173184357541925,0.13244966345687947,0.1005586592178771,0.022222222222222223,0.06388888888888888,-0.18621973929236293,3,2.215521652462319
shuffled_confidence,calibration,0.85,4,0.2,0.8677839851024208,0.7448789571694628,2.2215248976382163,0.2011173184357542,0.03261648745519713,0.05448028673835125,-0.5586592178770925,3,4.263126502741876
shuffled_confidence,calibration,0.85,4,0.3,0.8659217877094972,0.5586592178770999,4.66220294917891,0.3016759776536313,0.027944017570025233,0.03628035675908016,-0.7448789571694555,3,6.65238107063935
shuffled_confidence,calibration,0.85,4,0.4,0.8659217877094972,0.5586592178770999,7.166396348371602,0.4022346368715084,0.02117469658453265,0.027020326158975785,-0.7448789571694555,3,9.097304382875556
shuffled_confidence,calibration,0.85,4,0.5,0.8640595903165735,0.3724394785847333,9.30008355292757,0.5027932960893855,0.02131483144141372,0.021821862348178137,-0.9310986964618221,3,11.18517645362969
shuffled_confidence,calibration,0.85,4,0.6,0.8621973929236499,0.18621973929236665,11.06225638272534,0.6033519553072626,0.021429116144284298,0.018357487922705314,-1.1173184357541888,3,12.909495756877154
shuffled_confidence,calibration,0.85,4,0.7,0.8603351955307262,3.700743415417189e-15,13.134696644902585,0.7039106145251397,0.021407757493384406,0.031008422752971037,-1.3035381750465518,3,14.938177438848607
shuffled_confidence,calibration,0.85,4,0.8,0.8566108007448789,-0.37243947858472587,15.136816343607961,0.8044692737430168,0.02410925030909295,0.0353192056510729,-1.6759776536312814,3,16.899180151409745
shuffled_confidence,calibration,0.85,4,0.9,0.8528864059590316,-0.7448789571694555,17.44869938463206,0.9050279329608939,0.025954783071954184,0.03597122302158273,-2.0484171322160107,3,19.1639470796571
shuffled_confidence,calibration,0.85,4,1.0,0.8528864059590316,-0.7448789571694555,20.08748483003974,1.0,0.0234498339593881,0.03463203463203463,-2.0484171322160107,3,21.75151735366183
shuffled_confidence,calibration,0.85,5,0.1,0.8715083798882681,1.1173184357541925,0.13081137075950192,0.1005586592178771,0.022222222222222223,0.06388888888888888,-0.18621973929236293,3,2.2139344904057445
shuffled_confidence,calibration,0.85,5,0.2,0.8677839851024208,0.7448789571694628,2.219886604940846,0.2011173184357542,0.03261648745519713,0.05448028673835125,-0.5586592178770925,3,4.261539340685308
shuffled_confidence,calibration,0.85,5,0.3,0.8659217877094972,0.5586592178770999,4.660564656481537,0.3016759776536313,0.027944017570025233,0.03628035675908016,-0.7448789571694555,3,6.6507939085827825
shuffled_confidence,calibration,0.85,5,0.4,0.8659217877094972,0.5586592178770999,7.163497830522399,0.4022346368715084,0.02117469658453265,0.027020326158975785,-0.7448789571694555,3,9.094496326929313
shuffled_confidence,calibration,0.85,5,0.5,0.8640595903165735,0.3724394785847333,9.297185035078373,0.5027932960893855,0.02131483144141372,0.021821862348178137,-0.9310986964618221,3,11.182368397683447
shuffled_confidence,calibration,0.85,5,0.6,0.8621973929236499,0.18621973929236665,11.059357864876144,0.6033519553072626,0.021429116144284298,0.018357487922705314,-1.1173184357541888,3,12.906687700930915
shuffled_confidence,calibration,0.85,5,0.7,0.8603351955307262,3.700743415417189e-15,13.131798127053388,0.7039106145251397,0.021407757493384406,0.031008422752971037,-1.3035381750465518,3,14.935369382902367
shuffled_confidence,calibration,0.85,5,0.8,0.8566108007448789,-0.37243947858472587,15.133917825758763,0.8044692737430168,0.02410925030909295,0.0353192056510729,-1.6759776536312814,3,16.896372095463498
shuffled_confidence,calibration,0.85,5,0.9,0.8528864059590316,-0.7448789571694555,17.444162574085496,0.9050279329608939,0.025954783071954184,0.03597122302158273,-2.0484171322160107,3,19.159523874104526
shuffled_confidence,calibration,0.85,5,1.0,0.8528864059590316,-0.7448789571694555,20.082948019493163,1.0,0.0234498339593881,0.03463203463203463,-2.0484171322160107,3,21.74709414810925
shuffled_confidence,calibration,0.85,6,0.1,0.8715083798882681,1.1173184357541925,0.12022547948417062,0.1005586592178771,0.022222222222222223,0.06388888888888888,-0.18621973929236293,3,2.203678981732519
shuffled_confidence,calibration,0.85,6,0.2,0.8677839851024208,0.7448789571694628,2.2065282183314974,0.2011173184357542,0.03261648745519713,0.05448028673835125,-0.5586592178770925,3,4.248597865454802
shuffled_confidence,calibration,0.85,6,0.3,0.8659217877094972,0.5586592178770999,4.622379834381219,0.3016759776536313,0.027944017570025233,0.03628035675908016,-0.7448789571694555,3,6.613800823725772
shuffled_confidence,calibration,0.85,6,0.4,0.8659217877094972,0.5586592178770999,7.122792558118436,0.4022346368715084,0.02117469658453265,0.027020326158975785,-0.7448789571694555,3,9.055061454292968
shuffled_confidence,calibration,0.85,6,0.5,0.8640595903165735,0.3724394785847333,9.256479762674404,0.5027932960893855,0.02131483144141372,0.021821862348178137,-0.9310986964618221,3,11.142933525047098
shuffled_confidence,calibration,0.85,6,0.6,0.8621973929236499,0.18621973929236665,11.010587151500495,0.6033519553072626,0.021429116144284298,0.018357487922705314,-1.1173184357541888,3,12.85932510927275
shuffled_confidence,calibration,0.85,6,0.7,0.8603351955307262,3.700743415417189e-15,13.03400465527172,0.7039106145251397,0.021407757493384406,0.031008422752971037,-1.3035381750465518,3,14.839821124064711
shuffled_confidence,calibration,0.85,6,0.8,0.8566108007448789,-0.37243947858472587,15.03108345336978,0.8044692737430168,0.02410925030909295,0.0353192056510729,-1.6759776536312814,3,16.795854145529404
shuffled_confidence,calibration,0.85,6,0.9,0.8528864059590316,-0.7448789571694555,17.22740384797149,0.9050279329608939,0.025954783071954184,0.03597122302158273,-2.0484171322160107,3,18.94706210397175
shuffled_confidence,calibration,0.85,6,1.0,0.8528864059590316,-0.7448789571694555,19.86392088810588,1.0,0.0234498339593881,0.03463203463203463,-2.0484171322160107,3,21.532434768975072
shuffled_confidence,calibration,0.85,7,0.1,0.8715083798882681,1.1173184357541925,-0.07170681113886819,0.1005586592178771,0.022222222222222223,0.06388888888888888,-0.18621973929236293,3,2.0168551391702705
shuffled_confidence,calibration,0.85,7,0.2,0.8677839851024208,0.7448789571694628,1.9517106926323506,0.2011173184357542,0.03261648745519713,0.05448028673835125,-0.5586592178770925,3,4.0001033050834724
shuffled_confidence,calibration,0.85,7,0.3,0.8659217877094972,0.5586592178770999,4.248723076864917,0.3016759776536313,0.027944017570025233,0.03628035675908016,-0.7448789571694555,3,6.248901156431634
shuffled_confidence,calibration,0.85,7,0.4,0.8659217877094972,0.5586592178770999,6.652350508941932,0.4022346368715084,0.02117469658453265,0.027020326158975785,-0.7448789571694555,3,8.595250030109876
shuffled_confidence,calibration,0.85,7,0.5,0.8640595903165735,0.3724394785847333,8.690008556928786,0.5027932960893855,0.02131483144141372,0.021821862348178137,-0.9310986964618221,3,10.589341847019961
shuffled_confidence,calibration,0.85,7,0.6,0.8621973929236499,0.18621973929236665,10.40618316868492,0.6033519553072626,0.021429116144284298,0.018357487922705314,-1.1173184357541888,3,12.268607825372623
shuffled_confidence,calibration,0.85,7,0.7,0.8603351955307262,3.700743415417189e-15,12.40036344893379,0.7039106145251397,0.021407757493384406,0.031008422752971037,-1.3035381750465518,3,14.220396139463217
shuffled_confidence,calibration,0.85,7,0.8,0.8566108007448789,-0.37243947858472587,14.334809056986128,0.8044692737430168,0.02410925030909295,0.0353192056510729,-1.6759776536312814,3,16.115595971917475
shuffled_confidence,calibration,0.85,7,0.9,0.8528864059590316,-0.7448789571694555,16.32432650417324,0.9050279329608939,0.025954783071954184,0.03597122302158273,-2.0484171322160107,3,18.063949235838077
shuffled_confidence,calibration,0.85,7,1.0,0.8528864059590316,-0.7448789571694555,18.90350329989957,1.0,0.0234498339593881,0.03463203463203463,-2.0484171322160107,3,20.593299991566358
shuffled_confidence,calibration,0.85,8,0.1,0.8715083798882681,1.1173184357541925,-0.40541443134229915,0.1005586592178771,0.022222222222222223,0.06388888888888888,-0.18621973929236293,3,1.6895489303156948
shuffled_confidence,calibration,0.85,8,0.2,0.8677839851024208,0.7448789571694628,1.2060354702971288,0.2011173184357542,0.03261648745519713,0.05448028673835125,-0.5586592178770925,3,3.268974240721404
shuffled_confidence,calibration,0.85,8,0.3,0.8659217877094972,0.5586592178770999,3.0517612276609394,0.3016759776536313,0.027944017570025233,0.03628035675908016,-0.7448789571694555,3,5.075972960607115
shuffled_confidence,calibration,0.85,8,0.4,0.8659217877094972,0.5586592178770999,5.155581096118637,0.4022346368715084,0.02117469658453265,0.027020326158975785,-0.7448789571694555,3,7.128339735996977
shuffled_confidence,calibration,0.85,8,0.5,0.8640595903165735,0.3724394785847333,6.841510304230958,0.5027932960893855,0.02131483144141372,0.021821862348178137,-0.9310986964618221,3,8.778901851387873
shuffled_confidence,calibration,0.85,8,0.6,0.8621973929236499,0.18621973929236665,8.164242623587132,0.6033519553072626,0.021429116144284298,0.018357487922705314,-1.1173184357541888,3,10.074324675770825
shuffled_confidence,calibration,0.85,8,0.7,0.8603351955307262,3.700743415417189e-15,9.599639071516522,0.7039106145251397,0.021407757493384406,0.031008422752971037,-1.3035381750465518,3,11.480846558367263
shuffled_confidence,calibration,0.85,8,0.8,0.8547486033519553,-0.5586592178770888,11.273218073140956,0.8044692737430168,0.026797422352103705,0.03802923275134391,-1.8621973929236442,3,13.121086479575384
shuffled_confidence,calibration,0.85,8,0.9,0.851024208566108,-0.9310986964618184,12.999600508626878,0.9050279329608939,0.028318849265807612,0.03836930455635491,-2.234636871508374,3,14.812026436546285
shuffled_confidence,calibration,0.85,8,1.0,0.851024208566108,-0.9310986964618184,15.374368784727082,1.0,0.025586586096140236,0.0367965367965368,-2.234636871508374,3,17.140672919185718
shuffled_confidence,calibration,0.88,4,0.1,0.8715083798882681,1.1173184357541925,-0.2531792330017657,0.1005586592178771,0.022222222222222223,0.06388888888888888,-0.18621973929236293,3,1.8390121622133937
shuffled_confidence,calibration,0.88,4,0.2,0.8677839851024208,0.7448789571694628,1.6778637671406489,0.2011173184357542,0.03261648745519713,0.05448028673835125,-0.5586592178770925,3,3.732104229702371
shuffled_confidence,calibration,0.88,4,0.3,0.8659217877094972,0.5586592178770999,3.8240272006996867,0.3016759776536313,0.027944017570025233,0.03628035675908016,-0.7448789571694555,3,5.832724222833548
shuffled_confidence,calibration,0.88,4,0.4,0.8659217877094972,0.5586592178770999,6.062943205433087,0.4022346368715084,0.02117469658453265,0.027020326158975785,-0.7448789571694555,3,8.01742644470251
shuffled_confidence,calibration,0.88,4,0.5,0.8640595903165735,0.3724394785847333,7.875651063819071,0.5027932960893855,0.02131483144141372,0.021821862348178137,-0.9310986964618221,3,9.79148576295108
shuffled_confidence,calibration,0.88,4,0.6,0.8621973929236499,0.18621973929236665,9.385904885766891,0.6033519553072626,0.021429116144284298,0.018357487922705314,-1.1173184357541888,3,11.269766547388079
shuffled_confidence,calibration,0.88,4,0.7,0.8603351955307262,3.700743415417189e-15,11.2439808496186,0.7039106145251397,0.021407757493384406,0.031008422752971037,-1.3035381750465518,3,13.088015490940604
shuffled_confidence,calibration,0.88,4,0.8,0.8566108007448789,-0.37243947858472587,13.036273060545005,0.8044692737430168,0.02410925030909295,0.0353192056510729,-1.6759776536312814,3,14.844442896058863
shuffled_confidence,calibration,0.88,4,0.9,0.851024208566108,-0.9310986964618221,14.98067444729676,0.9050279329608939,0.028318849265807612,0.03597122302158273,-2.2346368715083775,3,16.748786564756774
shuffled_confidence,calibration,0.88,4,1.0,0.851024208566108,-0.9310986964618221,17.46735071687909,1.0,0.025572976209918885,0.03463203463203463,-2.2346368715083775,3,19.187630104938478
shuffled_confidence,calibration,0.88,5,0.1,0.8715083798882681,1.1173184357541925,-0.25481752569913585,0.1005586592178771,0.022222222222222223,0.06388888888888888,-0.18621973929236293,3,1.8374250001568226
shuffled_confidence,calibration,0.88,5,0.2,0.8677839851024208,0.7448789571694628,1.6762254744432714,0.2011173184357542,0.03261648745519713,0.05448028673835125,-0.5586592178770925,3,3.730517067645796
shuffled_confidence,calibration,0.88,5,0.3,0.8659217877094972,0.5586592178770999,3.8223889080023126,0.3016759776536313,0.027944017570025233,0.03628035675908016,-0.7448789571694555,3,5.831137060776977
shuffled_confidence,calibration,0.88,5,0.4,0.8659217877094972,0.5586592178770999,6.061304912735717,0.4022346368715084,0.02117469658453265,0.027020326158975785,-0.7448789571694555,3,8.015839282645942
shuffled_confidence,calibration,0.88,5,0.5,0.8640595903165735,0.3724394785847333,7.874012771121701,0.5027932960893855,0.02131483144141372,0.021821862348178137,-0.9310986964618221,3,9.789898600894512
shuffled_confidence,calibration,0.88,5,0.6,0.8621973929236499,0.18621973929236665,9.384266593069519,0.6033519553072626,0.021429116144284298,0.018357487922705314,-1.1173184357541888,3,11.268179385331507
shuffled_confidence,calibration,0.88,5,0.7,0.8603351955307262,3.700743415417189e-15,11.242342556921226,0.7039106145251397,0.021407757493384406,0.031008422752971037,-1.3035381750465518,3,13.086428328884036
shuffled_confidence,calibration,0.88,5,0.8,0.8566108007448789,-0.37243947858472587,13.034634767847631,0.8044692737430168,0.02410925030909295,0.0353192056510729,-1.6759776536312814,3,14.842855734002292
shuffled_confidence,calibration,0.88,5,0.9,0.851024208566108,-0.9310986964618221,14.977397861902013,0.9050279329608939,0.028318849265807612,0.03597122302158273,-2.2346368715083775,3,16.745584253093863
shuffled_confidence,calibration,0.88,5,1.0,0.851024208566108,-0.9310986964618221,17.464074131484335,1.0,0.025572976209918885,0.03463203463203463,-2.2346368715083775,3,19.184427793275564
shuffled_confidence,calibration,0.88,6,0.1,0.8715083798882681,1.1173184357541925,-0.2593543362457096,0.1005586592178771,0.022222222222222223,0.06388888888888888,-0.18621973929236293,3,1.8330297821540127
shuffled_confidence,calibration,0.88,6,0.2,0.8677839851024208,0.7448789571694628,1.6716886638966977,0.2011173184357542,0.03261648745519713,0.05448028673835125,-0.5586592178770925,3,3.7261218496429827
shuffled_confidence,calibration,0.88,6,0.3,0.8659217877094972,0.5586592178770999,3.817852097455739,0.3016759776536313,0.027944017570025233,0.03628035675908016,-0.7448789571694555,3,5.8267418427741635
shuffled_confidence,calibration,0.88,6,0.4,0.8659217877094972,0.5586592178770999,6.056768102189143,0.4022346368715084,0.02117469658453265,0.027020326158975785,-0.7448789571694555,3,8.011444064643129
shuffled_confidence,calibration,0.88,6,0.5,0.8640595903165735,0.3724394785847333,7.869475960575127,0.5027932960893855,0.02131483144141372,0.021821862348178137,-0.9310986964618221,3,9.785503382891699
shuffled_confidence,calibration,0.88,6,0.6,0.8621973929236499,0.18621973929236665,9.379729782522947,0.6033519553072626,0.021429116144284298,0.018357487922705314,-1.1173184357541888,3,11.263784167328694
shuffled_confidence,calibration,0.88,6,0.7,0.8603351955307262,3.700743415417189e-15,11.237805746374656,0.7039106145251397,0.021407757493384406,0.031008422752971037,-1.3035381750465518,3,13.082033110881223
shuffled_confidence,calibration,0.88,6,0.8,0.8566108007448789,-0.37243947858472587,13.030097957301061,0.8044692737430168,0.02410925030909295,0.0353192056510729,-1.6759776536312814,3,14.838460515999477
shuffled_confidence,calibration,0.88,6,0.9,0.851024208566108,-0.9310986964618221,14.947152458258198,0.9050279329608939,0.028318849265807612,0.03597122302158273,-2.2346368715083775,3,16.71589229896729
shuffled_confidence,calibration,0.88,6,1.0,0.851024208566108,-0.9310986964618221,17.43382872784052,1.0,0.025572976209918885,0.03463203463203463,-2.2346368715083775,3,19.154735839148984
shuffled_confidence,calibration,0.88,7,0.1,0.8715083798882681,1.1173184357541925,-0.2885915597680662,0.1005586592178771,0.022222222222222223,0.06388888888888888,-0.18621973929236293,3,1.8044352944824056
shuffled_confidence,calibration,0.88,7,0.2,0.8677839851024208,0.7448789571694628,1.594814929635339,0.2011173184357542,0.03261648745519713,0.05448028673835125,-0.5586592178770925,3,3.650844987937918
shuffled_confidence,calibration,0.88,7,0.3,0.8659217877094972,0.5586592178770999,3.6848983439381326,0.3016759776536313,0.027944017570025233,0.03628035675908016,-0.7448789571694555,3,5.6964214883087
shuffled_confidence,calibration,0.88,7,0.4,0.8659217877094972,0.5586592178770999,5.899870070786857,0.4022346368715084,0.02117469658453265,0.027020326158975785,-0.7448789571694555,3,7.857700511238826
shuffled_confidence,calibration,0.88,7,0.5,0.8640595903165735,0.3724394785847333,7.688759673803329,0.5027932960893855,0.02131483144141372,0.021821862348178137,-0.9310986964618221,3,9.608278039056783
shuffled_confidence,calibration,0.88,7,0.6,0.8621973929236499,0.18621973929236665,9.195232820295681,0.6033519553072626,0.021429116144284298,0.018357487922705314,-1.1173184357541888,3,11.082896141824772
shuffled_confidence,calibration,0.88,7,0.7,0.8603351955307262,3.700743415417189e-15,11.048393906055265,0.7039106145251397,0.021407757493384406,0.031008422752971037,-1.3035381750465518,3,12.896314131598386
shuffled_confidence,calibration,0.88,7,0.8,0.8566108007448789,-0.37243947858472587,12.82052251455245,0.8044692737430168,0.02410925030909295,0.0353192056510729,-1.6759776536312814,3,14.633207234481905
shuffled_confidence,calibration,0.88,7,0.9,0.851024208566108,-0.9310986964618221,14.690192549800948,0.9050279329608939,0.028318849265807612,0.03597122302158273,-2.2346368715083775,3,16.464466631108415
shuffled_confidence,calibration,0.88,7,1.0,0.851024208566108,-0.9310986964618221,17.161368050015817,1.0,0.025572976209918885,0.03463203463203463,-2.2346368715083775,3,18.888293176447167
shuffled_confidence,calibration,0.88,8,0.1,0.8715083798882681,1.1173184357541925,-0.5083748262464494,0.1005586592178771,0.022222222222222223,0.06388888888888888,-0.18621973929236293,3,1.5888184986250997
shuffled_confidence,calibration,0.88,8,0.2,0.8677839851024208,0.7448789571694628,1.0457348309849086,0.2011173184357542,0.03261648745519713,0.05448028673835125,-0.5586592178770925,3,3.112468703236452
shuffled_confidence,calibration,0.88,8,0.3,0.8659217877094972,0.5586592178770999,2.748425033616512,0.3016759776536313,0.027944017570025233,0.03628035675908016,-0.7448789571694555,3,4.779081178027896
shuffled_confidence,calibration,0.88,8,0.4,0.8659217877094972,0.5586592178770999,4.765415389113429,0.4022346368715084,0.02117469658453265,0.027020326158975785,-0.7448789571694555,3,6.746478758582422
shuffled_confidence,calibration,0.88,8,0.5,0.8640595903165735,0.3724394785847333,6.370942232539274,0.5027932960893855,0.02131483144141372,0.021821862348178137,-0.9310986964618221,3,8.318251343543748
shuffled_confidence,calibration,0.88,8,0.6,0.8621973929236499,0.18621973929236665,7.600039823114802,0.6033519553072626,0.021429116144284298,0.018357487922705314,-1.1173184357541888,3,9.521787718636746
shuffled_confidence,calibration,0.88,8,0.7,0.8603351955307262,3.700743415417189e-15,8.975449553817286,0.7039106145251397,0.021407757493384406,0.031008422752971037,-1.3035381750465518,3,10.869410341372028
shuffled_confidence,calibration,0.88,8,0.8,0.8566108007448789,-0.37243947858472587,10.557284164388822,0.8044692737430168,0.02410925030909295,0.0353192056510729,-1.6759776536312814,3,12.420304163508334
shuffled_confidence,calibration,0.88,8,0.9,0.851024208566108,-0.9310986964618221,12.253673241261295,0.9050279329608939,0.028318849265807612,0.03597122302158273,-2.2346368715083775,3,14.081869823966723
shuffled_confidence,calibration,0.88,8,1.0,0.851024208566108,-0.9310986964618221,14.557490841313717,1.0,0.025572976209918885,0.03463203463203463,-2.2346368715083775,3,16.34130221394746
shuffled_confidence,calibration,0.9,4,0.1,0.8715083798882681,1.1173184357541925,-0.3827303786094342,0.1005586592178771,0.022222222222222223,0.06388888888888888,-0.18621973929236293,3,1.711620399718013
shuffled_confidence,calibration,0.9,4,0.2,0.8677839851024208,0.7448789571694628,1.3484409124534265,0.2011173184357542,0.03261648745519713,0.05448028673835125,-0.5586592178770925,3,3.4084791830548062
shuffled_confidence,calibration,0.9,4,0.3,0.8677839851024208,0.7448789571694628,3.2680158637142167,0.3016759776536313,0.02114129648158986,0.03628035675908016,-0.5586592178770925,3,5.287853746389389
shuffled_confidence,calibration,0.9,4,0.4,0.8677839851024208,0.7448789571694628,5.38191753338653,0.4022346368715084,0.01588369129352736,0.027020326158975785,-0.5586592178770925,3,7.350596170254143
shuffled_confidence,calibration,0.9,4,0.5,0.8659217877094972,0.5586592178770963,7.038861563006856,0.5027932960893855,0.017041327167909445,0.021821862348178137,-0.7448789571694592,3,8.971903187320803
shuffled_confidence,calibration,0.9,4,0.6,0.8640595903165735,0.3724394785847296,8.384403957611076,0.6033519553072626,0.017844886753603295,0.018357487922705314,-0.9310986964618259,3,10.288747461128889
shuffled_confidence,calibration,0.9,4,0.7,0.8621973929236499,0.18621973929236665,10.027989600622059,0.7039106145251397,0.018321337740297986,0.031008422752971037,-1.1173184357541888,3,11.896935081085791
shuffled_confidence,calibration,0.9,4,0.8,0.8603351955307262,0.0,11.668424680753468,0.8044692737430168,0.018753720563319302,0.03260917855080191,-1.3035381750465553,3,13.504093613789577
shuffled_confidence,calibration,0.9,4,0.9,0.8547486033519553,-0.5586592178770925,13.485417304655655,0.9050279329608939,0.023607365231578595,0.03357314148681055,-1.862197392923648,3,15.28395772170309
shuffled_confidence,calibration,0.9,4,1.0,0.8547486033519553,-0.5586592178770925,15.655398993584202,1.0,0.021313081822635964,0.032467532467532464,-1.862197392923648,3,17.411686265379092
shuffled_confidence,calibration,0.9,5,0.1,0.8715083798882681,1.1173184357541925,-0.38436867130680435,0.1005586592178771,0.022222222222222223,0.06388888888888888,-0.18621973929236293,3,1.710033237661442
shuffled_confidence,calibration,0.9,5,0.2,0.8677839851024208,0.7448789571694628,1.346802619756049,0.2011173184357542,0.03261648745519713,0.05448028673835125,-0.5586592178770925,3,3.406892020998235
shuffled_confidence,calibration,0.9,5,0.3,0.8677839851024208,0.7448789571694628,3.266377571016843,0.3016759776536313,0.02114129648158986,0.03628035675908016,-0.5586592178770925,3,5.2862665843328145
shuffled_confidence,calibration,0.9,5,0.4,0.8677839851024208,0.7448789571694628,5.380279240689156,0.4022346368715084,0.01588369129352736,0.027020326158975785,-0.5586592178770925,3,7.349009008197575
shuffled_confidence,calibration,0.9,5,0.5,0.8659217877094972,0.5586592178770963,7.037223270309482,0.5027932960893855,0.017041327167909445,0.021821862348178137,-0.7448789571694592,3,8.970316025264236
shuffled_confidence,calibration,0.9,5,0.6,0.8640595903165735,0.3724394785847296,8.382765664913704,0.6033519553072626,0.017844886753603295,0.018357487922705314,-0.9310986964618259,3,10.28716029907232
shuffled_confidence,calibration,0.9,5,0.7,0.8621973929236499,0.18621973929236665,10.026351307924681,0.7039106145251397,0.018321337740297986,0.031008422752971037,-1.1173184357541888,3,11.895347919029216
shuffled_confidence,calibration,0.9,5,0.8,0.8603351955307262,0.0,11.66678638805609,0.8044692737430168,0.018753720563319302,0.03260917855080191,-1.3035381750465553,3,13.502506451733002
shuffled_confidence,calibration,0.9,5,0.9,0.8547486033519553,-0.5586592178770925,13.482140719260908,0.9050279329608939,0.023607365231578595,0.03357314148681055,-1.862197392923648,3,15.280755410040177
shuffled_confidence,calibration,0.9,5,1.0,0.8547486033519553,-0.5586592178770925,15.652122408189458,1.0,0.021313081822635964,0.032467532467532464,-1.862197392923648,3,17.40848395371619
shuffled_confidence,calibration,0.9,6,0.1,0.8715083798882681,1.1173184357541925,-0.3889054818533781,0.1005586592178771,0.022222222222222223,0.06388888888888888,-0.18621973929236293,3,1.7056380196586285
shuffled_confidence,calibration,0.9,6,0.2,0.8677839851024208,0.7448789571694628,1.3422658092094826,0.2011173184357542,0.03261648745519713,0.05448028673835125,-0.5586592178770925,3,3.402496802995425
shuffled_confidence,calibration,0.9,6,0.3,0.8677839851024208,0.7448789571694628,3.2618407604702693,0.3016759776536313,0.02114129648158986,0.03628035675908016,-0.5586592178770925,3,5.281871366330004
shuffled_confidence,calibration,0.9,6,0.4,0.8677839851024208,0.7448789571694628,5.375742430142586,0.4022346368715084,0.01588369129352736,0.027020326158975785,-0.5586592178770925,3,7.344613790194762
shuffled_confidence,calibration,0.9,6,0.5,0.8659217877094972,0.5586592178770963,7.032686459762912,0.5027932960893855,0.017041327167909445,0.021821862348178137,-0.7448789571694592,3,8.965920807261423
shuffled_confidence,calibration,0.9,6,0.6,0.8640595903165735,0.3724394785847296,8.378228854367132,0.6033519553072626,0.017844886753603295,0.018357487922705314,-0.9310986964618259,3,10.282765081069508
shuffled_confidence,calibration,0.9,6,0.7,0.8621973929236499,0.18621973929236665,10.021814497378111,0.7039106145251397,0.018321337740297986,0.031008422752971037,-1.1173184357541888,3,11.890952701026402
shuffled_confidence,calibration,0.9,6,0.8,0.8603351955307262,0.0,11.66224957750952,0.8044692737430168,0.018753720563319302,0.03260917855080191,-1.3035381750465553,3,13.498111233730189
shuffled_confidence,calibration,0.9,6,0.9,0.8547486033519553,-0.5586592178770925,13.457944396345855,0.9050279329608939,0.023607365231578595,0.03357314148681055,-1.862197392923648,3,15.257009245179963
shuffled_confidence,calibration,0.9,6,1.0,0.8547486033519553,-0.5586592178770925,15.627926085274401,1.0,0.021313081822635964,0.032467532467532464,-1.862197392923648,3,17.384737788855976
shuffled_confidence,calibration,0.9,7,0.1,0.8715083798882681,1.1173184357541925,-0.4010036433109006,0.1005586592178771,0.022222222222222223,0.06388888888888888,-0.18621973929236293,3,1.6939174383177973
shuffled_confidence,calibration,0.9,7,0.2,0.8677839851024208,0.7448789571694628,1.3301676477519526,0.2011173184357542,0.03261648745519713,0.05448028673835125,-0.5586592178770925,3,3.3907762216545865
shuffled_confidence,calibration,0.9,7,0.3,0.8677839851024208,0.7448789571694628,3.228948884007617,0.3016759776536313,0.02114129648158986,0.03628035675908016,-0.5586592178770925,3,5.249712134386042
shuffled_confidence,calibration,0.9,7,0.4,0.8677839851024208,0.7448789571694628,5.339195900739635,0.4022346368715084,0.01588369129352736,0.027020326158975785,-0.5586592178770925,3,7.308913965970754
shuffled_confidence,calibration,0.9,7,0.5,0.8659217877094972,0.5586592178770963,6.996139930359961,0.5027932960893855,0.017041327167909445,0.021821862348178137,-0.7448789571694592,3,8.930220983037415
shuffled_confidence,calibration,0.9,7,0.6,0.8640595903165735,0.3724394785847296,8.337901649508709,0.6033519553072626,0.017844886753603295,0.018357487922705314,-0.9310986964618259,3,10.24340257517649
shuffled_confidence,calibration,0.9,7,0.7,0.8621973929236499,0.18621973929236665,9.98148729251969,0.7039106145251397,0.018321337740297986,0.031008422752971037,-1.1173184357541888,3,11.851590195133392
shuffled_confidence,calibration,0.9,7,0.8,0.8603351955307262,0.0,11.601758770221895,0.8044692737430168,0.018753720563319302,0.03260917855080191,-1.3035381750465553,3,13.439214425602456
shuffled_confidence,calibration,0.9,7,0.9,0.8547486033519553,-0.5586592178770925,13.382456909751506,0.9050279329608939,0.023607365231578595,0.03357314148681055,-1.862197392923648,3,15.183438981060423
shuffled_confidence,calibration,0.9,7,1.0,0.8547486033519553,-0.5586592178770925,15.552438598680045,1.0,0.021313081822635964,0.032467532467532464,-1.862197392923648,3,17.311167524736426
shuffled_confidence,calibration,0.9,8,0.1,0.8715083798882681,1.1173184357541925,-0.5393763649813551,0.1005586592178771,0.022222222222222223,0.06388888888888888,-0.18621973929236293,3,1.5583182436387195
shuffled_confidence,calibration,0.9,8,0.2,0.8677839851024208,0.7448789571694628,0.9377335354734617,0.2011173184357542,0.03261648745519713,0.05448028673835125,-0.5586592178770925,3,3.0064143917415964
shuffled_confidence,calibration,0.9,8,0.3,0.8659217877094972,0.5586592178770999,2.537463343200904,0.3016759776536313,0.027944017570025233,0.03628035675908016,-0.7448789571694555,3,4.572382100489543
shuffled_confidence,calibration,0.9,8,0.4,0.8659217877094972,0.5586592178770999,4.52307409241736,0.4022346368715084,0.02117469658453265,0.027020326158975785,-0.7448789571694555,3,6.509050788515717
shuffled_confidence,calibration,0.9,8,0.5,0.8640595903165735,0.3724394785847333,6.041141310306508,0.5027932960893855,0.02131483144141372,0.021821862348178137,-0.9310986964618221,3,7.995142671228387
shuffled_confidence,calibration,0.9,8,0.6,0.8621973929236499,0.18621973929236665,7.196641752015424,0.6033519553072626,0.021429116144284298,0.018357487922705314,-1.1173184357541888,3,9.126783270650867
shuffled_confidence,calibration,0.9,8,0.7,0.8603351955307262,3.700743415417189e-15,8.446154990050532,0.7039106145251397,0.021407757493384406,0.031008422752971037,-1.3035381750465518,3,10.350959783287417
shuffled_confidence,calibration,0.9,8,0.8,0.8584729981378026,-0.18621973929236293,9.939017704903167,0.8044692737430168,0.021463747663590306,0.03260917855080191,-1.4897579143389184,3,11.81432643934803
shuffled_confidence,calibration,0.9,8,0.9,0.8528864059590316,-0.7448789571694592,11.57970483006494,0.9050279329608939,0.025971431425432026,0.03357314148681055,-2.0484171322160147,3,13.4214395682223
shuffled_confidence,calibration,0.9,8,1.0,0.8528864059590316,-0.7448789571694592,13.61963128332508,1.0,0.02343622407316675,0.032467532467532464,-2.0484171322160147,3,15.421343273992298
shuffled_confidence,calibration,0.92,4,0.1,0.8715083798882681,1.1173184357541925,-0.5271521810086536,0.1005586592178771,0.022222222222222223,0.06388888888888888,-0.18621973929236293,3,1.5703235592016658
shuffled_confidence,calibration,0.92,4,0.2,0.8677839851024208,0.7448789571694628,1.0918590715417231,0.2011173184357542,0.03261648745519713,0.05448028673835125,-0.5586592178770925,3,3.157120034913115
shuffled_confidence,calibration,0.92,4,0.3,0.8659217877094972,0.5586592178770999,2.819879799725026,0.3016759776536313,0.027944017570025233,0.03628035675908016,-0.7448789571694555,3,4.849351408099475
shuffled_confidence,calibration,0.92,4,0.4,0.8659217877094972,0.5586592178770999,4.795660792757236,0.4022346368715084,0.02117469658453265,0.027020326158975785,-0.7448789571694555,3,6.777478735956936
shuffled_confidence,calibration,0.92,4,0.5,0.8640595903165735,0.3724394785847333,6.288271462579512,0.5027932960893855,0.02131483144141372,0.021821862348178137,-0.9310986964618221,3,8.238651814628476
shuffled_confidence,calibration,0.92,4,0.6,0.8621973929236499,0.18621973929236665,7.477293893326986,0.6033519553072626,0.021429116144284298,0.018357487922705314,-1.1173184357541888,3,9.40294540850715
shuffled_confidence,calibration,0.92,4,0.7,0.8603351955307262,3.700743415417189e-15,8.95087516335669,0.7039106145251397,0.021407757493384406,0.031008422752971037,-1.3035381750465518,3,10.84397776457496
shuffled_confidence,calibration,0.92,4,0.8,0.8584729981378026,-0.18621973929236293,10.310280034630996,0.8044692737430168,0.021463747663590306,0.03260917855080191,-1.4897579143389184,3,12.175714211417935
shuffled_confidence,calibration,0.92,4,0.9,0.8547486033519553,-0.5586592178770925,11.953613632611612,0.9050279329608939,0.023607365231578595,0.03117505995203837,-1.862197392923648,3,13.784927820541997
shuffled_confidence,calibration,0.92,4,1.0,0.8547486033519553,-0.5586592178770925,13.991901793174375,1.0,0.021313081822635964,0.0303030303030303,-1.862197392923648,3,15.783465235628283
shuffled_confidence,calibration,0.92,5,0.1,0.8715083798882681,1.1173184357541925,-0.5271521810086536,0.1005586592178771,0.022222222222222223,0.06388888888888888,-0.18621973929236293,3,1.5703235592016658
shuffled_confidence,calibration,0.92,5,0.2,0.8677839851024208,0.7448789571694628,1.0918590715417231,0.2011173184357542,0.03261648745519713,0.05448028673835125,-0.5586592178770925,3,3.157120034913115
shuffled_confidence,calibration,0.92,5,0.3,0.8659217877094972,0.5586592178770999,2.819879799725026,0.3016759776536313,0.027944017570025233,0.03628035675908016,-0.7448789571694555,3,4.849351408099475
shuffled_confidence,calibration,0.92,5,0.4,0.8659217877094972,0.5586592178770999,4.795660792757236,0.4022346368715084,0.02117469658453265,0.027020326158975785,-0.7448789571694555,3,6.777478735956936
shuffled_confidence,calibration,0.92,5,0.5,0.8640595903165735,0.3724394785847333,6.288271462579512,0.5027932960893855,0.02131483144141372,0.021821862348178137,-0.9310986964618221,3,8.238651814628476
shuffled_confidence,calibration,0.92,5,0.6,0.8621973929236499,0.18621973929236665,7.477293893326986,0.6033519553072626,0.021429116144284298,0.018357487922705314,-1.1173184357541888,3,9.40294540850715
shuffled_confidence,calibration,0.92,5,0.7,0.8603351955307262,3.700743415417189e-15,8.95087516335669,0.7039106145251397,0.021407757493384406,0.031008422752971037,-1.3035381750465518,3,10.84397776457496
shuffled_confidence,calibration,0.92,5,0.8,0.8584729981378026,-0.18621973929236293,10.310280034630996,0.8044692737430168,0.021463747663590306,0.03260917855080191,-1.4897579143389184,3,12.175714211417935
shuffled_confidence,calibration,0.92,5,0.9,0.8547486033519553,-0.5586592178770925,11.953613632611612,0.9050279329608939,0.023607365231578595,0.03117505995203837,-1.862197392923648,3,13.784927820541997
shuffled_confidence,calibration,0.92,5,1.0,0.8547486033519553,-0.5586592178770925,13.991901793174375,1.0,0.021313081822635964,0.0303030303030303,-1.862197392923648,3,15.783465235628283
shuffled_confidence,calibration,0.92,6,0.1,0.8715083798882681,1.1173184357541925,-0.5316889915552273,0.1005586592178771,0.022222222222222223,0.06388888888888888,-0.18621973929236293,3,1.565928341198856
shuffled_confidence,calibration,0.92,6,0.2,0.8677839851024208,0.7448789571694628,1.0873222609951567,0.2011173184357542,0.03261648745519713,0.05448028673835125,-0.5586592178770925,3,3.1527248169103017
shuffled_confidence,calibration,0.92,6,0.3,0.8659217877094972,0.5586592178770999,2.8153429891784523,0.3016759776536313,0.027944017570025233,0.03628035675908016,-0.7448789571694555,3,4.844956190096661
shuffled_confidence,calibration,0.92,6,0.4,0.8659217877094972,0.5586592178770999,4.7911239822106655,0.4022346368715084,0.02117469658453265,0.027020326158975785,-0.7448789571694555,3,6.773083517954122
shuffled_confidence,calibration,0.92,6,0.5,0.8640595903165735,0.3724394785847333,6.283734652032939,0.5027932960893855,0.02131483144141372,0.021821862348178137,-0.9310986964618221,3,8.234256596625663
shuffled_confidence,calibration,0.92,6,0.6,0.8621973929236499,0.18621973929236665,7.47275708278042,0.6033519553072626,0.021429116144284298,0.018357487922705314,-1.1173184357541888,3,9.398550190504343
shuffled_confidence,calibration,0.92,6,0.7,0.8603351955307262,3.700743415417189e-15,8.94633835281012,0.7039106145251397,0.021407757493384406,0.031008422752971037,-1.3035381750465518,3,10.839582546572146
shuffled_confidence,calibration,0.92,6,0.8,0.8584729981378026,-0.18621973929236293,10.305743224084422,0.8044692737430168,0.021463747663590306,0.03260917855080191,-1.4897579143389184,3,12.171318993415122
shuffled_confidence,calibration,0.92,6,0.9,0.8547486033519553,-0.5586592178770925,11.942271606245177,0.9050279329608939,0.023607365231578595,0.03117505995203837,-1.862197392923648,3,13.773823519559008
shuffled_confidence,calibration,0.92,6,1.0,0.8547486033519553,-0.5586592178770925,13.98055976680794,1.0,0.021313081822635964,0.0303030303030303,-1.862197392923648,3,15.772360934645292
shuffled_confidence,calibration,0.92,7,0.1,0.8715083798882681,1.1173184357541925,-0.5360997795866148,0.1005586592178771,0.022222222222222223,0.06388888888888888,-0.18621973929236293,3,1.5616552125850076
shuffled_confidence,calibration,0.92,7,0.2,0.8677839851024208,0.7448789571694628,1.082911472963762,0.2011173184357542,0.03261648745519713,0.05448028673835125,-0.5586592178770925,3,3.148451688296457
shuffled_confidence,calibration,0.92,7,0.3,0.8659217877094972,0.5586592178770999,2.810932201147065,0.3016759776536313,0.027944017570025233,0.03628035675908016,-0.7448789571694555,3,4.8406830614828165
shuffled_confidence,calibration,0.92,7,0.4,0.8659217877094972,0.5586592178770999,4.786713194179274,0.4022346368715084,0.02117469658453265,0.027020326158975785,-0.7448789571694555,3,6.768810389340278
shuffled_confidence,calibration,0.92,7,0.5,0.8640595903165735,0.3724394785847333,6.279323864001552,0.5027932960893855,0.02131483144141372,0.021821862348178137,-0.9310986964618221,3,8.229983468011818
shuffled_confidence,calibration,0.92,7,0.6,0.8621973929236499,0.18621973929236665,7.468346294749026,0.6033519553072626,0.021429116144284298,0.018357487922705314,-1.1173184357541888,3,9.394277061890492
shuffled_confidence,calibration,0.92,7,0.7,0.8603351955307262,3.700743415417189e-15,8.941927564778728,0.7039106145251397,0.021407757493384406,0.031008422752971037,-1.3035381750465518,3,10.835309417958301
shuffled_confidence,calibration,0.92,7,0.8,0.8584729981378026,-0.18621973929236293,10.301332436053034,0.8044692737430168,0.021463747663590306,0.03260917855080191,-1.4897579143389184,3,12.167045864801278
shuffled_confidence,calibration,0.92,7,0.9,0.8547486033519553,-0.5586592178770925,11.93143366993948,0.9050279329608939,0.023607365231578595,0.03117505995203837,-1.862197392923648,3,13.763219981480338
shuffled_confidence,calibration,0.92,7,1.0,0.8547486033519553,-0.5586592178770925,13.969721830502243,1.0,0.021313081822635964,0.0303030303030303,-1.862197392923648,3,15.761757396566619
shuffled_confidence,calibration,0.92,8,0.1,0.8715083798882681,1.1173184357541925,-0.6506542458875756,0.1005586592178771,0.022222222222222223,0.06388888888888888,-0.18621973929236293,3,1.4493810405818504
shuffled_confidence,calibration,0.92,8,0.2,0.8677839851024208,0.7448789571694628,0.7590336089445778,0.2011173184357542,0.03261648745519713,0.05448028673835125,-0.5586592178770925,3,2.831240319982975
shuffled_confidence,calibration,0.92,8,0.3,0.8659217877094972,0.5586592178770999,2.3180581442680572,0.3016759776536313,0.027944017570025233,0.03628035675908016,-0.7448789571694555,3,4.357149133324667
shuffled_confidence,calibration,0.92,8,0.4,0.8659217877094972,0.5586592178770999,4.20297690385365,0.4022346368715084,0.02117469658453265,0.027020326158975785,-0.7448789571694555,3,6.195876531001439
shuffled_confidence,calibration,0.92,8,0.5,0.8640595903165735,0.3724394785847333,5.615437254019813,0.5027932960893855,0.02131483144141372,0.021821862348178137,-0.9310986964618221,3,7.579001211097203
shuffled_confidence,calibration,0.92,8,0.6,0.8621973929236499,0.18621973929236665,6.7307365133854935,0.6033519553072626,0.021429116144284298,0.018357487922705314,-1.1173184357541888,3,8.671141161222067
shuffled_confidence,calibration,0.92,8,0.7,0.8603351955307262,3.700743415417189e-15,7.942821064411373,0.7039106145251397,0.021407757493384406,0.031008422752971037,-1.3035381750465518,3,9.858754317808094
shuffled_confidence,calibration,0.92,8,0.8,0.8584729981378026,-0.18621973929236293,9.20455848641919,0.8044692737430168,0.021463747663590306,0.03260917855080191,-1.4897579143389184,3,11.095187016398922
shuffled_confidence,calibration,0.92,8,0.9,0.8547486033519553,-0.5586592178770925,10.726406379763816,0.9050279329608939,0.023607365231578595,0.03117505995203837,-1.862197392923648,3,12.58540775725291
shuffled_confidence,calibration,0.92,8,1.0,0.8547486033519553,-0.5586592178770925,12.70533793567559,1.0,0.021313081822635964,0.0303030303030303,-1.862197392923648,3,14.525787958733897
shuffled_confidence,calibration,0.95,4,0.1,0.8715083798882681,1.1173184357541925,-0.8747222778821598,0.1005586592178771,0.022222222222222223,0.06388888888888888,-0.18621973929236293,3,1.22873014846487
shuffled_confidence,calibration,0.95,4,0.2,0.8696461824953445,0.9310986964618295,0.2696881824906831,0.2011173184357542,0.02186379928315412,0.04372759856630824,-0.37243947858472587,3,2.3500902571427527
shuffled_confidence,calibration,0.95,4,0.3,0.8677839851024208,0.7448789571694628,1.6955069192662025,0.3016759776536313,0.02114129648158986,0.02933591231463572,-0.5586592178770925,3,3.7456715584811633
shuffled_confidence,calibration,0.95,4,0.4,0.8677839851024208,0.7448789571694628,3.421763332236949,0.4022346368715084,0.01588369129352736,0.021555845284658846,-0.5586592178770925,3,5.428999343761694
shuffled_confidence,calibration,0.95,4,0.5,0.8659217877094972,0.5586592178770963,4.773102762539565,0.5027932960893855,0.017041327167909445,0.017435897435897435,-0.7448789571694592,3,6.751926518455435
shuffled_confidence,calibration,0.95,4,0.6,0.8659217877094972,0.5586592178770963,5.688656335340873,0.6033519553072626,0.01426065736292229,0.01465378421900161,-0.7448789571694592,3,7.649082111715159
shuffled_confidence,calibration,0.95,4,0.7,0.8659217877094972,0.5586592178770963,6.833192818228906,0.7039106145251397,0.012205129789227649,0.02480673820237683,-0.7448789571694592,3,8.768573007733874
shuffled_confidence,calibration,0.95,4,0.8,0.8659217877094972,0.5586592178770963,7.940426636622907,0.8044692737430168,0.010689204434287046,0.024456883913101427,-0.7448789571694592,3,9.85328170224627
shuffled_confidence,calibration,0.95,4,0.9,0.8621973929236499,0.18621973929236665,9.396742822072598,0.9050279329608939,0.014151100456164885,0.023980815347721823,-1.1173184357541888,3,11.279093302410415
shuffled_confidence,calibration,0.95,4,1.0,0.8621973929236499,0.18621973929236665,11.309386534998357,1.0,0.012779683161848767,0.02380952380952381,-1.1173184357541888,3,13.154484459212393
shuffled_confidence,calibration,0.95,5,0.1,0.8715083798882681,1.1173184357541925,-0.8747222778821598,0.1005586592178771,0.022222222222222223,0.06388888888888888,-0.18621973929236293,3,1.22873014846487
shuffled_confidence,calibration,0.95,5,0.2,0.8696461824953445,0.9310986964618295,0.2696881824906831,0.2011173184357542,0.02186379928315412,0.04372759856630824,-0.37243947858472587,3,2.3500902571427527
shuffled_confidence,calibration,0.95,5,0.3,0.8677839851024208,0.7448789571694628,1.6955069192662025,0.3016759776536313,0.02114129648158986,0.02933591231463572,-0.5586592178770925,3,3.7456715584811633
shuffled_confidence,calibration,0.95,5,0.4,0.8677839851024208,0.7448789571694628,3.421763332236949,0.4022346368715084,0.01588369129352736,0.021555845284658846,-0.5586592178770925,3,5.428999343761694
shuffled_confidence,calibration,0.95,5,0.5,0.8659217877094972,0.5586592178770963,4.773102762539565,0.5027932960893855,0.017041327167909445,0.017435897435897435,-0.7448789571694592,3,6.751926518455435
shuffled_confidence,calibration,0.95,5,0.6,0.8659217877094972,0.5586592178770963,5.688656335340873,0.6033519553072626,0.01426065736292229,0.01465378421900161,-0.7448789571694592,3,7.649082111715159
shuffled_confidence,calibration,0.95,5,0.7,0.8659217877094972,0.5586592178770963,6.833192818228906,0.7039106145251397,0.012205129789227649,0.02480673820237683,-0.7448789571694592,3,8.768573007733874
shuffled_confidence,calibration,0.95,5,0.8,0.8659217877094972,0.5586592178770963,7.940426636622907,0.8044692737430168,0.010689204434287046,0.024456883913101427,-0.7448789571694592,3,9.85328170224627
shuffled_confidence,calibration,0.95,5,0.9,0.8621973929236499,0.18621973929236665,9.396742822072598,0.9050279329608939,0.014151100456164885,0.023980815347721823,-1.1173184357541888,3,11.279093302410415
shuffled_confidence,calibration,0.95,5,1.0,0.8621973929236499,0.18621973929236665,11.309386534998357,1.0,0.012779683161848767,0.02380952380952381,-1.1173184357541888,3,13.154484459212393
shuffled_confidence,calibration,0.95,6,0.1,0.8715083798882681,1.1173184357541925,-0.8747222778821598,0.1005586592178771,0.022222222222222223,0.06388888888888888,-0.18621973929236293,3,1.22873014846487
shuffled_confidence,calibration,0.95,6,0.2,0.8696461824953445,0.9310986964618295,0.2696881824906831,0.2011173184357542,0.02186379928315412,0.04372759856630824,-0.37243947858472587,3,2.3500902571427527
shuffled_confidence,calibration,0.95,6,0.3,0.8677839851024208,0.7448789571694628,1.6955069192662025,0.3016759776536313,0.02114129648158986,0.02933591231463572,-0.5586592178770925,3,3.7456715584811633
shuffled_confidence,calibration,0.95,6,0.4,0.8677839851024208,0.7448789571694628,3.421763332236949,0.4022346368715084,0.01588369129352736,0.021555845284658846,-0.5586592178770925,3,5.428999343761694
shuffled_confidence,calibration,0.95,6,0.5,0.8659217877094972,0.5586592178770963,4.773102762539565,0.5027932960893855,0.017041327167909445,0.017435897435897435,-0.7448789571694592,3,6.751926518455435
shuffled_confidence,calibration,0.95,6,0.6,0.8659217877094972,0.5586592178770963,5.688656335340873,0.6033519553072626,0.01426065736292229,0.01465378421900161,-0.7448789571694592,3,7.649082111715159
shuffled_confidence,calibration,0.95,6,0.7,0.8659217877094972,0.5586592178770963,6.833192818228906,0.7039106145251397,0.012205129789227649,0.02480673820237683,-0.7448789571694592,3,8.768573007733874
shuffled_confidence,calibration,0.95,6,0.8,0.8659217877094972,0.5586592178770963,7.940426636622907,0.8044692737430168,0.010689204434287046,0.024456883913101427,-0.7448789571694592,3,9.85328170224627
shuffled_confidence,calibration,0.95,6,0.9,0.8621973929236499,0.18621973929236665,9.396742822072598,0.9050279329608939,0.014151100456164885,0.023980815347721823,-1.1173184357541888,3,11.279093302410415
shuffled_confidence,calibration,0.95,6,1.0,0.8621973929236499,0.18621973929236665,11.309386534998357,1.0,0.012779683161848767,0.02380952380952381,-1.1173184357541888,3,13.154484459212393
shuffled_confidence,calibration,0.95,7,0.1,0.8715083798882681,1.1173184357541925,-0.8747222778821598,0.1005586592178771,0.022222222222222223,0.06388888888888888,-0.18621973929236293,3,1.22873014846487
shuffled_confidence,calibration,0.95,7,0.2,0.8696461824953445,0.9310986964618295,0.2696881824906831,0.2011173184357542,0.02186379928315412,0.04372759856630824,-0.37243947858472587,3,2.3500902571427527
shuffled_confidence,calibration,0.95,7,0.3,0.8677839851024208,0.7448789571694628,1.6955069192662025,0.3016759776536313,0.02114129648158986,0.02933591231463572,-0.5586592178770925,3,3.7456715584811633
shuffled_confidence,calibration,0.95,7,0.4,0.8677839851024208,0.7448789571694628,3.421763332236949,0.4022346368715084,0.01588369129352736,0.021555845284658846,-0.5586592178770925,3,5.428999343761694
shuffled_confidence,calibration,0.95,7,0.5,0.8659217877094972,0.5586592178770963,4.773102762539565,0.5027932960893855,0.017041327167909445,0.017435897435897435,-0.7448789571694592,3,6.751926518455435
shuffled_confidence,calibration,0.95,7,0.6,0.8659217877094972,0.5586592178770963,5.688656335340873,0.6033519553072626,0.01426065736292229,0.01465378421900161,-0.7448789571694592,3,7.649082111715159
shuffled_confidence,calibration,0.95,7,0.7,0.8659217877094972,0.5586592178770963,6.833192818228906,0.7039106145251397,0.012205129789227649,0.02480673820237683,-0.7448789571694592,3,8.768573007733874
shuffled_confidence,calibration,0.95,7,0.8,0.8659217877094972,0.5586592178770963,7.940426636622907,0.8044692737430168,0.010689204434287046,0.024456883913101427,-0.7448789571694592,3,9.85328170224627
shuffled_confidence,calibration,0.95,7,0.9,0.8621973929236499,0.18621973929236665,9.396742822072598,0.9050279329608939,0.014151100456164885,0.023980815347721823,-1.1173184357541888,3,11.279093302410415
shuffled_confidence,calibration,0.95,7,1.0,0.8621973929236499,0.18621973929236665,11.309386534998357,1.0,0.012779683161848767,0.02380952380952381,-1.1173184357541888,3,13.154484459212393
shuffled_confidence,calibration,0.95,8,0.1,0.8715083798882681,1.1173184357541925,-0.9032033663134209,0.1005586592178771,0.022222222222222223,0.06388888888888888,-0.18621973929236293,3,1.2010595728453717
shuffled_confidence,calibration,0.95,8,0.2,0.8696461824953445,0.9310986964618295,0.24120709405943316,0.2011173184357542,0.02186379928315412,0.04372759856630824,-0.37243947858472587,3,2.3224196815232543
shuffled_confidence,calibration,0.95,8,0.3,0.8677839851024208,0.7448789571694628,1.667025830834945,0.3016759776536313,0.02114129648158986,0.02933591231463572,-0.5586592178770925,3,3.718000982861669
shuffled_confidence,calibration,0.95,8,0.4,0.8677839851024208,0.7448789571694628,3.3932822438056807,0.4022346368715084,0.01588369129352736,0.021555845284658846,-0.5586592178770925,3,5.401328768142188
shuffled_confidence,calibration,0.95,8,0.5,0.8659217877094972,0.5586592178770963,4.7016479964310465,0.5027932960893855,0.017041327167909445,0.017435897435897435,-0.7448789571694592,3,6.682623461198175
shuffled_confidence,calibration,0.95,8,0.6,0.8659217877094972,0.5586592178770963,5.609514195806232,0.6033519553072626,0.01426065736292229,0.01465378421900161,-0.7448789571694592,3,7.572222947265235
shuffled_confidence,calibration,0.95,8,0.7,0.8659217877094972,0.5586592178770963,6.585558575895175,0.7039106145251397,0.012205129789227649,0.02480673820237683,-0.7448789571694592,3,8.528480330235041
shuffled_confidence,calibration,0.95,8,0.8,0.8659217877094972,0.5586592178770963,7.667965958798206,0.8044692737430168,0.010689204434287046,0.024456883913101427,-0.7448789571694592,3,9.589137415120934
shuffled_confidence,calibration,0.95,8,0.9,0.8621973929236499,0.18621973929236665,9.072360867992684,0.9050279329608939,0.014151100456164885,0.023980815347721823,-1.1173184357541888,3,10.964225940266662
shuffled_confidence,calibration,0.95,8,1.0,0.8621973929236499,0.18621973929236665,10.96950381155098,1.0,0.012779683161848767,0.02380952380952381,-1.1173184357541888,3,12.824335296947138
shuffled_confidence,calibration,0.98,4,0.1,0.8715083798882681,1.1173184357541925,-0.9970901401244273,0.1005586592178771,0.022222222222222223,0.06388888888888888,-0.18621973929236293,3,1.109290027015138
shuffled_confidence,calibration,0.98,4,0.2,0.8696461824953445,0.9310986964618295,-0.032009718856362834,0.2011173184357542,0.02186379928315412,0.04372759856630824,-0.37243947858472587,3,2.054526555289793
shuffled_confidence,calibration,0.98,4,0.3,0.8677839851024208,0.7448789571694628,1.2023808173568369,0.3016759776536313,0.02114129648158986,0.02933591231463572,-0.5586592178770925,3,3.2621929065500654
shuffled_confidence,calibration,0.98,4,0.4,0.8677839851024208,0.7448789571694628,2.6789866277509233,0.4022346368715084,0.01588369129352736,0.021555845284658846,-0.5586592178770925,3,4.700778163035986
shuffled_confidence,calibration,0.98,4,0.5,0.8659217877094972,0.5586592178770963,3.8424264879163395,0.5027932960893855,0.017041327167909445,0.017435897435897435,-0.7448789571694592,3,5.839876917928148
shuffled_confidence,calibration,0.98,4,0.6,0.8659217877094972,0.5586592178770963,4.581296494431701,0.6033519553072626,0.01426065736292229,0.01465378421900161,-0.7448789571694592,3,6.563447179895095
shuffled_confidence,calibration,0.98,4,0.7,0.8659217877094972,0.5586592178770963,5.388596726691193,0.7039106145251397,0.012205129789227649,0.02480673820237683,-0.7448789571694592,3,7.3541412747759605
shuffled_confidence,calibration,0.98,4,0.8,0.8659217877094972,0.5586592178770963,6.361994633961307,0.8044692737430168,0.010689204434287046,0.024456883913101427,-0.7448789571694592,3,8.307748882471959
shuffled_confidence,calibration,0.98,4,0.9,0.8621973929236499,0.18621973929236665,7.638854757791032,0.9050279329608939,0.014151100456164885,0.023980815347721823,-1.1173184357541888,3,9.558844506483803
shuffled_confidence,calibration,0.98,4,1.0,0.8621973929236499,0.18621973929236665,9.360070270154479,1.0,0.012779683161848767,0.02380952380952381,-1.1173184357541888,3,11.246539922240276
shuffled_confidence,calibration,0.98,5,0.1,0.8715083798882681,1.1173184357541925,-0.9970901401244273,0.1005586592178771,0.022222222222222223,0.06388888888888888,-0.18621973929236293,3,1.109290027015138
shuffled_confidence,calibration,0.98,5,0.2,0.8696461824953445,0.9310986964618295,-0.032009718856362834,0.2011173184357542,0.02186379928315412,0.04372759856630824,-0.37243947858472587,3,2.054526555289793
shuffled_confidence,calibration,0.98,5,0.3,0.8677839851024208,0.7448789571694628,1.2023808173568369,0.3016759776536313,0.02114129648158986,0.02933591231463572,-0.5586592178770925,3,3.2621929065500654
shuffled_confidence,calibration,0.98,5,0.4,0.8677839851024208,0.7448789571694628,2.6789866277509233,0.4022346368715084,0.01588369129352736,0.021555845284658846,-0.5586592178770925,3,4.700778163035986
shuffled_confidence,calibration,0.98,5,0.5,0.8659217877094972,0.5586592178770963,3.8424264879163395,0.5027932960893855,0.017041327167909445,0.017435897435897435,-0.7448789571694592,3,5.839876917928148
shuffled_confidence,calibration,0.98,5,0.6,0.8659217877094972,0.5586592178770963,4.581296494431701,0.6033519553072626,0.01426065736292229,0.01465378421900161,-0.7448789571694592,3,6.563447179895095
shuffled_confidence,calibration,0.98,5,0.7,0.8659217877094972,0.5586592178770963,5.388596726691193,0.7039106145251397,0.012205129789227649,0.02480673820237683,-0.7448789571694592,3,7.3541412747759605
shuffled_confidence,calibration,0.98,5,0.8,0.8659217877094972,0.5586592178770963,6.361994633961307,0.8044692737430168,0.010689204434287046,0.024456883913101427,-0.7448789571694592,3,8.307748882471959
shuffled_confidence,calibration,0.98,5,0.9,0.8621973929236499,0.18621973929236665,7.638854757791032,0.9050279329608939,0.014151100456164885,0.023980815347721823,-1.1173184357541888,3,9.558844506483803
shuffled_confidence,calibration,0.98,5,1.0,0.8621973929236499,0.18621973929236665,9.360070270154479,1.0,0.012779683161848767,0.02380952380952381,-1.1173184357541888,3,11.246539922240276
shuffled_confidence,calibration,0.98,6,0.1,0.8715083798882681,1.1173184357541925,-0.9970901401244273,0.1005586592178771,0.022222222222222223,0.06388888888888888,-0.18621973929236293,3,1.109290027015138
shuffled_confidence,calibration,0.98,6,0.2,0.8696461824953445,0.9310986964618295,-0.032009718856362834,0.2011173184357542,0.02186379928315412,0.04372759856630824,-0.37243947858472587,3,2.054526555289793
shuffled_confidence,calibration,0.98,6,0.3,0.8677839851024208,0.7448789571694628,1.2023808173568369,0.3016759776536313,0.02114129648158986,0.02933591231463572,-0.5586592178770925,3,3.2621929065500654
shuffled_confidence,calibration,0.98,6,0.4,0.8677839851024208,0.7448789571694628,2.6789866277509233,0.4022346368715084,0.01588369129352736,0.021555845284658846,-0.5586592178770925,3,4.700778163035986
shuffled_confidence,calibration,0.98,6,0.5,0.8659217877094972,0.5586592178770963,3.8424264879163395,0.5027932960893855,0.017041327167909445,0.017435897435897435,-0.7448789571694592,3,5.839876917928148
shuffled_confidence,calibration,0.98,6,0.6,0.8659217877094972,0.5586592178770963,4.581296494431701,0.6033519553072626,0.01426065736292229,0.01465378421900161,-0.7448789571694592,3,6.563447179895095
shuffled_confidence,calibration,0.98,6,0.7,0.8659217877094972,0.5586592178770963,5.388596726691193,0.7039106145251397,0.012205129789227649,0.02480673820237683,-0.7448789571694592,3,7.3541412747759605
shuffled_confidence,calibration,0.98,6,0.8,0.8659217877094972,0.5586592178770963,6.361994633961307,0.8044692737430168,0.010689204434287046,0.024456883913101427,-0.7448789571694592,3,8.307748882471959
shuffled_confidence,calibration,0.98,6,0.9,0.8621973929236499,0.18621973929236665,7.638854757791032,0.9050279329608939,0.014151100456164885,0.023980815347721823,-1.1173184357541888,3,9.558844506483803
shuffled_confidence,calibration,0.98,6,1.0,0.8621973929236499,0.18621973929236665,9.360070270154479,1.0,0.012779683161848767,0.02380952380952381,-1.1173184357541888,3,11.246539922240276
shuffled_confidence,calibration,0.98,7,0.1,0.8715083798882681,1.1173184357541925,-0.9970901401244273,0.1005586592178771,0.022222222222222223,0.06388888888888888,-0.18621973929236293,3,1.109290027015138
shuffled_confidence,calibration,0.98,7,0.2,0.8696461824953445,0.9310986964618295,-0.032009718856362834,0.2011173184357542,0.02186379928315412,0.04372759856630824,-0.37243947858472587,3,2.054526555289793
shuffled_confidence,calibration,0.98,7,0.3,0.8677839851024208,0.7448789571694628,1.2023808173568369,0.3016759776536313,0.02114129648158986,0.02933591231463572,-0.5586592178770925,3,3.2621929065500654
shuffled_confidence,calibration,0.98,7,0.4,0.8677839851024208,0.7448789571694628,2.6789866277509233,0.4022346368715084,0.01588369129352736,0.021555845284658846,-0.5586592178770925,3,4.700778163035986
shuffled_confidence,calibration,0.98,7,0.5,0.8659217877094972,0.5586592178770963,3.8424264879163395,0.5027932960893855,0.017041327167909445,0.017435897435897435,-0.7448789571694592,3,5.839876917928148
shuffled_confidence,calibration,0.98,7,0.6,0.8659217877094972,0.5586592178770963,4.581296494431701,0.6033519553072626,0.01426065736292229,0.01465378421900161,-0.7448789571694592,3,6.563447179895095
shuffled_confidence,calibration,0.98,7,0.7,0.8659217877094972,0.5586592178770963,5.388596726691193,0.7039106145251397,0.012205129789227649,0.02480673820237683,-0.7448789571694592,3,7.3541412747759605
shuffled_confidence,calibration,0.98,7,0.8,0.8659217877094972,0.5586592178770963,6.361994633961307,0.8044692737430168,0.010689204434287046,0.024456883913101427,-0.7448789571694592,3,8.307748882471959
shuffled_confidence,calibration,0.98,7,0.9,0.8621973929236499,0.18621973929236665,7.638854757791032,0.9050279329608939,0.014151100456164885,0.023980815347721823,-1.1173184357541888,3,9.558844506483803
shuffled_confidence,calibration,0.98,7,1.0,0.8621973929236499,0.18621973929236665,9.360070270154479,1.0,0.012779683161848767,0.02380952380952381,-1.1173184357541888,3,11.246539922240276
shuffled_confidence,calibration,0.98,8,0.1,0.8715083798882681,1.1173184357541925,-1.0112046618248716,0.1005586592178771,0.022222222222222223,0.06388888888888888,-0.18621973929236293,3,1.0956160154508325
shuffled_confidence,calibration,0.98,8,0.2,0.8696461824953445,0.9310986964618295,-0.04612424055680705,0.2011173184357542,0.02186379928315412,0.04372759856630824,-0.37243947858472587,3,2.0408525437254874
shuffled_confidence,calibration,0.98,8,0.3,0.8677839851024208,0.7448789571694628,1.1882662956563927,0.3016759776536313,0.02114129648158986,0.02933591231463572,-0.5586592178770925,3,3.24851889498576
shuffled_confidence,calibration,0.98,8,0.4,0.8677839851024208,0.7448789571694628,2.664872106050479,0.4022346368715084,0.01588369129352736,0.021555845284658846,-0.5586592178770925,3,4.687104151471681
shuffled_confidence,calibration,0.98,8,0.5,0.8659217877094972,0.5586592178770963,3.8283119662158915,0.5027932960893855,0.017041327167909445,0.017435897435897435,-0.7448789571694592,3,5.826202906363842
shuffled_confidence,calibration,0.98,8,0.6,0.8659217877094972,0.5586592178770963,4.567181972731253,0.6033519553072626,0.01426065736292229,0.01465378421900161,-0.7448789571694592,3,6.549773168330789
shuffled_confidence,calibration,0.98,8,0.7,0.8659217877094972,0.5586592178770963,5.374482204990746,0.7039106145251397,0.012205129789227649,0.02480673820237683,-0.7448789571694592,3,7.3404672632116545
shuffled_confidence,calibration,0.98,8,0.8,0.8659217877094972,0.5586592178770963,6.347880112260858,0.8044692737430168,0.010689204434287046,0.024456883913101427,-0.7448789571694592,3,8.294074870907652
shuffled_confidence,calibration,0.98,8,0.9,0.8621973929236499,0.18621973929236665,7.610625714390136,0.9050279329608939,0.014151100456164885,0.023980815347721823,-1.1173184357541888,3,9.531255359849506
shuffled_confidence,calibration,0.98,8,1.0,0.8621973929236499,0.18621973929236665,9.331841226753575,1.0,0.012779683161848767,0.02380952380952381,-1.1173184357541888,3,11.21895077560597
shuffled_confidence,test,0.75,4,0.1,0.8776978417266187,0.7194244604316502,-3.2658554091087164,0.10951239008792965,0.018353174603174604,0.016260162601626018,-0.1598721023181445,3,3.357723121250955
shuffled_confidence,test,0.75,4,0.2,0.8745003996802558,0.3996802557953612,-0.08069076514855371,0.20943245403677058,0.025561480311159387,0.034444444444444444,-0.47961630695443347,3,6.341655198200713
shuffled_confidence,test,0.75,4,0.3,0.8721023181454836,0.15987210231814078,2.497390056113787,0.2973621103117506,0.027158053969648172,0.03059635068980863,-0.7194244604316539,3,8.754150044620205
shuffled_confidence,test,0.75,4,0.4,0.8689048760991207,-0.1598721023181482,5.236254295532639,0.3980815347721823,0.02932565492488791,0.036700226209696825,-1.0391686650679428,3,11.319079958201009
shuffled_confidence,test,0.75,4,0.5,0.8673061550759392,-0.31974420463629266,9.044488668493623,0.5123900879296563,0.02649395248259133,0.03441683942577103,-1.1990407673860874,3,14.87911630207115
shuffled_confidence,test,0.75,4,0.6,0.864908073541167,-0.5595523581135131,11.802981860889982,0.601119104716227,0.027506741165681445,0.0373084802233178,-1.4388489208633077,3,17.459871292298544
shuffled_confidence,test,0.75,4,0.7,0.8601119104716227,-1.0391686650679504,15.238483622602114,0.7178257394084733,0.030639725233061244,0.041313690995848376,-1.918465227817745,3,20.684310904980606
shuffled_confidence,test,0.75,4,0.8,0.8593125499600319,-1.1191047162270225,18.73069729000826,0.8145483613109512,0.027958959340115205,0.041779765447860974,-1.9984012789768173,3,23.946029768417002
shuffled_confidence,test,0.75,4,0.9,0.8553157474020784,-1.5187849720223838,22.355148114315536,0.9160671462829736,0.02961183620478792,0.04298567950520951,-2.3980815347721784,3,27.334630046127298
shuffled_confidence,test,0.75,4,1.0,0.8521183053557154,-1.8385291766586764,25.147298708077773,1.0,0.03090599508988675,0.0440771349862259,-2.7178257394084713,3,29.952929450112453
shuffled_confidence,test,0.75,5,0.1,0.8776978417266187,0.7194244604316502,-3.2929879507590596,0.10951239008792965,0.018353174603174604,0.016260162601626018,-0.1598721023181445,3,3.3322264904820265
shuffled_confidence,test,0.75,5,0.2,0.8752997601918465,0.47961630695443347,-0.14762495106355558,0.20943245403677058,0.021496439660752882,0.03027777777777778,-0.3996802557953612,3,6.278903632431354
shuffled_confidence,test,0.75,5,0.3,0.8729016786570744,0.23980815347721304,2.3330179651137484,0.2973621103117506,0.02425950324501049,0.027620160213618156,-0.6394884092725817,3,8.600155820238053
shuffled_confidence,test,0.75,5,0.4,0.8697042366107114,-0.07993605115907594,5.060789943016216,0.3980815347721823,0.027058081228742783,0.03435280836932124,-0.9592326139088706,3,11.154664328565296
shuffled_confidence,test,0.75,5,0.5,0.86810551558753,-0.23980815347722043,8.828135195093296,0.5123900879296563,0.02481891060654443,0.032680728314659915,-1.1191047162270151,3,14.676567112539518
shuffled_confidence,test,0.75,5,0.6,0.8657074340527579,-0.4796163069544372,11.543074948888592,0.601119104716227,0.0260761260011607,0.03582699874183632,-1.3589128697042319,3,17.216819308284915
shuffled_confidence,test,0.75,5,0.7,0.8609112709832134,-0.959232613908878,14.902181478098212,0.7178257394084733,0.029381863597841118,0.04002170133176569,-1.8385291766586727,3,20.369546782982905
shuffled_confidence,test,0.75,5,0.8,0.8601119104716227,-1.0391686650679504,18.37199312714776,0.8145483613109512,0.02686246811204503,0.040664938246077253,-1.918465227817745,3,23.610379248218482
shuffled_confidence,test,0.75,5,0.9,0.8561151079136691,-1.4388489208633115,21.94255948497107,0.9160671462829736,0.028631444047925173,0.04199065462958762,-2.3181454836131064,3,26.949024654228303
shuffled_confidence,test,0.75,5,1.0,0.8537170263788969,-1.678657074340532,24.496552699116965,1.0,0.029089451176051318,0.04224058769513315,-2.5579536370903266,3,29.342671759859883
shuffled_confidence,test,0.75,6,0.1,0.876898481215028,0.639488409272578,-3.5837248249162754,0.10951239008792965,0.02628968253968254,0.016260162601626018,-0.23980815347721673,3,3.0616968396845725
shuffled_confidence,test,0.75,6,0.2,0.8745003996802558,0.3996802557953612,-0.6523228500587323,0.20943245403677058,0.025882404573033584,0.03027777777777778,-0.47961630695443347,3,5.8088071015130955
shuffled_confidence,test,0.75,6,0.3,0.8721023181454836,0.15987210231814078,1.6897755448257779,0.2973621103117506,0.02734592299809691,0.027620160213618156,-0.7194244604316539,3,8.00060103893988
shuffled_confidence,test,0.75,6,0.4,0.8689048760991207,-0.1598721023181482,4.329788159554564,0.3980815347721823,0.029310333480995036,0.03435280836932124,-1.0391686650679428,3,10.47294995951702
shuffled_confidence,test,0.75,6,0.5,0.8673061550759392,-0.31974420463629266,7.943799208317015,0.5123900879296563,0.02665041243804626,0.032680728314659915,-1.1990407673860874,3,13.851634881169554
shuffled_confidence,test,0.75,6,0.6,0.864908073541167,-0.5595523581135095,10.508884683979288,0.601119104716227,0.027702142261323302,0.034345517260354834,-1.4388489208633042,3,16.2521242946007
shuffled_confidence,test,0.75,6,0.7,0.8601119104716227,-1.0391686650679504,13.726129888207398,0.7178257394084733,0.03071519693117445,0.038729711667683,-1.918465227817745,3,19.272034246261438
shuffled_confidence,test,0.75,6,0.8,0.8593125499600319,-1.1191047162270225,17.030916960285346,0.8145483613109512,0.028019875519452436,0.039550111044293526,-1.9984012789768173,3,22.35845877895055
shuffled_confidence,test,0.75,6,0.9,0.8553157474020783,-1.5187849720223874,20.378496237330896,0.9160671462829736,0.029614728217050048,0.040995629753965736,-2.398081534772182,3,25.488782620611428
shuffled_confidence,test,0.75,6,1.0,0.8529176658673061,-1.7585931254996041,22.818521901779107,1.0,0.030000197988437477,0.04132231404958678,-2.6378896882493987,3,27.77537973342597
shuffled_confidence,test,0.75,7,0.1,0.876898481215028,0.639488409272578,-3.939384053242856,0.10951239008792965,0.02628968253968254,0.016260162601626018,-0.23980815347721673,3,2.7296477613454697
shuffled_confidence,test,0.75,7,0.2,0.8745003996802558,0.3996802557953612,-1.3733198486232667,0.20943245403677058,0.025769943934257154,0.025833333333333333,-0.47961630695443347,3,5.13379684165934
shuffled_confidence,test,0.75,7,0.3,0.8721023181454836,0.15987210231814078,0.7656379137848482,0.2973621103117506,0.027289806275313522,0.024504895416110367,-0.7194244604316539,3,7.135557937492983
shuffled_confidence,test,0.75,7,0.4,0.8697042366107114,-0.07993605115907594,3.145961111836093,0.3980815347721823,0.02702764399792204,0.029753138276693403,-0.9592326139088706,3,9.365170483824524
shuffled_confidence,test,0.75,7,0.5,0.8697042366107114,-0.07993605115907594,6.202803514724428,0.5123900879296563,0.021448919225847345,0.029082419810625156,-0.9592326139088706,3,12.22127095259704
shuffled_confidence,test,0.75,7,0.6,0.8673061550759392,-0.31974420463629266,8.298805950672055,0.601119104716227,0.023083647722868424,0.031205660986170204,-1.1990407673860874,3,14.184382893435178
shuffled_confidence,test,0.75,7,0.7,0.8633093525179856,-0.7194244604316576,10.903693070598978,0.7178257394084733,0.02553280699406753,0.034893451208056175,-1.5987210231814524,3,16.628689991818263
shuffled_confidence,test,0.75,7,0.8,0.8625099920063949,-0.7993605115907298,13.857170820827351,0.8145483613109512,0.02351207824849727,0.036179323840070936,-1.6786570743405245,3,19.386265110419167
shuffled_confidence,test,0.75,7,0.9,0.8601119104716227,-1.0391686650679504,16.51936795858888,0.9160671462829736,0.0237000753316929,0.03697923755084759,-1.918465227817745,3,21.874760508157266
shuffled_confidence,test,0.75,7,1.0,0.8577138289368506,-1.278976818545167,18.58840097437904,1.0,0.024545616535994297,0.03764921946740129,-2.1582733812949617,3,23.81312039730778
shuffled_confidence,test,0.75,8,0.1,0.8760991207034372,0.5595523581135057,-4.712851798686339,0.10951239008792965,0.03422619047619047,0.024390243902439022,-0.319744204636289,3,2.006452811867284
shuffled_confidence,test,0.75,8,0.2,0.8752997601918465,0.47961630695443347,-2.8731132280656047,0.20943245403677058,0.021496439660752882,0.025833333333333333,-0.3996802557953612,3,3.7291523914231037
shuffled_confidence,test,0.75,8,0.3,0.873701039168665,0.3197442046362853,-1.371308016877637,0.2973621103117506,0.02136095252037281,0.024504895416110367,-0.5595523581135095,3,5.134907799119711
shuffled_confidence,test,0.75,8,0.4,0.8713029576338929,0.07993605115906854,0.426725825394747,0.3980815347721823,0.022522933836452534,0.029753138276693403,-0.7993605115907262,3,6.8183025100955605
shuffled_confidence,test,0.75,8,0.5,0.8713029576338929,0.07993605115906854,2.7320131367175517,0.5123900879296563,0.017962283146901892,0.029082419810625156,-0.7993605115907262,3,8.97167728460642
shuffled_confidence,test,0.75,8,0.6,0.8689048760991207,-0.1598721023181482,4.321414589586315,0.601119104716227,0.02015826424743587,0.031205660986170204,-1.0391686650679428,3,10.460853355668466
shuffled_confidence,test,0.75,8,0.7,0.8657074340527579,-0.4796163069544372,6.1786071599460515,0.7178257394084733,0.021759578928587358,0.03354392354273904,-1.3589128697042319,3,12.203776065479289
shuffled_confidence,test,0.75,8,0.8,0.864908073541167,-0.5595523581135095,8.310170081343248,0.8145483613109512,0.02018636825181926,0.03500561491988314,-1.4388489208633042,3,14.195796143988392
shuffled_confidence,test,0.75,8,0.9,0.8633093525179856,-0.7194244604316576,10.292803079733782,0.9160671462829736,0.019751990784585505,0.034989187799603805,-1.5987210231814524,3,16.049018578645004
shuffled_confidence,test,0.75,8,1.0,0.8617106314948041,-0.8792965627498058,11.738168254382527,1.0,0.02000178189593728,0.03489439853076217,-1.7585931254996006,3,17.402092413366397
shuffled_confidence,test,0.8,4,0.1,0.8760991207034372,0.5595523581135057,-3.770498934272918,0.10951239008792965,0.03422619047619047,0.024390243902439022,-0.319744204636289,3,2.8859754744916533
shuffled_confidence,test,0.8,4,0.2,0.873701039168665,0.319744204636289,-1.100254469528909,0.20943245403677058,0.030155908846537856,0.03027777777777778,-0.5595523581135057,3,5.38749507276924
shuffled_confidence,test,0.8,4,0.3,0.8721023181454836,0.15987210231814078,1.1401104876245127,0.2973621103117506,0.02747767530376226,0.027620160213618156,-0.7194244604316539,3,7.483923004883949
shuffled_confidence,test,0.8,4,0.4,0.8689048760991207,-0.1598721023181482,3.507710209230493,0.3980815347721823,0.029279896250174294,0.03435280836932124,-1.0391686650679428,3,9.701494501475382
shuffled_confidence,test,0.8,4,0.5,0.8673061550759392,-0.31974420463629266,6.801459393623032,0.5123900879296563,0.02678696476489791,0.032680728314659915,-1.1990407673860874,3,12.78141898775574
shuffled_confidence,test,0.8,4,0.6,0.8641087130295764,-0.6394884092725817,9.198094740963063,0.601119104716227,0.029196910572235113,0.03582699874183632,-1.5187849720223763,3,15.02390619449154
shuffled_confidence,test,0.8,4,0.7,0.8601119104716227,-1.0391686650679504,12.198605854974117,0.7178257394084733,0.03056389669476783,0.03867217366644855,-1.918465227817745,3,17.840850443157443
shuffled_confidence,test,0.8,4,0.8,0.8601119104716227,-1.0391686650679504,15.224183305058936,0.8145483613109512,0.026837788245175284,0.03949122932588946,-1.918465227817745,3,20.666293991121037
shuffled_confidence,test,0.8,4,0.9,0.8561151079136691,-1.4388489208633115,18.463721779981725,0.9160671462829736,0.028655067955319455,0.04099562975396573,-2.3181454836131064,3,23.695023751058258
shuffled_confidence,test,0.8,4,1.0,0.8545163868904876,-1.598721023181456,20.897276958545383,1.0,0.028183654074602042,0.04040404040404041,-2.4780175859312505,3,25.977150756145388
shuffled_confidence,test,0.8,5,0.1,0.8760991207034372,0.5595523581135057,-3.7775675322980615,0.10951239008792965,0.03422619047619047,0.024390243902439022,-0.319744204636289,3,2.879348915971199
shuffled_confidence,test,0.8,5,0.2,0.873701039168665,0.319744204636289,-1.1140110487624533,0.20943245403677058,0.030155908846537856,0.03027777777777778,-0.5595523581135057,3,5.374558423641337
shuffled_confidence,test,0.8,5,0.3,0.8721023181454836,0.15987210231814078,1.052949236591405,0.2973621103117506,0.02747767530376226,0.027620160213618156,-0.7194244604316539,3,7.402212177295198
shuffled_confidence,test,0.8,5,0.4,0.8689048760991207,-0.1598721023181482,3.4193527339162144,0.3980815347721823,0.029279896250174294,0.03435280836932124,-1.0391686650679428,3,9.618677937325351
shuffled_confidence,test,0.8,5,0.5,0.8673061550759392,-0.31974420463629266,6.703477750228359,0.5123900879296563,0.02678696476489791,0.032680728314659915,-1.1990407673860874,3,12.689670319693303
shuffled_confidence,test,0.8,5,0.6,0.8641087130295764,-0.6394884092725817,9.087878985601805,0.601119104716227,0.029196910572235113,0.03582699874183632,-1.5187849720223763,3,14.920848857052375
shuffled_confidence,test,0.8,5,0.7,0.8601119104716227,-1.0391686650679504,12.053753969289657,0.7178257394084733,0.03056389669476783,0.03867217366644855,-1.918465227817745,3,17.705267372573005
shuffled_confidence,test,0.8,5,0.8,0.8601119104716227,-1.0391686650679504,15.074383400756883,0.8145483613109512,0.026837788245175284,0.03949122932588946,-1.918465227817745,3,20.526127438279612
shuffled_confidence,test,0.8,5,0.9,0.8561151079136691,-1.4388489208633115,18.27634955848449,0.9160671462829736,0.028655067955319455,0.04099562975396573,-2.3181454836131064,3,23.5200837440882
shuffled_confidence,test,0.8,5,1.0,0.8545163868904876,-1.598721023181456,20.49289877767628,1.0,0.028183654074602042,0.04040404040404041,-2.4780175859312505,3,25.597373387134038
shuffled_confidence,test,0.8,6,0.1,0.8760991207034372,0.5595523581135057,-3.9742376788899136,0.10951239008792965,0.03422619047619047,0.024390243902439022,-0.319744204636289,3,2.6966755627944927
shuffled_confidence,test,0.8,6,0.2,0.873701039168665,0.319744204636289,-1.3969180912610457,0.20943245403677058,0.030155908846537856,0.03027777777777778,-0.5595523581135057,3,5.111561036143327
shuffled_confidence,test,0.8,6,0.3,0.8721023181454836,0.15987210231814078,0.7130584192439801,0.2973621103117506,0.02747767530376226,0.027620160213618156,-0.7194244604316539,3,7.0860880379582865
shuffled_confidence,test,0.8,6,0.4,0.8689048760991207,-0.1598721023181482,3.039388403149331,0.3980815347721823,0.029279896250174294,0.03435280836932124,-1.0391686650679428,3,9.264824016156425
shuffled_confidence,test,0.8,6,0.5,0.8673061550759392,-0.31974420463629266,6.225858019052592,0.5123900879296563,0.02678696476489791,0.032680728314659915,-1.1990407673860874,3,12.244598408163732
shuffled_confidence,test,0.8,6,0.6,0.864908073541167,-0.5595523581135095,8.518530601592063,0.601119104716227,0.02776629540771437,0.034345517260354834,-1.4388489208633042,3,14.390441776267183
shuffled_confidence,test,0.8,6,0.7,0.8609112709832134,-0.9592326139088744,11.4243225020662,0.7178257394084733,0.029306035059547705,0.03738018400236586,-1.838529176658669,3,17.118671811914172
shuffled_confidence,test,0.8,6,0.8,0.8609112709832134,-0.9592326139088744,14.371601635564828,0.8145483613109512,0.02574129701710511,0.03837640212410574,-1.838529176658669,3,19.87062644910341
shuffled_confidence,test,0.8,6,0.9,0.8569144684252598,-1.3589128697042392,17.39728783331158,0.9160671462829736,0.02767467579845671,0.040000604878343844,-2.238209432454034,3,22.6997175456306
shuffled_confidence,test,0.8,6,1.0,0.8553157474020784,-1.5187849720223838,19.545271651659483,1.0,0.02727785697315277,0.03948576675849403,-2.3980815347721784,3,24.712611560727495
shuffled_confidence,test,0.8,7,0.1,0.8760991207034372,0.5595523581135057,-4.205761451128802,0.10951239008792965,0.03422619047619047,0.024390243902439022,-0.319744204636289,3,2.4804583761728227
shuffled_confidence,test,0.8,7,0.2,0.873701039168665,0.319744204636289,-1.8698616729740418,0.20943245403677058,0.030155908846537856,0.03027777777777778,-0.5595523581135057,3,4.668740125681281
shuffled_confidence,test,0.8,7,0.3,0.8721023181454836,0.15987210231814078,0.09102179303144646,0.2973621103117506,0.02747767530376226,0.027620160213618156,-0.7194244604316539,3,6.5038741498474515
shuffled_confidence,test,0.8,7,0.4,0.8697042366107114,-0.07993605115907594,2.2697268258732417,0.3980815347721823,0.027012322554029168,0.03200539052894565,-0.9592326139088706,3,8.544784680284437
shuffled_confidence,test,0.8,7,0.5,0.8697042366107114,-0.07993605115907594,5.089009961285829,0.5123900879296563,0.021605379181302276,0.030944617203548807,-0.9592326139088706,3,11.179345136031236
shuffled_confidence,test,0.8,7,0.6,0.8673061550759392,-0.31974420463629266,7.052829614163285,0.601119104716227,0.02327904881851028,0.032864035778873354,-1.1990407673860874,3,13.018775035181156
shuffled_confidence,test,0.8,7,0.7,0.8641087130295764,-0.6394884092725853,9.466701465918478,0.7178257394084733,0.024274945358847406,0.034893451208056175,-1.51878497202238,3,15.284194399782054
shuffled_confidence,test,0.8,7,0.8,0.8641087130295764,-0.6394884092725853,12.211274957588406,0.8145483613109512,0.02131909579235692,0.036179323840070936,-1.51878497202238,3,17.846415244661703
shuffled_confidence,test,0.8,7,0.9,0.8617106314948042,-0.8792965627498021,14.697300883031014,0.9160671462829736,0.02173929101796741,0.03697923755084759,-1.7585931254995968,3,20.169986381885366
shuffled_confidence,test,0.8,7,1.0,0.8601119104716227,-1.0391686650679504,16.63654356431337,1.0,0.02182327552070959,0.03673094582185491,-1.918465227817745,3,21.987166117150096
shuffled_confidence,test,0.8,8,0.1,0.8760991207034372,0.5595523581135057,-4.802188002957937,0.10951239008792965,0.03422619047619047,0.024390243902439022,-0.319744204636289,3,1.9227329762000183
shuffled_confidence,test,0.8,8,0.2,0.8752997601918465,0.47961630695443347,-2.9944212449432386,0.20943245403677058,0.021496439660752882,0.025833333333333333,-0.3996802557953612,3,3.615554295623354
shuffled_confidence,test,0.8,8,0.3,0.873701039168665,0.3197442046362853,-1.536332593849236,0.2973621103117506,0.02136095252037281,0.024504895416110367,-0.5595523581135095,3,4.980213622454277
shuffled_confidence,test,0.8,8,0.4,0.8713029576338929,0.07993605115906854,0.20613119317934858,0.3980815347721823,0.022522933836452534,0.029753138276693403,-0.7993605115907262,3,6.611996597015001
shuffled_confidence,test,0.8,8,0.5,0.8713029576338929,0.07993605115906854,2.4235503936665292,0.5123900879296563,0.017962283146901892,0.029082419810625156,-0.7993605115907262,3,8.683459052692145
shuffled_confidence,test,0.8,8,0.6,0.8689048760991207,-0.1598721023181482,3.990060463700029,0.601119104716227,0.02015826424743587,0.031205660986170204,-1.0391686650679428,3,10.151235874936559
shuffled_confidence,test,0.8,8,0.7,0.8657074340527579,-0.4796163069544372,5.8155530906085495,0.7178257394084733,0.021759578928587358,0.03354392354273904,-1.3589128697042319,3,11.864536442216496
shuffled_confidence,test,0.8,8,0.8,0.864908073541167,-0.5595523581135095,7.878006872852228,0.8145483613109512,0.02018636825181926,0.03500561491988314,-1.4388489208633042,3,13.79196130867552
shuffled_confidence,test,0.8,8,0.9,0.8633093525179856,-0.7194244604316576,9.829048675453475,0.9160671462829736,0.019751990784585505,0.034989187799603805,-1.5987210231814524,3,15.615707289918294
shuffled_confidence,test,0.8,8,1.0,0.8617106314948041,-0.8792965627498058,11.258536691461126,1.0,0.02000178189593728,0.03489439853076217,-1.7585931254996006,3,16.953980624469068
shuffled_confidence,test,0.85,4,0.1,0.876898481215028,0.639488409272578,-4.367142981425909,0.10951239008792965,0.02628968253968254,0.024390243902439022,-0.23980815347721673,3,2.329595541208803
shuffled_confidence,test,0.85,4,0.2,0.8745003996802558,0.3996802557953612,-2.223400321893091,0.20943245403677058,0.025769943934257154,0.03027777777777778,-0.47961630695443347,3,4.337789576523103
shuffled_confidence,test,0.85,4,0.3,0.8729016786570744,0.23980815347721304,-0.4360781243203345,0.2973621103117506,0.02439125555067584,0.027620160213618156,-0.6394884092725817,3,6.010608714896892
shuffled_confidence,test,0.85,4,0.4,0.8705035971223022,-3.700743415417189e-15,1.493975379529337,0.3980815347721823,0.024760070301776918,0.03200539052894565,-0.8792965627497984,3,7.818498202364843
shuffled_confidence,test,0.85,4,0.5,0.8705035971223022,-3.700743415417189e-15,4.208153899691151,0.5123900879296563,0.019773877349800444,0.030944617203548807,-0.8792965627497984,3,10.357345332904755
shuffled_confidence,test,0.85,4,0.6,0.8681055155875299,-0.23980815347722415,6.157890730349295,0.601119104716227,0.021717185704738743,0.03437233140481604,-1.119104716227019,3,12.182238561522725
shuffled_confidence,test,0.85,4,0.7,0.8641087130295764,-0.6394884092725853,8.664198094740952,0.7178257394084733,0.024199116820553992,0.037437722003600314,-1.51878497202238,3,14.536015057068319
shuffled_confidence,test,0.85,4,0.8,0.8633093525179856,-0.7194244604316576,11.30752751315846,0.8145483613109512,0.02239090715355735,0.038435283842509806,-1.5987210231814524,3,17.003556340032834
shuffled_confidence,test,0.85,4,0.9,0.8601119104716227,-1.0391686650679466,14.015724911914385,0.9160671462829736,0.023747323146481467,0.040000604878343844,-1.9184652278177412,3,19.53587367695384
shuffled_confidence,test,0.85,4,1.0,0.8585131894484412,-1.1990407673860948,16.00113097568402,1.0,0.023644769145481904,0.03948576675849403,-2.0783373301358896,3,21.397889158171218
shuffled_confidence,test,0.85,5,0.1,0.876898481215028,0.639488409272578,-4.3686110748618985,0.10951239008792965,0.02628968253968254,0.024390243902439022,-0.23980815347721673,3,2.3282385008835984
shuffled_confidence,test,0.85,5,0.2,0.8745003996802558,0.3996802557953612,-2.2248684153290808,0.20943245403677058,0.025769943934257154,0.03027777777777778,-0.47961630695443347,3,4.336432536197898
shuffled_confidence,test,0.85,5,0.3,0.8729016786570744,0.23980815347721304,-0.4393405541780952,0.2973621103117506,0.02439125555067584,0.027620160213618156,-0.6394884092725817,3,6.007571099876248
shuffled_confidence,test,0.85,5,0.4,0.8705035971223022,-3.700743415417189e-15,1.4901148375309943,0.3980815347721823,0.024760070301776918,0.03200539052894565,-0.8792965627497984,3,7.814907719063565
shuffled_confidence,test,0.85,5,0.5,0.8705035971223022,-3.700743415417189e-15,4.204293357692797,0.5123900879296563,0.019773877349800444,0.030944617203548807,-0.8792965627497984,3,10.353754849603465
shuffled_confidence,test,0.85,5,0.6,0.8681055155875299,-0.23980815347722415,6.1450585062421075,0.601119104716227,0.021717185704738743,0.03437233140481604,-1.119104716227019,3,12.17035505401184
shuffled_confidence,test,0.85,5,0.7,0.8641087130295764,-0.6394884092725853,8.638696768019486,0.7178257394084733,0.024199116820553992,0.037437722003600314,-1.51878497202238,3,14.512162319690395
shuffled_confidence,test,0.85,5,0.8,0.8633093525179856,-0.7194244604316576,11.277513158467093,0.8145483613109512,0.02239090715355735,0.038435283842509806,-1.5987210231814524,3,16.975531960173726
shuffled_confidence,test,0.85,5,0.9,0.8601119104716227,-1.0391686650679466,13.985710557223015,0.9160671462829736,0.023747323146481467,0.040000604878343844,-1.9184652278177412,3,19.50784929709473
shuffled_confidence,test,0.85,5,1.0,0.8585131894484412,-1.1990407673860948,15.801796511374999,1.0,0.023644769145481904,0.03948576675849403,-2.0783373301358896,3,21.209556145584123
shuffled_confidence,test,0.85,6,0.1,0.876898481215028,0.639488409272578,-4.386065074600902,0.10951239008792965,0.02628968253968254,0.024390243902439022,-0.23980815347721673,3,2.311925390007278
shuffled_confidence,test,0.85,6,0.2,0.8745003996802558,0.3996802557953612,-2.2579820783853233,0.20943245403677058,0.025769943934257154,0.03027777777777778,-0.47961630695443347,3,4.305453425441786
shuffled_confidence,test,0.85,6,0.3,0.8729016786570744,0.23980815347721304,-0.48425333855322367,0.2973621103117506,0.02439125555067584,0.027620160213618156,-0.6394884092725817,3,5.965601520870471
shuffled_confidence,test,0.85,6,0.4,0.8705035971223022,-3.700743415417189e-15,1.4420483709600251,0.3980815347721823,0.024760070301776918,0.03200539052894565,-0.8792965627497984,3,7.7700230163962285
shuffled_confidence,test,0.85,6,0.5,0.8705035971223022,-3.700743415417189e-15,4.122569489755968,0.5123900879296563,0.019773877349800444,0.030944617203548807,-0.8792965627497984,3,10.277559015020906
shuffled_confidence,test,0.85,6,0.6,0.8681055155875299,-0.23980815347722415,6.05245987211274,0.601119104716227,0.021717185704738743,0.03437233140481604,-1.119104716227019,3,12.083894924733318
shuffled_confidence,test,0.85,6,0.7,0.8641087130295764,-0.6394884092725853,8.518856844577835,0.7178257394084733,0.024199116820553992,0.037437722003600314,-1.51878497202238,3,14.400211871592393
shuffled_confidence,test,0.85,6,0.8,0.8633093525179856,-0.7194244604316576,11.155715777110785,0.8145483613109512,0.02239090715355735,0.038435283842509806,-1.5987210231814524,3,16.861742863714905
shuffled_confidence,test,0.85,6,0.9,0.8601119104716227,-1.0391686650679466,13.853038409674182,0.9160671462829736,0.023747323146481467,0.040000604878343844,-1.9184652278177412,3,19.383928825455545
shuffled_confidence,test,0.85,6,1.0,0.8585131894484412,-1.1990407673860948,15.625353429901253,1.0,0.023644769145481904,0.03948576675849403,-2.0783373301358896,3,21.044626736071947
shuffled_confidence,test,0.85,7,0.1,0.876898481215028,0.639488409272578,-4.514332941841759,0.10951239008792965,0.02628968253968254,0.024390243902439022,-0.23980815347721673,3,2.192009422751414
shuffled_confidence,test,0.85,7,0.2,0.8745003996802558,0.3996802557953612,-2.453021010048295,0.20943245403677058,0.025769943934257154,0.03027777777777778,-0.47961630695443347,3,4.123062086178697
shuffled_confidence,test,0.85,7,0.3,0.8729016786570744,0.23980815347721304,-0.7360585497411883,0.2973621103117506,0.02439125555067584,0.027620160213618156,-0.6394884092725817,3,5.730182160537811
shuffled_confidence,test,0.85,7,0.4,0.8705035971223022,-3.700743415417189e-15,1.1312475531776056,0.3980815347721823,0.024760070301776918,0.03200539052894565,-0.8792965627497984,3,7.47937240848768
shuffled_confidence,test,0.85,7,0.5,0.8705035971223022,-3.700743415417189e-15,3.5754056287789786,0.5123900879296563,0.019773877349800444,0.030944617203548807,-0.8792965627497984,3,9.764060018720745
shuffled_confidence,test,0.85,7,0.6,0.8681055155875299,-0.23980815347722415,5.288181304101954,0.601119104716227,0.021717185704738743,0.03437233140481604,-1.119104716227019,3,11.368216712670446
shuffled_confidence,test,0.85,7,0.7,0.8641087130295764,-0.6394884092725853,7.399408412719122,0.7178257394084733,0.024199116820553992,0.037437722003600314,-1.51878497202238,3,13.34982396588837
shuffled_confidence,test,0.85,7,0.8,0.8633093525179856,-0.7194244604316576,9.93322893557788,0.8145483613109512,0.02239090715355735,0.038435283842509806,-1.5987210231814524,3,15.714979442365003
shuffled_confidence,test,0.85,7,0.9,0.8609112709832134,-0.9592326139088744,12.20426073339423,0.9160671462829736,0.022743307082224436,0.03898743365240666,-1.838529176658669,3,17.83763545384966
shuffled_confidence,test,0.85,7,1.0,0.8593125499600319,-1.1191047162270225,13.884575231632509,1.0,0.02273402233309575,0.03856749311294766,-1.9984012789768173,3,19.412224111551396
shuffled_confidence,test,0.85,8,0.1,0.8760991207034372,0.5595523581135057,-4.958186523989738,0.10951239008792965,0.03422619047619047,0.024390243902439022,-0.319744204636289,3,1.7769594394946668
shuffled_confidence,test,0.85,8,0.2,0.8752997601918465,0.47961630695443347,-3.261886119448435,0.20943245403677058,0.021496439660752882,0.025833333333333333,-0.3996802557953612,3,3.365979649908198
shuffled_confidence,test,0.85,8,0.3,0.873701039168665,0.3197442046362853,-1.8743203271129734,0.2973621103117506,0.02136095252037281,0.024504895416110367,-0.5595523581135095,3,4.664678657439891
shuffled_confidence,test,0.85,8,0.4,0.8713029576338929,0.07993605115906854,-0.25550263169343096,0.3980815347721823,0.022522933836452534,0.029753138276693403,-0.7993605115907262,3,6.180844101667027
shuffled_confidence,test,0.85,8,0.5,0.8713029576338929,0.07993605115906854,1.7916721040497574,0.5123900879296563,0.017962283146901892,0.029082419810625156,-0.7993605115907262,3,8.093991310347763
shuffled_confidence,test,0.85,8,0.6,0.8689048760991207,-0.1598721023181482,3.274228979076947,0.601119104716227,0.02015826424743587,0.031205660986170204,-1.0391686650679428,3,9.482929301398952
shuffled_confidence,test,0.85,8,0.7,0.8657074340527579,-0.4796163069544372,5.007394841010911,0.7178257394084733,0.021759578928587358,0.03354392354273904,-1.3589128697042319,3,11.10950481648284
shuffled_confidence,test,0.85,8,0.8,0.864908073541167,-0.5595523581135095,7.003023185001515,0.8145483613109512,0.02018636825181926,0.03500561491988314,-1.4388489208633042,3,12.974542849188571
shuffled_confidence,test,0.85,8,0.9,0.8633093525179856,-0.7194244604316576,8.888490147461825,0.9160671462829736,0.019751990784585505,0.034989187799603805,-1.5987210231814524,3,14.736946218473598
shuffled_confidence,test,0.85,8,1.0,0.8617106314948041,-0.8792965627498058,10.222280220975247,1.0,0.02000178189593728,0.03489439853076217,-1.7585931254996006,3,15.985446600313184
shuffled_confidence,test,0.88,4,0.1,0.8760991207034372,0.5595523581135057,-4.735036321719092,0.10951239008792965,0.03422619047619047,0.024390243902439022,-0.319744204636289,3,1.9859561668408892
shuffled_confidence,test,0.88,4,0.2,0.8745003996802558,0.3996802557953612,-2.8117251729087966,0.20943245403677058,0.025882404573033584,0.03027777777777778,-0.47961630695443347,3,3.787881140599388
shuffled_confidence,test,0.88,4,0.3,0.8729016786570744,0.23980815347721304,-1.2178650659010841,0.2973621103117506,0.02444737227345923,0.027620160213618156,-0.6394884092725817,3,5.279530358411591
shuffled_confidence,test,0.88,4,0.4,0.8713029576338929,0.07993605115906854,0.5170407586236844,0.3980815347721823,0.02250761239255966,0.03200539052894565,-0.7993605115907262,3,6.904825024486442
shuffled_confidence,test,0.88,4,0.5,0.8713029576338929,0.07993605115906854,2.858106050719907,0.5123900879296563,0.018118743102356824,0.030944617203548807,-0.7993605115907262,3,9.093341744708017
shuffled_confidence,test,0.88,4,0.6,0.86810551558753,-0.23980815347722043,4.5061768671973494,0.601119104716227,0.021848433653989537,0.03437233140481604,-1.1191047162270151,3,10.637651261283594
shuffled_confidence,test,0.88,4,0.7,0.8641087130295764,-0.6394884092725853,6.728489712471175,0.7178257394084733,0.024350417056960613,0.037437722003600314,-1.51878497202238,3,12.725132881615268
shuffled_confidence,test,0.88,4,0.8,0.8633093525179856,-0.7194244604316576,9.022358519291828,0.8145483613109512,0.02247650319976433,0.038435283842509806,-1.5987210231814524,3,14.866204176523127
shuffled_confidence,test,0.88,4,0.9,0.8609112709832134,-0.9592326139088744,11.48054504328156,0.9160671462829736,0.022722575187092288,0.03898743365240666,-1.838529176658669,3,17.16534986611167
shuffled_confidence,test,0.88,4,1.0,0.8593125499600319,-1.1191047162270225,13.239919091739527,1.0,0.02273402233309575,0.03856749311294766,-1.9984012789768173,3,18.8158449834256
shuffled_confidence,test,0.88,5,0.1,0.8760991207034372,0.5595523581135057,-4.735036321719092,0.10951239008792965,0.03422619047619047,0.024390243902439022,-0.319744204636289,3,1.9859561668408892
shuffled_confidence,test,0.88,5,0.2,0.8745003996802558,0.3996802557953612,-2.8117251729087966,0.20943245403677058,0.025882404573033584,0.03027777777777778,-0.47961630695443347,3,3.787881140599388
shuffled_confidence,test,0.88,5,0.3,0.8729016786570744,0.23980815347721304,-1.2178650659010841,0.2973621103117506,0.02444737227345923,0.027620160213618156,-0.6394884092725817,3,5.279530358411591
shuffled_confidence,test,0.88,5,0.4,0.8713029576338929,0.07993605115906854,0.5170407586236844,0.3980815347721823,0.02250761239255966,0.03200539052894565,-0.7993605115907262,3,6.904825024486442
shuffled_confidence,test,0.88,5,0.5,0.8713029576338929,0.07993605115906854,2.858106050719907,0.5123900879296563,0.018118743102356824,0.030944617203548807,-0.7993605115907262,3,9.093341744708017
shuffled_confidence,test,0.88,5,0.6,0.86810551558753,-0.23980815347722043,4.5061768671973494,0.601119104716227,0.021848433653989537,0.03437233140481604,-1.1191047162270151,3,10.637651261283594
shuffled_confidence,test,0.88,5,0.7,0.8641087130295764,-0.6394884092725853,6.728489712471175,0.7178257394084733,0.024350417056960613,0.037437722003600314,-1.51878497202238,3,12.725132881615268
shuffled_confidence,test,0.88,5,0.8,0.8633093525179856,-0.7194244604316576,9.01784549132193,0.8145483613109512,0.02247650319976433,0.038435283842509806,-1.5987210231814524,3,14.862032534041935
shuffled_confidence,test,0.88,5,0.9,0.8609112709832134,-0.9592326139088744,11.476032015311663,0.9160671462829736,0.022722575187092288,0.03898743365240666,-1.838529176658669,3,17.161178223630472
shuffled_confidence,test,0.88,5,1.0,0.8593125499600319,-1.1191047162270225,13.066085954151983,1.0,0.02273402233309575,0.03856749311294766,-1.9984012789768173,3,18.651364708216427
shuffled_confidence,test,0.88,6,0.1,0.8760991207034372,0.5595523581135057,-4.735036321719092,0.10951239008792965,0.03422619047619047,0.024390243902439022,-0.319744204636289,3,1.9859561668408892
shuffled_confidence,test,0.88,6,0.2,0.8745003996802558,0.3996802557953612,-2.8148244812736665,0.20943245403677058,0.025882404573033584,0.03027777777777778,-0.47961630695443347,3,3.78497832976182
shuffled_confidence,test,0.88,6,0.3,0.8729016786570744,0.23980815347721304,-1.2225412153638704,0.2973621103117506,0.02444737227345923,0.027620160213618156,-0.6394884092725817,3,5.275150678902281
shuffled_confidence,test,0.88,6,0.4,0.8713029576338929,0.07993605115906854,0.5114402540345305,0.3980815347721823,0.02250761239255966,0.03200539052894565,-0.7993605115907262,3,6.899590912179776
shuffled_confidence,test,0.88,6,0.5,0.8713029576338929,0.07993605115906854,2.85000434990648,0.5123900879296563,0.018118743102356824,0.030944617203548807,-0.7993605115907262,3,9.085795637773224
shuffled_confidence,test,0.88,6,0.6,0.86810551558753,-0.23980815347722043,4.498075166383916,0.601119104716227,0.021848433653989537,0.03437233140481604,-1.1191047162270151,3,10.630105154348797
shuffled_confidence,test,0.88,6,0.7,0.8641087130295764,-0.6394884092725853,6.7080451520292295,0.7178257394084733,0.024350417056960613,0.037437722003600314,-1.51878497202238,3,12.706039812029838
shuffled_confidence,test,0.88,6,0.8,0.8633093525179856,-0.7194244604316576,8.996748444908427,0.8145483613109512,0.02247650319976433,0.038435283842509806,-1.5987210231814524,3,14.842336335423076
shuffled_confidence,test,0.88,6,0.9,0.8609112709832134,-0.9592326139088744,11.453195006307356,0.9160671462829736,0.022722575187092288,0.03898743365240666,-1.838529176658669,3,17.1398523768221
shuffled_confidence,test,0.88,6,1.0,0.8593125499600319,-1.1191047162270225,13.035147244334244,1.0,0.02273402233309575,0.03856749311294766,-1.9984012789768173,3,18.622464663899795
shuffled_confidence,test,0.88,7,0.1,0.8760991207034372,0.5595523581135057,-4.802133629126974,0.10951239008792965,0.03422619047619047,0.024390243902439022,-0.319744204636289,3,1.9232371414386977
shuffled_confidence,test,0.88,7,0.2,0.8745003996802558,0.3996802557953612,-2.911338031232328,0.20943245403677058,0.025882404573033584,0.03027777777777778,-0.47961630695443347,3,3.6947046301405404
shuffled_confidence,test,0.88,7,0.3,0.8729016786570744,0.23980815347721304,-1.348525381704302,0.2973621103117506,0.02444737227345923,0.027620160213618156,-0.6394884092725817,3,5.157353337916148
shuffled_confidence,test,0.88,7,0.4,0.8713029576338929,0.07993605115906854,0.33864021923528664,0.3980815347721823,0.02250761239255966,0.03200539052894565,-0.7993605115907262,3,6.737946832690837
shuffled_confidence,test,0.88,7,0.5,0.8713029576338929,0.07993605115906854,2.6113032319805067,0.5123900879296563,0.018118743102356824,0.030944617203548807,-0.7993605115907262,3,8.861988418243817
shuffled_confidence,test,0.88,7,0.6,0.86810551558753,-0.23980815347722043,4.1879268345730525,0.601119104716227,0.021848433653989537,0.03437233140481604,-1.1191047162270151,3,10.339020752387848
shuffled_confidence,test,0.88,7,0.7,0.8641087130295764,-0.6394884092725853,6.104115011527241,0.7178257394084733,0.024350417056960613,0.037437722003600314,-1.51878497202238,3,12.138008056565097
shuffled_confidence,test,0.88,7,0.8,0.8633093525179856,-0.7194244604316576,8.362803949715078,0.8145483613109512,0.02247650319976433,0.038435283842509806,-1.5987210231814524,3,14.2462942540712
shuffled_confidence,test,0.88,7,0.9,0.8617106314948042,-0.8792965627498021,10.437709339249198,0.9160671462829736,0.021718559122835258,0.03797426242646948,-1.7585931254995968,3,16.185892204307326
shuffled_confidence,test,0.88,7,1.0,0.8601119104716227,-1.0391686650679504,11.99225716647091,1.0,0.02182327552070959,0.03764921946740129,-1.918465227817745,3,17.642703640715958
shuffled_confidence,test,0.88,8,0.1,0.8760991207034372,0.5595523581135057,-5.091456783679156,0.10951239008792965,0.03422619047619047,0.024390243902439022,-0.319744204636289,3,1.6526243769930098
shuffled_confidence,test,0.88,8,0.2,0.8752997601918465,0.47961630695443347,-3.4710078733307226,0.20943245403677058,0.021496439660752882,0.025833333333333333,-0.3996802557953612,3,3.1706787899327904
shuffled_confidence,test,0.88,8,0.3,0.873701039168665,0.3197442046362853,-2.1672865283396403,0.2973621103117506,0.02136095252037281,0.024504895416110367,-0.5595523581135095,3,4.39077018474295
shuffled_confidence,test,0.88,8,0.4,0.8721023181454836,0.15987210231814078,-0.6428074296402723,0.3980815347721823,0.020255360140307408,0.029753138276693403,-0.7194244604316539,3,5.818753734908629
shuffled_confidence,test,0.88,8,0.5,0.8721023181454836,0.15987210231814078,1.3454804471703812,0.5123900879296563,0.016287241270854992,0.029082419810625156,-0.7194244604316539,3,7.676633392579487
shuffled_confidence,test,0.88,8,0.6,0.8697042366107114,-0.07993605115907594,2.7637130801687726,0.601119104716227,0.018727649082915125,0.031205660986170204,-0.9592326139088706,3,9.005446610872603
shuffled_confidence,test,0.88,8,0.7,0.8665067945643485,-0.3996802557953649,4.397972943581707,0.7178257394084733,0.020501717293367232,0.03354392354273904,-1.2789768185451595,3,10.53964220228916
shuffled_confidence,test,0.88,8,0.8,0.8657074340527579,-0.4796163069544372,6.244073252425068,0.8145483613109512,0.019089877023749084,0.03500561491988314,-1.3589128697042319,3,12.264570508455378
shuffled_confidence,test,0.88,8,0.9,0.864908073541167,-0.5595523581135095,8.00165296446126,0.9160671462829736,0.017767582563465733,0.033976016573666626,-1.4388489208633042,3,13.907578195921648
shuffled_confidence,test,0.88,8,1.0,0.8633093525179856,-0.7194244604316576,9.26785636608812,1.0,0.018185237982101844,0.03397612488521579,-1.5987210231814524,3,15.092669467243283
shuffled_confidence,test,0.9,4,0.1,0.876898481215028,0.639488409272578,-4.938448823350305,0.10951239008792965,0.02628968253968254,0.016260162601626018,-0.23980815347721673,3,1.795987284202775
shuffled_confidence,test,0.9,4,0.2,0.8752997601918465,0.47961630695443347,-3.1314976728000468,0.20943245403677058,0.021496439660752882,0.025833333333333333,-0.3996802557953612,3,3.4883748319300336
shuffled_confidence,test,0.9,4,0.3,0.873701039168665,0.3197442046362853,-1.6703097133411744,0.2973621103117506,0.02136095252037281,0.024504895416110367,-0.5595523581135095,3,4.856124752545843
shuffled_confidence,test,0.9,4,0.4,0.8721023181454836,0.15987210231814078,-0.11538126930272045,0.3980815347721823,0.020255360140307408,0.029753138276693403,-0.7194244604316539,3,6.312750114703406
shuffled_confidence,test,0.9,4,0.5,0.8721023181454836,0.15987210231814078,2.0089499325764426,0.5123900879296563,0.016287241270854992,0.029082419810625156,-0.7194244604316539,3,8.29899081304888
shuffled_confidence,test,0.9,4,0.6,0.8689048760991207,-0.1598721023181482,3.5297859846013226,0.601119104716227,0.020222417393826936,0.03271395661211289,-1.0391686650679428,3,9.724212423675198
shuffled_confidence,test,0.9,4,0.7,0.864908073541167,-0.5595523581135131,5.549773804863194,0.7178257394084733,0.02301708372362728,0.036088194338283176,-1.4388489208633077,3,11.622429164813967
shuffled_confidence,test,0.9,4,0.8,0.8641087130295764,-0.6394884092725853,7.67595371699508,0.8145483613109512,0.02131909579235692,0.037261574922322016,-1.51878497202238,3,13.606728588168659
shuffled_confidence,test,0.9,4,0.9,0.8617106314948042,-0.8792965627498021,9.789627648005565,0.9160671462829736,0.02173929101796741,0.03799240877678477,-1.7585931254995968,3,15.58263050359876
shuffled_confidence,test,0.9,4,1.0,0.8601119104716227,-1.0391686650679504,11.3812584279438,1.0,0.02182327552070959,0.03764921946740129,-1.918465227817745,3,17.0757708194788
shuffled_confidence,test,0.9,5,0.1,0.876898481215028,0.639488409272578,-4.938448823350305,0.10951239008792965,0.02628968253968254,0.016260162601626018,-0.23980815347721673,3,1.795987284202775
shuffled_confidence,test,0.9,5,0.2,0.8752997601918465,0.47961630695443347,-3.1314976728000468,0.20943245403677058,0.021496439660752882,0.025833333333333333,-0.3996802557953612,3,3.4883748319300336
shuffled_confidence,test,0.9,5,0.3,0.873701039168665,0.3197442046362853,-1.6703097133411744,0.2973621103117506,0.02136095252037281,0.024504895416110367,-0.5595523581135095,3,4.856124752545843
shuffled_confidence,test,0.9,5,0.4,0.8721023181454836,0.15987210231814078,-0.11538126930272045,0.3980815347721823,0.020255360140307408,0.029753138276693403,-0.7194244604316539,3,6.312750114703406
shuffled_confidence,test,0.9,5,0.5,0.8721023181454836,0.15987210231814078,2.0089499325764426,0.5123900879296563,0.016287241270854992,0.029082419810625156,-0.7194244604316539,3,8.29899081304888
shuffled_confidence,test,0.9,5,0.6,0.8689048760991207,-0.1598721023181482,3.5297859846013226,0.601119104716227,0.020222417393826936,0.03271395661211289,-1.0391686650679428,3,9.724212423675198
shuffled_confidence,test,0.9,5,0.7,0.864908073541167,-0.5595523581135131,5.549773804863194,0.7178257394084733,0.02301708372362728,0.036088194338283176,-1.4388489208633077,3,11.622429164813967
shuffled_confidence,test,0.9,5,0.8,0.8641087130295764,-0.6394884092725853,7.671440689025181,0.8145483613109512,0.02131909579235692,0.037261574922322016,-1.51878497202238,3,13.602556945687464
shuffled_confidence,test,0.9,5,0.9,0.8617106314948042,-0.8792965627498021,9.785114620035666,0.9160671462829736,0.02173929101796741,0.03799240877678477,-1.7585931254995968,3,15.578458861117564
shuffled_confidence,test,0.9,5,1.0,0.8601119104716227,-1.0391686650679504,11.207425290356259,1.0,0.02182327552070959,0.03764921946740129,-1.918465227817745,3,16.911290544269626
shuffled_confidence,test,0.9,6,0.1,0.876898481215028,0.639488409272578,-4.938448823350305,0.10951239008792965,0.02628968253968254,0.016260162601626018,-0.23980815347721673,3,1.795987284202775
shuffled_confidence,test,0.9,6,0.2,0.8752997601918465,0.47961630695443347,-3.1314976728000468,0.20943245403677058,0.021496439660752882,0.025833333333333333,-0.3996802557953612,3,3.4883748319300336
shuffled_confidence,test,0.9,6,0.3,0.873701039168665,0.3197442046362853,-1.6703097133411744,0.2973621103117506,0.02136095252037281,0.024504895416110367,-0.5595523581135095,3,4.856124752545843
shuffled_confidence,test,0.9,6,0.4,0.8721023181454836,0.15987210231814078,-0.11538126930272045,0.3980815347721823,0.020255360140307408,0.029753138276693403,-0.7194244604316539,3,6.312750114703406
shuffled_confidence,test,0.9,6,0.5,0.8721023181454836,0.15987210231814078,2.007644960633337,0.5123900879296563,0.016287241270854992,0.029082419810625156,-0.7194244604316539,3,8.297784554982025
shuffled_confidence,test,0.9,6,0.6,0.8689048760991207,-0.1598721023181482,3.528481012658221,0.601119104716227,0.020222417393826936,0.03271395661211289,-1.0391686650679428,3,9.723006165608346
shuffled_confidence,test,0.9,6,0.7,0.864908073541167,-0.5595523581135131,5.5450432815694395,0.7178257394084733,0.02301708372362728,0.036088194338283176,-1.4388489208633077,3,11.618056479321629
shuffled_confidence,test,0.9,6,0.8,0.8641087130295764,-0.6394884092725853,7.666057679759878,0.8145483613109512,0.02131909579235692,0.037261574922322016,-1.51878497202238,3,13.597581131161704
shuffled_confidence,test,0.9,6,0.9,0.8617106314948042,-0.8792965627498021,9.779731610770366,0.9160671462829736,0.02173929101796741,0.03799240877678477,-1.7585931254995968,3,15.573483046591807
shuffled_confidence,test,0.9,6,1.0,0.8601119104716227,-1.0391686650679504,11.201389795119399,1.0,0.02182327552070959,0.03764921946740129,-1.918465227817745,3,16.905696970080175
shuffled_confidence,test,0.9,7,0.1,0.876898481215028,0.639488409272578,-4.960687720214015,0.10951239008792965,0.02628968253968254,0.016260162601626018,-0.23980815347721673,3,1.7749563600490625
shuffled_confidence,test,0.9,7,0.2,0.8752997601918465,0.47961630695443347,-3.1678193918830866,0.20943245403677058,0.021496439660752882,0.025833333333333333,-0.3996802557953612,3,3.45422717558751
shuffled_confidence,test,0.9,7,0.3,0.873701039168665,0.3197442046362853,-1.7250641611205486,0.2973621103117506,0.02136095252037281,0.024504895416110367,-0.5595523581135095,3,4.804770994257671
shuffled_confidence,test,0.9,7,0.4,0.8721023181454836,0.15987210231814078,-0.2054787072077994,0.3980815347721823,0.020255360140307408,0.029753138276693403,-0.7194244604316539,3,6.228203790195185
shuffled_confidence,test,0.9,7,0.5,0.8721023181454836,0.15987210231814078,1.8676867197355211,0.5123900879296563,0.016287241270854992,0.029082419810625156,-0.7194244604316539,3,8.166084709940195
shuffled_confidence,test,0.9,7,0.6,0.8689048760991207,-0.1598721023181482,3.3483948845099754,0.601119104716227,0.020222417393826936,0.03271395661211289,-1.0391686650679428,3,9.5534185773916
shuffled_confidence,test,0.9,7,0.7,0.864908073541167,-0.5595523581135131,5.135227717604059,0.7178257394084733,0.02301708372362728,0.036088194338283176,-1.4388489208633077,3,11.23103192775925
shuffled_confidence,test,0.9,7,0.8,0.8641087130295764,-0.6394884092725853,7.249119143938391,0.8145483613109512,0.02131909579235692,0.037261574922322016,-1.51878497202238,3,13.203900487052286
shuffled_confidence,test,0.9,7,0.9,0.8617106314948042,-0.8792965627498021,9.137413545608768,0.9160671462829736,0.02173929101796741,0.03799240877678477,-1.7585931254995968,3,14.96888513125026
shuffled_confidence,test,0.9,7,1.0,0.8601119104716227,-1.0391686650679504,10.535962851798686,1.0,0.02182327552070959,0.03764921946740129,-1.918465227817745,3,16.27934076934925
shuffled_confidence,test,0.9,8,0.1,0.876898481215028,0.639488409272578,-5.18079298795077,0.10951239008792965,0.02628968253968254,0.016260162601626018,-0.23980815347721673,3,1.5689325102109704
shuffled_confidence,test,0.9,8,0.2,0.8760991207034372,0.5595523581135057,-3.583017965113755,0.20943245403677058,0.01711047474847218,0.021388888888888888,-0.319744204636289,3,3.0656231925795994
shuffled_confidence,test,0.9,8,0.3,0.8745003996802558,0.3996802557953612,-2.342098394884514,0.2973621103117506,0.01827453276728639,0.02138963061860258,-0.47961630695443347,3,4.22722973880835
shuffled_confidence,test,0.9,8,0.4,0.8729016786570744,0.23980815347721304,-0.9156553134107681,0.3980815347721823,0.018003107888055155,0.02750088602444115,-0.6394884092725817,3,5.563361286782823
shuffled_confidence,test,0.9,8,0.5,0.8729016786570744,0.23980815347721304,0.9728022097524843,0.5123900879296563,0.01445573943935316,0.027220222417701508,-0.6394884092725817,3,7.328210418588288
shuffled_confidence,test,0.9,8,0.6,0.8705035971223022,-3.700743415417189e-15,2.3429683761799103,0.601119104716227,0.017101632822752524,0.029547286193467054,-0.8792965627497984,3,8.611918398989578
shuffled_confidence,test,0.9,8,0.7,0.8673061550759392,-0.31974420463629266,3.910294053677843,0.7178257394084733,0.0191683839600339,0.0321943958774219,-1.1990407673860874,3,10.083111954429228
shuffled_confidence,test,0.9,8,0.8,0.8665067945643485,-0.3996802557953649,5.693157597111656,0.8145483613109512,0.017932469616341675,0.03383190599969534,-1.2789768185451595,3,11.74873143630556
shuffled_confidence,test,0.9,8,0.9,0.864908073541167,-0.5595523581135131,7.35938927313062,0.9160671462829736,0.01778831445859788,0.03399416292398191,-1.4388489208633077,3,13.306190431536702
shuffled_confidence,test,0.9,8,1.0,0.8633093525179856,-0.7194244604316576,8.566923311148804,1.0,0.018185237982101844,0.03397612488521579,-1.5987210231814524,3,14.436186855803872
shuffled_confidence,test,0.92,4,0.1,0.8784972022382094,0.7993605115907224,-5.085638783766155,0.10951239008792965,0.010416666666666666,0.008130081300813009,-0.07993605115907225,3,1.6584223908679345
shuffled_confidence,test,0.92,4,0.2,0.8776978417266187,0.7194244604316502,-3.4506176867197405,0.20943245403677058,0.008338544923910778,0.016944444444444443,-0.1598721023181445,3,3.1900776607324564
shuffled_confidence,test,0.92,4,0.3,0.8760991207034372,0.5595523581135057,-2.1207969028665876,0.2973621103117506,0.012101693261113551,0.018274365821094794,-0.319744204636289,3,4.434861173415272
shuffled_confidence,test,0.92,4,0.4,0.8745003996802558,0.3996802557953612,-0.6940275784070712,0.3980815347721823,0.013498603383550651,0.025248633772188896,-0.47961630695443347,3,5.7717020201664875
shuffled_confidence,test,0.92,4,0.5,0.8745003996802558,0.3996802557953612,1.208458393144544,0.5123900879296563,0.010792735776349496,0.025358025024777856,-0.47961630695443347,3,7.549676203862298
shuffled_confidence,test,0.92,4,0.6,0.8721023181454837,0.1598721023181445,2.5756883726999877,0.601119104716227,0.013913753448818384,0.029397207026706586,-0.7194244604316502,3,8.830594017206543
shuffled_confidence,test,0.92,4,0.7,0.8697042366107114,-0.07993605115907965,4.181456348688502,0.7178257394084733,0.015168027119853697,0.03074762167824907,-0.9592326139088744,3,10.338048906962186
shuffled_confidence,test,0.92,4,0.8,0.8689048760991207,-0.15987210231815188,6.15348645004132,0.8145483613109512,0.014496483706586938,0.03262562095997491,-1.0391686650679466,3,12.178099590417965
shuffled_confidence,test,0.92,4,0.9,0.8673061550759392,-0.3197442046362964,7.882628648484054,0.9160671462829736,0.014864977870879667,0.033017284398675316,-1.199040767386091,3,13.794029477358173
shuffled_confidence,test,0.92,4,1.0,0.8657074340527577,-0.47961630695444085,9.173789638522763,1.0,0.015462896966817139,0.03305785123966942,-1.3589128697042356,3,15.004155585144867
shuffled_confidence,test,0.92,5,0.1,0.8784972022382094,0.7993605115907224,-5.085638783766155,0.10951239008792965,0.010416666666666666,0.008130081300813009,-0.07993605115907225,3,1.6584223908679345
shuffled_confidence,test,0.92,5,0.2,0.8776978417266187,0.7194244604316502,-3.4506176867197405,0.20943245403677058,0.008338544923910778,0.016944444444444443,-0.1598721023181445,3,3.1900776607324564
shuffled_confidence,test,0.92,5,0.3,0.8760991207034372,0.5595523581135057,-2.1207969028665876,0.2973621103117506,0.012101693261113551,0.018274365821094794,-0.319744204636289,3,4.434861173415272
shuffled_confidence,test,0.92,5,0.4,0.8745003996802558,0.3996802557953612,-0.6940275784070712,0.3980815347721823,0.013498603383550651,0.025248633772188896,-0.47961630695443347,3,5.7717020201664875
shuffled_confidence,test,0.92,5,0.5,0.8745003996802558,0.3996802557953612,1.208458393144544,0.5123900879296563,0.010792735776349496,0.025358025024777856,-0.47961630695443347,3,7.549676203862298
shuffled_confidence,test,0.92,5,0.6,0.8721023181454837,0.1598721023181445,2.5756883726999877,0.601119104716227,0.013913753448818384,0.029397207026706586,-0.7194244604316502,3,8.830594017206543
shuffled_confidence,test,0.92,5,0.7,0.8697042366107114,-0.07993605115907965,4.181456348688502,0.7178257394084733,0.015168027119853697,0.03074762167824907,-0.9592326139088744,3,10.338048906962186
shuffled_confidence,test,0.92,5,0.8,0.8689048760991207,-0.15987210231815188,6.14897342207142,0.8145483613109512,0.014496483706586938,0.03262562095997491,-1.0391686650679466,3,12.173927947936773
shuffled_confidence,test,0.92,5,0.9,0.8673061550759392,-0.3197442046362964,7.878115620514156,0.9160671462829736,0.014864977870879667,0.033017284398675316,-1.199040767386091,3,13.78985783487698
shuffled_confidence,test,0.92,5,1.0,0.8657074340527577,-0.47961630695444085,9.169276610552872,1.0,0.015462896966817139,0.03305785123966942,-1.3589128697042356,3,14.999983942663675
shuffled_confidence,test,0.92,6,0.1,0.8784972022382094,0.7993605115907224,-5.085638783766155,0.10951239008792965,0.010416666666666666,0.008130081300813009,-0.07993605115907225,3,1.6584223908679345
shuffled_confidence,test,0.92,6,0.2,0.8776978417266187,0.7194244604316502,-3.4506176867197405,0.20943245403677058,0.008338544923910778,0.016944444444444443,-0.1598721023181445,3,3.1900776607324564
shuffled_confidence,test,0.92,6,0.3,0.8760991207034372,0.5595523581135057,-2.1207969028665876,0.2973621103117506,0.012101693261113551,0.018274365821094794,-0.319744204636289,3,4.434861173415272
shuffled_confidence,test,0.92,6,0.4,0.8745003996802558,0.3996802557953612,-0.6940275784070712,0.3980815347721823,0.013498603383550651,0.025248633772188896,-0.47961630695443347,3,5.7717020201664875
shuffled_confidence,test,0.92,6,0.5,0.8745003996802558,0.3996802557953612,1.208458393144544,0.5123900879296563,0.010792735776349496,0.025358025024777856,-0.47961630695443347,3,7.549676203862298
shuffled_confidence,test,0.92,6,0.6,0.8721023181454837,0.1598721023181445,2.5756883726999877,0.601119104716227,0.013913753448818384,0.029397207026706586,-0.7194244604316502,3,8.830594017206543
shuffled_confidence,test,0.92,6,0.7,0.8697042366107114,-0.07993605115907965,4.178030797337858,0.7178257394084733,0.015168027119853697,0.03074762167824907,-0.9592326139088744,3,10.334882479536704
shuffled_confidence,test,0.92,6,0.8,0.8689048760991207,-0.15987210231815188,6.144895384749224,0.8145483613109512,0.014496483706586938,0.03262562095997491,-1.0391686650679466,3,12.170158391477862
shuffled_confidence,test,0.92,6,0.9,0.8673061550759392,-0.3197442046362964,7.874037583191958,0.9160671462829736,0.014864977870879667,0.033017284398675316,-1.199040767386091,3,13.78608827841807
shuffled_confidence,test,0.92,6,1.0,0.8657074340527577,-0.47961630695444085,9.164546087259119,1.0,0.015462896966817139,0.03305785123966942,-1.3589128697042356,3,14.995596626541074
shuffled_confidence,test,0.92,7,0.1,0.8784972022382094,0.7993605115907224,-5.106790204010621,0.10951239008792965,0.010416666666666666,0.008130081300813009,-0.07993605115907225,3,1.6383966817699307
shuffled_confidence,test,0.92,7,0.2,0.8776978417266187,0.7194244604316502,-3.475466527469669,0.20943245403677058,0.008338544923910778,0.016944444444444443,-0.1598721023181445,3,3.1665949410099667
shuffled_confidence,test,0.92,7,0.3,0.8760991207034372,0.5595523581135057,-2.161196659271828,0.2973621103117506,0.012101693261113551,0.018274365821094794,-0.319744204636289,3,4.39689414866915
shuffled_confidence,test,0.92,7,0.4,0.8745003996802558,0.3996802557953612,-0.756448736352174,0.3980815347721823,0.013498603383550651,0.025248633772188896,-0.47961630695443347,3,5.712885606770779
shuffled_confidence,test,0.92,7,0.5,0.8745003996802558,0.3996802557953612,1.109933011440245,0.5123900879296563,0.010792735776349496,0.025358025024777856,-0.47961630695443347,3,7.456708010734337
shuffled_confidence,test,0.92,7,0.6,0.8721023181454837,0.1598721023181445,2.4652551220148755,0.601119104716227,0.013913753448818384,0.029397207026706586,-0.7194244604316502,3,8.726364439935404
shuffled_confidence,test,0.92,7,0.7,0.8697042366107114,-0.07993605115907965,4.058027752403315,0.7178257394084733,0.015168027119853697,0.03074762167824907,-0.9592326139088744,3,10.221626565335374
shuffled_confidence,test,0.92,7,0.8,0.8689048760991207,-0.15987210231815188,6.02141241463308,0.8145483613109512,0.014496483706586938,0.03262562095997491,-1.0391686650679466,3,12.053669939248811
shuffled_confidence,test,0.92,7,0.9,0.8673061550759392,-0.3197442046362964,7.749847753273306,0.9160671462829736,0.014864977870879667,0.033017284398675316,-1.199040767386091,3,13.66893778161203
shuffled_confidence,test,0.92,7,1.0,0.8657074340527577,-0.47961630695444085,9.023663491234931,1.0,0.015462896966817139,0.03305785123966942,-1.3589128697042356,3,14.862684451010528
shuffled_confidence,test,0.92,8,0.1,0.8784972022382094,0.7993605115907224,-5.265888033407284,0.10951239008792965,0.010416666666666666,0.008130081300813009,-0.07993605115907225,3,1.489293589424523
shuffled_confidence,test,0.92,8,0.2,0.8776978417266187,0.7194244604316502,-3.7495650093522994,0.20943245403677058,0.008338544923910778,0.016944444444444443,-0.1598721023181445,3,2.9095462354151502
shuffled_confidence,test,0.92,8,0.3,0.8760991207034372,0.5595523581135057,-2.567695419548488,0.2973621103117506,0.012101693261113551,0.018274365821094794,-0.319744204636289,3,4.016061183179542
shuffled_confidence,test,0.92,8,0.4,0.8745003996802558,0.3996802557953612,-1.2262930097002966,0.3980815347721823,0.013498603383550651,0.025248633772188896,-0.47961630695443347,3,5.272673028370918
shuffled_confidence,test,0.92,8,0.5,0.8745003996802558,0.3996802557953612,0.5383009265300701,0.5123900879296563,0.010792735776349496,0.025358025024777856,-0.47961630695443347,3,6.921638467670669
shuffled_confidence,test,0.92,8,0.6,0.8729016786570744,0.23980815347721673,1.8036343468615341,0.601119104716227,0.012418985137906577,0.027888911400763904,-0.639488409272578,3,8.106819880424787
shuffled_confidence,test,0.92,8,0.7,0.8713029576338929,0.07993605115906854,3.2447039888642357,0.7178257394084733,0.01265266068959365,0.028203350882704932,-0.7993605115907262,3,9.459266483502946
shuffled_confidence,test,0.92,8,0.8,0.8705035971223022,-3.700743415417189e-15,4.925997216059852,0.8145483613109512,0.012267264937979102,0.030369660957536033,-0.8792965627497984,3,11.02976396441933
shuffled_confidence,test,0.92,8,0.9,0.8697042366107114,-0.07993605115907965,6.483698725477393,0.9160671462829736,0.011897285480635017,0.03001406342149435,-0.9592326139088744,3,12.485769128084357
shuffled_confidence,test,0.92,8,1.0,0.8681055155875299,-0.23980815347722415,7.5947192135369015,1.0,0.012735606240595549,0.030303030303030304,-1.119104716227019,3,13.525666402456178
shuffled_confidence,test,0.95,4,0.1,0.8784972022382094,0.7993605115907224,-5.4269433207186095,0.10951239008792965,0.010416666666666666,0.008130081300813009,-0.07993605115907225,3,1.3376342624693043
shuffled_confidence,test,0.95,4,0.2,0.8776978417266187,0.7194244604316502,-4.049382313280263,0.20943245403677058,0.008338544923910778,0.016944444444444443,-0.1598721023181445,3,2.6279451228081543
shuffled_confidence,test,0.95,4,0.3,0.8760991207034372,0.5595523581135057,-2.9750097872895878,0.2973621103117506,0.012101693261113551,0.018274365821094794,-0.319744204636289,3,3.6330059188728594
shuffled_confidence,test,0.95,4,0.4,0.8745003996802558,0.3996802557953612,-1.770248814650488,0.3980815347721823,0.013498603383550651,0.025248633772188896,-0.47961630695443347,3,4.761642149666342
shuffled_confidence,test,0.95,4,0.5,0.8745003996802558,0.3996802557953612,-0.2186371743007546,0.5123900879296563,0.010792735776349496,0.025358025024777856,-0.47961630695443347,3,6.21231246420146
shuffled_confidence,test,0.95,4,0.6,0.873701039168665,0.319744204636289,0.9119035190743308,0.601119104716227,0.010792968877743975,0.026230536608060753,-0.5595523581135057,3,7.271419894441807
shuffled_confidence,test,0.95,4,0.7,0.8721023181454837,0.1598721023181445,2.264126321284088,0.7178257394084733,0.011319327356260315,0.026853823217387794,-0.7194244604316502,3,8.541705380822888
shuffled_confidence,test,0.95,4,0.8,0.8721023181454837,0.1598721023181445,3.8330832137109008,0.8145483613109512,0.01001336630250152,0.02919595203734824,-0.7194244604316502,3,10.0071419621629
shuffled_confidence,test,0.95,4,0.9,0.8713029576338929,0.07993605115906854,5.181391100091341,0.9160671462829736,0.009933609154647393,0.029019038545872462,-0.7993605115907262,3,11.266213083961325
shuffled_confidence,test,0.95,4,1.0,0.8705035971223022,-3.700743415417189e-15,6.181271477663219,1.0,0.01000831551437396,0.02846648301193756,-0.8792965627497984,3,12.202146047857994
shuffled_confidence,test,0.95,5,0.1,0.8784972022382094,0.7993605115907224,-5.4269433207186095,0.10951239008792965,0.010416666666666666,0.008130081300813009,-0.07993605115907225,3,1.3376342624693043
shuffled_confidence,test,0.95,5,0.2,0.8776978417266187,0.7194244604316502,-4.049382313280263,0.20943245403677058,0.008338544923910778,0.016944444444444443,-0.1598721023181445,3,2.6279451228081543
shuffled_confidence,test,0.95,5,0.3,0.8760991207034372,0.5595523581135057,-2.9750097872895878,0.2973621103117506,0.012101693261113551,0.018274365821094794,-0.319744204636289,3,3.6330059188728594
shuffled_confidence,test,0.95,5,0.4,0.8745003996802558,0.3996802557953612,-1.770248814650488,0.3980815347721823,0.013498603383550651,0.025248633772188896,-0.47961630695443347,3,4.761642149666342
shuffled_confidence,test,0.95,5,0.5,0.8745003996802558,0.3996802557953612,-0.2186371743007546,0.5123900879296563,0.010792735776349496,0.025358025024777856,-0.47961630695443347,3,6.21231246420146
shuffled_confidence,test,0.95,5,0.6,0.873701039168665,0.319744204636289,0.9119035190743308,0.601119104716227,0.010792968877743975,0.026230536608060753,-0.5595523581135057,3,7.271419894441807
shuffled_confidence,test,0.95,5,0.7,0.8721023181454837,0.1598721023181445,2.264126321284088,0.7178257394084733,0.011319327356260315,0.026853823217387794,-0.7194244604316502,3,8.541705380822888
shuffled_confidence,test,0.95,5,0.8,0.8721023181454837,0.1598721023181445,3.8306907651485442,0.8145483613109512,0.01001336630250152,0.02919595203734824,-0.7194244604316502,3,10.004930489040339
shuffled_confidence,test,0.95,5,0.9,0.8713029576338929,0.07993605115906854,5.178998651528984,0.9160671462829736,0.009933609154647393,0.029019038545872462,-0.7993605115907262,3,11.264001610838763
shuffled_confidence,test,0.95,5,1.0,0.8705035971223022,-3.700743415417189e-15,6.178879029100866,1.0,0.01000831551437396,0.02846648301193756,-0.8792965627497984,3,12.199934574735435
shuffled_confidence,test,0.95,6,0.1,0.8784972022382094,0.7993605115907224,-5.4269433207186095,0.10951239008792965,0.010416666666666666,0.008130081300813009,-0.07993605115907225,3,1.3376342624693043
shuffled_confidence,test,0.95,6,0.2,0.8776978417266187,0.7194244604316502,-4.049382313280263,0.20943245403677058,0.008338544923910778,0.016944444444444443,-0.1598721023181445,3,2.6279451228081543
shuffled_confidence,test,0.95,6,0.3,0.8760991207034372,0.5595523581135057,-2.9750097872895878,0.2973621103117506,0.012101693261113551,0.018274365821094794,-0.319744204636289,3,3.6330059188728594
shuffled_confidence,test,0.95,6,0.4,0.8745003996802558,0.3996802557953612,-1.770248814650488,0.3980815347721823,0.013498603383550651,0.025248633772188896,-0.47961630695443347,3,4.761642149666342
shuffled_confidence,test,0.95,6,0.5,0.8745003996802558,0.3996802557953612,-0.2186371743007546,0.5123900879296563,0.010792735776349496,0.025358025024777856,-0.47961630695443347,3,6.21231246420146
shuffled_confidence,test,0.95,6,0.6,0.873701039168665,0.319744204636289,0.9119035190743308,0.601119104716227,0.010792968877743975,0.026230536608060753,-0.5595523581135057,3,7.271419894441807
shuffled_confidence,test,0.95,6,0.7,0.8721023181454837,0.1598721023181445,2.264126321284088,0.7178257394084733,0.011319327356260315,0.026853823217387794,-0.7194244604316502,3,8.541705380822888
shuffled_confidence,test,0.95,6,0.8,0.8721023181454837,0.1598721023181445,3.830038279176995,0.8145483613109512,0.01001336630250152,0.02919595203734824,-0.7194244604316502,3,10.004327360006915
shuffled_confidence,test,0.95,6,0.9,0.8713029576338929,0.07993605115906854,5.178346165557431,0.9160671462829736,0.009933609154647393,0.029019038545872462,-0.7993605115907262,3,11.263398481805336
shuffled_confidence,test,0.95,6,1.0,0.8705035971223022,-3.700743415417189e-15,6.1782265431293135,1.0,0.01000831551437396,0.02846648301193756,-0.8792965627497984,3,12.199331445702011
shuffled_confidence,test,0.95,7,0.1,0.8784972022382094,0.7993605115907224,-5.4269433207186095,0.10951239008792965,0.010416666666666666,0.008130081300813009,-0.07993605115907225,3,1.3376342624693043
shuffled_confidence,test,0.95,7,0.2,0.8776978417266187,0.7194244604316502,-4.049382313280263,0.20943245403677058,0.008338544923910778,0.016944444444444443,-0.1598721023181445,3,2.6279451228081543
shuffled_confidence,test,0.95,7,0.3,0.8760991207034372,0.5595523581135057,-2.985667058158259,0.2973621103117506,0.012101693261113551,0.018274365821094794,-0.319744204636289,3,3.623154811326912
shuffled_confidence,test,0.95,7,0.4,0.8745003996802558,0.3996802557953612,-1.780906085519159,0.3980815347721823,0.013498603383550651,0.025248633772188896,-0.47961630695443347,3,4.751791042120393
shuffled_confidence,test,0.95,7,0.5,0.8745003996802558,0.3996802557953612,-0.22929444516942565,0.5123900879296563,0.010792735776349496,0.025358025024777856,-0.47961630695443347,3,6.202461356655512
shuffled_confidence,test,0.95,7,0.6,0.873701039168665,0.319744204636289,0.8905889773369738,0.601119104716227,0.010792968877743975,0.026230536608060753,-0.5595523581135057,3,7.251478712388892
shuffled_confidence,test,0.95,7,0.7,0.8721023181454837,0.1598721023181445,2.2428117795467344,0.7178257394084733,0.011319327356260315,0.026853823217387794,-0.7194244604316502,3,8.521764198769981
shuffled_confidence,test,0.95,7,0.8,0.8721023181454837,0.1598721023181445,3.8080712514680886,0.8145483613109512,0.01001336630250152,0.02919595203734824,-0.7194244604316502,3,9.983783048920573
shuffled_confidence,test,0.95,7,0.9,0.8713029576338929,0.07993605115906854,5.156379137848532,0.9160671462829736,0.009933609154647393,0.029019038545872462,-0.7993605115907262,3,11.242854170719
shuffled_confidence,test,0.95,7,1.0,0.8705035971223022,-3.700743415417189e-15,6.156259515420407,1.0,0.01000831551437396,0.02846648301193756,-0.8792965627497984,3,12.17878713461567
shuffled_confidence,test,0.95,8,0.1,0.8784972022382094,0.7993605115907224,-5.4504328156944615,0.10951239008792965,0.010416666666666666,0.008130081300813009,-0.07993605115907225,3,1.3159216172659916
shuffled_confidence,test,0.95,8,0.2,0.8776978417266187,0.7194244604316502,-4.115174648745061,0.20943245403677058,0.008338544923910778,0.016944444444444443,-0.1598721023181445,3,2.5666359339157396
shuffled_confidence,test,0.95,8,0.3,0.8760991207034372,0.5595523581135057,-3.067336552264129,0.2973621103117506,0.012101693261113551,0.018274365821094794,-0.319744204636289,3,3.5470023785838225
shuffled_confidence,test,0.95,8,0.4,0.8745003996802558,0.3996802557953612,-1.8725803645221657,0.3980815347721823,0.013498603383550651,0.025248633772188896,-0.47961630695443347,3,4.666358674714214
shuffled_confidence,test,0.95,8,0.5,0.8745003996802558,0.3996802557953612,-0.33831397624951204,0.5123900879296563,0.010792735776349496,0.025358025024777856,-0.47961630695443347,3,6.100783433860139
shuffled_confidence,test,0.95,8,0.6,0.873701039168665,0.319744204636289,0.7762408108225668,0.601119104716227,0.010792968877743975,0.026230536608060753,-0.5595523581135057,3,7.144825247833809
shuffled_confidence,test,0.95,8,0.7,0.8721023181454837,0.1598721023181445,2.050110922615156,0.7178257394084733,0.011319327356260315,0.026853823217387794,-0.7194244604316502,3,8.34107760144243
shuffled_confidence,test,0.95,8,0.8,0.8721023181454837,0.1598721023181445,3.602375048936442,0.8145483613109512,0.01001336630250152,0.02919595203734824,-0.7194244604316502,3,9.7910841316773
shuffled_confidence,test,0.95,8,0.9,0.8713029576338929,0.07993605115906854,4.867164730958277,0.9160671462829736,0.009933609154647393,0.029019038545872462,-0.7993605115907262,3,10.97220576491839
shuffled_confidence,test,0.95,8,1.0,0.8705035971223022,-3.700743415417189e-15,5.839695071555958,1.0,0.01000831551437396,0.02846648301193756,-0.8792965627497984,3,11.882248730640411
shuffled_confidence,test,0.98,4,0.1,0.8776978417266187,0.7194244604316502,-5.735623559093487,0.10951239008792965,0.018353174603174604,0.008130081300813009,-0.1598721023181445,3,1.0496860647002542
shuffled_confidence,test,0.98,4,0.2,0.876898481215028,0.639488409272578,-4.589477576232115,0.20943245403677058,0.012724509836191479,0.016944444444444443,-0.23980815347721673,3,2.1236247476295564
shuffled_confidence,test,0.98,4,0.3,0.8752997601918465,0.47961630695443347,-3.725042411588153,0.2973621103117506,0.01518811301419997,0.018274365821094794,-0.3996802557953612,3,2.9320329645253254
shuffled_confidence,test,0.98,4,0.4,0.873701039168665,0.319744204636289,-2.700802557745008,0.3980815347721823,0.015750855635802904,0.025248633772188896,-0.5595523581135057,3,3.891308696830361
shuffled_confidence,test,0.98,4,0.5,0.873701039168665,0.319744204636289,-1.3878376614902839,0.5123900879296563,0.012624237607851328,0.025358025024777856,-0.5595523581135057,3,5.118728883327976
shuffled_confidence,test,0.98,4,0.6,0.8721023181454837,0.1598721023181445,-0.4771847405280842,0.601119104716227,0.013849600302427321,0.026230536608060753,-0.7194244604316502,3,5.972434067068951
shuffled_confidence,test,0.98,4,0.7,0.8705035971223022,-3.700743415417189e-15,0.6097481404149785,0.7178257394084733,0.013910522324813775,0.026853823217387794,-0.8792965627497984,3,6.994480452566972
shuffled_confidence,test,0.98,4,0.8,0.8705035971223022,-3.700743415417189e-15,1.878615859759003,0.8145483613109512,0.012267264937979102,0.02919595203734824,-0.8792965627497984,3,8.179351098025755
shuffled_confidence,test,0.98,4,0.9,0.8697042366107114,-0.07993605115907965,2.913295489146983,0.9160671462829736,0.011897285480635017,0.029019038545872462,-0.9592326139088744,3,9.146469823194447
shuffled_confidence,test,0.98,4,1.0,0.8689048760991207,-0.15987210231815188,3.7592435512636393,1.0,0.011824859428209392,0.02846648301193756,-1.0391686650679466,3,9.937439816646004
shuffled_confidence,test,0.98,5,0.1,0.8776978417266187,0.7194244604316502,-5.735623559093487,0.10951239008792965,0.018353174603174604,0.008130081300813009,-0.1598721023181445,3,1.0496860647002542
shuffled_confidence,test,0.98,5,0.2,0.876898481215028,0.639488409272578,-4.589477576232115,0.20943245403677058,0.012724509836191479,0.016944444444444443,-0.23980815347721673,3,2.1236247476295564
shuffled_confidence,test,0.98,5,0.3,0.8752997601918465,0.47961630695443347,-3.725042411588153,0.2973621103117506,0.01518811301419997,0.018274365821094794,-0.3996802557953612,3,2.9320329645253254
shuffled_confidence,test,0.98,5,0.4,0.873701039168665,0.319744204636289,-2.700802557745008,0.3980815347721823,0.015750855635802904,0.025248633772188896,-0.5595523581135057,3,3.891308696830361
shuffled_confidence,test,0.98,5,0.5,0.873701039168665,0.319744204636289,-1.3878376614902839,0.5123900879296563,0.012624237607851328,0.025358025024777856,-0.5595523581135057,3,5.118728883327976
shuffled_confidence,test,0.98,5,0.6,0.8721023181454837,0.1598721023181445,-0.4771847405280842,0.601119104716227,0.013849600302427321,0.026230536608060753,-0.7194244604316502,3,5.972434067068951
shuffled_confidence,test,0.98,5,0.7,0.8705035971223022,-3.700743415417189e-15,0.6097481404149785,0.7178257394084733,0.013910522324813775,0.026853823217387794,-0.8792965627497984,3,6.994480452566972
shuffled_confidence,test,0.98,5,0.8,0.8705035971223022,-3.700743415417189e-15,1.878615859759003,0.8145483613109512,0.012267264937979102,0.02919595203734824,-0.8792965627497984,3,8.179351098025755
shuffled_confidence,test,0.98,5,0.9,0.8697042366107114,-0.07993605115907965,2.913295489146983,0.9160671462829736,0.011897285480635017,0.029019038545872462,-0.9592326139088744,3,9.146469823194447
shuffled_confidence,test,0.98,5,1.0,0.8689048760991207,-0.15987210231815188,3.7592435512636393,1.0,0.011824859428209392,0.02846648301193756,-1.0391686650679466,3,9.937439816646004
shuffled_confidence,test,0.98,6,0.1,0.8776978417266187,0.7194244604316502,-5.735623559093487,0.10951239008792965,0.018353174603174604,0.008130081300813009,-0.1598721023181445,3,1.0496860647002542
shuffled_confidence,test,0.98,6,0.2,0.876898481215028,0.639488409272578,-4.589477576232115,0.20943245403677058,0.012724509836191479,0.016944444444444443,-0.23980815347721673,3,2.1236247476295564
shuffled_confidence,test,0.98,6,0.3,0.8752997601918465,0.47961630695443347,-3.725042411588153,0.2973621103117506,0.01518811301419997,0.018274365821094794,-0.3996802557953612,3,2.9320329645253254
shuffled_confidence,test,0.98,6,0.4,0.873701039168665,0.319744204636289,-2.700802557745008,0.3980815347721823,0.015750855635802904,0.025248633772188896,-0.5595523581135057,3,3.891308696830361
shuffled_confidence,test,0.98,6,0.5,0.873701039168665,0.319744204636289,-1.3878376614902839,0.5123900879296563,0.012624237607851328,0.025358025024777856,-0.5595523581135057,3,5.118728883327976
shuffled_confidence,test,0.98,6,0.6,0.8721023181454837,0.1598721023181445,-0.4771847405280842,0.601119104716227,0.013849600302427321,0.026230536608060753,-0.7194244604316502,3,5.972434067068951
shuffled_confidence,test,0.98,6,0.7,0.8705035971223022,-3.700743415417189e-15,0.6097481404149785,0.7178257394084733,0.013910522324813775,0.026853823217387794,-0.8792965627497984,3,6.994480452566972
shuffled_confidence,test,0.98,6,0.8,0.8705035971223022,-3.700743415417189e-15,1.878615859759003,0.8145483613109512,0.012267264937979102,0.02919595203734824,-0.8792965627497984,3,8.179351098025755
shuffled_confidence,test,0.98,6,0.9,0.8697042366107114,-0.07993605115907965,2.913295489146983,0.9160671462829736,0.011897285480635017,0.029019038545872462,-0.9592326139088744,3,9.146469823194447
shuffled_confidence,test,0.98,6,1.0,0.8689048760991207,-0.15987210231815188,3.7592435512636393,1.0,0.011824859428209392,0.02846648301193756,-1.0391686650679466,3,9.937439816646004
shuffled_confidence,test,0.98,7,0.1,0.8776978417266187,0.7194244604316502,-5.735623559093487,0.10951239008792965,0.018353174603174604,0.008130081300813009,-0.1598721023181445,3,1.0496860647002542
shuffled_confidence,test,0.98,7,0.2,0.876898481215028,0.639488409272578,-4.589477576232115,0.20943245403677058,0.012724509836191479,0.016944444444444443,-0.23980815347721673,3,2.1236247476295564
shuffled_confidence,test,0.98,7,0.3,0.8752997601918465,0.47961630695443347,-3.725042411588153,0.2973621103117506,0.01518811301419997,0.018274365821094794,-0.3996802557953612,3,2.9320329645253254
shuffled_confidence,test,0.98,7,0.4,0.873701039168665,0.319744204636289,-2.700802557745008,0.3980815347721823,0.015750855635802904,0.025248633772188896,-0.5595523581135057,3,3.891308696830361
shuffled_confidence,test,0.98,7,0.5,0.873701039168665,0.319744204636289,-1.3878376614902839,0.5123900879296563,0.012624237607851328,0.025358025024777856,-0.5595523581135057,3,5.118728883327976
shuffled_confidence,test,0.98,7,0.6,0.8721023181454837,0.1598721023181445,-0.4771847405280842,0.601119104716227,0.013849600302427321,0.026230536608060753,-0.7194244604316502,3,5.972434067068951
shuffled_confidence,test,0.98,7,0.7,0.8705035971223022,-3.700743415417189e-15,0.6097481404149785,0.7178257394084733,0.013910522324813775,0.026853823217387794,-0.8792965627497984,3,6.994480452566972
shuffled_confidence,test,0.98,7,0.8,0.8705035971223022,-3.700743415417189e-15,1.878615859759003,0.8145483613109512,0.012267264937979102,0.02919595203734824,-0.8792965627497984,3,8.179351098025755
shuffled_confidence,test,0.98,7,0.9,0.8697042366107114,-0.07993605115907965,2.913295489146983,0.9160671462829736,0.011897285480635017,0.029019038545872462,-0.9592326139088744,3,9.146469823194447
shuffled_confidence,test,0.98,7,1.0,0.8689048760991207,-0.15987210231815188,3.7592435512636393,1.0,0.011824859428209392,0.02846648301193756,-1.0391686650679466,3,9.937439816646004
shuffled_confidence,test,0.98,8,0.1,0.8776978417266187,0.7194244604316502,-5.735623559093487,0.10951239008792965,0.018353174603174604,0.008130081300813009,-0.1598721023181445,3,1.0496860647002542
shuffled_confidence,test,0.98,8,0.2,0.876898481215028,0.639488409272578,-4.589477576232115,0.20943245403677058,0.012724509836191479,0.016944444444444443,-0.23980815347721673,3,2.1236247476295564
shuffled_confidence,test,0.98,8,0.3,0.8752997601918465,0.47961630695443347,-3.725042411588153,0.2973621103117506,0.01518811301419997,0.018274365821094794,-0.3996802557953612,3,2.9320329645253254
shuffled_confidence,test,0.98,8,0.4,0.873701039168665,0.319744204636289,-2.700802557745008,0.3980815347721823,0.015750855635802904,0.025248633772188896,-0.5595523581135057,3,3.891308696830361
shuffled_confidence,test,0.98,8,0.5,0.873701039168665,0.319744204636289,-1.3878376614902839,0.5123900879296563,0.012624237607851328,0.025358025024777856,-0.5595523581135057,3,5.118728883327976
shuffled_confidence,test,0.98,8,0.6,0.8721023181454837,0.1598721023181445,-0.4771847405280842,0.601119104716227,0.013849600302427321,0.026230536608060753,-0.7194244604316502,3,5.972434067068951
shuffled_confidence,test,0.98,8,0.7,0.8705035971223022,-3.700743415417189e-15,0.5576036365218084,0.7178257394084733,0.013910522324813775,0.026853823217387794,-0.8792965627497984,3,6.945111159443615
shuffled_confidence,test,0.98,8,0.8,0.8705035971223022,-3.700743415417189e-15,1.8264713558658403,0.8145483613109512,0.012267264937979102,0.02919595203734824,-0.8792965627497984,3,8.129981804902402
shuffled_confidence,test,0.98,8,0.9,0.8697042366107114,-0.07993605115907965,2.8090064813606466,0.9160671462829736,0.011897285480635017,0.029019038545872462,-0.9592326139088744,3,9.048262010891658
shuffled_confidence,test,0.98,8,1.0,0.8689048760991207,-0.15987210231815188,3.6549545434773067,1.0,0.011824859428209392,0.02846648301193756,-1.0391686650679466,3,9.839232004343216
